# https://github.com/mikedh/trimesh
v -7.21400023 -232.00000000 -0.00700000
v -7.21400023 -242.00000000 -0.00700000
v -7.21400023 -242.00000000 19.99300003
v -7.21400023 -232.00000000 19.99300003
v -7.21400023 253.00000000 -0.00700000
v -7.21400023 243.00000000 -0.00700000
v -7.21400023 243.00000000 19.99300003
v -7.21400023 253.00000000 19.99300003
v -7.00000000 -232.00000000 5.00000000
v -6.75500011 -232.00000000 3.45499992
v -7.00000000 243.00000000 0.00000000
v -7.00000000 243.00000000 5.00000000
v -7.00000000 243.00000000 19.99300003
v -6.04500008 -232.00000000 2.06100011
v -4.93900013 -232.00000000 0.95499998
v -2.00000000 -232.00000000 0.00000000
v 15.00000000 -232.00000000 0.00000000
v 137.78599548 -242.00000000 -0.00700000
v 15.00000000 243.00000000 0.00000000
v 3.00000000 243.00000000 0.00000000
v -2.00000000 243.00000000 0.00000000
v 24.99799919 78.31700134 0.00000000
v 24.99799919 86.31199646 0.00000000
v 105.00299835 86.31199646 0.00000000
v 96.87300110 -1.92900002 10.19999981
v 96.69699860 -1.85699999 10.67300034
v 97.72100067 -3.89299989 10.78400040
v 24.99799919 -79.68299866 0.00000000
v 24.99799919 -71.68800354 0.00000000
v 105.00299835 -71.68800354 0.00000000
v 24.99799919 236.31700134 0.00000000
v 24.99799919 -229.68800354 0.00000000
v 97.09999847 -2.00000000 9.74899960
v 97.69899750 -2.14299989 8.93900013
v 98.07399750 -0.03600000 10.08500004
v 2.75500011 -232.00000000 3.45499992
v 3.00000000 -232.00000000 5.00000000
v 2.75500011 -232.00000000 6.54500008
v 15.00000000 -232.00000000 19.99300003
v 15.00000000 -237.00000000 19.99300003
v 3.00000000 243.00000000 5.00000000
v 15.00000000 243.00000000 19.99300003
v 15.00000000 -237.00000000 20.00000000
v 15.00000000 243.00000000 20.00000000
v 24.99799919 86.31199646 20.00000000
v 24.99799919 78.31700134 20.00000000
v 105.00299835 78.31700134 20.00000000
v 24.99799919 -229.68800354 20.00000000
v 24.99799919 -79.68299866 20.00000000
v 24.99799919 -71.68800354 20.00000000
v 24.99799919 236.31700134 20.00000000
v 98.07399750 -4.03599977 10.08500004
v 97.79000092 0.07100000 10.60000038
v 98.43199921 -4.14300013 9.61900043
v 29.14299965 -18.00000000 16.38800049
v 29.63299942 -18.00000000 16.34399986
v 29.95999908 -18.00000000 17.92300034
v 30.58399963 -18.00000000 16.09399986
v 31.78599930 -18.00000000 17.31299973
v 27.68499947 -18.00000000 16.19000053
v 27.09700012 -18.00000000 17.69099998
v 26.78599930 -18.00000000 15.79199982
v 28.40600014 -18.00000000 16.34300041
v 25.99900055 -18.00000000 17.19199944
v 25.39200020 -18.00000000 16.79700089
v 24.99799919 -18.00000000 16.45692253
v 25.99699974 -18.00000000 15.20499992
v 28.32600021 13.42899990 7.55000019
v 28.28300095 11.46399975 8.57900047
v 28.82799911 13.35700035 7.50299978
v 97.53299713 -7.75000000 11.54300022
v 96.57599640 -5.78599977 11.16300011
v 96.51000214 -5.71400023 11.66300011
v 97.72100067 -7.89300013 10.78400040
v 96.69699860 -5.85699987 10.67300034
v 24.99799919 -0.99760348 13.52281380
v 25.01799965 -1.35699999 14.10200024
v 24.99799919 -1.36382461 14.05858803
v 96.87300110 -5.92899990 10.19999981
v 97.09999847 -6.00000000 9.74899960
v 26.00300026 -3.32100010 13.80300045
v 98.07399750 -8.03600025 10.08500004
v 96.87300110 -9.92899990 10.19999981
v 97.69899750 -6.14300013 8.93900013
v 29.06200027 11.32199955 8.50599957
v 29.83300018 13.21399975 7.57800007
v 29.64699936 11.21399975 8.56099987
v 30.55999947 13.10700035 7.78800011
v 25.67700005 -3.46399999 13.09200001
v 24.99799919 -1.87576437 13.52281380
v 26.12999916 -5.10699987 15.46000004
v 26.34399986 -3.21399999 14.28299999
v 26.76700020 -3.10700011 14.69099998
v -2.00000000 -232.00000000 10.00000000
v -0.45500001 -232.00000000 9.75500011
v -3.54500008 -232.00000000 9.75500011
v -4.93900013 -232.00000000 9.04500008
v -6.04500008 -232.00000000 7.93900013
v 24.99799919 -2.16550350 13.13960266
v 24.99799919 -1.90102565 13.48940277
v 0.93900001 -232.00000000 0.95499998
v 2.04500008 -232.00000000 2.06100011
v 24.99799919 -1.73115051 13.66939259
v 24.99799919 -2.32753062 12.83865070
v 2.04500008 -232.00000000 7.93900013
v 25.51700020 -3.60700011 12.32600021
v 24.99799919 -2.54106522 12.44202805
v 24.99799919 -2.51875687 12.50986862
v 0.93900001 -232.00000000 9.04500008
v -0.45500001 -232.00000000 0.24500000
v -6.75500011 -232.00000000 6.54500008
v 25.58600044 -1.21399999 14.93500042
v -3.54500008 -232.00000000 0.24500000
v 94.99700165 17.18400002 9.75199986
v 94.99700165 16.14399910 8.53499985
v 94.99700165 17.80400085 10.96599960
v 94.99700165 -16.14399910 8.53499985
v 94.99700165 -16.67000008 9.10099983
v 31.45499992 -18.00000000 15.63799953
v 32.97700119 -18.00000000 16.49200058
v 94.99700165 -17.14100075 9.69200039
v 94.99700165 -17.74799919 10.76599979
v 94.99700165 -17.91099930 11.26799965
v 105.00299835 13.34300041 11.75548363
v 105.00299835 13.33976364 11.68271637
v 105.00299835 11.68251228 11.16358757
v 105.00299835 11.49382401 11.48800659
v 105.00299835 11.42565155 11.69532204
v 105.00299835 13.26131058 12.13057041
v 94.99700165 -17.98999977 11.99899960
v 94.99700165 -17.91200066 12.72500038
v 94.99700165 -17.51499939 13.72099972
v 137.78599548 -242.00000000 19.99300003
v 105.00299835 12.28800011 13.78847122
v 103.92299652 13.96399975 13.91499996
v 105.00299835 12.33490372 13.74721909
v 29.16600037 -4.64300013 16.49699974
v 28.16099930 -4.78599977 16.42200089
v 28.34600067 -2.78600001 15.43900013
v 115.00000000 -237.00000000 19.99300003
v 115.00000000 -237.00000000 20.00000000
v 28.82799911 9.35700035 7.50299978
v 28.32600021 9.42899990 7.55000019
v 28.28300095 7.46400023 8.57900047
v 24.99799919 -12.72856903 11.86608791
v 25.53199959 -11.75000000 11.54300022
v 24.99799919 -12.64500046 12.24544811
v 32.29700089 -8.14299965 15.06099987
v 31.93300056 -8.21399975 15.41100025
v 31.12500000 -6.25000000 14.77299976
v 31.10000038 -4.35699987 15.97900009
v 31.53300095 -4.28599977 15.71899986
v 31.93300056 -4.21400023 15.41100025
v 105.00299835 3.32273126 12.39377403
v 105.00299835 3.37796044 12.01897049
v 104.47799683 2.39299989 11.67399979
v 105.00299835 5.21520424 12.39377403
v 105.00299835 5.26131105 12.13057041
v 105.00299835 3.40586829 11.75548363
v 105.00299835 3.49382401 11.48800659
v 28.46299934 -16.71800041 18.62000084
v 28.88199997 -16.26799965 18.86199951
v 24.99799919 4.11002827 16.61971855
v 105.00299835 0.13827011 10.47337914
v 105.00299835 0.11035208 10.51014805
v 105.00299835 1.15657866 10.81384850
v 105.00299835 0.98884481 10.47337914
v 105.00299835 0.36424753 10.23999977
v 105.00299835 0.27834114 10.33140564
v 105.00299835 0.83004183 10.23999977
v 105.00299835 1.17932689 10.86002350
v 105.00299835 0.00000000 10.65548420
v 105.00299835 1.24804032 11.16714478
v 105.00299835 -0.15530351 10.86002350
v 105.00299835 1.33110499 11.48800659
v 105.00299835 -0.31748807 11.16358757
v 24.99799919 4.09600019 16.61971855
v 104.31800079 2.53600001 10.90799999
v 104.97799683 0.64300001 9.89799976
v 33.37400055 -18.00000000 12.34700012
v 34.92499924 -18.00000000 12.84200001
v 33.18700027 -18.00000000 13.31299973
v 34.51300049 -18.00000000 9.65100002
v 34.76100159 -18.00000000 10.33100033
v 33.24300003 -18.00000000 10.88199997
v 33.34099960 -18.00000000 11.36499977
v 34.99300003 -18.00000000 11.75899982
v 34.60800171 -18.00000000 14.12800026
v 24.99799919 -8.88488960 11.33118343
v 25.53199959 -7.75000000 11.54300022
v 24.99799919 -8.85813713 11.39811993
v 32.98899841 -18.00000000 10.18999958
v 24.99799919 -9.08562279 11.02277660
v 25.71999931 -7.89300013 10.78400040
v 24.99799919 -10.66339779 11.40116405
v 24.99799919 -10.67858410 11.53151226
v 24.99799919 -10.68721962 11.60563946
v 32.78900146 -18.00000000 7.35599995
v 33.48500061 -18.00000000 8.02499962
v 31.99699974 -18.00000000 8.79500008
v 24.99799919 -9.72899055 10.18784904
v 26.07299995 -8.03600025 10.08500004
v 24.99799919 -9.67419815 10.23999977
v 25.71999931 -11.89299965 10.78400040
v 24.99799919 -10.54083538 10.98728275
v 24.99799919 -10.45746136 10.70573616
v 24.99799919 -10.65524387 11.33118343
v 30.64200020 -8.42899990 16.18899918
v 29.71100044 -6.53599977 15.42099953
v 30.45499992 -6.39300013 15.17700005
v 24.99799919 -10.28597641 10.40001011
v 32.20299911 -18.00000000 15.00000000
v 33.93600082 -18.00000000 15.40900040
v 24.99799919 -10.22279072 10.28735924
v 32.65499878 -18.00000000 14.41699982
v 24.99799919 -10.18722725 10.23999977
v 115.00000000 -232.00000000 0.00000000
v 137.78599548 -232.00000000 -0.00700000
v 132.00000000 -232.00000000 0.00000000
v 133.54499817 -232.00000000 0.24500000
v 28.51499939 -18.00000000 17.98100090
v 105.00299835 -79.68299866 0.00000000
v 105.00299835 -229.68800354 0.00000000
v 103.10199738 -8.35700035 15.97900009
v 103.53399658 -8.28600025 15.71899986
v 103.12599945 -10.25000000 14.77299976
v 105.00299835 78.31700134 0.00000000
v 127.00000000 -232.00000000 5.00000000
v 127.24500275 -232.00000000 6.54500008
v 127.24500275 -232.00000000 3.45499992
v 103.93499756 -8.21399975 15.41100025
v 137.78599548 -232.00000000 19.99300003
v 25.35899925 -18.00000000 14.45699978
v 134.93899536 -232.00000000 0.95499998
v 136.04499817 -232.00000000 2.06100011
v 136.75500488 -232.00000000 3.45499992
v 137.00000000 -232.00000000 5.00000000
v 136.75500488 -232.00000000 6.54500008
v 133.54499817 -232.00000000 9.75500011
v 132.00000000 -232.00000000 10.00000000
v 130.45500183 -232.00000000 9.75500011
v 115.00000000 -232.00000000 19.99300003
v 24.99799919 -18.00000000 13.76745796
v 105.00299835 1.34300005 11.75548363
v 32.33700180 -18.00000000 9.15100002
v 104.31800079 -1.46399999 10.90799999
v 103.53399658 -12.28600025 15.71899986
v 102.45600128 -10.39299965 15.17700005
v 103.10199738 -12.35700035 15.97900009
v 102.16400146 -8.50000000 16.34700012
v 102.64299774 -8.42899990 16.18899918
v 24.99799919 -18.00000000 7.52779531
v 25.01700020 -18.00000000 7.50799990
v 26.55500031 -18.00000000 8.35200024
v 104.29799652 -12.14299965 15.06099987
v 25.76099968 -18.00000000 8.97799969
v 25.09900093 -18.00000000 9.74899960
v 24.99799919 -18.00000000 10.03918839
v 30.77000046 -18.00000000 7.98400021
v 31.34900093 -18.00000000 6.48000002
v 31.20800018 -18.00000000 8.20800018
v 30.06999969 -18.00000000 7.75000000
v 30.66500092 -18.00000000 6.24100018
v 32.20399857 -18.00000000 6.92899990
v 29.34300041 -18.00000000 7.62300014
v 29.95899963 -18.00000000 6.07700014
v 28.85099983 -18.00000000 7.61199999
v 28.99600029 -18.00000000 6.00000000
v 103.56500244 -14.14299965 14.38099957
v 27.87800026 -18.00000000 7.75400019
v 28.03400040 -18.00000000 6.07700014
v 27.40999985 -18.00000000 7.90600014
v 27.09600067 -18.00000000 6.30800009
v 105.00299835 -10.80237675 12.42300510
v 105.00299835 -10.78479576 12.39377403
v 105.00299835 -12.53076553 11.56278515
v 103.69000244 -10.10700035 14.22999954
v 26.20700073 -18.00000000 6.68699980
v 25.59000015 -18.00000000 7.06500006
v 104.62000275 -12.07100010 14.67300034
v 28.99799919 -16.14399910 18.92900085
v 24.99799919 8.19200039 16.61932564
v 24.99799919 7.66821814 16.61940765
v 24.99799919 5.40906620 16.61976433
v 105.00299835 4.13826990 10.47337914
v 103.99199677 2.67799997 10.19699955
v 34.99800110 17.74799919 10.76700020
v 34.99800110 17.98999977 11.75899982
v 34.99800110 -16.14399910 15.46500015
v 34.99800110 17.91200066 12.72599983
v 104.34400177 -9.85700035 13.03199959
v 105.00299835 -11.23566151 13.23535252
v 104.11900330 -9.96399975 13.57499981
v 105.00299835 -11.96238708 14.00796318
v 105.00299835 -11.38837242 13.39726925
v 105.00299835 -11.96326542 14.00668335
v 104.89700317 -12.00000000 14.25100040
v 104.29799652 -8.14299965 15.06099987
v 31.53300095 -8.28600025 15.71899986
v 105.00299835 -10.92765903 12.63129616
v 104.46399689 -9.75000000 12.45699978
v 105.00299835 -12.59413147 11.75548363
v 105.00299835 -12.62203979 12.01897049
v 30.16200066 -4.50000000 16.34700012
v 105.00299835 -11.38094521 13.38936710
v 30.64200020 -4.42899990 16.18899918
v 34.99800110 17.50699997 13.73900032
v 34.99800110 17.75200081 13.22599983
v 34.99800110 17.50699997 10.26299953
v 34.99800110 16.71800041 9.15299988
v 34.99800110 17.48399925 10.22700024
v 31.68899918 -6.10699987 14.22999954
v 105.00299835 -10.66889477 11.48800659
v 105.00299835 -10.75195980 11.16714478
v 105.00299835 -12.28800011 11.10839462
v 32.61899948 -8.07100010 14.67300034
v 32.29700089 -4.14300013 15.06099987
v 105.00299835 -8.47833920 13.23535252
v 105.00299835 -8.52951336 13.01792145
v 24.99799919 5.37416077 16.61977005
v 24.99799919 5.37822437 16.61977005
v 105.00299835 -10.76626682 12.28800011
v 24.99799919 1.19297874 16.61961555
v 105.00299835 -6.92765856 12.63129616
v 105.00299835 -8.67726898 12.39377403
v 105.00299835 -7.38837242 13.39726925
v 105.00299835 -8.47784233 13.23618889
v 105.00299835 -8.19200039 13.67335129
v 105.00299835 -8.38687229 13.38936710
v 24.99799919 0.65823501 16.61970711
v 24.99799919 0.00000000 16.61973381
v 27.47400093 -17.52300072 18.04899979
v 24.99799919 1.09233987 16.61968803
v 105.00299835 -8.66168213 12.28800011
v 104.47799683 -9.60700035 11.67399979
v 27.50200081 -17.50699997 18.06500053
v 32.46200180 -5.75000000 12.45699978
v 33.48500061 -7.71400023 12.33699989
v 32.34199905 -5.85699987 13.03199959
v 104.11900330 -13.96399975 13.57499981
v 101.16699982 -8.64299965 16.49699974
v 100.16200256 -8.78600025 16.42200089
v 100.34799957 -6.78599977 15.43900013
v 27.53899956 -8.39299965 8.82299995
v 26.89299965 -6.35699987 8.02099991
v 26.86899948 -8.25000000 9.22700024
v 24.99799919 -9.96296787 9.95435429
v 24.99799919 -9.96854782 9.94878483
v 25.09900093 -10.00000000 9.74899960
v 25.58600044 -5.21400023 14.93500042
v 26.74699974 -5.00000000 15.89700031
v 27.24699974 -3.00000000 15.03100014
v 27.43400002 -4.89300013 16.21199989
v 27.78100014 -2.89299989 15.27600002
v 104.97799683 4.64300013 9.89799976
v 103.65200043 2.78600001 9.71700001
v 102.74800110 3.00000000 8.96899986
v 102.21399689 3.10700011 8.72399998
v 102.56099701 1.10699999 7.78800011
v 103.22799683 2.89299989 9.30900002
v 103.86499786 0.89300001 8.53999996
v 99.19899750 15.07100010 16.12500000
v 100.34799957 13.21399975 15.43900013
v 99.78299713 13.10700035 15.27600002
v 34.99800110 16.75300026 14.80300045
v 34.99800110 16.14399910 15.46500015
v 26.46100044 -10.28600025 8.28100014
v 26.43000031 -12.14299965 9.61900043
v 26.86899948 -12.25000000 9.22700024
v 24.99799919 -13.62443924 10.28735924
v 26.07299995 -12.03600025 10.08500004
v 26.89299965 -10.35700035 8.02099991
v 25.69700050 -10.14299965 8.93900013
v 34.99800110 16.14399910 8.53600025
v 33.12200165 4.07100010 13.80000019
v 33.29800034 4.14300013 13.32699966
v 32.27399826 2.10700011 13.21599960
v 104.41000366 0.78600001 9.06499958
v 105.00299835 0.63442856 9.95252419
v 100.93299866 -10.67899990 15.49400043
v 101.71299744 -10.53600025 15.42099953
v 101.66999817 -12.57100010 16.45000076
v 99.43599701 -8.89299965 16.21199989
v 99.78299713 -10.89299965 15.27600002
v 98.74800110 -9.00000000 15.89700031
v 103.99199677 -1.32099998 10.19699955
v 99.24800110 -11.00000000 15.03100014
v 102.64299774 -12.42899990 16.18899918
v 102.16400146 -12.50000000 16.34700012
v 100.34799957 -10.78600025 15.43900013
v 101.66999817 -8.57100010 16.45000076
v 103.24800110 5.00000000 8.10299969
v 101.06300354 3.32200003 8.50599957
v 101.83499908 1.21399999 7.57800007
v 101.64900208 3.21399999 8.56099987
v 100.83000183 1.35699999 7.50299978
v 99.24800110 13.00000000 15.03100014
v 98.53700256 14.96399975 15.75899982
v 101.71299744 13.46399975 15.42099953
v 102.64299774 11.57100010 16.18899918
v 102.16400146 11.50000000 16.34700012
v 32.40800095 -11.21399975 9.06499958
v 31.22699928 -13.10700035 9.30900002
v 31.64999962 -13.21399975 9.71700001
v 31.98999977 -13.32100010 10.19699955
v 32.97600174 -11.35700035 9.89799976
v 98.76899719 12.89299965 14.69099998
v 99.83300018 5.50000000 7.65299988
v 99.54100037 3.60700011 8.82299995
v 100.28399658 3.46399999 8.57900047
v 100.93299866 13.32199955 15.49400043
v 101.16699982 11.35700035 16.49699974
v 31.86400032 -11.10700035 8.53999996
v 99.35399628 1.57099998 7.81099987
v 30.74699974 -13.00000000 8.96899986
v 97.69899750 1.85699999 8.93900013
v 98.46299744 1.71399999 8.28100014
v 98.87000275 3.75000000 9.22700024
v 98.89499664 1.64300001 8.02099991
v 97.93699646 14.85700035 15.29899979
v 103.53399658 11.71399975 15.71899986
v 103.56500244 9.85700035 14.38099957
v 103.12599945 9.75000000 14.77299976
v 105.00299835 7.92995453 7.38374662
v 105.00299835 5.91378403 7.38348770
v 105.00299835 5.15090704 7.38350916
v 29.45299911 -12.75000000 8.53499985
v 29.83300018 -10.78600025 7.57800007
v 28.86599922 -12.64299965 8.50199986
v 32.40800095 -15.21399975 9.06499958
v 32.31700134 -13.46399975 10.90799999
v 32.97600174 -15.35700035 9.89799976
v 32.05799866 -15.14299965 8.70100021
v 31.02199936 -14.96399975 7.98899984
v 104.29799652 11.85700035 15.06099987
v 103.10199738 11.64299965 15.97900009
v 102.45600128 9.60700035 15.17700005
v 102.45600128 -14.39299965 15.17700005
v 103.12599945 -14.25000000 14.77299976
v 33.49499893 4.35699987 11.83199978
v 32.47700119 2.39299989 11.67399979
v 33.48500061 4.28599977 12.33699989
v 27.24699974 -7.00000000 15.03100014
v 26.76700020 -7.10699987 14.69099998
v 104.29799652 -16.14299965 15.06099987
v 103.53399658 -16.28599930 15.71899986
v 102.64299774 -16.42900085 16.18899918
v 34.99800110 -16.67000008 14.89900017
v 34.99800110 -17.16600037 14.27600002
v 105.00299835 -16.32497787 13.48434353
v 105.00299835 -15.38837242 13.39726925
v 105.00299835 -16.38400078 13.39083672
v 105.00299835 -16.54162407 11.61736012
v 105.00299835 -16.59102249 11.76822567
v 105.00299835 -14.80237675 12.42300510
v 105.00299835 -14.78479576 12.39377403
v 103.81500244 -14.07100010 14.07900047
v 104.89700317 -16.00000000 14.25100040
v 34.99800110 -17.62000084 13.50000000
v 105.00299835 12.66689396 13.34683609
v 105.00299835 11.72678375 13.60278130
v 105.00299835 11.79108906 13.71676826
v 105.00299835 11.55305672 13.29483700
v 105.00299835 11.47048664 13.01792145
v 104.34400177 -13.85700035 13.03199959
v 105.00299835 -15.23566151 13.23535252
v 105.00299835 11.32273102 12.39377403
v 105.00299835 11.33831787 12.28800011
v 104.46399689 10.25000000 12.45699978
v 105.00299835 -15.96238708 14.00796318
v 105.00299835 -15.96327019 14.00668812
v 104.27500153 10.10700035 13.21599960
v 105.00299835 -15.38094521 13.38936710
v 103.92299652 9.96399975 13.91499996
v 104.89700317 12.00000000 14.25100040
v 105.00299835 12.02061558 14.02363777
v 105.00299835 12.26171875 13.81158638
v 105.00299835 -14.92765903 12.63129616
v 104.46399689 -13.75000000 12.45699978
v 105.00299835 -16.56462860 12.89232159
v 34.99800110 -16.14399910 8.53600025
v 34.99800110 -16.26799965 8.67000008
v 105.00299835 9.13523960 12.59186745
v 105.00299835 9.10328770 12.67102337
v 105.00299835 -14.73868942 12.13057041
v 105.00299835 -16.53598785 11.60611439
v 105.00299835 -14.76626682 12.28800011
v 105.00299835 8.90446568 12.97523880
v 105.00299835 7.47048664 13.01792145
v 105.00299835 8.71208096 13.29483700
v 105.00299835 7.34876776 12.60970974
v 105.00299835 9.23373318 12.28800011
v 105.00299835 7.37796021 12.01897049
v 105.00299835 9.21520424 12.39377403
v 105.00299835 7.55305672 13.29483700
v 105.00299835 8.36117172 13.71676826
v 105.00299835 -12.38687229 13.38936710
v 105.00299835 -12.47784233 13.23618889
v 105.00299835 -12.52951336 13.01792145
v 105.00299835 -12.47833920 13.23535252
v 105.00299835 8.26171875 13.81158638
v 105.00299835 8.19200039 13.88138103
v 105.00299835 -12.67726898 12.39377403
v 105.00299835 12.03315449 14.04040051
v 105.00299835 12.03885937 14.03468895
v 105.00299835 -12.66168213 12.28800011
v 104.47799683 -13.60700035 11.67399979
v 101.71299744 9.46399975 15.42099953
v 104.49400330 -17.12700081 13.75399971
v 34.99800110 -17.18400002 9.75399971
v 98.76899719 -11.10700035 14.69099998
v 98.74800110 -13.00000000 15.89700031
v 98.13200378 -13.10700035 15.46000004
v 99.43599701 -12.89299965 16.21199989
v 100.16200256 -12.78600025 16.42200089
v 34.99800110 -17.98999977 12.24300003
v 34.99800110 -17.91099930 12.73200035
v 34.99800110 -17.91200066 11.27499962
v 34.99800110 -17.98999977 11.75899982
v 31.66900063 -15.07100010 8.37899971
v 34.99800110 -17.63400078 10.52700043
v 101.83499908 5.21400023 7.57800007
v 102.56099701 5.10699987 7.78800011
v 101.16699982 -12.64299965 16.49699974
v 30.43400002 18.00000000 17.82600021
v 31.78599930 18.00000000 17.31299973
v 30.61700058 18.00000000 16.06900024
v 32.68999863 18.00000000 16.71299934
v 31.48200035 18.00000000 15.60700035
v 30.15099907 18.00000000 16.22500038
v 29.71999931 18.00000000 17.95199966
v 28.99799919 18.00000000 18.00000000
v 29.42600060 18.00000000 16.35099983
v 30.21199989 -12.89299965 8.72399998
v 33.18600082 4.57100010 10.35599995
v 31.98999977 2.67799997 10.19699955
v 32.31700134 2.53600001 10.90799999
v 32.97600174 4.64300013 9.89799976
v 33.34400177 4.50000000 10.83600044
v 33.44699860 4.42899990 11.32999992
v 101.71299744 -14.53600025 15.42099953
v 28.34600067 -6.78599977 15.43900013
v 27.78100014 -6.89300013 15.27600002
v 25.49900055 -15.64299965 12.13000011
v 24.99799919 -16.64500046 12.14903831
v 25.53199959 -15.75000000 11.54300022
v 28.93199921 -6.67899990 15.49400043
v 100.93299866 -14.67899990 15.49400043
v 24.99799919 -4.74018002 12.82764053
v 24.99799919 -4.81009912 13.13960266
v 24.99799919 -4.64689255 12.28800011
v 24.99799919 -4.65373945 12.44196320
v 24.99799919 -4.65675879 12.50986862
v 24.99799919 -4.99760342 13.52281380
v 24.99799919 -14.65296555 11.36593628
v 24.99799919 -14.63720894 11.60625172
v 25.01799965 -5.35699987 14.10200024
v 24.99799919 -5.36382484 14.05858803
v 24.99799919 -12.87202454 11.37520599
v 24.99799919 -5.36505461 14.05728436
v 26.00300026 -7.32100010 13.80300045
v 24.99799919 -13.08562279 11.02277660
v 24.99799919 -13.27777386 10.70573616
v 24.99799919 -12.88488960 11.33118343
v 24.99799919 -14.64084721 12.12711716
v 24.99799919 -14.64099979 12.14903831
v 24.99799919 -14.59000015 12.28800011
v 25.53499985 -15.57100010 12.52099991
v 24.99799919 -13.72899055 10.18784904
v 24.99799919 -13.67419815 10.23999977
v 25.71999931 -15.89299965 10.78400040
v 24.99799919 -14.54083538 10.98728275
v 24.99799919 -14.45746136 10.70573616
v 25.51700020 -7.60699987 12.32600021
v 25.67700005 -7.46400023 13.09200001
v 24.99799919 -8.74018002 12.82764053
v 26.87100029 18.00000000 17.60600090
v 27.26499939 18.00000000 16.02199936
v 26.20899963 18.00000000 17.31299973
v 27.79800034 18.00000000 17.87400055
v 28.44700050 18.00000000 16.33799934
v 26.39599991 18.00000000 15.52400017
v 24.99799919 18.00000000 16.41810989
v 25.39200020 18.00000000 16.79700089
v 25.86199951 18.00000000 15.04800034
v 33.02000046 18.00000000 13.73299980
v 34.76100159 18.00000000 13.67000008
v 33.24599838 18.00000000 13.03299999
v 33.36600113 18.00000000 12.30700016
v 34.95399857 18.00000000 12.60200024
v 33.64599991 18.00000000 15.79500008
v 34.41899872 18.00000000 14.57299995
v 100.83000183 5.35699987 7.50299978
v 100.32700348 5.42899990 7.55000019
v 34.60800171 18.00000000 9.87300014
v 33.06600189 18.00000000 10.38099957
v 34.88700104 18.00000000 10.92199993
v 33.32500076 18.00000000 11.32699966
v 34.99300003 18.00000000 11.75899982
v 24.99799919 -6.16550350 13.13960266
v 24.99799919 -6.14400005 13.16804314
v 32.97600174 18.00000000 7.50899982
v 32.13199997 18.00000000 8.95199966
v 33.93500137 18.00000000 8.59200001
v 32.60400009 18.00000000 9.51599979
v 24.99799919 -5.87576437 13.52281380
v 99.24800110 -15.00000000 15.03100014
v 98.91999817 -15.07100010 14.81599998
v 99.78299713 -14.89299965 15.27600002
v 32.20399857 18.00000000 6.92899990
v 31.37500000 18.00000000 8.33100033
v 100.34799957 -14.78600025 15.43900013
v 32.22200012 18.00000000 14.96399975
v 105.00299835 2.69692349 7.38367033
v 105.00299835 -11.88964748 10.51014805
v 105.00299835 -12.15530396 10.86002350
v 105.00299835 -10.82067299 10.86002350
v 105.00299835 -10.96297169 10.57118225
v 105.00299835 -11.01115513 10.47337914
v 105.00299835 -11.86172962 10.47337914
v 105.00299835 -11.72165871 10.33140564
v 105.00299835 -12.31748772 11.16358757
v 105.00299835 -10.66609764 11.55091572
v 105.00299835 -10.65699959 11.75548363
v 105.00299835 -12.50617599 11.48800659
v 105.00299835 -10.73868942 12.13057041
v 28.51499939 18.00000000 17.98100090
v 24.99799919 -5.73115063 13.66939259
v 24.99799919 -6.32753038 12.83865070
v 105.00299835 1.18777466 7.38381195
v 104.31800079 -9.46399975 10.90799999
v 103.24800110 1.00000000 8.10299969
v 24.99799919 -6.51875687 12.50986862
v 105.00299835 -8.53076553 11.56278515
v 105.00299835 -8.50617599 11.48800659
v 25.38999939 18.00000000 14.48400021
v 105.00299835 -11.63575268 10.23999977
v 24.99799919 -6.54106522 12.44202805
v 24.99799919 -6.58301258 12.31446362
v 105.00299835 -8.62203979 12.01897049
v 105.00299835 -6.73868895 12.13057041
v 105.00299835 -8.59413147 11.75548363
v 105.00299835 -8.31748772 11.16358757
v 24.99799919 -5.90102577 13.48940277
v 30.64200020 7.57100010 16.18899918
v 31.10000038 7.64300013 15.97900009
v 30.45499992 5.60699987 15.17700005
v 105.00299835 -8.19200039 10.92870903
v 30.16200066 7.50000000 16.34700012
v 24.99799919 -14.65524387 11.33118343
v 29.66799927 7.42899990 16.45000076
v 29.71100044 5.46400023 15.42099953
v 26.34399986 -7.21400023 14.28299999
v 29.16600037 7.35699987 16.49699974
v 24.99799919 -14.28597641 10.40001011
v 24.99799919 -14.22279072 10.28735924
v 100.32700348 1.42900002 7.55000019
v 26.46100044 -14.28600025 8.28100014
v 27.53899956 -12.39299965 8.82299995
v 27.35199928 -10.42899990 7.81099987
v 28.93199921 9.32199955 15.49400043
v 25.69700050 -14.14299965 8.93900013
v 31.53300095 7.71400023 15.71899986
v 31.56299973 5.85699987 14.38099957
v 31.12500000 5.75000000 14.77299976
v 25.09900093 -14.00000000 9.74899960
v 24.99799919 -13.96296787 9.95435429
v 24.99799919 -13.96854782 9.94878483
v 32.29700089 7.85699987 15.06099987
v 99.83300018 1.50000000 7.65299988
v 24.99799919 -14.18722725 10.23999977
v 26.86899948 -16.25000000 9.22700024
v 97.58699799 6.78599977 14.93500042
v 98.34500122 8.78600025 14.28299999
v 98.13200378 6.89300013 15.46000004
v 28.93199921 5.32200003 15.49400043
v 32.97600174 0.64300001 9.89799976
v 31.64999962 -1.21399999 9.71700001
v 31.98999977 -1.32099998 10.19699955
v 25.13400078 18.00000000 14.06400013
v 24.99799919 18.00000000 13.68743896
v 26.43000031 -16.14299965 9.61900043
v 26.07299995 -16.03599930 10.08500004
v 24.99799919 -17.62443924 10.28735924
v 24.99799919 -17.67419815 10.23999977
v 31.22699928 -1.10699999 9.30900002
v 31.86400032 0.89300001 8.53999996
v 30.74699974 -1.00000000 8.96899986
v 26.27000046 18.00000000 8.57900047
v 24.99799919 18.00000000 7.52779531
v 25.77199936 18.00000000 8.96899986
v 98.34500122 4.78599977 14.28299999
v 98.00499725 4.67799997 13.80300045
v 97.01899719 6.64300013 14.10200024
v 26.89299965 -14.35700035 8.02099991
v 27.37700081 -16.36000061 8.89799976
v 25.09900093 18.00000000 9.74899960
v 26.51199913 18.00000000 8.39299965
v 25.78899956 18.00000000 6.92799997
v 24.99799919 18.00000000 10.03671551
v 31.56699944 18.00000000 6.58400011
v 30.26799965 18.00000000 7.80900002
v 30.66500092 18.00000000 6.24100018
v 29.30299950 18.00000000 7.63100004
v 29.35799980 18.00000000 6.02400017
v 28.81200027 18.00000000 7.62400007
v 101.66999817 11.42899990 16.45000076
v 27.84300041 18.00000000 7.77500010
v 26.64399910 18.00000000 6.48000002
v 27.35799980 18.00000000 7.93900013
v 28.51300049 18.00000000 6.01900005
v 27.55999947 18.00000000 6.17399979
v 100.16200256 11.21399975 16.42200089
v 25.01700020 18.00000000 7.50799990
v 99.43599701 11.10700035 16.21199989
v 98.74800110 11.00000000 15.89700031
v 30.05200005 17.18400002 18.31999969
v 31.37000084 17.91200066 17.55999947
v 31.78899956 17.98999977 17.31800079
v 100.34799957 9.21399975 15.43900013
v 99.78299713 9.10700035 15.27600002
v 32.97600174 -3.35700011 9.89799976
v 32.31700134 -1.46399999 10.90799999
v 32.40800095 -3.21399999 9.06499958
v 31.86400032 -3.10700011 8.53999996
v 32.63199997 17.91099930 16.83099937
v 33.29700089 17.62000084 16.44700050
v 32.20800018 17.98999977 17.07600021
v 104.97799683 -11.35700035 9.89799976
v 103.99199677 -9.32100010 10.19699955
v 105.00299835 -11.36698341 9.95402622
v 105.00299835 -11.36557102 9.95252419
v 30.50699997 17.51499939 18.05699921
v 99.24800110 9.00000000 15.03100014
v 104.41000366 -11.21399975 9.06499958
v 103.65200043 -9.21399975 9.71700001
v 25.36800003 17.91200066 16.83300018
v 24.99799919 12.28800011 16.61897469
v 97.67900085 4.53599977 13.09200001
v 96.80899811 6.57100010 13.64400005
v 24.99799919 17.70923042 16.61799049
v 24.99799919 17.70747375 16.61920357
v 26.20700073 17.98999977 17.31699944
v 27.07299995 17.74399948 17.81800079
v 96.65100098 6.50000000 13.16399956
v 103.86499786 -11.10700035 8.53999996
v 103.22799683 -9.10700035 9.30900002
v 24.99799919 17.94395256 16.45573807
v 28.11700058 17.03000069 18.42000008
v 105.00299835 -7.86173010 10.47337914
v 105.00299835 -7.72165871 10.33140564
v 105.00299835 -7.63575268 10.23999977
v 33.96900177 17.16600037 16.05900002
v 32.29700089 3.85700011 15.06099987
v 31.93300056 3.78600001 15.41100025
v 103.99199677 -13.32100010 10.19699955
v 30.64200020 3.57100010 16.18899918
v 29.66799927 3.42899990 16.45000076
v 100.16200256 7.21400023 16.42200089
v 31.24699974 -11.00000000 8.10299969
v 98.76899719 8.89299965 14.69099998
v 105.00299835 17.19660759 12.28800011
v 105.00299835 17.30635071 11.97251797
v 105.00299835 15.49382401 11.48800659
v 105.00299835 17.30718613 11.95953083
v 105.00299835 15.37796021 12.01897049
v 105.00299835 17.18167877 12.33091640
v 105.00299835 16.13826942 10.47337914
v 105.00299835 16.27818680 10.33140564
v 103.99199677 14.67800045 10.19699955
v 104.31800079 14.53600025 10.90799999
v 105.00299835 16.36413002 10.23999977
v 105.00299835 15.68251228 11.16358757
v 104.47799683 14.39299965 11.67399979
v 29.16600037 3.35700011 16.49699974
v 104.46399689 14.25000000 12.45699978
v 105.00299835 15.33831787 12.28800011
v 33.41899872 8.21399975 12.83699989
v 33.48500061 8.28600025 12.33699989
v 32.46200180 6.25000000 12.45699978
v 32.27399826 6.10699987 13.21599960
v 33.29800034 8.14299965 13.32699966
v 105.00299835 12.13827038 10.47337914
v 105.00299835 11.90612888 10.77911568
v 105.00299835 13.15657902 10.81384850
v 105.00299835 12.98884487 10.47337914
v 105.00299835 12.27818680 10.33140564
v 105.00299835 13.24804020 11.16714478
v 105.00299835 13.17932701 10.86002350
v 105.00299835 12.36413002 10.23999977
v 105.00299835 12.28800011 10.32096863
v 105.00299835 11.84469604 10.86002350
v 105.00299835 13.33110523 11.48800659
v 33.12200165 8.07100010 13.80000019
v 102.32499695 -10.85700035 7.69999981
v 102.74800110 -9.00000000 8.96899986
v 102.21399689 -8.89299965 8.72399998
v 31.92099953 5.96400023 13.91499996
v 32.89500046 8.00000000 14.25100040
v 30.32299995 -10.85700035 7.69999981
v 30.21199989 -8.89299965 8.72399998
v 136.75500488 243.00000000 3.45499992
v 34.50799942 16.67000008 15.74800014
v 32.86600113 17.25000000 12.85099983
v 28.09000015 -12.50000000 8.61900043
v 28.82799911 -10.64299965 7.50299978
v 28.32600021 -10.57100010 7.55000019
v 133.54499817 243.00000000 9.75500011
v 132.00000000 243.00000000 10.00000000
v 28.28300095 -8.53600025 8.57900047
v 27.83099937 -10.50000000 7.65299988
v 105.00299835 17.14145660 10.84873199
v 105.00299835 16.38400078 10.21886730
v 134.93899536 -232.00000000 9.04500008
v 136.04499817 -232.00000000 7.93900013
v 32.92399979 17.38699913 11.06999969
v 129.06100464 -232.00000000 9.04500008
v 105.00299835 16.63442802 9.95252419
v 32.99599838 17.31900024 11.96800041
v 127.95500183 -232.00000000 7.93900013
v 33.44699860 16.42900085 11.32999992
v 96.54799652 6.42899990 12.67000008
v 97.51899719 4.39300013 12.32600021
v 24.99799919 -2.63233042 11.98463440
v 24.99799919 -2.60570717 12.24544811
v 102.56099701 -6.89300013 7.78800011
v 101.64900208 -8.78600025 8.56099987
v 25.53199959 -3.75000000 11.54300022
v 24.99799919 -2.68721986 11.60563946
v 33.18600082 16.57099915 10.35599995
v 96.65100098 2.50000000 13.16399956
v 24.99799919 -2.54083490 10.98728275
v 25.71999931 -3.89299989 10.78400040
v 33.41899872 4.21400023 12.83699989
v 24.99799919 -2.59171462 12.28800011
v 103.65200043 14.78600025 9.71700001
v 103.22799683 14.89299965 9.30900002
v 103.86499786 12.89299965 8.53999996
v 104.41000366 12.78600025 9.06499958
v 104.97799683 12.64299965 9.89799976
v 24.99799919 -1.22520089 10.76619053
v 25.65200043 0.14300001 10.96800041
v 24.99799919 -1.21719456 10.78189278
v 24.99799919 -1.32379854 10.65281105
v 25.78800011 0.07100000 10.60000038
v 34.46300125 16.71800041 8.22799969
v 105.00299835 12.63442898 9.95252419
v 24.99799919 -1.66955805 10.23999977
v 26.07299995 -0.03600000 10.08500004
v 24.99799919 -1.65200984 10.25539780
v 24.99799919 -2.67589855 11.55781555
v 24.99799919 -2.45746088 10.70573616
v 24.99799919 -2.22279024 10.28735924
v 25.09900093 -2.00000000 9.74899960
v 24.99799919 -2.04800010 10.05459118
v 24.99799919 -2.18722725 10.23999977
v 102.74800110 11.00000000 8.96899986
v 103.24800110 13.00000000 8.10299969
v 103.99199677 10.67800045 10.19699955
v 32.57799911 17.46999931 10.02799988
v 32.97600174 16.64299965 9.89799976
v 32.89500046 4.00000000 14.25100040
v 98.13200378 2.89299989 15.46000004
v 97.58699799 2.78600001 14.93500042
v 26.12999916 6.89300013 15.46000004
v 26.74699974 7.00000000 15.89700031
v 27.24699974 5.00000000 15.03100014
v 26.86899948 -0.25000000 9.22700024
v 26.43000031 -0.14300001 9.61900043
v 25.69700050 -2.14299989 8.93900013
v 102.21399689 15.10700035 8.72399998
v 102.32499695 17.14299965 7.69999981
v 101.64900208 15.21399975 8.56099987
v 28.16099930 7.21400023 16.42200089
v 28.34600067 5.21400023 15.43900013
v 127.95500183 -232.00000000 2.06100011
v 27.43400002 7.10699987 16.21199989
v 27.78100014 5.10699987 15.27600002
v 129.06100464 -232.00000000 0.95499998
v 130.45500183 -232.00000000 0.24500000
v 115.00000000 243.00000000 0.00000000
v 105.00299835 -79.68299866 20.00000000
v 105.00299835 -71.68800354 20.00000000
v 105.00299835 -229.68800354 20.00000000
v 102.56099701 13.10700035 7.78800011
v 102.74800110 15.00000000 8.96899986
v 105.00299835 -17.91833305 16.52433395
v 105.00299835 -17.97900391 16.48109818
v 105.00299835 -18.00000000 16.46379662
v 105.00299835 -18.00000000 13.69826126
v 105.00299835 -17.76636314 13.43102264
v 105.00299835 -17.36786270 12.51517677
v 105.00299835 -17.32098198 11.95035934
v 105.00299835 -17.98909950 10.23999977
v 105.00299835 -18.00000000 10.22282219
v 105.00299835 -18.00000000 7.56073713
v 103.78800201 -18.00000000 17.31299973
v 103.45700073 -18.00000000 15.63799953
v 104.97799683 -18.00000000 16.49200058
v 104.20500183 -18.00000000 15.00000000
v 101.96199799 -18.00000000 17.92300034
v 100.51599884 -18.00000000 17.98100090
v 101.14399719 -18.00000000 16.38800049
v 101.63500214 -18.00000000 16.34399986
v 33.50199890 17.50699997 7.67299986
v 29.83300018 -14.78600025 7.57800007
v 30.32299995 -14.85700035 7.69999981
v 33.47399902 17.52300072 7.65600014
v 33.05799866 17.75200081 7.41599989
v 102.58599854 -18.00000000 16.09399986
v 28.82799911 -14.64299965 7.50299978
v 32.20600128 17.98999977 6.92500019
v 104.65599823 -18.00000000 14.41699982
v 31.42099953 17.04500008 14.99199963
v 31.91300011 17.09600067 14.56599998
v 98.89499664 17.64299965 8.02099991
v 99.36199951 15.64299965 8.90499973
v 99.71900177 15.57100010 8.74199963
v 30.67700005 16.97599983 15.42300034
v 100.40799713 -18.00000000 16.34300041
v 29.43400002 -16.54599953 8.43599987
v 99.35399628 13.57100010 7.81099987
v 100.28399658 15.46399975 8.57900047
v 29.86400032 16.90800095 15.67500019
v 98.00099945 -18.00000000 17.19199944
v 97.39399719 -18.00000000 16.79700089
v 98.78700256 -18.00000000 15.79199982
v 97.01899719 2.64299989 14.10200024
v 99.09899902 -18.00000000 17.69099998
v 99.68699646 -18.00000000 16.19000053
v 104.33899689 -18.00000000 9.15100002
v 104.99099731 -18.00000000 10.18999958
v 103.99800110 -18.00000000 8.79500008
v 96.80899811 2.57100010 13.64400005
v 104.20500183 -18.00000000 6.92899990
v 104.79000092 -18.00000000 7.35599995
v 103.20999908 -18.00000000 8.20800018
v 96.54799652 2.42899990 12.67000008
v 102.77100372 -18.00000000 7.98400021
v 103.34999847 -18.00000000 6.48000002
v 29.19400024 16.85300064 15.74400043
v 102.07199860 -18.00000000 7.75000000
v 102.66600037 -18.00000000 6.24100018
v 100.85299683 -18.00000000 7.61199999
v 99.87999725 -18.00000000 7.75400019
v 100.03500366 -18.00000000 6.07700014
v 101.34500122 -18.00000000 7.62300014
v 101.95999908 -18.00000000 6.07700014
v 99.09700012 -18.00000000 6.30800009
v 98.00499725 0.67900002 13.80300045
v 97.67900085 0.53600001 13.09200001
v 99.41100311 -18.00000000 7.90600014
v 100.99800110 -18.00000000 6.00000000
v 98.55599976 -18.00000000 8.35200024
v 98.20899963 -18.00000000 6.68699980
v 96.84500122 -18.00000000 16.32399940
v 97.99800110 -18.00000000 15.20499992
v 97.36000061 -18.00000000 14.45699978
v 96.00299835 -18.00000000 15.30000019
v 95.57700348 -18.00000000 14.57199955
v 97.51899719 0.39300001 12.32600021
v 98.46299744 -10.28600025 8.28100014
v 99.54100037 -8.39299965 8.82299995
v 98.87000275 -8.25000000 9.22700024
v 95.23400116 -18.00000000 13.66899967
v 95.04100037 -18.00000000 12.72299957
v 96.75199890 -18.00000000 13.11800003
v 96.90399933 -18.00000000 13.58600044
v 97.01899719 -1.35699999 14.10200024
v 96.68000031 -18.00000000 11.20199966
v 95.11799622 -18.00000000 10.79899979
v 96.76100159 -18.00000000 10.72299957
v 95.00199890 -18.00000000 11.75800037
v 96.62100220 -18.00000000 11.65299988
v 98.43199921 -12.14299965 9.61900043
v 98.87000275 -12.25000000 9.22700024
v 96.51000214 2.28600001 11.66300011
v 97.53299713 0.25000000 11.54300022
v 96.50099945 2.35700011 12.16800022
v 105.00299835 -16.16048813 10.87190628
v 105.00299835 -16.28492355 11.10511684
v 105.00299835 -14.75195980 11.16714478
v 105.00299835 -14.82067299 10.86002350
v 105.00299835 -14.96297169 10.57118225
v 105.00299835 -15.01115513 10.47337914
v 105.00299835 -15.90745926 10.53709126
v 105.00299835 -14.66889477 11.48800659
v 105.00299835 -16.38400078 11.30282402
v 105.00299835 -14.66609764 11.55091572
v 105.00299835 -14.65699959 11.75548363
v 32.54499817 17.18099976 13.67899990
v 26.46100044 1.71399999 8.28100014
v 24.99799919 -1.72899079 10.18784904
v 24.99799919 -1.96296775 9.95435429
v 24.99799919 -1.96854830 9.94878483
v 32.25699997 17.13699913 14.14900017
v 25.69700050 1.85699999 8.93900013
v 104.31800079 -13.46399975 10.90799999
v 28.99600029 -16.14399910 5.07100010
v 29.11199951 -16.26799965 5.13800001
v 96.80899811 -1.42900002 13.64400005
v 96.65100098 -1.50000000 13.16399956
v 28.67399979 16.81100082 15.71300030
v 28.06800079 16.76000023 15.57499981
v 105.00299835 -15.16995811 10.23999977
v 105.00299835 -15.73857403 10.34286404
v 27.34700012 16.69499969 15.27000046
v 28.16099930 15.21399975 16.42200089
v 101.83499908 13.21399975 7.57800007
v 26.80900002 16.64100075 14.90400028
v 26.55599976 16.61199951 14.67700005
v 98.06199646 13.78600025 8.58899975
v 98.89499664 13.64299965 8.02099991
v 105.00299835 11.40586853 11.75548363
v 105.00299835 11.37796021 12.01897049
v 105.00299835 13.23373318 12.28800011
v 105.00299835 13.22658920 12.32878304
v 105.00299835 13.21520424 12.39377403
v 105.00299835 13.07234097 12.63129616
v 105.00299835 12.77233124 13.21967793
v 105.00299835 12.76433849 13.23535252
v 104.31800079 10.53600025 10.90799999
v 104.47799683 10.39299965 11.67399979
v 96.65200043 -18.00000000 12.61600018
v 96.34899902 -18.00000000 8.20499992
v 97.01799774 -18.00000000 7.50799990
v 97.76300049 -18.00000000 8.97799969
v 97.09999847 -18.00000000 9.74899960
v 96.05899811 -18.00000000 8.59099960
v 95.38700104 -18.00000000 9.87199974
v 105.00299835 9.17932701 10.86002350
v 105.00299835 9.24804020 11.16714478
v 97.59200287 -18.00000000 7.06500006
v 137.78599548 243.00000000 -0.00700000
v 137.00000000 243.00000000 0.00000000
v 132.00000000 243.00000000 0.00000000
v 127.00000000 243.00000000 0.00000000
v 137.78599548 253.00000000 -0.00700000
v 105.00299835 8.13827038 10.47337914
v 105.00299835 7.90612888 10.77911568
v 105.00299835 9.15657902 10.81384850
v 105.00299835 8.19200039 10.41885948
v 105.00299835 8.98884487 10.47337914
v 105.00299835 8.36413002 10.23999977
v 105.00299835 8.27818680 10.33140564
v 105.00299835 7.84469652 10.86002350
v 105.00299835 9.33110523 11.48800659
v 105.00299835 7.68251181 11.16358757
v 105.00299835 236.31700134 0.00000000
v 105.00299835 8.63442898 9.95252419
v 103.99199677 6.67799997 10.19699955
v 127.00000000 243.00000000 5.00000000
v 137.78599548 243.00000000 19.99300003
v 137.00000000 243.00000000 5.00000000
v 133.54499817 243.00000000 0.24500000
v 134.93899536 243.00000000 0.95499998
v 136.04499817 243.00000000 2.06100011
v 26.74699974 3.00000000 15.89700031
v 26.76700020 4.89300013 14.69099998
v 127.24500275 243.00000000 3.45499992
v 127.95500183 243.00000000 2.06100011
v 129.06100464 243.00000000 0.95499998
v 27.83099937 -14.50000000 7.65299988
v 130.45500183 243.00000000 0.24500000
v 105.00299835 9.26131058 12.13057041
v 105.00299835 9.34300041 11.75548363
v 105.00299835 9.33976364 11.68271637
v 28.63199997 -16.47699928 8.46399975
v 25.58600044 6.78599977 14.93500042
v 103.22799683 10.89299965 9.30900002
v 28.08099937 -16.42900085 8.58500004
v 27.43400002 3.10700011 16.21199989
v 28.16099930 3.21399999 16.42200089
v 103.65200043 10.78600025 9.71700001
v 33.96900177 -17.16600037 16.05900002
v 33.05199814 -17.75499916 16.58900070
v 26.34399986 4.78599977 14.28299999
v 25.01799965 6.64300013 14.10200024
v 103.65200043 -13.21399975 9.71700001
v 96.50099945 6.35699987 12.16800022
v 96.51000214 6.28599977 11.66300011
v 103.22799683 -13.10700035 9.30900002
v 102.74800110 -13.00000000 8.96899986
v 97.65299988 8.14299965 10.96800041
v 96.69699860 6.14300013 10.67300034
v 97.53299713 8.25000000 11.54300022
v 97.87799835 8.03600025 10.42500019
v 26.00300026 4.67799997 13.80300045
v 24.99799919 6.63617516 14.05858803
v 97.53299713 4.25000000 11.54300022
v 24.99799919 7.00239658 13.52281380
v 97.65299988 4.14300013 10.96800041
v 105.00299835 -15.36550045 9.95262909
v 105.00299835 -15.36625576 9.95324039
v 105.00299835 -15.36699295 9.95401096
v 24.99799919 -5.62443924 10.28735924
v 26.07299995 -4.03599977 10.08500004
v 104.97799683 -15.35700035 9.89799976
v 104.41000366 -15.21399975 9.06499958
v 24.99799919 7.35500002 12.24544811
v 25.51700020 8.39299965 12.32600021
v 24.99799919 7.35310745 12.28800011
v 26.46100044 -2.28600001 8.28100014
v 27.53899956 -0.39300001 8.82299995
v 104.05899811 -15.14299965 8.70100021
v 103.02300262 -14.96399975 7.98899984
v 103.67099762 -15.07100010 8.37899971
v 25.67700005 4.53599977 13.09200001
v 24.99799919 6.12423563 13.52281380
v 24.99799919 6.14400005 13.54286861
v 24.99799919 6.26868963 13.66939259
v 105.00299835 -15.36557102 9.95252419
v 24.99799919 5.89089012 13.21418953
v 25.51700020 4.39300013 12.32600021
v 24.99799919 5.48124313 12.50986862
v 24.99799919 5.67246962 12.83865070
v 24.99799919 5.83449650 13.13960266
v 97.09999847 6.00000000 9.74899960
v 98.30699921 7.89300013 9.77000046
v 97.37699890 5.92899990 9.32699966
v 97.69899750 5.85699987 8.93900013
v 97.87799835 4.03599977 10.42500019
v 24.99799919 5.40828514 12.28800011
v 24.99799919 5.41421986 12.30604649
v 25.58600044 2.78600001 14.93500042
v 25.01799965 2.64299989 14.10200024
v 102.21399689 -12.89299965 8.72399998
v 101.45400238 -12.75000000 8.53499985
v 24.99799919 3.18990064 13.13960266
v 24.99799919 3.25981998 12.82764053
v 24.99799919 2.64299107 14.04861641
v 96.69699860 2.14299989 10.67300034
v 97.65299988 0.14300001 10.96800041
v 24.99799919 3.34324098 12.50986862
v 99.54100037 -12.39299965 8.82299995
v 99.83300018 -10.50000000 7.65299988
v 99.35399628 -10.42899990 7.81099987
v 100.09200287 -12.50000000 8.61900043
v 29.71100044 1.46399999 15.42099953
v 98.89499664 -10.35700035 8.02099991
v 97.69899750 -14.14299965 8.93900013
v 98.46299744 -14.28600025 8.28100014
v 97.09999847 2.00000000 9.74899960
v 32.20700073 -17.98999977 17.07600021
v 31.78800011 -17.98999977 17.31800079
v 31.53300095 3.71399999 15.71899986
v 31.10000038 3.64299989 15.97900009
v 103.86499786 8.89299965 8.53999996
v 30.16200066 3.50000000 16.34700012
v 30.00000000 -17.14100075 18.35000038
v 28.99800110 -16.14400291 18.92899895
v 28.99800301 -16.14400291 18.92899895
v 30.93700027 -17.75200081 17.80900002
v 31.36400032 -17.91099930 17.56299973
v 31.12500000 1.75000000 14.77299976
v 30.45499992 1.60699999 15.17700005
v 104.97799683 8.64299965 9.89799976
v 98.43199921 3.85700011 9.61900043
v 98.18199921 3.92899990 9.92099953
v 31.98999977 -5.32100010 10.19699955
v 98.43199921 -0.14300001 9.61900043
v 31.64999962 -5.21400023 9.71700001
v 31.22699928 -5.10699987 9.30900002
v 24.99799919 -17.73981667 16.61931229
v 25.36300087 -17.91099930 16.82999992
v 24.99799919 -16.52052689 16.61932373
v 105.00299835 -5.39926815 16.61774254
v 105.00299835 -1.17694962 16.61757660
v 30.74699974 -5.00000000 8.96899986
v 102.50900269 17.51499939 18.05699921
v 100.99900055 16.14399910 18.92900085
v 105.00299835 -0.70329374 16.61761284
v 27.05800056 -17.75200081 17.80900002
v 26.13299942 16.55599976 14.15799999
v 31.24699974 -3.00000000 8.10299969
v 26.20599937 -17.98999977 17.31699944
v 25.68600082 16.47100067 13.27000046
v 24.99799919 -17.97359085 16.47414207
v 24.99799919 17.59368134 13.07028198
v 30.21199989 -4.89300013 8.72399998
v 25.58600044 16.43899918 12.91300011
v 24.99799919 17.53561592 12.97271347
v 24.99799919 15.20186806 13.04677963
v 24.99799919 15.26359558 12.91538048
v 25.50499916 16.37000084 12.20300007
v 24.99799919 17.46313477 12.73615456
v 24.99799919 14.98385525 13.56273270
v 24.99799919 17.33275223 12.28800011
v 102.93900299 -17.75200081 17.80900002
v 103.36599731 -17.91099930 17.56299973
v 105.00299835 -10.68086720 16.61776161
v 31.84099960 17.56299973 8.99499989
v 32.49200058 -17.12700081 13.75399971
v 32.68199921 -17.08600044 13.24400043
v 31.26899910 17.61899948 8.51000023
v 32.80500031 -17.03400040 12.60400009
v 105.00299835 -16.38400078 16.61784554
v 32.40900040 17.49500084 9.72799969
v 100.99900055 -16.14399910 18.92900085
v 100.11799622 17.03000069 18.42000008
v 99.07499695 17.74399948 17.81800079
v 98.20800018 17.98999977 17.31699944
v 98.43199921 -16.14299965 9.61900043
v 98.87000275 -16.25000000 9.22700024
v 105.00299835 -8.19200039 7.38388157
v 105.00299835 -8.26712990 7.38388395
v 103.37000275 -17.91200066 6.44099998
v 103.24800110 -11.00000000 8.10299969
v 32.80699921 -16.96599960 11.74300003
v 32.61800003 -16.89800072 10.91199970
v 31.45800018 16.96400070 8.24100018
v 32.05799866 16.85700035 8.70100021
v 32.56200027 16.75000000 9.26500034
v 100.83000183 -10.64299965 7.50299978
v 101.83499908 -10.78600025 7.57800007
v 101.06300354 -8.67899990 8.50599957
v 100.32700348 -10.57100010 7.55000019
v 33.48500061 -15.71399975 12.33699989
v 25.37500000 17.92900085 9.32699966
v 26.54899979 17.97599983 8.38399982
v 25.87700081 16.03599930 10.42500019
v 26.30500031 15.89299965 9.77000046
v 33.06600189 -17.74799919 7.42100000
v 33.99499893 -17.14100075 7.95800018
v 34.50699997 -16.67000008 8.25300026
v 28.93199921 1.32099998 15.49400043
v 29.08099937 -17.45899963 16.09300041
v 30.15600014 -17.37700081 15.87100029
v 30.97100067 -17.30800056 15.48400021
v 26.06100082 17.78599930 8.58899975
v 28.41099930 -16.75000000 16.45499992
v 29.16600037 -16.64299965 16.49699974
v 24.99799919 17.30496407 12.19248676
v 25.18499947 16.96599960 11.96700001
v 24.99799919 17.31314278 11.86796093
v 24.99799919 17.30883408 12.03894901
v 24.99799919 17.30485344 12.19210339
v 25.53199959 16.25000000 11.54300022
v 24.99799919 17.29244232 11.69284153
v 29.66799927 -16.57099915 16.45000076
v 31.67200089 -17.23999977 14.93000031
v 24.99799919 17.28373909 11.61920166
v 24.99799919 17.32301140 11.47630501
v 28.93199921 -14.67899990 15.49400043
v 24.99799919 17.58430099 10.64888859
v 32.29700089 -0.14300001 15.06099987
v 31.93300056 -0.21400000 15.41100025
v 31.36300087 17.91099930 6.43800020
v 29.71100044 -14.53600025 15.42099953
v 31.53300095 -0.28600001 15.71899986
v 30.70499992 17.66699982 8.17000008
v 30.64200020 -16.42900085 16.18899918
v 32.22700119 -17.17099953 14.23900032
v 29.57699966 17.75300026 7.80499983
v 30.16200066 -0.50000000 16.34700012
v 30.64200020 -0.42899999 16.18899918
v 103.24800110 9.00000000 8.10299969
v 31.10000038 -0.35699999 15.97900009
v 104.41000366 8.78600025 9.06499958
v 32.46200180 2.25000000 12.45699978
v 33.29800034 -15.85700035 13.32699966
v 27.10799980 -17.60899925 15.71800041
v 32.02899933 2.00000000 13.75000000
v 33.49499893 0.35699999 11.83199978
v 33.48500061 0.28600001 12.33699989
v 27.81399918 -17.55299950 15.97000027
v 28.27199936 -17.51899910 16.05900002
v 100.28399658 -8.53600025 8.57900047
v 29.33300018 17.28599930 7.51200008
v 29.83300018 17.21400070 7.57800007
v 30.32299995 17.14299965 7.69999981
v 30.79599953 17.07099915 7.87500000
v 26.97200012 -16.96400070 16.01099968
v 30.47599983 17.49500084 5.92600012
v 33.41899872 0.21400000 12.83699989
v 30.02599907 17.16600037 5.66599989
v 28.99600029 16.14399910 5.07100010
v 31.68899918 1.89300001 14.22999954
v 27.48699951 17.51499939 5.94299984
v 26.62400055 17.91200066 6.44000006
v 33.29800034 0.14300001 13.32699966
v 27.20700073 17.92499924 8.05700016
v 27.90200043 17.87299919 7.83300018
v 32.89500046 0.00000000 14.25100040
v 26.53000069 -17.65600014 15.39900017
v 32.61899948 -0.07100000 14.67300034
v 27.67099953 -16.85700035 16.29999924
v 27.78100014 -14.89299965 15.27600002
v 28.62100029 17.82200050 7.74300003
v 28.34600067 1.21399999 15.43900013
v 25.80400085 -17.72500038 14.78600025
v 26.89299965 17.64299965 8.02099991
v 27.83099937 17.50000000 7.65299988
v 27.24699974 1.00000000 15.03100014
v 26.12999916 2.89299989 15.46000004
v 26.32500076 -17.07099915 15.62100029
v 25.93600082 -17.14299965 15.29899979
v 26.47999954 -15.17899990 14.42399979
v 26.91799927 -15.07100010 14.81599998
v 25.43199921 -17.25000000 14.73499966
v 24.99799919 -17.93978500 13.71286201
v 24.99799919 -17.83438110 13.50264645
v 25.22800064 -17.79400063 14.02000046
v 24.99799919 -17.77789688 13.56607914
v 24.99799919 -17.73617744 13.61293125
v 25.67700005 -15.46399975 13.09200001
v 24.99799919 -16.74147797 12.91115952
v 27.78100014 1.10699999 15.27600002
v 24.99799919 -16.81009865 13.13960266
v 24.99799919 -17.36477089 14.05102158
v 103.10199738 -0.35699999 15.97900009
v 102.45600128 -2.39299989 15.17700005
v 102.64299774 -0.42899999 16.18899918
v 25.90200043 -15.35700035 13.63500023
v 26.10499954 -15.28600025 13.97099972
v 104.29799652 -4.14300013 15.06099987
v 103.93499756 -4.21400023 15.41100025
v 103.12599945 -2.25000000 14.77299976
v 102.16400146 -0.50000000 16.34700012
v 25.01799965 -17.35700035 14.10200024
v 24.99799919 -17.67700958 13.67937756
v 24.99799919 -17.39753342 14.01202679
v 24.99799919 -17.36482620 14.05095768
v 26.76700020 0.89300001 14.69099998
v 105.00299835 13.97356415 7.38346910
v 105.00299835 13.76551056 7.38369656
v 103.53399658 -0.28600001 15.71899986
v 32.34199905 -16.84300041 10.29599953
v 103.93499756 -0.21400000 15.41100025
v 115.00000000 243.00000000 19.99300003
v 137.78599548 253.00000000 19.99300003
v 28.82799911 17.35700035 7.50299978
v 137.00000000 243.00000000 19.99300003
v 130.45500183 243.00000000 9.75500011
v 134.93899536 243.00000000 9.04500008
v 28.46199989 16.71800041 5.38000011
v 31.91900063 -16.78300095 9.70300007
v 24.99799919 8.35274029 7.37884331
v 25.78599930 17.98999977 6.92399979
v 31.14800072 -16.69799995 9.01700020
v 24.99799919 17.76800156 7.37900352
v 100.86699677 -12.64299965 8.50199986
v 24.99799919 17.94680023 7.48942232
v 28.99799919 16.14399910 18.92900085
v 30.41900063 -16.63100052 8.64799976
v 32.40800095 -7.21400023 9.06499958
v 32.97600174 -7.35699987 9.89799976
v 32.31700134 -5.46400023 10.90799999
v 31.86400032 -7.10699987 8.53999996
v 31.24699974 -7.00000000 8.10299969
v 105.00299835 -17.76602936 7.38404560
v 104.20800018 -17.98999977 6.92500019
v 30.55999947 -6.89300013 7.78800011
v 102.32499695 -14.85700035 7.69999981
v 30.16200066 15.50000000 16.34700012
v 29.66799927 15.42899990 16.45000076
v 102.42099762 -16.63100052 8.64799976
v 103.15000153 -16.69799995 9.01700020
v 30.09799957 -16.60199928 8.54300022
v 102.56099701 9.10700035 7.78800011
v 102.21399689 11.10700035 8.72399998
v 27.43400002 -0.89300001 16.21199989
v 99.54100037 11.60700035 8.82299995
v 98.46299744 9.71399975 8.28100014
v 98.89499664 9.64299965 8.02099991
v 26.74699974 -1.00000000 15.89700031
v 26.12999916 -1.10699999 15.46000004
v 26.34399986 0.78600001 14.28299999
v 105.00299835 -2.78479576 12.39377403
v 105.00299835 -2.76626658 12.28800011
v 105.00299835 -4.53076601 11.56278515
v 105.00299835 -3.96326518 14.00668335
v 105.00299835 -3.38837242 13.39726925
v 105.00299835 -4.38687229 13.38936710
v 103.69000244 -2.10700011 14.22999954
v 100.32700348 9.42899990 7.55000019
v 101.06300354 11.32199955 8.50599957
v 100.28399658 11.46399975 8.57900047
v 26.00300026 0.67900002 13.80300045
v 24.99799919 2.63617539 14.05858803
v 98.30699921 11.89299965 9.77000046
v 98.87000275 11.75000000 9.22700024
v 104.89700317 -4.00000000 14.25100040
v 104.62000275 -4.07100010 14.67300034
v 101.83499908 -14.78600025 7.57800007
v 99.83300018 -14.50000000 7.65299988
v 104.34400177 -1.85699999 13.03199959
v 105.00299835 -3.23566103 13.23535252
v 104.11900330 -1.96399999 13.57499981
v 100.83000183 -14.64299965 7.50299978
v 24.99799919 3.00239658 13.52281380
v 105.00299835 -3.96238708 14.00796318
v 98.89499664 -14.35700035 8.02099991
v 104.29799652 -0.14300001 15.06099987
v 24.99799919 3.16406035 13.19241428
v 99.83300018 9.50000000 7.65299988
v 105.00299835 -3.38094497 13.38936710
v 24.99799919 3.35500002 12.24544811
v 104.62000275 -0.07100000 14.67300034
v 105.00299835 -2.80237722 12.42300510
v 105.00299835 -2.92765880 12.63129616
v 104.46399689 -1.75000000 12.45699978
v 25.67700005 0.53600001 13.09200001
v 24.99799919 2.12423563 13.52281380
v 24.99799919 2.26884961 13.66939259
v 101.11399841 -16.26799965 5.13800001
v 24.99799919 10.80404949 16.61891365
v 100.99800110 -16.14399910 5.07100010
v 24.99799919 1.89089000 13.21418953
v 24.99799919 2.04800010 13.42198372
v 25.51700020 0.39300001 12.32600021
v 24.99799919 1.48124301 12.50986862
v 24.99799919 1.67246950 12.83865070
v 24.99799919 1.83449662 13.13960266
v 101.43599701 -16.54599953 8.43599987
v 33.48500061 16.28599930 12.33699989
v 32.46200180 14.25000000 12.45699978
v 33.29800034 16.14299965 13.32699966
v 100.63400269 -16.47699928 8.46399975
v 25.53199959 0.25000000 11.54300022
v 24.99799919 1.31310380 11.60787392
v 24.99799919 1.40828526 12.28800011
v 24.99799919 1.41421974 12.30604649
v 24.99799919 -0.81009930 13.13960266
v 24.99799919 -0.74017996 12.82764053
v 24.99799919 -8.64500046 12.24544811
v 24.99799919 -8.72856903 11.86608791
v 24.99799919 -8.64689255 12.28800011
v 99.72100067 -16.39500046 8.72299957
v 24.99799919 -6.68722010 11.60563946
v 24.99799919 -0.83593965 13.19241428
v 99.37899780 -16.36000061 8.89799976
v 24.99799919 -0.65675902 12.50986862
v 24.99799919 -9.27777386 10.70573616
v 24.99799919 -8.77519608 11.60563946
v 24.99799919 -8.79914093 11.54572868
v 105.00299835 -4.59413147 11.75548363
v 105.00299835 -4.62203979 12.01897049
v 24.99799919 -6.63233042 11.98463440
v 24.99799919 -6.60570717 12.24544811
v 129.06100464 243.00000000 9.04500008
v 24.99799919 -6.65524435 11.33118343
v 24.99799919 -6.66339731 11.40116405
v 24.99799919 -6.54083490 10.98728275
v 105.00299835 -0.47833893 13.23535252
v 105.00299835 -0.52951318 13.01792145
v 24.99799919 -9.62443924 10.28735924
v 105.00299835 -2.66889501 11.48800659
v 105.00299835 -2.75195956 11.16714478
v 105.00299835 -4.31748819 11.16358757
v 97.58699799 -9.21399975 14.93500042
v 97.01899719 -9.35700035 14.10200024
v 98.00499725 -7.32100010 13.80300045
v 104.89700317 0.00000000 14.25100040
v 105.00299835 0.03761290 14.00796318
v 105.00299835 1.26131105 12.13057041
v 105.00299835 0.57727480 13.42592239
v 105.00299835 -0.38687214 13.38936710
v 105.00299835 -0.43231449 13.31285000
v 105.00299835 0.00000000 13.95314980
v 98.13200378 -9.10700035 15.46000004
v 136.04499817 243.00000000 7.93900013
v 136.75500488 243.00000000 6.54500008
v 98.34500122 -11.21399975 14.28299999
v 127.24500275 243.00000000 6.54500008
v 127.95500183 243.00000000 7.93900013
v 24.99799919 -17.08562279 11.02277660
v 24.99799919 -16.88488960 11.33118343
v 24.99799919 -17.72899055 10.18784904
v 24.99799919 -16.72856903 11.86608791
v 24.99799919 -16.64500046 12.33802605
v 24.99799919 -17.96854782 9.94878483
v 97.51899719 -7.60699987 12.32600021
v 96.65100098 -9.50000000 13.16399956
v 96.54799652 -9.57100010 12.67000008
v 105.00299835 -0.64383906 12.67102337
v 27.34199905 -16.43700027 8.86999989
v 27.71999931 -16.39500046 8.72299957
v 24.99799919 -4.64499998 12.24544811
v 24.99799919 -4.72856903 11.86608791
v 24.99799919 -4.77519655 11.60563946
v 105.00299835 -0.67726880 12.39377403
v 24.99799919 -5.08562326 11.02277660
v 24.99799919 -5.27777338 10.70573616
v 24.99799919 -0.64499998 12.24544811
v 24.99799919 -4.79914141 11.54572868
v 24.99799919 -4.85813665 11.39811993
v 24.99799919 -4.88488913 11.33118343
v 100.99800110 16.14399910 5.07100010
v 100.46299744 16.71800041 5.38000011
v 101.35900116 18.00000000 6.02400017
v 24.99799919 -6.67858362 11.53151226
v 98.00499725 -11.32100010 13.80300045
v 97.01899719 -13.35700035 14.10200024
v 97.67900085 -11.46399975 13.09200001
v 24.99799919 -6.59171486 12.28800011
v 24.99799919 -6.45746088 10.70573616
v 32.89500046 16.00000000 14.25100040
v 101.83499908 17.21400070 7.57800007
v 101.06300354 15.32199955 8.50599957
v 100.83000183 17.35700035 7.50299978
v 97.27999878 -13.28600025 14.53499985
v 101.33399963 17.28599930 7.51200008
v 24.99799919 -6.22279024 10.28735924
v 25.09900093 -6.00000000 9.74899960
v 24.99799919 -6.18722725 10.23999977
v 102.79799652 17.07099915 7.87500000
v 100.32700348 13.42899990 7.55000019
v 96.80899811 -9.42899990 13.64400005
v 97.51899719 -11.60700035 12.32600021
v 101.64900208 11.21399975 8.56099987
v 94.99800110 -16.14399910 15.46399975
v 94.99800110 -16.71800041 14.84700012
v 100.83000183 13.35700035 7.50299978
v 97.58699799 -13.21399975 14.93500042
v 98.48100281 -15.17899990 14.42399979
v 99.83300018 13.50000000 7.65299988
v 32.47700119 14.39299965 11.67399979
v 98.10600281 -15.28600025 13.97099972
v 32.47700119 6.39300013 11.67399979
v 97.43399811 -17.25000000 14.73499966
v 97.90399933 -15.35700035 13.63500023
v 104.47799683 -1.60699999 11.67399979
v 104.11900330 -5.96400023 13.57499981
v 101.83499908 9.21399975 7.57800007
v 34.88199997 16.26799965 8.46899986
v 28.11499977 -17.03000069 5.57999992
v 99.35399628 9.57100010 7.81099987
v 100.16200256 -0.78600001 16.42200089
v 100.34799957 -2.78600001 15.43900013
v 99.43599701 -0.89300001 16.21199989
v 32.47700119 10.39299965 11.67399979
v 33.44699860 12.42899990 11.32999992
v 32.31700134 10.53600025 10.90799999
v 33.34400177 12.50000000 10.83600044
v 33.18600082 12.57100010 10.35599995
v 100.83000183 9.35700035 7.50299978
v 33.49499893 12.35700035 11.83199978
v 99.06600189 -17.74799919 6.18599987
v 98.20700073 -17.98999977 6.68200016
v 30.05100060 -17.18400002 5.67999983
v 30.50600052 -17.51499939 5.94299984
v 33.48500061 12.28600025 12.33699989
v 32.31700134 6.53599977 10.90799999
v 33.34400177 8.50000000 10.83600044
v 33.18600082 8.57100010 10.35599995
v 33.44699860 8.42899990 11.32999992
v 33.49499893 8.35700035 11.83199978
v 31.36800003 -17.91200066 6.44099998
v 101.06300354 7.32200003 8.50599957
v 101.64900208 7.21400023 8.56099987
v 32.20700073 -17.98999977 6.92500019
v 32.97600174 12.64299965 9.89799976
v 31.98999977 10.67800045 10.19699955
v 24.99799919 -12.28800011 7.37877750
v 25.36700058 -17.91200066 7.16599989
v 24.99799919 -17.72127724 7.37892342
v 24.99799919 -17.72133064 7.37895107
v 98.13200378 -1.10699999 15.46000004
v 99.24800110 -3.00000000 15.03100014
v 98.76899719 -3.10700011 14.69099998
v 24.99799919 -17.72166634 7.37912607
v 24.99799919 -17.72498512 7.38085461
v 27.06399918 -17.74799919 6.18599987
v 26.20499992 -17.98999977 6.68200016
v 24.99799919 -17.98333931 7.51540184
v 27.35199928 -2.42899990 7.81099987
v 26.89299965 -2.35700011 8.02099991
v 27.53899956 -4.39300013 8.82299995
v 26.86899948 -4.25000000 9.22700024
v 26.43000031 -4.14300013 9.61900043
v 25.69700050 -6.14300013 8.93900013
v 26.46100044 -6.28599977 8.28100014
v 24.99799919 2.65296006 7.37868023
v 24.99799919 17.50758171 10.77767849
v 24.99799919 17.46363640 10.96461582
v 99.78299713 -2.89299989 15.27600002
v 98.74800110 -1.00000000 15.89700031
v 100.93299866 -2.67899990 15.49400043
v 101.71299744 -2.53600001 15.42099953
v 101.66999817 -4.57100010 16.45000076
v 24.99799919 14.23470020 13.64243031
v 24.99799919 14.08204937 13.46976280
v 24.99799919 13.69229031 12.91267776
v 24.99799919 14.63617516 14.05858803
v 24.99799919 14.91001701 13.66804028
v 24.99799919 15.30457306 12.60211563
v 24.99799919 13.56258583 12.65976429
v 24.99799919 15.34295464 12.28800011
v 24.99799919 13.41162205 12.28811073
v 24.99799919 13.41157722 12.28800011
v 24.99799919 15.23669529 11.67206573
v 24.99799919 11.22049713 13.07105637
v 24.99799919 11.16714478 13.18066406
v 24.99799919 9.89089012 13.21418953
v 24.99799919 11.02642536 13.46976280
v 24.99799919 10.12423611 13.52281380
v 24.99799919 10.26869011 13.66939259
v 24.99799919 10.23999977 13.64028072
v 24.99799919 10.63093281 14.02207947
v 24.99799919 9.83449650 13.13960266
v 24.99799919 11.25981998 12.82764053
v 24.99799919 9.48124313 12.50986862
v 24.99799919 11.35310745 12.28800011
v 24.99799919 9.67246914 12.83865070
v 24.99799919 9.41421986 12.30604649
v 24.99799919 11.27143097 11.86608791
v 24.99799919 9.40828514 12.28800011
v 24.99799919 9.39429283 12.24544811
v 97.67900085 -15.46399975 13.09200001
v 96.65100098 -13.50000000 13.16399956
v 24.99799919 14.77479935 10.76619053
v 24.99799919 15.08046436 11.36566448
v 24.99799919 13.45916462 10.98728275
v 24.99799919 13.51120090 10.76619053
v 24.99799919 14.62706947 10.60958290
v 24.99799919 13.60420704 10.60958290
v 24.99799919 13.31278038 11.60563946
v 24.99799919 13.85781765 10.23999977
v 24.99799919 13.36767006 11.98463440
v 24.99799919 13.31310368 11.60787392
v 24.99799919 15.22480392 11.60563946
v 24.99799919 13.39429283 12.24544811
v 24.99799919 15.27143097 11.86608791
v 24.99799919 15.35549641 12.18536091
v 24.99799919 15.34458160 12.27468872
v 96.54799652 -13.57100010 12.67000008
v 24.99799919 14.03583908 9.98057365
v 24.99799919 10.77479935 10.76619053
v 24.99799919 11.08046436 11.36566448
v 24.99799919 9.45916462 10.98728275
v 24.99799919 9.60420704 10.60958290
v 24.99799919 10.62706947 10.60958290
v 24.99799919 9.51120090 10.76619053
v 24.99799919 9.85781765 10.23999977
v 24.99799919 9.31278038 11.60563946
v 24.99799919 9.31310368 11.60787392
v 24.99799919 9.36767006 11.98463440
v 24.99799919 11.22480392 11.60563946
v 24.99799919 11.23669529 11.67206573
v 24.99799919 11.35499954 12.24544811
v 24.99799919 11.34324074 12.50986862
v 97.53700256 -15.57100010 12.52099991
v 24.99799919 10.23999977 10.19777966
v 24.99799919 10.03583908 9.98057365
v 32.29700089 15.85700035 15.06099987
v 31.56299973 13.85700035 14.38099957
v 31.53300095 15.71399975 15.71899986
v 30.21199989 7.10699987 8.72399998
v 29.83300018 5.21400023 7.57800007
v 30.55999947 5.10699987 7.78800011
v 96.50099945 -13.64299965 12.16800022
v 97.53299713 -11.75000000 11.54300022
v 29.71100044 13.46399975 15.42099953
v 29.16600037 15.35700035 16.49699974
v 24.99799919 -5.72899103 10.18784904
v 24.99799919 -5.96296787 9.95435429
v 24.99799919 -5.96854830 9.94878483
v 99.54100037 7.60699987 8.82299995
v 100.28399658 7.46400023 8.57900047
v 101.16699982 -0.64300001 16.49699974
v 98.87000275 7.75000000 9.22700024
v 26.43000031 -8.14299965 9.61900043
v 101.66999817 -0.57099998 16.45000076
v 31.10000038 15.64299965 15.97900009
v 30.64200020 15.57100010 16.18899918
v 27.35199928 -6.42899990 7.81099987
v 24.99799919 5.11973476 16.61975861
v 24.99799919 7.16406012 13.19241428
v 24.99799919 7.18990088 13.13960266
v 24.99799919 7.25981998 12.82764053
v 24.99799919 7.34324121 12.50986862
v 24.99799919 7.27143097 11.86608791
v 97.58699799 14.78600025 14.93500042
v 98.22599792 12.75000000 14.12699986
v 97.01899719 14.64299965 14.10200024
v 102.64299774 -4.42899990 16.18899918
v 102.16400146 -4.50000000 16.34700012
v 103.10199738 -4.35699987 15.97900009
v 103.53399658 -4.28599977 15.71899986
v 31.98999977 6.67799997 10.19699955
v 32.97600174 8.64299965 9.89799976
v 31.64999962 6.78599977 9.71700001
v 31.24699974 5.00000000 8.10299969
v 30.74699974 7.00000000 8.96899986
v 98.55699921 16.61199951 14.67700005
v 31.12500000 13.75000000 14.77299976
v 24.99799919 3.27143073 11.86608791
v 31.92099953 13.96399975 13.91499996
v 24.99799919 6.77479935 10.76619053
v 24.99799919 7.08046436 11.36566448
v 24.99799919 5.45916510 10.98728275
v 24.99799919 5.51120090 10.76619053
v 24.99799919 6.62706947 10.60958290
v 24.99799919 5.60420752 10.60958290
v 24.99799919 5.31310368 11.60787392
v 24.99799919 5.31277990 11.60563946
v 24.99799919 5.85781813 10.23999977
v 24.99799919 5.36766958 11.98463440
v 24.99799919 7.22480345 11.60563946
v 24.99799919 7.23669577 11.67206573
v 24.99799919 5.39429283 12.24544811
v 30.45499992 13.60700035 15.17700005
v 24.99799919 6.14400005 10.09564590
v 24.99799919 6.03583860 9.98057365
v 24.99799919 1.31278002 11.60563946
v 24.99799919 3.08046460 11.36566448
v 24.99799919 2.77479911 10.76619053
v 24.99799919 1.45916510 10.98728275
v 24.99799919 1.56997430 10.65281105
v 24.99799919 2.62706947 10.60958290
v 24.99799919 1.51120079 10.76619053
v 24.99799919 2.04800010 9.99351120
v 24.99799919 1.36766970 11.98463440
v 24.99799919 1.39429271 12.24544811
v 24.99799919 3.22480345 11.60563946
v 24.99799919 2.03583860 9.98057365
v 97.90399933 12.64299965 13.63500023
v 96.80899811 14.57100010 13.64400005
v 24.99799919 8.19200039 7.37883902
v 30.55999947 -2.89299989 7.78800011
v 30.21199989 -0.89300001 8.72399998
v 24.99799919 -1.13532305 7.37921715
v 24.99799919 -0.56200492 16.61975861
v 24.99799919 -0.35796541 16.61974907
v 24.99799919 -0.35454813 16.61974907
v 29.06200027 -0.67900002 8.50599957
v 28.82799911 -2.64299989 7.50299978
v 29.64699936 -0.78600001 8.56099987
v 28.32600021 -2.57100010 7.55000019
v 24.99799919 -16.38400078 16.61932373
v 24.99799919 -4.09600019 16.61969185
v 97.61699677 12.50000000 12.90600014
v 24.99799919 -0.77519649 11.60563946
v 24.99799919 -0.72856921 11.86608791
v 96.59899902 14.46399975 12.91699982
v 97.51899719 12.39299965 12.32600021
v 24.99799919 -0.91953546 11.36566448
v 96.50099945 -9.64299965 12.16800022
v 97.15000153 10.67800045 14.31900024
v 96.51000214 -9.71399975 11.66300011
v 96.69699860 -9.85700035 10.67300034
v 96.57599640 -9.78600025 11.16300011
v 97.72100067 -11.89299965 10.78400040
v 102.45600128 -6.39300013 15.17700005
v 98.07399750 -12.03600025 10.08500004
v 97.09999847 -10.00000000 9.74899960
v 24.99799919 -4.09600019 7.37907124
v 24.99799919 -4.10401726 7.37907076
v 24.99799919 -5.36698532 7.37879419
v 24.99799919 -12.18630505 7.37877464
v 103.12599945 -6.25000000 14.77299976
v 24.99799919 -5.14455700 16.61967087
v 24.99799919 -12.65959549 16.61935806
v 32.40800095 4.78599977 9.06499958
v 31.64999962 2.78600001 9.71700001
v 97.69899750 -10.14299965 8.93900013
v 98.43199921 -8.14299965 9.61900043
v 31.86400032 4.89300013 8.53999996
v 96.80899811 10.57100010 13.64400005
v 96.65100098 10.50000000 13.16399956
v 31.22699928 6.89300013 9.30900002
v 97.50000000 -15.64299965 12.13000011
v 96.50099945 -17.64299965 12.16800022
v 94.99800110 16.14399910 15.46399975
v 96.02700043 -17.16600037 16.05800056
v 96.47699738 -17.49500084 16.31800079
v 104.62000275 -8.07100010 14.67300034
v 99.05999756 -17.75200081 17.80900002
v 99.47499847 -17.52300072 18.04899979
v 100.46499634 -16.71800041 18.62000084
v 100.88300323 -16.26799965 18.86199951
v 105.00299835 -7.96326494 14.00668335
v 105.00299835 -7.23566103 13.23535252
v 105.00299835 -7.38094473 13.38936710
v 105.00299835 -6.80237722 12.42300510
v 105.00299835 -6.78479576 12.39377403
v 103.69000244 -6.10699987 14.22999954
v 104.89700317 -8.00000000 14.25100040
v 104.34400177 -5.85699987 13.03199959
v 24.99799919 -9.90102577 13.48940277
v 24.99799919 -10.16550350 13.13960266
v 24.99799919 -8.81009960 13.13960266
v 24.99799919 -8.94704914 13.41949463
v 24.99799919 -8.99760342 13.52281380
v 24.99799919 -9.87576389 13.52281380
v 24.99799919 -9.73115063 13.66939259
v 24.99799919 -10.32753086 12.83865070
v 24.99799919 -8.65373898 12.44196320
v 24.99799919 -8.65675926 12.50986862
v 24.99799919 -10.51875687 12.50986862
v 24.99799919 -10.58301258 12.31446362
v 24.99799919 -10.54106522 12.44202805
v 105.00299835 -7.96238708 14.00796318
v 24.99799919 -9.36382484 14.05858803
v 24.99799919 -9.36505508 14.05728436
v 25.53199959 4.25000000 11.54300022
v 24.99799919 -14.01616287 13.29491711
v 24.99799919 -14.16550350 13.13960266
v 24.99799919 -12.74018002 12.82764053
v 24.99799919 -13.36477184 14.05102158
v 24.99799919 -12.81009960 13.13960266
v 24.99799919 -14.19138908 13.09152317
v 24.99799919 -14.32753086 12.83865070
v 24.99799919 -12.65675926 12.50986862
v 24.99799919 -12.64689255 12.28800011
v 24.99799919 -12.65373898 12.44196320
v 24.99799919 -14.48505497 12.60190296
v 24.99799919 -14.57164097 12.33802605
v 24.99799919 -14.53197384 12.45891476
v 25.65200043 4.14300013 10.96800041
v 29.83300018 -2.78600001 7.57800007
v 24.99799919 -10.63232994 11.98463440
v 24.99799919 -10.60570717 12.24544811
v 24.99799919 -10.59171486 12.28800011
v 25.87700081 4.03599977 10.42500019
v 104.46399689 -5.75000000 12.45699978
v 105.00299835 -4.47784185 13.23618889
v 97.36499786 -17.91099930 16.82999992
v 97.93699646 10.85700035 15.29899979
v 97.58699799 10.78600025 14.93500042
v 96.57599640 -13.78600025 11.16300011
v 96.69699860 -13.85700035 10.67300034
v 97.53299713 -15.75000000 11.54300022
v 97.72100067 -15.89299965 10.78400040
v 105.00299835 -4.47833872 13.23535252
v 25.53199959 8.25000000 11.54300022
v 105.00299835 -4.52951336 13.01792145
v 25.65200043 8.14299965 10.96800041
v 105.00299835 -4.67726898 12.39377403
v 25.87700081 8.03600025 10.42500019
v 104.47799683 -5.60699987 11.67399979
v 27.83099937 9.50000000 7.65299988
v 29.64699936 -4.78599977 8.56099987
v 96.54799652 10.42899990 12.67000008
v 29.06200027 -4.67899990 8.50599957
v 96.27200317 -17.34499931 7.79899979
v 95.53099823 -16.71800041 8.22700024
v 32.29700089 11.85700035 15.06099987
v 98.00499725 8.67800045 13.80300045
v 30.64200020 11.57100010 16.18899918
v 97.09999847 -14.00000000 9.74899960
v 96.87300110 -13.92899990 10.19999981
v 28.93199921 13.32199955 15.49400043
v 31.53300095 11.71399975 15.71899986
v 98.07399750 -16.03599930 10.08500004
v 98.62599945 17.91200066 6.44000006
v 99.48799896 17.51499939 5.94299984
v 27.53899956 7.60699987 8.82299995
v 105.00299835 -17.33690643 16.61786079
v 105.00299835 -17.76890564 16.61781693
v 98.74800110 -5.00000000 15.89700031
v 99.43599701 -4.89300013 16.21199989
v 100.16200256 -4.78599977 16.42200089
v 105.00299835 -17.77009964 16.61706924
v 101.16699982 -4.64300013 16.49699974
v 105.00299835 -17.77227974 16.61570549
v 104.20800018 -17.98999977 17.07600021
v 103.79000092 -17.98999977 17.31800079
v 115.00000000 243.00000000 20.00000000
v 105.00299835 86.31199646 20.00000000
v 105.00299835 236.31700134 20.00000000
v 26.89299965 9.64299965 8.02099991
v 26.86899948 7.75000000 9.22700024
v 28.28300095 -4.53599977 8.57900047
v 27.35199928 9.57100010 7.81099987
v 97.67900085 8.53600025 13.09200001
v 97.51899719 8.39299965 12.32600021
v 98.76899719 -7.10699987 14.69099998
v 99.24800110 -7.00000000 15.03100014
v 28.28300095 -0.53600001 8.57900047
v 24.99799919 -16.80900192 13.13594913
v 27.83099937 -2.50000000 7.65299988
v 99.78299713 -6.89300013 15.27600002
v -2.00000000 243.00000000 10.00000000
v -0.45500001 243.00000000 9.75500011
v 0.93900001 243.00000000 9.04500008
v 2.04500008 243.00000000 7.93900013
v -3.54500008 243.00000000 9.75500011
v -4.93900013 243.00000000 9.04500008
v 0.93900001 243.00000000 0.95499998
v 2.04500008 243.00000000 2.06100011
v 2.75500011 243.00000000 3.45499992
v 2.75500011 243.00000000 6.54500008
v -0.45500001 243.00000000 0.24500000
v -6.04500008 243.00000000 7.93900013
v -6.75500011 243.00000000 6.54500008
v -6.75500011 243.00000000 3.45499992
v -6.04500008 243.00000000 2.06100011
v 97.50700378 16.37000084 12.20300007
v 97.53299713 16.25000000 11.54300022
v 97.18699646 16.96599960 11.96700001
v 100.93299866 -6.67899990 15.49400043
v -4.93900013 243.00000000 0.95499998
v -3.54500008 243.00000000 0.24500000
v 102.00099945 -17.14100075 18.35000038
v 97.58799744 16.43899918 12.91300011
v 97.65299988 16.14299965 10.96800041
v 96.51000214 14.28600025 11.66300011
v 98.13200378 -5.10699987 15.46000004
v 101.71299744 -6.53599977 15.42099953
v 105.00299835 17.92295647 7.48035145
v 105.00299835 18.00000000 7.53833103
v 105.00299835 18.00000000 10.25956345
v 105.00299835 17.95003891 10.31639576
v 105.00299835 17.71940231 10.69638729
v 105.00299835 17.50500298 11.11947250
v 105.00299835 17.45249939 12.70411968
v 105.00299835 17.51644707 12.91565800
v 105.00299835 18.00000000 13.76080132
v 105.00299835 18.00000000 16.41404915
v 105.00299835 17.80498314 16.57648849
v 105.00299835 17.74946404 16.61707306
v 103.78800201 18.00000000 17.31299973
v 102.61799622 18.00000000 16.06900024
v 102.43499756 18.00000000 17.82600021
v 103.48300171 18.00000000 15.60700035
v 104.69200134 18.00000000 16.71299934
v 102.15299988 18.00000000 16.22500038
v 101.72200012 18.00000000 17.95199966
v 96.50099945 14.35700035 12.16800022
v 100.51599884 18.00000000 17.98100090
v 100.99900055 18.00000000 18.00000000
v 100.44899750 18.00000000 16.33799934
v 101.42800140 18.00000000 16.35099983
v 99.80000305 18.00000000 17.87400055
v 99.26599884 18.00000000 16.02199936
v 98.87300110 18.00000000 17.60600090
v 32.34199905 14.14299965 13.03199959
v 104.22399902 18.00000000 14.96399975
v 32.20600128 14.07100010 13.39999962
v 99.50399780 -17.50699997 18.06500053
v 98.20800018 -17.98999977 17.31699944
v 97.39399719 18.00000000 16.79700089
v 98.20999908 18.00000000 17.31299973
v 98.39700317 18.00000000 15.52400017
v 104.60500336 18.00000000 9.51599979
v 29.83300018 -6.78599977 7.57800007
v 28.82799911 -6.64300013 7.50299978
v 97.53299713 12.25000000 11.54300022
v 96.69699860 14.14299965 10.67300034
v 97.87799835 16.03599930 10.42500019
v 95.80100250 18.00000000 8.99899960
v 95.99900055 17.14100075 7.95699978
v 105.00299835 -2.82067323 10.86002350
v 105.00299835 -2.96297193 10.57118225
v 105.00299835 -4.15530348 10.86002350
v 105.00299835 -3.86172986 10.47337914
v 105.00299835 -3.01115513 10.47337914
v 105.00299835 -3.72165895 10.33140564
v 105.00299835 -2.65700006 11.75548363
v 105.00299835 -2.73868895 12.13057041
v 105.00299835 -4.50617599 11.48800659
v 97.09999847 14.00000000 9.74899960
v 98.30699921 15.89299965 9.77000046
v 97.37699890 17.92900085 9.32699966
v 98.06199646 17.78599930 8.58899975
v 97.37699890 13.92899990 9.32699966
v 97.87799835 12.03600025 10.42500019
v 105.00299835 -0.50617611 11.48800659
v 105.00299835 -0.62203962 12.01897049
v 104.20500183 18.00000000 6.92899990
v 103.37599945 18.00000000 8.33100033
v 104.97699738 18.00000000 7.50899982
v 102.66600037 18.00000000 6.24100018
v 102.26899719 18.00000000 7.80900002
v 103.56800079 18.00000000 6.58400011
v 104.13300323 18.00000000 8.95199966
v 105.00299835 -3.16995811 10.23999977
v 105.00299835 -3.63575244 10.23999977
v 101.30500031 18.00000000 7.63100004
v 100.81300354 18.00000000 7.62400007
v 100.51499939 18.00000000 6.01900005
v 98.64600372 18.00000000 6.48000002
v 99.84400177 18.00000000 7.77500010
v 99.56199646 18.00000000 6.17399979
v 105.00299835 1.21520436 12.39377403
v 105.00299835 0.90446597 12.97523880
v 105.00299835 1.10328734 12.67102337
v 105.00299835 1.13523996 12.59186745
v 105.00299835 -0.59413165 11.75548363
v 97.79000092 18.00000000 6.92799997
v 99.36000061 18.00000000 7.93900013
v 105.00299835 -0.53076601 11.56278515
v 98.51399994 18.00000000 8.39299965
v 102.97200012 -17.30800056 15.48400021
v 103.67400360 -17.23999977 14.93000031
v 97.39199829 18.00000000 14.48400021
v 97.13600159 18.00000000 14.06400013
v 95.80200195 18.00000000 15.00000000
v 97.86399841 18.00000000 15.04800034
v 96.34999847 18.00000000 15.79399967
v 98.71499634 15.78600025 9.34700012
v 97.65299988 12.14299965 10.96800041
v 96.51000214 10.28600025 11.66300011
v 96.50099945 10.35700035 12.16800022
v 104.22799683 -17.17099953 14.23900032
v 96.69699860 10.14299965 10.67300034
v 103.22799683 -1.10699999 9.30900002
v 103.65200043 -1.21399999 9.71700001
v 96.75099945 18.00000000 12.99800014
v 95.23400116 18.00000000 13.66899967
v 105.00299835 -17.53087234 12.96868134
v 105.00299835 -17.66335869 13.28758621
v 95.04100037 18.00000000 12.72299957
v 95.11799622 18.00000000 10.79899979
v 96.76300049 18.00000000 10.70899963
v 95.23400116 18.00000000 10.32999992
v 95.00199890 18.00000000 11.75800037
v 96.62200165 18.00000000 12.18400002
v 96.62999725 18.00000000 11.67199993
v 33.29800034 12.14299965 13.32699966
v 28.32600021 -6.57100010 7.55000019
v 95.38700104 18.00000000 9.87199974
v 33.12200165 12.07100010 13.80000019
v 27.83099937 -6.50000000 7.65299988
v 97.01799774 18.00000000 7.50799990
v 98.27200317 18.00000000 8.57900047
v 97.09999847 18.00000000 9.74899960
v 97.77400208 18.00000000 8.96899986
v 96.34899902 18.00000000 8.20499992
v 32.89500046 12.00000000 14.25100040
v 105.00299835 16.38400078 16.61738014
v 105.00299835 12.58765793 16.61747169
v 105.00299835 8.27935982 16.61769295
v 105.00299835 8.22885990 16.61769485
v 105.00299835 8.19200039 16.61769676
v 105.00299835 5.09138870 16.61778450
v 105.00299835 17.74909019 16.61734581
v 102.74800110 -1.00000000 8.96899986
v 102.21399689 -0.89300001 8.72399998
v 28.34600067 13.21399975 15.43900013
v 27.19700050 15.07100010 16.12500000
v 104.63300323 17.91099930 16.83099937
v 104.68399811 -17.08600044 13.24400043
v 104.20899963 17.98999977 17.07600021
v 105.00299835 -3.36698341 9.95402622
v 105.00299835 -3.36557150 9.95252419
v 104.80599976 -17.03400040 12.60400009
v 104.97799683 -3.35700011 9.89799976
v 104.41000366 -3.21399999 9.06499958
v 103.37100220 17.91200066 17.55999947
v 103.79000092 17.98999977 17.31800079
v 105.00299835 -16.65214920 12.52676201
v 105.00299835 -16.44955444 13.28698254
v 105.00299835 -16.60644150 11.91358948
v 103.24800110 -3.00000000 8.10299969
v 103.86499786 -3.10700011 8.53999996
v 26.30500031 7.89300013 9.77000046
v 25.69700050 5.85699987 8.93900013
v 105.00299835 -16.63435173 12.28800011
v 26.46100044 5.71400023 8.28100014
v 101.08300018 -17.45899963 16.09300041
v 26.53599930 14.96399975 15.75899982
v 102.56099701 -2.89299989 7.78800011
v 102.15799713 -17.37700081 15.87100029
v 25.93600082 14.85700035 15.29899979
v 26.89299965 5.64300013 8.02099991
v 25.58600044 14.78600025 14.93500042
v 101.66999817 -16.57099915 16.45000076
v 25.09900093 6.00000000 9.74899960
v 102.05300140 17.18400002 18.31999969
v 101.16699982 -16.64299965 16.49699974
v 100.41200256 -16.75000000 16.45499992
v 25.01799965 14.64299965 14.10200024
v 25.37500000 5.92899990 9.32699966
v 103.99199677 -5.32100010 10.19699955
v 27.78100014 13.10700035 15.27600002
v 27.24699974 13.00000000 15.03100014
v 98.53199768 -17.65600014 15.39900017
v 99.11000061 -17.60899925 15.71800041
v 26.76700020 12.89299965 14.69099998
v 97.09999847 10.00000000 9.74899960
v 97.37000275 17.91200066 16.83300018
v 97.37699890 9.92899990 9.32699966
v 100.27400208 -17.51899910 16.05900002
v 99.81600189 -17.55299950 15.97000027
v 103.42199707 17.04500008 14.99199963
v 103.91400146 17.09600067 14.56599998
v 102.67900085 16.97599983 15.42300034
v 98.32599640 -17.07099915 15.62100029
v 97.93699646 -17.14299965 15.29899979
v 101.83499908 -2.78600001 7.57800007
v 101.86599731 16.90800095 15.67500019
v 98.97399902 -16.96400070 16.01099968
v 105.00299835 17.91176414 13.62923527
v 105.00299835 17.97961426 13.74282646
v 105.00299835 17.96896362 13.73095322
v 104.86799622 17.25000000 12.85099983
v 99.67199707 -16.85700035 16.29999924
v 105.00299835 17.18585396 12.31891251
v 33.18600082 0.57099998 10.35599995
v 33.34400177 0.50000000 10.83600044
v 104.54599762 17.18099976 13.67899990
v 105.00299835 17.05075455 12.70728874
v 33.44699860 0.42899999 11.32999992
v 104.25900269 17.13699913 14.14900017
v 105.00299835 17.03975677 12.73890018
v 105.00299835 15.32306099 12.39153290
v 105.00299835 16.91698837 12.97490120
v 105.00299835 16.90406227 12.99975014
v 105.00299835 16.55186653 13.46565247
v 105.00299835 16.38400078 13.64267826
v 105.00299835 15.32273102 12.39377403
v 105.00299835 15.47048664 13.01792145
v 105.00299835 15.52166080 13.23535252
v 105.00299835 -17.48176956 11.15197086
v 105.00299835 -17.34287834 11.60522461
v 105.00299835 -17.57438850 10.89358616
v 104.89700317 16.00000000 14.25100040
v 105.00299835 16.03761292 14.00796318
v 104.80799866 -16.96599960 11.74300003
v 105.00299835 -16.63346481 12.27610111
v 104.62000275 -16.89800072 10.91199970
v 101.19599915 16.85300064 15.74400043
v 29.16600037 11.35700035 16.49699974
v 28.16099930 11.21399975 16.42200089
v 100.67500305 16.81100082 15.71300030
v 104.34300232 -16.84300041 10.29599953
v 97.69899750 9.85700035 8.93900013
v 98.06199646 9.78600025 8.58899975
v 103.92099762 -16.78300095 9.70300007
v 97.78800201 17.98999977 6.92399979
v 30.74699974 3.00000000 8.96899986
v 31.22699928 2.89299989 9.30900002
v 30.21199989 3.10700011 8.72399998
v 96.92900085 17.74799919 7.42000008
v 100.06900024 16.76000023 15.57499981
v 26.22400093 12.75000000 14.12699986
v 25.90200043 12.64299965 13.63500023
v 30.55999947 1.10699999 7.78800011
v 29.66799927 -8.57100010 16.45000076
v 29.16600037 -8.64299965 16.49699974
v 25.61599922 12.50000000 12.90600014
v 101.64900208 -0.78600001 8.56099987
v 105.00299835 2.59665370 16.61785698
v 98.87000275 -0.25000000 9.22700024
v 98.46299744 -2.28600001 8.28100014
v 99.54100037 -0.39300001 8.82299995
v 96.05200195 17.18400002 16.07200050
v 25.51700020 12.39299965 12.32600021
v 99.34899902 16.69499969 15.27000046
v 100.28399658 -0.53600001 8.57900047
v 98.80999756 16.64100075 14.90400028
v 100.16200256 15.21399975 16.42200089
v 104.29799652 7.85699987 15.06099987
v 103.53399658 7.71400023 15.71899986
v 103.10199738 7.64300013 15.97900009
v 102.64299774 7.57100010 16.18899918
v 103.56500244 5.85699987 14.38099957
v 103.12599945 5.75000000 14.77299976
v 102.45600128 5.60699987 15.17700005
v 31.10000038 11.64299965 15.97900009
v 30.45499992 9.60700035 15.17700005
v 30.16200066 11.50000000 16.34700012
v 32.40800095 0.78600001 9.06499958
v 102.09899902 -16.60199928 8.54300022
v 29.83300018 1.21399999 7.57800007
v 105.00299835 17.92940521 10.33398151
v 105.00299835 17.33141899 11.95631027
v 105.00299835 17.33001328 11.97348213
v 104.92600250 17.38699913 11.06999969
v 31.24699974 1.00000000 8.10299969
v 104.58000183 17.46999931 10.02799988
v 104.99700165 17.31900024 11.96800041
v 105.00299835 17.14718246 10.86015987
v 105.00299835 17.24595642 11.10827923
v 105.00299835 17.29178810 11.74546909
v 105.00299835 16.84454346 10.25619698
v 105.00299835 16.83333778 10.23999977
v 104.41100311 17.49500084 9.72799969
v 29.71100044 9.46399975 15.42099953
v 29.66799927 11.42899990 16.45000076
v 105.00299835 -6.75195980 11.16714478
v 105.00299835 -7.01115513 10.47337914
v 105.00299835 -6.96297169 10.57118225
v 105.00299835 -7.88964796 10.51014805
v 105.00299835 -6.82067299 10.86002350
v 105.00299835 -8.15530396 10.86002350
v 105.00299835 -6.65700006 11.75548363
v 105.00299835 -6.66889477 11.48800659
v 33.48500061 -11.71399975 12.33699989
v 32.46200180 -13.75000000 12.45699978
v 33.29800034 -11.85700035 13.32699966
v 104.97799683 16.64299965 9.89799976
v 104.56300354 16.75000000 9.26500034
v 104.31800079 -5.46400023 10.90799999
v 103.84200287 17.56299973 8.99499989
v 103.27100372 17.61899948 8.51000023
v 103.45999908 16.96400070 8.24100018
v 26.18000031 3.92899990 9.92099953
v 105.00299835 -7.16995811 10.23999977
v 104.05899811 16.85700035 8.70100021
v 104.97799683 -7.35699987 9.89799976
v 32.89500046 -16.00000000 14.25100040
v 31.12500000 9.75000000 14.77299976
v 31.56299973 9.85700035 14.38099957
v 99.83300018 17.50000000 7.65299988
v 105.00299835 17.27635384 7.38309383
v 33.18600082 -11.42899990 10.35599995
v 33.34400177 -11.50000000 10.83600044
v 32.31700134 -9.46399975 10.90799999
v 105.00299835 17.76792336 7.38315153
v 105.00299835 17.76971436 7.38427401
v 104.20800018 17.98999977 6.92500019
v 105.00299835 17.92231369 7.47986746
v 105.00299835 17.77158165 7.38544416
v 103.36499786 17.91099930 6.43800020
v 25.09900093 2.00000000 9.74899960
v 32.47700119 -13.60700035 11.67399979
v 33.49499893 -11.64299965 11.83199978
v 33.44699860 -11.57100010 11.32999992
v 102.47699738 17.49500084 5.92600012
v 102.70700073 17.66699982 8.17000008
v 103.65200043 -5.21400023 9.71700001
v 100.62300110 17.82200050 7.74300003
v 99.34400177 -16.43700027 8.86999989
v 101.57900238 17.75300026 7.80499983
v 100.08300018 -16.42900085 8.58500004
v 103.22799683 -5.10699987 9.30900002
v 102.74800110 -5.00000000 8.96899986
v 105.00299835 -7.36698341 9.95402622
v 105.00299835 -7.36557150 9.95252419
v 104.41000366 -7.21400023 9.06499958
v 103.24800110 -7.00000000 8.10299969
v 103.86499786 -7.10699987 8.53999996
v 102.02700043 17.16600037 5.66599989
v 27.53899956 3.60700011 8.82299995
v 27.35199928 1.57099998 7.81099987
v 28.28300095 3.46399999 8.57900047
v 28.32600021 1.42900002 7.55000019
v 29.06200027 3.32200003 8.50599957
v 26.43000031 3.85700011 9.61900043
v 105.00299835 -17.76831245 7.38529110
v 102.50700378 -17.51499939 5.94299984
v 26.86899948 3.75000000 9.22700024
v 105.00299835 -17.80622292 7.40598202
v 100.11699677 -17.03000069 5.57999992
v 105.00299835 7.32273102 12.39377403
v 105.00299835 7.35616112 12.67102337
v 105.00299835 7.79108953 13.71676826
v 104.46399689 6.25000000 12.45699978
v 102.05200195 -17.18400002 5.67999983
v 104.27500153 6.10699987 13.21599960
v 105.00299835 8.02839375 14.03403664
v 105.00299835 8.03885937 14.03468895
v 104.89700317 8.00000000 14.25100040
v 27.83099937 5.50000000 7.65299988
v 27.35199928 5.57100010 7.81099987
v 98.55100250 17.97599983 8.38399982
v 31.92099953 9.96399975 13.91499996
v 99.20800018 17.92499924 8.05700016
v 99.90299988 17.87299919 7.83300018
v 97.80599976 -17.72500038 14.78600025
v 97.23000336 -17.79400063 14.02000046
v 26.89299965 1.64300001 8.02099991
v 105.00299835 8.03315449 14.04040051
v 33.49499893 -15.64299965 11.83199978
v 33.44699860 -15.57100010 11.32999992
v 33.34400177 -15.50000000 10.83600044
v 28.82799911 1.35699999 7.50299978
v 33.18600082 -15.42899990 10.35599995
v 27.83099937 1.50000000 7.65299988
v 94.99800110 17.25699997 14.10999966
v 98.13500214 16.55599976 14.15799999
v 94.99700165 17.74799919 13.23299980
v 94.99700165 17.91099930 12.73099995
v 32.46200180 10.25000000 12.45699978
v 32.27399826 10.10700035 13.21599960
v 103.92299652 5.96400023 13.91499996
v 29.06200027 7.32200003 8.50599957
v 105.00299835 4.71208096 13.29483700
v 105.00299835 4.36117220 13.71676826
v 29.83300018 9.21399975 7.57800007
v 29.64699936 7.21400023 8.56099987
v 30.55999947 9.10700035 7.78800011
v 105.00299835 4.90446615 12.97523880
v 105.00299835 5.10328722 12.67102337
v 105.00299835 3.34876800 12.60970974
v 105.00299835 3.35616088 12.67102337
v 105.00299835 4.26171875 13.81158638
v 105.00299835 4.09600019 13.97748661
v 105.00299835 4.04923582 14.02430153
v 104.89700317 4.00000000 14.25100040
v 104.29799652 3.85700011 15.06099987
v 102.16400146 7.50000000 16.34700012
v 101.71299744 5.46400023 15.42099953
v 101.66999817 7.42899990 16.45000076
v 101.16699982 7.35699987 16.49699974
v 100.93299866 5.32200003 15.49400043
v 100.34799957 5.21400023 15.43900013
v 99.43599701 7.10699987 16.21199989
v 29.64699936 3.21399999 8.56099987
v 98.74800110 7.00000000 15.89700031
v 99.24800110 5.00000000 15.03100014
v 101.64900208 -4.78599977 8.56099987
v 102.21399689 -4.89300013 8.72399998
v 100.93299866 9.32199955 15.49400043
v 28.82799911 5.35699987 7.50299978
v 97.68800354 16.47100067 13.27000046
v 96.68299866 -17.91399956 12.42099953
v 96.83699799 -17.86300087 13.13599968
v 28.32600021 5.42899990 7.55000019
v 31.10000038 -8.35700035 15.97900009
v 102.64299774 3.57100010 16.18899918
v 96.65100098 -17.50000000 13.16399956
v 99.78299713 5.10699987 15.27600002
v 97.01899719 -17.35700035 14.10200024
v 31.12500000 -10.25000000 14.77299976
v 98.87000275 -4.25000000 9.22700024
v 98.46299744 -6.28599977 8.28100014
v 99.54100037 -4.39300013 8.82299995
v 99.35399628 -2.42899990 7.81099987
v 98.89499664 -2.35700011 8.02099991
v 30.16200066 -8.50000000 16.34700012
v 99.83300018 -6.50000000 7.65299988
v 99.35399628 -6.42899990 7.81099987
v 31.10000038 -12.35700035 15.97900009
v 30.45499992 -10.39299965 15.17700005
v 31.53300095 -12.28600025 15.71899986
v 32.29700089 -12.14299965 15.06099987
v 98.89499664 -6.35699987 8.02099991
v 94.99700165 17.98999977 11.75800037
v 96.57599640 -17.78599930 11.16300011
v 96.63800049 -17.96599960 11.68700027
v 96.87300110 -17.92900085 10.19999981
v 30.64200020 -12.42899990 16.18899918
v 29.71100044 -10.53600025 15.42099953
v 105.00299835 -2.45320439 7.38372421
v 105.00299835 -2.58726931 7.38372135
v 29.16600037 -0.64300001 16.49699974
v 28.16099930 -0.78600001 16.42200089
v 28.93199921 -10.67899990 15.49400043
v 27.43400002 11.10700035 16.21199989
v 28.34600067 9.21399975 15.43900013
v 101.06300354 -0.67900002 8.50599957
v 100.32700348 -2.57100010 7.55000019
v 100.83000183 -2.64299989 7.50299978
v 29.66799927 -4.57100010 16.45000076
v 29.71100044 -2.53600001 15.42099953
v 31.68899918 -10.10700035 14.22999954
v 32.61899948 -12.07100010 14.67300034
v 26.74699974 11.00000000 15.89700031
v 32.89500046 -12.00000000 14.25100040
v 32.11700058 -9.96399975 13.57499981
v 25.93600082 10.85700035 15.29899979
v 32.34199905 -9.85700035 13.03199959
v 101.06300354 -4.67899990 8.50599957
v 100.28399658 -4.53599977 8.57900047
v 27.78100014 9.10700035 15.27600002
v 32.46200180 -9.75000000 12.45699978
v 27.24699974 9.00000000 15.03100014
v 99.83300018 -2.50000000 7.65299988
v 97.36900330 -17.91200066 7.16599989
v 26.76700020 8.89299965 14.69099998
v 32.11700058 -1.96399999 13.57499981
v 33.29800034 -3.85700011 13.32699966
v 33.48500061 -3.71399999 12.33699989
v 98.76899719 4.89300013 14.69099998
v 100.16200256 3.21399999 16.42200089
v 32.89500046 -8.00000000 14.25100040
v 32.11700058 -5.96400023 13.57499981
v 33.29800034 -7.85699987 13.32699966
v 100.83000183 -6.64300013 7.50299978
v 32.89500046 -4.00000000 14.25100040
v 100.32700348 -6.57100010 7.55000019
v 32.47700119 -5.60699987 11.67399979
v 103.10199738 3.64299989 15.97900009
v 102.45600128 1.60699999 15.17700005
v 26.12999916 -9.10700035 15.46000004
v 25.58600044 -9.21399975 14.93500042
v 101.83499908 -6.78599977 7.57800007
v 26.74699974 -9.00000000 15.89700031
v 27.43400002 -8.89299965 16.21199989
v 28.16099930 -8.78600025 16.42200089
v 101.66999817 15.42899990 16.45000076
v 102.16400146 15.50000000 16.34700012
v 33.49499893 -3.64299989 11.83199978
v 32.47700119 -1.60699999 11.67399979
v 33.44699860 -3.57100010 11.32999992
v 103.93499756 3.78600001 15.41100025
v 33.34400177 -3.50000000 10.83600044
v 103.53399658 3.71399999 15.71899986
v 33.18600082 -3.42899990 10.35599995
v 103.12599945 1.75000000 14.77299976
v 103.69000244 1.89300001 14.22999954
v 33.49499893 -7.64300013 11.83199978
v 97.58699799 -1.21399999 14.93500042
v 98.34500122 -3.21399999 14.28299999
v 101.16699982 15.35700035 16.49699974
v 25.58600044 10.78600025 14.93500042
v 26.34399986 8.78600025 14.28299999
v 105.00299835 3.47048688 13.01792145
v 105.00299835 3.55190754 13.29098320
v 105.00299835 3.55305648 13.29483700
v 104.46399689 2.25000000 12.45699978
v 104.27500153 2.10700011 13.21599960
v 96.54799652 -1.57099998 12.67000008
v 33.44699860 -7.57100010 11.32999992
v 33.34400177 -7.50000000 10.83600044
v 33.18600082 -7.42899990 10.35599995
v 97.67900085 -3.46399999 13.09200001
v 97.51899719 -3.60700011 12.32600021
v 25.14800072 10.67800045 14.31900024
v 26.00300026 8.67800045 13.80300045
v 98.00499725 -3.32100010 13.80300045
v 30.45499992 -2.39299989 15.17700005
v 31.12500000 -2.25000000 14.77299976
v 31.68899918 -2.10700011 14.22999954
v 98.34500122 -7.21400023 14.28299999
v 105.00299835 3.79108953 13.71676826
v 105.00299835 3.98559713 13.97681904
v 97.58699799 -5.21400023 14.93500042
v 29.66799927 -0.57099998 16.45000076
v 27.24699974 -11.00000000 15.03100014
v 26.76700020 -11.10700035 14.69099998
v 25.67700005 8.53600025 13.09200001
v 96.54799652 -5.57100010 12.67000008
v 96.50099945 -5.64300013 12.16800022
v 96.65100098 -5.50000000 13.16399956
v 96.80899811 -5.42899990 13.64400005
v 97.01899719 -5.35699987 14.10200024
v 105.00299835 4.02839375 14.03403664
v 28.93199921 -2.67899990 15.49400043
v 97.67900085 -7.46400023 13.09200001
v 32.31700134 14.53600025 10.90799999
v 104.02999878 2.00000000 13.75000000
v 105.00299835 4.03315401 14.04040051
v 30.74699974 15.00000000 8.96899986
v 31.22699928 14.89299965 9.30900002
v 97.53299713 -3.75000000 11.54300022
v 31.64999962 14.78600025 9.71700001
v 96.51000214 -1.71399999 11.66300011
v 96.50099945 -1.64300001 12.16800022
v 103.53399658 15.71399975 15.71899986
v 103.56500244 13.85700035 14.38099957
v 103.12599945 13.75000000 14.77299976
v 104.29799652 15.85700035 15.06099987
v 103.10199738 15.64299965 15.97900009
v 102.45600128 13.60700035 15.17700005
v 31.98999977 14.67800045 10.19699955
v 32.61899948 -4.07100010 14.67300034
v 102.64299774 15.57100010 16.18899918
v 105.00299835 0.71208096 13.29483700
v 105.00299835 0.01403955 13.97360992
v 28.34600067 -10.78600025 15.43900013
v 27.78100014 -10.89299965 15.27600002
v 25.51700020 -11.60700035 12.32600021
v 105.00299835 15.57997704 13.34683609
v 25.67700005 -11.46399975 13.09200001
v 30.21199989 15.10700035 8.72399998
v 104.34400177 14.14299965 13.03199959
v 101.66999817 3.42899990 16.45000076
v 102.16400146 3.50000000 16.34700012
v 101.71299744 1.46399999 15.42099953
v 101.16699982 3.35700011 16.49699974
v 104.20700073 14.07100010 13.39999962
v 100.93299866 1.32099998 15.49400043
v 29.06200027 15.32199955 8.50599957
v 29.64699936 15.21399975 8.56099987
v 98.74800110 3.00000000 15.89700031
v 99.43599701 3.10700011 16.21199989
v 99.78299713 1.10699999 15.27600002
v 99.24800110 1.00000000 15.03100014
v 31.22699928 10.89299965 9.30900002
v 32.40800095 12.78600025 9.06499958
v 31.86400032 12.89299965 8.53999996
v 31.64999962 10.78600025 9.71700001
v 31.24699974 13.00000000 8.10299969
v 26.00300026 -11.32100010 13.80300045
v 32.34199905 -1.85699999 13.03199959
v 100.34799957 1.21399999 15.43900013
v 25.01799965 -9.35700035 14.10200024
v 32.46200180 -1.75000000 12.45699978
v 25.65200043 16.14299965 10.96800041
v 25.53199959 12.25000000 11.54300022
v 25.87700081 12.03600025 10.42500019
v 27.71800041 15.57100010 8.74199963
v 28.28300095 15.46399975 8.57900047
v 98.34500122 0.78600001 14.28299999
v 98.76899719 0.89300001 14.69099998
v 27.35199928 13.57100010 7.81099987
v 26.34399986 -11.21399975 14.28299999
v 26.71299934 15.78600025 9.34700012
v 27.36100006 15.64299965 8.90499973
v 27.83099937 13.50000000 7.65299988
v 105.00299835 7.42565155 11.69532204
v 105.00299835 7.49382401 11.48800659
v 105.00299835 7.40586853 11.75548363
v 104.31800079 6.53599977 10.90799999
v 104.47799683 6.39300013 11.67399979
v 105.00299835 5.17932701 10.86002350
v 105.00299835 5.24804020 11.16714478
v 26.06100082 13.78600025 8.58899975
v 105.00299835 4.09600019 10.52904987
v 105.00299835 3.84469652 10.86002350
v 105.00299835 5.15657854 10.81384850
v 105.00299835 4.98884487 10.47337914
v 105.00299835 4.36413002 10.23999977
v 105.00299835 4.27818632 10.33140564
v 105.00299835 4.83004189 10.23999977
v 105.00299835 5.33110523 11.48800659
v 105.00299835 3.68251204 11.16358757
v 105.00299835 5.33976412 11.68271637
v 105.00299835 5.34299994 11.75548363
v 26.89299965 13.64299965 8.02099991
v 102.21399689 7.10699987 8.72399998
v 102.74800110 7.00000000 8.96899986
v 103.22799683 6.89300013 9.30900002
v 103.65200043 6.78599977 9.71700001
v 25.09900093 14.00000000 9.74899960
v 27.53899956 11.60700035 8.82299995
v 29.16600037 -12.64299965 16.49699974
v 28.16099930 -12.78600025 16.42200089
v 29.66799927 -12.57100010 16.45000076
v 30.16200066 -12.50000000 16.34700012
v 25.37500000 13.92899990 9.32699966
v 26.30500031 11.89299965 9.77000046
v 104.41000366 4.78599977 9.06499958
v 105.00299835 4.63442850 9.95252419
v 30.45499992 -14.39299965 15.17700005
v 31.12500000 -14.25000000 14.77299976
v 103.86499786 4.89300013 8.53999996
v 31.56299973 -14.14299965 14.38099957
v 30.21199989 11.10700035 8.72399998
v 31.53300095 -16.28599930 15.71899986
v 32.29700089 -16.14299965 15.06099987
v 30.74699974 11.00000000 8.96899986
v 31.81399918 -14.07100010 14.07900047
v 32.34199905 -13.85700035 13.03199959
v 32.11700058 -13.96399975 13.57499981
v 98.46299744 5.71400023 8.28100014
v 99.35399628 5.57100010 7.81099987
v 98.89499664 5.64300013 8.02099991
v 25.58600044 -13.21399975 14.93500042
v 25.27799988 -13.28600025 14.53499985
v 26.12999916 -13.10700035 15.46000004
v 26.74699974 -13.00000000 15.89700031
v 27.43400002 -12.89299965 16.21199989
v 31.24699974 9.00000000 8.10299969
v 31.86400032 8.89299965 8.53999996
v 32.40800095 8.78600025 9.06499958
v 28.34600067 -14.78600025 15.43900013
v 27.24699974 -15.00000000 15.03100014
v 25.65200043 12.14299965 10.96800041
v 25.09900093 10.00000000 9.74899960
v 25.37500000 9.92899990 9.32699966
v 26.86899948 11.75000000 9.22700024
v 26.46100044 9.71399975 8.28100014
v 25.69700050 9.85700035 8.93900013
v 25.01799965 -13.35700035 14.10200024
v 26.06100082 9.78600025 8.58899975
v 32.47700119 -9.60700035 11.67399979
v 31.98999977 -9.32100010 10.19699955
v 31.64999962 -9.21399975 9.71700001
v 31.22699928 -9.10700035 9.30900002
v 30.74699974 -9.00000000 8.96899986
v 29.64699936 -8.78600025 8.56099987
v 29.06200027 -8.67899990 8.50599957
f 1 2 3
f 1 3 4
f 5 6 7
f 5 7 8
f 1 4 9
f 9 10 1
f 11 12 6
f 13 7 12
f 6 12 7
f 8 7 13
f 14 15 1
f 16 17 1
f 18 2 1
f 6 19 20
f 6 20 21
f 6 21 11
f 22 23 24
f 25 26 27
f 28 29 30
f 31 23 19
f 23 22 19
f 17 19 22
f 17 22 29
f 17 29 28
f 17 28 32
f 33 34 35
f 36 37 17
f 37 38 17
f 39 17 38
f 39 4 40
f 20 19 41
f 42 41 19
f 43 44 42
f 19 17 42
f 17 39 42
f 43 42 39
f 43 39 40
f 45 46 47
f 48 49 43
f 49 50 43
f 46 44 50
f 43 50 44
f 44 46 45
f 44 45 51
f 27 52 33
f 35 25 33
f 53 26 25
f 53 25 35
f 33 25 27
f 52 34 33
f 52 54 34
f 55 56 57
f 57 58 59
f 60 61 62
f 60 63 61
f 64 62 61
f 64 65 62
f 66 67 65
f 68 69 70
f 71 72 73
f 71 74 75
f 76 77 78
f 72 71 75
f 75 74 79
f 80 79 74
f 77 81 78
f 82 74 83
f 52 84 54
f 80 84 52
f 80 52 79
f 74 82 80
f 70 69 85
f 82 84 80
f 86 70 85
f 86 85 87
f 87 88 86
f 89 90 81
f 91 92 93
f 94 4 95
f 96 97 4
f 97 98 4
f 99 100 89
f 101 102 17
f 103 81 90
f 36 17 102
f 89 104 99
f 38 105 39
f 106 107 108
f 104 89 108
f 106 108 89
f 39 105 109
f 110 101 17
f 16 110 17
f 90 89 100
f 4 98 111
f 92 77 112
f 103 78 81
f 4 111 9
f 14 1 10
f 92 81 77
f 112 93 92
f 1 15 113
f 1 113 16
f 114 115 116
f 117 118 115
f 59 119 120
f 118 121 115
f 122 123 115
f 124 125 126
f 127 128 129
f 130 131 115
f 132 115 131
f 123 130 115
f 121 122 115
f 2 18 3
f 133 3 18
f 134 135 136
f 137 138 139
f 40 3 140
f 133 140 3
f 140 141 40
f 43 40 141
f 142 143 144
f 145 146 147
f 148 149 150
f 150 151 152
f 152 153 150
f 154 155 156
f 157 158 155
f 159 160 156
f 155 159 156
f 161 162 163
f 164 165 166
f 166 167 164
f 168 169 167
f 170 168 167
f 171 166 172
f 173 171 172
f 172 174 173
f 175 173 176
f 161 163 177
f 167 178 170
f 179 170 178
f 178 167 166
f 169 164 167
f 180 181 182
f 183 184 185
f 186 187 180
f 188 182 181
f 189 190 191
f 185 192 183
f 193 194 189
f 146 195 196
f 146 196 197
f 184 187 186
f 181 180 187
f 186 185 184
f 198 199 200
f 183 192 199
f 201 202 203
f 58 57 56
f 146 204 205
f 206 205 204
f 119 59 58
f 207 195 146
f 146 205 207
f 208 209 210
f 211 206 204
f 120 212 213
f 214 211 204
f 215 213 212
f 212 120 119
f 216 214 204
f 182 188 215
f 213 215 188
f 17 217 1
f 218 1 217
f 218 217 219
f 218 219 220
f 63 55 221
f 221 61 63
f 218 18 1
f 30 222 28
f 57 221 55
f 17 32 217
f 223 217 32
f 224 225 226
f 223 222 217
f 217 222 30
f 217 30 227
f 228 217 229
f 228 230 217
f 166 171 178
f 226 225 231
f 133 232 140
f 218 232 18
f 133 18 232
f 67 66 233
f 171 173 178
f 220 234 218
f 218 235 236
f 218 236 237
f 237 238 232
f 218 237 232
f 239 240 232
f 240 241 232
f 242 232 241
f 242 140 232
f 165 172 166
f 62 65 67
f 156 173 175
f 156 178 173
f 243 233 66
f 156 175 244
f 200 199 245
f 164 246 165
f 174 176 173
f 245 199 192
f 247 248 226
f 247 249 248
f 248 250 251
f 248 251 224
f 224 226 248
f 252 253 254
f 255 247 226
f 256 252 254
f 252 256 257
f 252 257 258
f 259 260 261
f 262 263 259
f 264 198 261
f 265 266 262
f 200 261 198
f 267 268 265
f 269 247 255
f 263 262 266
f 260 259 263
f 264 261 260
f 266 265 268
f 270 271 267
f 272 273 270
f 274 275 276
f 226 277 255
f 272 254 278
f 273 272 278
f 271 270 273
f 268 267 271
f 279 278 254
f 253 279 254
f 277 280 255
f 281 282 283
f 283 284 281
f 178 285 286
f 287 288 289
f 290 289 288
f 291 292 293
f 294 295 296
f 297 277 293
f 297 280 277
f 277 231 298
f 277 226 231
f 295 294 293
f 297 293 294
f 299 210 150
f 274 300 291
f 301 275 291
f 276 302 274
f 300 274 303
f 209 304 210
f 292 305 293
f 302 303 274
f 305 295 293
f 210 304 306
f 307 289 308
f 300 292 291
f 210 306 151
f 210 151 150
f 309 287 289
f 310 311 289
f 308 289 290
f 150 312 148
f 313 314 315
f 316 148 312
f 274 291 275
f 312 153 317
f 318 291 293
f 150 153 312
f 318 319 291
f 320 281 321
f 322 275 301
f 177 323 161
f 319 324 325
f 319 318 326
f 327 326 318
f 328 326 329
f 284 321 281
f 293 328 329
f 293 329 327
f 327 318 293
f 301 319 325
f 330 331 332
f 301 291 319
f 330 332 333
f 301 325 334
f 334 335 301
f 332 336 333
f 337 338 339
f 296 340 294
f 341 342 343
f 344 345 346
f 347 348 202
f 349 202 348
f 204 349 216
f 350 92 91
f 351 91 93
f 351 93 352
f 351 352 353
f 138 354 139
f 352 354 353
f 355 356 286
f 357 358 359
f 360 361 356
f 311 309 289
f 362 363 364
f 365 289 307
f 366 289 365
f 367 368 369
f 204 370 371
f 367 344 346
f 372 344 367
f 367 346 373
f 310 289 374
f 372 367 369
f 204 371 349
f 348 216 349
f 349 371 373
f 368 367 373
f 371 368 373
f 375 376 377
f 361 378 356
f 286 179 178
f 170 379 168
f 380 381 382
f 383 384 385
f 378 179 286
f 286 356 378
f 379 170 179
f 179 386 379
f 384 387 385
f 388 381 248
f 389 382 381
f 383 342 390
f 390 384 383
f 381 388 389
f 342 341 380
f 390 342 380
f 381 341 391
f 381 380 341
f 381 391 250
f 381 250 248
f 392 358 357
f 393 394 395
f 396 394 393
f 358 394 359
f 358 395 394
f 397 398 364
f 399 400 401
f 402 403 404
f 362 364 398
f 405 406 404
f 407 398 397
f 408 409 410
f 411 412 363
f 413 403 402
f 410 409 414
f 413 415 403
f 416 417 418
f 417 409 418
f 409 417 419
f 420 398 407
f 421 422 423
f 424 227 425
f 425 227 426
f 427 428 429
f 430 405 404
f 431 405 432
f 432 405 430
f 430 404 433
f 433 404 403
f 415 434 403
f 435 422 421
f 436 423 437
f 248 249 388
f 421 423 436
f 388 249 438
f 247 439 249
f 440 441 442
f 269 439 247
f 400 436 437
f 443 444 91
f 249 439 438
f 445 439 269
f 446 447 438
f 446 438 439
f 448 449 374
f 445 446 439
f 450 451 452
f 453 454 455
f 456 453 455
f 445 269 457
f 457 458 445
f 449 459 374
f 136 460 461
f 461 462 134
f 134 136 461
f 463 461 460
f 464 463 460
f 465 466 340
f 467 468 469
f 470 451 471
f 450 471 451
f 464 467 469
f 458 457 340
f 469 472 464
f 463 464 472
f 461 463 472
f 473 451 340
f 451 470 340
f 458 340 470
f 474 475 472
f 476 477 462
f 477 134 462
f 462 461 472
f 455 478 465
f 479 456 465
f 466 480 473
f 478 480 466
f 473 340 466
f 481 374 482
f 473 480 451
f 472 475 462
f 476 462 475
f 448 374 289
f 255 457 269
f 478 466 465
f 435 474 422
f 457 255 280
f 280 340 457
f 469 483 484
f 469 484 472
f 485 486 487
f 455 465 456
f 475 474 435
f 488 489 490
f 484 491 488
f 492 493 494
f 494 493 483
f 490 495 496
f 297 294 340
f 469 494 483
f 497 498 340
f 472 488 490
f 483 493 484
f 487 456 479
f 488 472 484
f 496 472 490
f 295 305 499
f 497 295 498
f 296 295 497
f 499 500 295
f 501 474 496
f 472 496 474
f 340 280 297
f 501 502 474
f 497 340 296
f 500 340 498
f 479 499 503
f 498 295 500
f 465 340 500
f 134 477 135
f 465 500 499
f 465 499 479
f 476 504 505
f 476 505 477
f 479 503 506
f 506 507 479
f 504 476 475
f 505 504 135
f 477 505 135
f 475 135 504
f 475 435 135
f 437 508 401
f 450 509 471
f 400 437 401
f 471 458 470
f 482 374 510
f 511 512 513
f 511 387 512
f 512 387 514
f 515 384 390
f 516 374 517
f 387 384 514
f 518 374 519
f 403 520 433
f 519 374 516
f 515 514 384
f 520 403 434
f 515 390 380
f 459 517 374
f 510 374 521
f 521 374 518
f 522 395 523
f 380 524 515
f 380 382 524
f 350 91 444
f 525 526 527
f 528 529 526
f 525 530 531
f 532 531 533
f 443 91 351
f 415 534 434
f 535 536 537
f 536 535 538
f 539 535 537
f 540 539 537
f 541 524 382
f 438 389 388
f 542 353 138
f 351 353 543
f 443 351 543
f 542 543 353
f 544 545 546
f 542 138 547
f 447 541 438
f 515 524 548
f 106 89 549
f 550 549 89
f 551 106 552
f 552 106 553
f 548 524 541
f 541 382 389
f 549 553 106
f 389 438 541
f 89 554 550
f 555 556 546
f 89 557 554
f 558 554 557
f 350 81 92
f 89 81 557
f 81 350 557
f 559 146 145
f 560 558 561
f 557 561 558
f 204 562 563
f 146 559 564
f 204 146 564
f 204 564 562
f 565 544 556
f 350 561 557
f 544 546 556
f 544 565 566
f 567 568 566
f 204 563 370
f 569 371 570
f 546 571 572
f 573 572 571
f 574 575 576
f 577 578 579
f 580 578 577
f 533 581 532
f 578 582 579
f 583 584 582
f 585 583 582
f 586 587 588
f 589 588 590
f 591 592 586
f 587 586 592
f 590 588 587
f 410 593 594
f 595 596 597
f 597 598 599
f 589 599 598
f 590 599 589
f 600 601 575
f 602 603 604
f 605 596 604
f 575 606 561
f 595 604 596
f 598 597 596
f 513 607 608
f 512 514 609
f 610 611 602
f 609 607 512
f 612 514 515
f 612 609 514
f 612 515 548
f 527 526 529
f 529 528 613
f 530 525 527
f 426 227 614
f 533 531 530
f 591 613 528
f 615 616 617
f 617 618 615
f 616 315 314
f 618 619 620
f 621 620 619
f 315 622 313
f 623 313 622
f 624 623 622
f 622 625 626
f 625 276 626
f 322 626 276
f 580 627 581
f 624 626 301
f 301 335 624
f 627 532 581
f 314 617 616
f 626 322 301
f 628 560 561
f 586 613 591
f 575 629 600
f 623 624 335
f 614 30 630
f 335 631 314
f 617 314 631
f 620 615 618
f 313 623 335
f 314 313 335
f 578 580 581
f 357 359 632
f 618 617 631
f 584 579 582
f 361 360 632
f 574 633 575
f 634 635 335
f 636 583 585
f 360 357 632
f 637 621 619
f 619 618 631
f 638 574 639
f 640 641 642
f 642 641 634
f 635 641 643
f 325 324 334
f 334 324 640
f 640 642 335
f 574 638 633
f 629 575 633
f 335 334 640
f 335 642 634
f 601 644 575
f 606 575 644
f 645 646 647
f 643 648 631
f 645 647 649
f 634 641 635
f 628 561 606
f 643 631 635
f 335 635 631
f 522 393 395
f 650 555 546
f 593 410 393
f 651 649 652
f 653 561 350
f 522 593 393
f 651 652 654
f 572 650 546
f 350 444 653
f 655 573 571
f 656 655 571
f 396 393 657
f 658 659 369
f 659 660 372
f 372 369 659
f 651 654 661
f 662 369 368
f 658 369 662
f 662 368 371
f 663 664 665
f 666 662 371
f 569 667 371
f 668 371 667
f 669 664 663
f 570 371 370
f 646 665 647
f 663 665 646
f 414 670 410
f 409 419 414
f 666 371 668
f 657 410 670
f 571 666 671
f 668 671 666
f 393 410 657
f 649 647 652
f 672 256 254
f 673 674 675
f 652 676 654
f 677 678 679
f 636 680 583
f 583 680 681
f 682 662 683
f 605 604 603
f 684 685 683
f 571 684 683
f 686 687 688
f 689 690 691
f 692 693 694
f 695 672 696
f 658 682 672
f 691 690 697
f 698 699 689
f 700 697 690
f 666 571 683
f 610 701 611
f 671 656 571
f 666 683 662
f 702 611 701
f 603 602 611
f 682 658 662
f 701 703 702
f 702 703 704
f 705 704 703
f 706 704 705
f 707 411 399
f 412 411 707
f 708 709 710
f 706 711 708
f 709 708 712
f 705 711 706
f 712 708 711
f 364 363 713
f 709 699 710
f 698 710 699
f 714 690 689
f 714 689 699
f 397 715 716
f 713 715 364
f 397 364 715
f 716 407 397
f 531 532 717
f 526 718 719
f 715 720 721
f 722 723 679
f 724 679 678
f 626 624 622
f 724 678 725
f 528 726 727
f 528 728 726
f 729 631 730
f 719 728 528
f 725 678 686
f 637 619 731
f 732 731 619
f 719 528 526
f 631 729 619
f 732 619 729
f 733 718 525
f 718 526 525
f 733 525 531
f 733 531 717
f 716 721 734
f 673 692 694
f 735 730 736
f 281 737 738
f 735 729 730
f 739 740 693
f 741 742 737
f 737 743 579
f 694 693 740
f 743 577 579
f 577 743 744
f 740 739 745
f 746 736 747
f 746 735 736
f 583 748 584
f 748 737 584
f 737 579 584
f 737 748 741
f 580 577 744
f 744 749 580
f 749 627 580
f 750 730 631
f 715 721 716
f 749 532 627
f 751 752 730
f 753 591 727
f 307 587 592
f 665 754 755
f 754 665 664
f 729 756 732
f 757 652 647
f 758 676 652
f 720 759 721
f 760 415 413
f 534 415 760
f 761 675 674
f 762 763 764
f 763 765 764
f 766 767 764
f 768 769 770
f 768 770 771
f 769 772 770
f 773 768 771
f 764 773 771
f 764 771 774
f 758 775 676
f 766 764 774
f 776 777 774
f 766 774 777
f 778 779 780
f 780 781 782
f 783 784 785
f 785 786 783
f 787 783 786
f 788 789 784
f 790 791 786
f 784 792 788
f 793 788 126
f 792 126 788
f 782 778 780
f 771 786 785
f 791 787 786
f 794 782 781
f 795 796 797
f 785 789 771
f 771 789 788
f 789 785 784
f 781 798 799
f 774 788 793
f 774 771 788
f 124 774 125
f 793 125 774
f 800 801 428
f 799 794 781
f 365 307 592
f 308 290 590
f 760 800 534
f 587 308 590
f 307 308 587
f 802 236 235
f 288 590 290
f 800 428 427
f 753 803 592
f 802 237 236
f 591 753 592
f 427 534 800
f 528 727 591
f 588 589 804
f 805 806 807
f 429 428 806
f 586 588 804
f 806 805 429
f 808 809 239
f 660 810 344
f 811 807 810
f 811 810 660
f 660 344 372
f 590 288 599
f 288 597 599
f 288 287 597
f 287 309 597
f 769 812 772
f 772 812 813
f 239 232 814
f 815 814 232
f 598 596 816
f 241 817 242
f 770 772 813
f 813 818 770
f 589 598 819
f 820 229 242
f 816 819 598
f 235 218 234
f 816 821 819
f 589 819 804
f 822 739 823
f 745 739 822
f 106 824 825
f 797 826 827
f 828 829 106
f 816 830 821
f 780 440 442
f 824 106 829
f 739 831 823
f 664 669 798
f 832 828 833
f 799 798 669
f 834 376 781
f 780 442 834
f 107 106 835
f 825 835 106
f 311 310 595
f 836 837 838
f 811 805 807
f 770 839 840
f 841 842 843
f 839 770 836
f 844 845 841
f 846 604 595
f 840 771 770
f 790 786 847
f 848 849 850
f 829 828 851
f 832 851 828
f 852 832 833
f 853 852 833
f 854 855 833
f 853 833 856
f 857 838 858
f 311 595 597
f 311 597 309
f 840 859 847
f 659 811 660
f 811 659 805
f 858 838 837
f 860 861 830
f 781 780 834
f 375 781 376
f 781 375 798
f 375 862 798
f 798 862 754
f 754 664 798
f 692 863 864
f 864 693 692
f 865 866 867
f 838 839 836
f 847 786 840
f 771 840 786
f 868 869 870
f 871 872 873
f 238 815 232
f 817 820 242
f 217 242 229
f 874 676 875
f 874 654 676
f 230 876 217
f 877 875 878
f 876 879 217
f 874 875 877
f 217 879 880
f 219 217 880
f 217 881 242
f 141 140 242
f 49 882 883
f 49 883 50
f 866 878 867
f 43 141 48
f 884 48 141
f 141 883 882
f 882 884 141
f 883 30 50
f 49 28 222
f 49 222 882
f 32 48 223
f 884 223 48
f 871 885 886
f 877 878 866
f 887 888 883
f 888 889 883
f 883 889 890
f 890 891 883
f 892 893 883
f 883 894 895
f 896 30 895
f 883 895 30
f 882 222 223
f 882 223 884
f 897 898 899
f 898 900 889
f 899 898 889
f 901 902 903
f 903 904 901
f 905 604 846
f 906 534 427
f 434 534 907
f 905 908 604
f 909 604 908
f 907 534 906
f 898 897 910
f 897 901 910
f 911 427 429
f 602 604 909
f 909 912 602
f 906 427 911
f 900 913 889
f 889 913 890
f 914 529 613
f 915 914 613
f 916 917 918
f 919 527 529
f 903 902 920
f 914 919 529
f 904 910 901
f 911 921 906
f 918 922 923
f 924 530 527
f 919 924 527
f 925 926 927
f 864 928 693
f 920 929 930
f 920 902 929
f 931 896 932
f 895 932 896
f 933 896 931
f 739 928 934
f 928 739 693
f 935 936 937
f 739 934 831
f 533 530 924
f 823 831 938
f 939 940 937
f 533 924 941
f 942 943 939
f 944 945 946
f 940 935 937
f 933 937 936
f 896 933 936
f 947 948 942
f 949 946 945
f 581 533 941
f 934 950 951
f 952 949 945
f 944 953 947
f 928 950 934
f 948 947 953
f 943 942 948
f 940 939 943
f 953 944 946
f 954 955 952
f 949 952 955
f 926 956 957
f 957 956 958
f 959 958 956
f 960 958 959
f 957 927 926
f 927 929 925
f 930 929 927
f 938 951 961
f 831 934 951
f 962 963 964
f 965 966 967
f 831 951 938
f 960 965 968
f 958 960 968
f 967 968 965
f 969 951 950
f 970 971 972
f 973 971 974
f 975 976 962
f 977 961 978
f 961 979 938
f 980 981 982
f 982 983 980
f 984 985 986
f 983 984 986
f 987 982 981
f 981 988 987
f 989 987 988
f 990 989 988
f 485 990 988
f 487 453 456
f 990 485 479
f 479 507 990
f 586 804 991
f 992 869 868
f 485 487 479
f 993 994 849
f 994 995 849
f 586 996 613
f 989 990 507
f 991 996 586
f 997 869 992
f 507 998 982
f 983 982 998
f 986 980 983
f 999 1000 268
f 987 989 507
f 613 996 915
f 982 987 507
f 993 849 848
f 951 1001 1002
f 951 1002 961
f 984 983 998
f 854 849 995
f 581 941 1003
f 855 854 995
f 581 1003 1004
f 578 581 1004
f 1005 1006 985
f 1006 986 985
f 985 984 998
f 578 1004 1007
f 1005 985 998
f 275 322 276
f 303 506 300
f 503 499 300
f 292 300 499
f 507 303 302
f 1008 1004 1003
f 305 292 499
f 507 506 303
f 315 998 622
f 616 998 315
f 506 503 300
f 1003 941 1008
f 625 507 276
f 302 276 507
f 622 998 625
f 507 625 998
f 620 998 615
f 871 1009 885
f 585 1010 1011
f 582 578 1007
f 582 1007 1010
f 616 615 998
f 1012 1013 917
f 1014 1015 1016
f 1017 1016 1015
f 1018 1017 1015
f 1019 1018 1015
f 468 467 1019
f 467 464 1019
f 1020 1019 464
f 460 1021 464
f 787 859 783
f 585 582 1010
f 790 847 859
f 784 783 1022
f 127 126 1022
f 127 1022 1023
f 1015 468 1019
f 792 784 1022
f 126 792 1022
f 970 974 971
f 974 1024 973
f 1024 967 966
f 973 1024 966
f 128 127 1023
f 1025 1026 1027
f 1028 1029 1027
f 1027 1026 954
f 469 468 1023
f 1015 1023 468
f 1021 1020 464
f 1014 128 1023
f 1025 1027 1029
f 972 1030 1028
f 1029 1028 1030
f 971 1030 972
f 1031 1032 1022
f 1015 1014 1023
f 955 954 1033
f 1033 954 1026
f 1034 1035 1036
f 1034 1036 1037
f 1034 1037 881
f 19 6 881
f 1034 881 6
f 6 5 1034
f 1038 1034 5
f 1039 1040 1041
f 1042 1039 1041
f 1041 1043 1042
f 1032 1031 1040
f 1044 1045 1043
f 1040 1046 1032
f 1047 1032 1048
f 1049 31 881
f 19 881 31
f 24 227 22
f 1046 1048 1032
f 1049 881 24
f 227 24 881
f 227 881 217
f 1044 1050 1051
f 1037 1052 881
f 1053 1034 1038
f 1035 1034 1054
f 1053 1054 1034
f 1022 1043 1041
f 1035 1055 1036
f 1055 1035 1056
f 1056 1035 1057
f 1045 1042 1043
f 1035 1054 802
f 1035 802 1057
f 621 756 620
f 998 620 756
f 1041 1031 1022
f 867 1058 1059
f 1052 1037 1060
f 1060 1037 1061
f 1061 1037 1062
f 911 429 1063
f 1036 1064 1037
f 1062 1037 1064
f 492 469 1065
f 494 469 492
f 865 867 1059
f 695 805 659
f 1031 1041 1040
f 1023 1032 1047
f 429 805 1063
f 1023 1022 1032
f 1066 1023 1067
f 1047 1067 1023
f 1063 805 695
f 1065 469 1066
f 1023 1066 469
f 695 659 658
f 1068 911 1063
f 865 1059 1069
f 857 1070 838
f 1063 1071 1068
f 1072 878 1073
f 1070 1074 839
f 672 695 658
f 839 838 1070
f 120 1075 1076
f 1077 1078 1069
f 859 840 1074
f 1073 878 875
f 840 839 1074
f 621 637 756
f 1079 729 735
f 756 729 1079
f 731 732 756
f 1080 822 823
f 1080 823 1081
f 735 746 1082
f 1082 1079 735
f 1082 746 1083
f 1084 1081 1085
f 1086 1080 1081
f 1086 1081 1084
f 637 731 756
f 1084 1085 1087
f 1078 1088 1089
f 1081 823 1090
f 1091 1078 1089
f 1085 1090 1092
f 1081 1090 1085
f 1005 1093 1094
f 1006 1005 1095
f 1094 1095 1005
f 833 1096 1097
f 998 1098 1005
f 1093 1005 1098
f 1099 756 1079
f 998 756 1098
f 1100 1101 1102
f 1103 1104 868
f 1103 868 870
f 1098 756 1099
f 870 869 849
f 870 849 854
f 1099 1079 1105
f 1069 1059 1077
f 1106 1082 1083
f 1105 1079 1082
f 1082 1107 1105
f 1107 1082 1106
f 1108 1109 1088
f 1109 1110 1088
f 1111 1088 1110
f 1078 1077 1088
f 1094 1098 1095
f 1111 1089 1088
f 1093 1112 1094
f 1093 1098 1112
f 833 1097 854
f 856 833 855
f 1109 1108 1113
f 854 1097 870
f 1094 1112 1098
f 1114 1115 1108
f 1116 1108 1115
f 1117 1113 1108
f 1117 1108 1116
f 1085 1118 1087
f 1119 1087 1118
f 1118 1120 1119
f 1121 1119 1120
f 1122 1120 1118
f 1092 1122 1085
f 1114 1123 1124
f 1124 1115 1114
f 1088 1125 1126
f 1085 1122 1118
f 1127 795 1128
f 1129 1130 1108
f 1126 1131 1108
f 1108 1088 1126
f 1132 978 1133
f 1114 1130 1134
f 979 961 977
f 977 978 1132
f 1114 1108 1130
f 1132 1133 53
f 1133 26 53
f 1135 1136 1137
f 823 938 979
f 1090 823 979
f 1138 1136 1135
f 1092 977 1132
f 1139 775 758
f 1135 1137 1140
f 1140 976 1135
f 979 977 1090
f 1141 976 975
f 1090 977 1092
f 1142 1135 976
f 1092 1132 1122
f 1132 53 1143
f 1142 976 1141
f 1132 1143 1122
f 1022 783 859
f 1144 1145 59
f 1146 1147 647
f 665 755 1146
f 647 665 1146
f 1070 1148 1074
f 791 790 859
f 787 791 859
f 757 647 1147
f 120 1076 1144
f 652 757 1149
f 57 1150 1151
f 1152 1151 1150
f 57 1153 1150
f 57 1154 1153
f 1149 758 652
f 1145 1154 57
f 1050 1044 1043
f 59 1145 57
f 1073 875 775
f 1144 59 120
f 875 676 775
f 1147 1155 1156
f 755 1155 1146
f 1146 1155 1147
f 1157 1051 1050
f 1158 1121 1159
f 722 724 1160
f 1120 1122 1159
f 1121 1120 1159
f 1139 1149 1156
f 1161 417 416
f 757 1147 1156
f 1162 1160 724
f 1143 35 416
f 1162 724 1163
f 35 1161 416
f 1159 1143 416
f 1158 1159 416
f 418 1158 416
f 757 1156 1149
f 1159 1122 1143
f 57 161 221
f 161 336 221
f 724 725 1163
f 1164 1165 1166
f 1167 883 1168
f 1163 725 1169
f 1170 1171 1168
f 1168 1172 1170
f 221 1173 61
f 1011 1174 585
f 332 221 336
f 585 1174 636
f 332 1173 221
f 680 636 1174
f 725 1175 1169
f 1176 61 1173
f 680 1174 1177
f 1176 64 61
f 1165 64 1176
f 1165 65 64
f 66 65 1178
f 1165 1178 65
f 1164 1178 1165
f 680 1177 681
f 1179 681 1177
f 1175 1180 1169
f 1181 1182 1177
f 1179 1177 1182
f 1183 1184 1177
f 1185 1186 1181
f 1182 1181 1186
f 1177 1187 1183
f 1075 120 213
f 1186 1185 1188
f 449 448 213
f 188 449 213
f 1181 1177 1184
f 188 459 449
f 188 181 459
f 181 517 459
f 1171 1189 1190
f 181 516 517
f 519 516 181
f 1191 883 1167
f 603 611 1192
f 182 1193 1194
f 1195 1192 611
f 1196 180 182
f 1191 1171 1197
f 1196 182 1194
f 603 1192 1198
f 1199 1200 1201
f 605 603 1198
f 1201 1202 1199
f 1203 1204 1142
f 1205 1206 1207
f 1198 860 596
f 181 187 519
f 187 518 519
f 518 184 521
f 187 184 518
f 521 184 183
f 521 183 510
f 1208 747 796
f 1208 746 747
f 596 605 1198
f 1209 186 180
f 1196 1209 180
f 1083 746 1208
f 1127 1083 1208
f 186 1210 185
f 1210 186 1209
f 1192 1211 1212
f 1192 1195 1211
f 192 185 1210
f 1198 1192 1213
f 860 816 596
f 1214 1215 1216
f 1214 1216 1217
f 1192 1212 1213
f 1196 1218 1209
f 861 860 1213
f 1198 1213 860
f 860 830 816
f 691 697 1219
f 698 689 1220
f 1221 1222 1219
f 198 1223 199
f 1224 199 1223
f 1225 183 1224
f 1224 183 199
f 1139 1226 775
f 758 1149 1139
f 1227 55 63
f 55 1227 56
f 56 1227 1228
f 58 56 1228
f 58 1228 1229
f 1219 1230 691
f 691 1230 689
f 1227 1231 1232
f 689 1230 1220
f 1233 1188 1185
f 1234 1235 1236
f 119 58 1229
f 1233 1185 1237
f 1236 1237 1234
f 1234 1238 1239
f 1234 1239 1235
f 1227 1232 1240
f 1240 1228 1227
f 119 1229 1241
f 1242 1238 1243
f 1244 1232 1231
f 1245 1221 700
f 1155 1246 1247
f 912 610 602
f 212 119 1241
f 912 701 610
f 912 1248 701
f 1244 1249 1240
f 701 1248 703
f 1240 1232 1244
f 1155 1247 1250
f 1250 1156 1155
f 1195 611 1251
f 1251 1211 1195
f 1240 1249 1252
f 1228 1240 1252
f 1252 1229 1228
f 215 212 1253
f 702 704 1254
f 1255 1139 1256
f 1257 1070 857
f 1258 1256 1156
f 1156 1256 1139
f 1074 1148 1259
f 1193 215 1253
f 1148 1070 1257
f 859 1259 1157
f 1259 859 1074
f 1050 1043 1157
f 1022 1157 1043
f 1022 859 1157
f 442 441 1260
f 1241 1253 212
f 1260 377 376
f 834 442 1260
f 376 834 1260
f 215 1193 182
f 702 1254 1251
f 1251 611 702
f 1194 1261 1196
f 60 62 1262
f 377 1263 862
f 862 375 377
f 1260 1264 1265
f 63 1266 1267
f 60 1262 1266
f 63 60 1266
f 754 862 1263
f 219 1036 1055
f 1217 1216 1268
f 1269 1270 1254
f 63 1267 1227
f 963 1137 1268
f 1270 1271 1254
f 1254 1271 1251
f 1251 1271 1272
f 1251 1272 1211
f 879 1061 1062
f 879 1062 1064
f 1266 1262 1273
f 1267 1266 1231
f 1227 1267 1231
f 1274 703 1248
f 1260 1265 1275
f 876 1060 1061
f 1275 377 1260
f 1276 1277 705
f 703 1274 705
f 1278 1155 755
f 1276 705 1274
f 1263 1278 754
f 1279 1280 712
f 1280 709 712
f 710 698 1220
f 880 1064 219
f 754 1278 755
f 377 1275 1281
f 708 1282 1283
f 377 1281 1263
f 710 1220 1282
f 1281 1284 1263
f 708 710 1282
f 1263 1284 1278
f 1262 1285 1273
f 1284 1286 1278
f 1287 1273 1288
f 1278 1286 1246
f 1231 1287 1288
f 1278 1246 1155
f 1266 1273 1287
f 708 1283 1289
f 1266 1287 1231
f 228 1052 1060
f 1073 1226 1290
f 67 233 1291
f 1289 706 708
f 67 1291 1285
f 1072 1073 1290
f 62 67 1285
f 1230 1292 1220
f 1282 1220 1292
f 1293 1282 1292
f 1282 1293 1283
f 1055 1056 220
f 704 706 1289
f 1058 1294 1295
f 62 1285 1262
f 704 1289 1254
f 1296 1297 1298
f 234 1056 235
f 1296 1299 1273
f 1283 1293 1289
f 1291 1300 1297
f 867 878 1072
f 1285 1291 1297
f 1297 1296 1285
f 1295 1059 1058
f 1273 1285 1296
f 1072 1058 867
f 1301 1302 1303
f 1077 1295 1125
f 1302 1304 1303
f 1064 880 879
f 1301 1303 243
f 1303 233 243
f 1077 1059 1295
f 1304 1305 1303
f 233 1303 1291
f 1088 1077 1125
f 1073 775 1226
f 568 1306 1307
f 1061 879 876
f 1308 1072 1290
f 1309 1306 1310
f 1311 1312 1313
f 1300 1314 1315
f 1055 220 219
f 1316 1317 1318
f 234 220 1056
f 1319 1313 1312
f 1057 235 1056
f 235 1057 802
f 1300 1320 1314
f 237 802 1054
f 1303 1321 1322
f 1303 1322 1323
f 1323 1310 1303
f 1320 1303 1310
f 1303 1305 1321
f 1318 1312 1311
f 1060 230 228
f 230 1060 876
f 1072 1308 1058
f 1303 1320 1300
f 1036 219 1064
f 1303 1300 1291
f 1324 1295 1294
f 1325 227 1326
f 1318 1311 1327
f 1058 1308 1294
f 192 1210 1328
f 1327 1329 1318
f 1052 1330 881
f 1331 1053 1038
f 1289 1293 1332
f 1054 1053 1333
f 1331 1333 1053
f 1289 1332 1269
f 1331 1038 8
f 1333 1331 1330
f 8 1330 1331
f 1289 1269 1254
f 1330 1334 1333
f 809 808 1333
f 808 1335 1333
f 705 1277 1336
f 1215 797 827
f 1208 796 795
f 795 797 1215
f 1336 711 705
f 1215 827 1216
f 1279 712 711
f 1337 245 192
f 1336 1279 711
f 1338 1339 1280
f 192 1328 1337
f 200 245 1337
f 795 1127 1208
f 200 1337 1340
f 1341 1339 1338
f 1128 795 1215
f 1280 1339 699
f 1128 1215 1342
f 699 709 1280
f 1339 714 699
f 1217 1138 1214
f 1339 1341 1343
f 1339 1343 714
f 1343 690 714
f 1215 1214 1342
f 1138 1342 1214
f 261 200 1340
f 1328 430 1337
f 1136 1217 1268
f 1344 532 749
f 430 1328 432
f 1344 717 532
f 1268 1137 1136
f 963 1140 1137
f 261 1340 1345
f 1346 1160 1162
f 1140 963 962
f 1347 1348 1160
f 1160 1346 1347
f 1163 1349 1162
f 1217 1136 1138
f 1346 1162 1349
f 1169 1350 1163
f 1140 962 976
f 1205 30 1206
f 1163 1350 1349
f 1206 30 1351
f 1352 1207 1206
f 1169 1353 1350
f 1352 1206 1351
f 733 717 1344
f 1106 1083 1127
f 1106 1127 1354
f 924 1355 1356
f 1357 1358 1106
f 1295 1324 1125
f 1337 430 433
f 742 738 737
f 262 1345 1359
f 1337 433 1340
f 433 520 1340
f 1344 1153 1154
f 1360 857 1361
f 1308 1362 1294
f 520 434 1340
f 1076 1075 1344
f 1154 1145 1344
f 1363 1364 1365
f 1324 1294 1366
f 1367 1368 1324
f 1369 1370 1371
f 1372 1373 1374
f 1316 1318 1375
f 1376 1377 1378
f 1126 1379 1380
f 1012 1381 1382
f 1383 1384 1375
f 1385 1127 1128
f 1342 1138 1386
f 1387 1388 1389
f 1128 1342 1390
f 1391 1108 1131
f 1392 1373 1372
f 1383 1375 1389
f 1131 1126 1380
f 1393 1138 1135
f 1375 1329 1394
f 1375 1318 1329
f 1108 1391 1395
f 1393 1386 1138
f 1378 1396 1376
f 1397 1373 1389
f 1373 1392 1389
f 1383 1389 1392
f 1395 1129 1108
f 1114 1134 1398
f 1375 1394 1399
f 1364 1363 1382
f 1400 1401 1387
f 1402 1369 1387
f 1126 1368 1379
f 1125 1324 1368
f 1125 1368 1126
f 1403 1404 1379
f 1405 1379 1404
f 426 614 1406
f 1405 1380 1379
f 1407 282 281
f 1407 281 738
f 953 1408 1406
f 1409 1410 1403
f 1404 1403 1410
f 1354 1127 1385
f 1411 1412 1403
f 1413 1403 1412
f 1414 1409 1403
f 1385 1128 1390
f 1414 1403 1413
f 366 592 803
f 366 365 592
f 1385 1390 1415
f 77 76 1403
f 1416 1417 1418
f 1386 1419 1390
f 1420 1421 1411
f 1411 1422 1423
f 1423 1412 1411
f 1390 1342 1386
f 1393 1135 1142
f 77 1403 1379
f 1424 1425 1403
f 574 1426 190
f 1427 190 1426
f 574 1428 1426
f 1393 1429 1386
f 1430 574 190
f 1393 1142 1204
f 1403 76 1431
f 1432 1429 1393
f 1204 1432 1393
f 1411 1425 1433
f 194 193 1434
f 1431 1424 1403
f 1416 804 819
f 1427 1435 190
f 1436 191 190
f 190 1435 1436
f 1400 1369 1371
f 1437 1438 1400
f 1397 1389 1388
f 1371 1437 1400
f 194 190 189
f 1340 434 1345
f 1439 1440 574
f 1375 1399 1389
f 1401 1388 1387
f 809 1333 1334
f 1334 1330 1441
f 434 907 1359
f 1439 574 1430
f 1359 1345 434
f 1442 1443 190
f 1442 190 1444
f 1445 1446 1387
f 194 1434 1447
f 1448 1449 1450
f 1400 1387 1369
f 1451 1452 1453
f 1389 1399 1454
f 907 906 1359
f 1454 1455 1389
f 906 921 1359
f 1445 1387 1389
f 1370 1369 1402
f 1456 244 176
f 1445 1457 1446
f 1458 1457 1459
f 1460 1457 1458
f 1461 511 1451
f 1462 1463 1333
f 1054 1333 1463
f 1464 1452 1451
f 1333 1335 1462
f 1465 1466 1330
f 1441 1330 1466
f 1467 684 571
f 1330 1052 1465
f 1451 511 1464
f 1467 571 1468
f 546 1468 571
f 1458 1389 1460
f 385 387 1461
f 1469 683 685
f 387 511 1461
f 546 1470 1468
f 1470 546 545
f 1471 545 544
f 1472 258 257
f 1473 1474 1475
f 858 1361 857
f 911 1068 921
f 1389 1458 1459
f 1402 1446 1476
f 885 1361 858
f 858 886 885
f 696 672 1477
f 672 254 1477
f 1478 696 1477
f 837 886 858
f 203 202 1447
f 1063 1478 1071
f 106 1479 828
f 1480 828 1479
f 1459 1457 1445
f 1459 1445 1389
f 1481 828 1480
f 695 696 1478
f 1402 1387 1446
f 1479 106 551
f 1402 1476 1482
f 1411 1403 1425
f 833 1483 1484
f 1411 1433 1485
f 1485 1420 1411
f 1486 1487 828
f 1488 828 1487
f 1481 1486 828
f 1489 1490 1491
f 833 828 1488
f 833 1488 1483
f 1430 190 1492
f 1493 1494 1495
f 1496 639 574
f 574 1440 1496
f 833 1484 1096
f 1418 804 1416
f 991 804 1418
f 190 194 1444
f 1497 1444 194
f 1418 1498 991
f 1499 1500 873
f 1492 190 1443
f 1501 923 1500
f 1502 1494 1493
f 1501 1500 1503
f 1500 1499 1503
f 1504 1497 194
f 1505 1506 194
f 1504 194 1506
f 1507 872 871
f 1508 1500 923
f 1495 1509 1493
f 1475 1474 1495
f 1510 1475 1495
f 1495 1474 1509
f 1493 1509 1452
f 1464 1493 1452
f 1511 885 1009
f 1512 1513 959
f 1514 1009 873
f 1500 1508 1514
f 1514 873 1500
f 511 513 1464
f 1493 1464 1515
f 513 1515 1464
f 1009 871 873
f 1502 1515 1516
f 1013 1382 1363
f 922 1013 1363
f 1517 1363 1378
f 1416 821 1518
f 1502 1516 1519
f 922 1363 1517
f 1508 1517 1378
f 1515 513 1516
f 608 1516 513
f 607 513 512
f 918 1013 922
f 917 1013 918
f 923 922 1517
f 1508 923 1517
f 780 779 1520
f 1326 227 424
f 1521 1522 1519
f 1402 1482 1523
f 1372 1524 1392
f 1361 1525 1360
f 1416 819 821
f 1257 857 1360
f 695 1478 1063
f 595 310 374
f 256 672 682
f 1526 846 595
f 1526 595 374
f 256 682 683
f 257 256 683
f 1378 1514 1508
f 1511 1009 1377
f 257 683 1472
f 1469 1472 683
f 1378 1377 1514
f 1009 1514 1377
f 1361 885 1511
f 1527 999 268
f 1378 1363 1528
f 1529 1530 1531
f 1532 1533 1534
f 1535 1536 1534
f 1533 1535 1534
f 1537 1511 1377
f 1538 1533 1532
f 1539 1540 1489
f 266 1541 1542
f 1538 1532 1543
f 1544 1545 1546
f 1547 1544 1520
f 1000 1541 268
f 1544 1547 1545
f 1547 1520 1548
f 1549 263 1542
f 1541 266 268
f 1525 1537 1550
f 1551 1360 1525
f 1544 539 1520
f 779 1548 1520
f 263 266 1542
f 535 1544 538
f 1549 260 263
f 1552 264 1549
f 1544 535 539
f 1549 264 260
f 1552 198 264
f 1223 198 1552
f 1520 539 540
f 1520 540 440
f 259 261 1345
f 262 259 1345
f 440 780 1520
f 262 1359 921
f 1553 1554 1536
f 921 265 262
f 267 265 921
f 267 921 1068
f 1555 1556 1557
f 1556 1558 1557
f 1559 1560 1561
f 1558 1556 1562
f 1562 1556 1563
f 253 1563 1556
f 1564 273 1565
f 1564 271 273
f 1527 271 1564
f 1566 253 252
f 1566 1563 253
f 1556 279 253
f 1565 279 1556
f 279 1565 278
f 273 278 1565
f 1527 268 271
f 270 267 1068
f 270 1068 1071
f 272 270 1071
f 272 1071 1478
f 272 1478 1477
f 1477 254 272
f 1567 1568 1569
f 46 227 47
f 46 22 227
f 1568 1570 1569
f 50 30 29
f 45 23 31
f 45 31 51
f 1570 1571 1572
f 252 258 29
f 50 29 258
f 258 1469 50
f 685 684 50
f 684 1467 50
f 50 243 66
f 50 66 1178
f 1573 1569 1570
f 814 815 1335
f 22 1574 29
f 1570 1572 1573
f 1572 1571 1097
f 46 742 741
f 741 748 46
f 46 583 681
f 681 1179 46
f 1182 1186 46
f 690 22 700
f 22 690 1343
f 46 700 22
f 1178 1164 50
f 282 1407 46
f 1407 738 46
f 1334 1441 817
f 738 742 46
f 1505 1572 1097
f 1441 1466 817
f 583 46 748
f 1188 1233 46
f 1182 46 1179
f 1233 1237 46
f 1236 46 1237
f 1186 1188 46
f 1239 1242 46
f 1245 46 1575
f 1576 1575 46
f 700 46 1245
f 1235 46 1236
f 1335 808 814
f 1243 46 1242
f 1576 46 1243
f 1235 1239 46
f 1341 22 1343
f 1577 1560 1578
f 1579 1580 1581
f 1582 1583 1183
f 1187 1582 1183
f 1583 1584 1183
f 1585 1582 1586
f 1184 1183 1584
f 1587 1184 1584
f 1584 1588 1587
f 1589 1587 1588
f 1589 1588 1590
f 1591 1592 1590
f 1586 1582 1187
f 1593 1594 1595
f 1594 1596 1597
f 1598 1599 1596
f 1599 1597 1596
f 1600 1598 1596
f 1597 1595 1594
f 1595 1601 1602
f 1603 1604 1605
f 1606 1607 1603
f 1606 1608 1607
f 1602 1593 1595
f 1605 1602 1601
f 1608 1609 1607
f 1522 1610 1611
f 1516 1521 1519
f 1612 1613 1614
f 1614 1615 1616
f 1617 1616 1615
f 1618 1614 1613
f 1619 1616 1617
f 1620 1621 1613
f 1613 1622 1620
f 1622 1592 1620
f 1623 1620 1592
f 1624 1590 1592
f 1625 1590 1624
f 1589 1590 1626
f 1611 1510 1495
f 1621 1618 1613
f 1611 1627 1510
f 1616 1612 1614
f 1626 1590 1625
f 1591 1623 1592
f 1495 1494 1611
f 1616 1619 1628
f 1493 1515 1502
f 1629 1630 1631
f 1632 1633 1634
f 1631 1634 1633
f 1635 1633 1632
f 1636 1631 1630
f 1637 1636 1630
f 1638 1637 1630
f 1630 1639 1638
f 1638 1640 1607
f 1641 1603 1607
f 1602 1605 1642
f 1638 1607 1609
f 1633 1629 1631
f 1604 1603 1641
f 1642 1605 1604
f 1640 1638 1639
f 1627 1610 1643
f 1627 1611 1610
f 1633 1635 1644
f 1635 1645 1644
f 1502 1519 1494
f 1522 1611 1494
f 1646 1647 1648
f 1649 1650 1651
f 1519 1522 1494
f 1577 1578 1531
f 1531 1530 1577
f 1510 1652 1653
f 1510 1627 1652
f 1560 1559 1578
f 1377 1376 1537
f 870 1571 1103
f 1511 1537 1525
f 1654 1356 1355
f 1571 1570 1103
f 1525 1361 1511
f 1356 1654 1655
f 1571 870 1097
f 1656 1657 1097
f 1658 1097 1657
f 1096 1656 1097
f 1505 1097 1658
f 1506 1505 1658
f 1498 1646 996
f 915 996 1646
f 1528 1659 1396
f 1660 1376 1396
f 1646 1648 914
f 1579 1661 1580
f 1662 1365 1364
f 1659 1528 1365
f 373 346 1663
f 1529 1661 1579
f 915 1646 914
f 1528 1363 1365
f 1530 1529 1579
f 1580 1661 1664
f 1378 1528 1396
f 1648 1665 919
f 1580 1664 1319
f 1648 919 914
f 1580 1319 1312
f 919 1665 1666
f 1667 345 344
f 22 1341 1338
f 1666 1355 924
f 46 177 163
f 46 163 1668
f 46 1668 320
f 320 321 46
f 321 284 46
f 373 1663 202
f 284 283 46
f 282 46 283
f 330 333 50
f 333 323 50
f 323 177 50
f 46 50 177
f 1109 1113 1669
f 1111 1110 1091
f 1110 1109 1669
f 1670 1669 1113
f 1671 1670 1113
f 1113 1117 1671
f 1089 1111 1091
f 1669 1091 1110
f 349 373 202
f 1117 1116 1671
f 1672 1671 1116
f 1102 1116 1115
f 1124 1673 1115
f 1102 1672 1116
f 238 237 1463
f 420 407 1674
f 1675 1676 1674
f 1677 1580 1312
f 1677 1678 1580
f 1312 1679 1677
f 1680 1312 1318
f 201 347 202
f 194 1447 202
f 1680 1679 1312
f 1546 1681 1544
f 238 1463 815
f 1318 1317 1680
f 1682 1683 1681
f 1316 1375 1384
f 808 239 814
f 924 919 1666
f 1663 1573 1572
f 1681 1546 1682
f 1356 941 924
f 1684 1685 1651
f 1663 346 1573
f 1655 941 1356
f 194 202 1505
f 941 1655 1008
f 1129 1395 1409
f 1404 1410 1395
f 1130 1129 1409
f 1395 1391 1404
f 1405 1404 1391
f 1131 1405 1391
f 1380 1405 1131
f 1505 202 1572
f 398 420 1686
f 1410 1409 1395
f 1687 1648 1647
f 202 1663 1572
f 1134 1130 1413
f 1423 1688 1412
f 1412 1688 1413
f 1646 1689 1647
f 1398 1134 1413
f 1690 1691 1692
f 1692 1693 1694
f 1695 1694 1693
f 1696 1697 1691
f 1698 1694 1695
f 1699 1696 1691
f 1691 1700 1699
f 1700 1701 1699
f 1702 1699 1701
f 1673 1124 1701
f 1100 1115 1673
f 1123 1701 1124
f 1665 1687 1703
f 1697 1692 1691
f 1694 1690 1692
f 1102 1115 1100
f 1123 1702 1701
f 1648 1687 1665
f 1704 1694 1698
f 1698 1705 1704
f 1421 1706 1707
f 1708 1707 1709
f 1710 1711 1712
f 1713 1711 1710
f 1714 1421 1707
f 1715 1714 1716
f 1422 1715 1716
f 1423 1422 1716
f 1423 1716 1688
f 1398 1413 1688
f 1709 1712 1711
f 1706 1709 1707
f 1711 1708 1709
f 1414 1413 1130
f 1409 1414 1130
f 1707 1716 1714
f 1710 1717 1713
f 1676 1718 1719
f 1574 22 1720
f 1720 22 1338
f 1721 688 1722
f 1723 29 1574
f 1724 1725 50
f 1725 1726 50
f 1726 331 50
f 331 330 50
f 1462 1335 815
f 1727 1728 1729
f 1728 1727 1730
f 1675 1718 1676
f 1674 407 1675
f 1654 1355 1703
f 1666 1665 1703
f 1166 1731 50
f 1732 1724 50
f 100 99 1431
f 103 90 76
f 90 100 1431
f 78 103 76
f 1424 1431 99
f 99 104 1425
f 1431 76 90
f 1425 1424 99
f 1666 1703 1355
f 374 1549 1542
f 1733 1719 1718
f 1734 1735 835
f 107 835 1735
f 644 601 550
f 628 606 554
f 550 554 606
f 560 628 554
f 549 550 601
f 601 600 549
f 553 549 629
f 552 553 629
f 606 644 550
f 1719 1733 1736
f 1175 686 688
f 558 560 554
f 600 629 549
f 1486 1481 1440
f 551 552 629
f 1496 1440 1481
f 639 1496 1481
f 1736 1733 1737
f 844 841 832
f 848 850 852
f 850 844 852
f 852 853 848
f 853 856 848
f 841 843 832
f 843 1738 832
f 851 832 1738
f 829 851 1738
f 824 829 1738
f 825 824 1734
f 835 825 1734
f 1485 104 1735
f 108 107 1735
f 1485 1433 104
f 1433 1425 104
f 104 108 1735
f 832 852 844
f 1738 1734 824
f 993 848 856
f 1739 71 1473
f 1740 1733 1718
f 994 993 855
f 995 994 855
f 1739 1741 71
f 856 855 993
f 1473 1475 1739
f 1742 74 1743
f 1484 1483 1444
f 1444 1497 1484
f 1443 1442 1483
f 1497 1504 1096
f 1430 1492 1483
f 1439 1430 1483
f 1483 1488 1439
f 1488 1487 1439
f 1487 1486 1439
f 638 639 1480
f 633 638 1480
f 1479 629 1480
f 551 629 1479
f 1481 1480 639
f 1743 71 1741
f 629 633 1480
f 74 71 1743
f 1440 1439 1486
f 1743 1741 1653
f 1442 1444 1483
f 1510 1741 1739
f 1741 1510 1653
f 538 1544 1681
f 1475 1510 1739
f 1096 1484 1497
f 74 1742 83
f 1656 1096 1506
f 1742 1653 1744
f 1504 1506 1096
f 1492 1443 1483
f 1506 1658 1657
f 1657 1656 1506
f 1653 1742 1743
f 224 251 1745
f 1746 1747 1744
f 1748 29 1723
f 1749 29 1748
f 1750 29 1749
f 1751 29 1750
f 1745 1752 225
f 225 224 1745
f 1753 1732 50
f 1754 1753 50
f 1745 1677 1679
f 538 1755 1756
f 231 225 1752
f 1757 964 1758
f 1685 1649 1651
f 962 964 1757
f 1747 1757 82
f 1747 82 83
f 298 231 1752
f 962 1757 975
f 1752 1679 1680
f 1465 1052 228
f 83 1742 1744
f 1745 1679 1752
f 1683 1759 1755
f 1752 1680 1317
f 1744 1747 83
f 1746 1757 1747
f 1760 1761 1733
f 1762 1759 1683
f 1746 975 1757
f 1763 1643 1764
f 538 1681 1755
f 1683 1755 1681
f 1765 1766 1767
f 277 298 1768
f 1765 1769 1770
f 725 686 1175
f 1771 1772 1765
f 293 277 1768
f 1773 326 328
f 1774 319 1775
f 1776 640 324
f 1777 640 1776
f 329 326 327
f 1752 1778 298
f 1779 1778 1524
f 1768 298 1778
f 1512 1766 1765
f 1768 1778 1779
f 1780 1774 1524
f 1781 1782 1783
f 1784 1785 1786
f 1786 1781 1784
f 1787 1786 1785
f 576 1783 1782
f 1782 1788 576
f 1789 1790 1788
f 1428 1789 1788
f 1788 1791 1428
f 1792 1427 1793
f 1794 326 1773
f 1775 319 326
f 1783 1784 1781
f 1795 1796 1785
f 1796 1787 1785
f 1793 1427 1791
f 1778 1317 1316
f 1790 576 1788
f 1696 1699 1114
f 1696 1114 1797
f 1175 688 1721
f 1798 1799 1800
f 1801 1798 1802
f 1799 1803 1800
f 1803 1804 1800
f 1805 1800 1804
f 1806 1807 1804
f 1804 1808 1806
f 1809 145 1810
f 565 556 559
f 1702 1123 1114
f 1800 1802 1798
f 564 559 556
f 1699 1702 1114
f 1810 1806 1808
f 1778 1752 1317
f 1807 1805 1804
f 1797 1811 1692
f 1693 1692 1811
f 1697 1696 1797
f 1398 1797 1114
f 326 1794 1524
f 1779 1524 1794
f 1692 1697 1797
f 1812 1722 1729
f 1812 1721 1722
f 196 195 193
f 1434 193 205
f 205 206 1434
f 195 207 193
f 1447 1434 211
f 203 1447 211
f 214 203 211
f 216 203 214
f 197 196 193
f 1813 197 193
f 193 189 1813
f 189 191 1813
f 191 1436 1813
f 1436 1435 1814
f 1815 1814 1435
f 1426 1791 1427
f 1428 1791 1426
f 1815 1435 1792
f 1427 1792 1435
f 1812 1729 1728
f 1814 1813 1436
f 207 205 193
f 206 211 1434
f 1811 1816 1693
f 347 201 216
f 1776 324 1780
f 1817 1777 1780
f 201 203 216
f 324 319 1774
f 1688 1716 1797
f 348 347 216
f 1774 1775 1524
f 1775 326 1524
f 1316 1384 1778
f 555 650 562
f 563 562 572
f 650 572 562
f 573 655 563
f 370 563 655
f 656 570 655
f 370 655 570
f 566 565 559
f 559 145 567
f 1809 567 145
f 147 1810 145
f 1806 1810 147
f 567 566 559
f 1374 1818 1524
f 324 1774 1780
f 556 555 562
f 562 564 556
f 572 573 563
f 1765 1767 1819
f 671 570 656
f 716 734 1820
f 671 667 569
f 671 569 570
f 1821 761 674
f 1652 1763 1822
f 667 671 668
f 1820 734 761
f 1643 1652 1627
f 641 640 1777
f 1820 761 1821
f 1695 1816 1698
f 1776 1780 1777
f 1643 1763 1652
f 1797 1716 1811
f 1524 1778 1384
f 1823 1824 1825
f 1826 1524 1818
f 1823 1744 1822
f 1827 1673 1701
f 1653 1652 1822
f 1820 407 716
f 1744 1653 1822
f 1763 1824 1822
f 1374 1373 1818
f 1828 1826 1373
f 1673 1827 1100
f 1823 1822 1824
f 1675 1820 1821
f 1524 1384 1383
f 1690 1829 1691
f 1701 1700 1827
f 1820 1675 407
f 1374 1524 1372
f 1383 1392 1524
f 1691 1829 1700
f 1817 1828 1830
f 1694 1831 1690
f 1829 1690 1831
f 1818 1373 1826
f 1780 1524 1826
f 1780 1826 1828
f 1780 1828 1817
f 1817 1830 1832
f 1821 674 1740
f 1768 1779 293
f 1773 328 293
f 1779 1794 293
f 1773 293 1794
f 143 1833 144
f 1175 1721 1180
f 1821 1740 1675
f 1721 1812 1834
f 1740 1718 1675
f 1721 1834 1180
f 1737 1761 1835
f 1836 1812 1728
f 117 1837 1838
f 1733 1740 1760
f 1647 1839 1687
f 117 1838 1029
f 1761 1737 1733
f 674 1840 1740
f 1703 1841 1654
f 1141 975 1746
f 1842 1141 1746
f 1842 1746 1843
f 1740 1840 1760
f 1655 1654 1844
f 1744 1843 1746
f 1839 1845 1687
f 1203 1142 1141
f 1825 1846 1842
f 1843 1744 1823
f 1843 1823 1825
f 1842 1843 1825
f 1846 1141 1842
f 1846 1203 1141
f 1847 1848 117
f 1462 815 1463
f 1490 1489 117
f 1466 820 817
f 117 1848 1490
f 240 239 809
f 1334 241 809
f 1833 1849 144
f 1850 1851 883
f 1561 1560 1852
f 228 229 1465
f 1852 1560 1853
f 1812 1836 1834
f 240 809 241
f 1560 1577 1853
f 1853 1577 1854
f 1191 1197 883
f 1855 883 1851
f 1579 1856 1530
f 1850 883 1197
f 1577 1530 1854
f 1855 1857 883
f 887 883 1857
f 1856 1854 1530
f 1851 1850 1858
f 1851 1858 1855
f 1857 1855 1858
f 1579 1581 1856
f 901 1190 1189
f 1678 1581 1580
f 1859 1190 901
f 897 1859 901
f 1466 1465 820
f 899 1858 897
f 1858 1859 897
f 1857 1858 887
f 899 887 1858
f 899 888 887
f 1334 817 241
f 899 889 888
f 1054 1463 237
f 1704 1831 1694
f 229 820 1465
f 881 1330 242
f 141 242 1330
f 1860 141 1330
f 1861 47 1860
f 1038 5 8
f 1330 8 42
f 1860 42 44
f 42 1860 1330
f 1862 1860 51
f 1863 1864 1849
f 1865 1836 1728
f 1861 45 47
f 47 883 1860
f 1861 1860 1862
f 44 51 1860
f 1862 51 1049
f 51 31 1049
f 23 45 24
f 1861 24 45
f 1866 1863 1849
f 1760 1840 1867
f 1835 1867 1868
f 1761 1760 1867
f 1557 29 1555
f 1745 1678 1677
f 1166 50 1164
f 1731 1754 50
f 1761 1867 1835
f 1301 50 1302
f 243 50 1301
f 545 1471 1302
f 1321 1305 1309
f 1869 1870 385
f 1727 1871 1730
f 1471 1307 1302
f 1867 745 1868
f 1322 1321 1309
f 1323 1322 1309
f 1872 1309 1302
f 385 1461 1869
f 673 694 1840
f 1310 1323 1309
f 1304 1302 1309
f 1567 1871 1104
f 1840 674 673
f 1873 1730 1871
f 1305 1304 1309
f 1873 1871 1567
f 1870 1874 383
f 1567 1104 1568
f 1104 1103 1568
f 1467 1468 50
f 1302 50 1468
f 1470 1302 1468
f 1307 1872 1302
f 1730 1865 1728
f 383 385 1870
f 545 1302 1470
f 1867 694 740
f 1867 1840 694
f 740 745 1867
f 258 1472 1469
f 685 50 1469
f 1873 1865 1730
f 1751 1555 29
f 1557 1558 29
f 1567 1569 1873
f 1558 1562 29
f 1562 1563 29
f 1868 745 822
f 342 1874 343
f 29 1566 252
f 1865 1873 1569
f 1563 1566 29
f 48 32 28
f 48 28 49
f 1868 822 1080
f 42 8 13
f 1103 1570 1568
f 1875 1876 13
f 42 13 1876
f 1876 1877 42
f 1868 1080 1086
f 42 1877 1878
f 1875 13 1879
f 1879 13 1880
f 342 383 1874
f 1881 20 1882
f 20 41 1883
f 20 1883 1882
f 1878 1884 42
f 41 42 1884
f 1881 1885 20
f 21 20 1885
f 1772 1771 901
f 1880 13 1886
f 12 1887 13
f 1886 13 1887
f 901 1771 902
f 12 11 1888
f 1888 11 1889
f 1890 1891 1892
f 341 343 1893
f 1889 11 1894
f 21 1895 11
f 1894 11 1895
f 1772 901 1199
f 109 95 39
f 4 39 95
f 94 96 4
f 1199 901 1896
f 3 40 4
f 1890 1897 1736
f 1189 1896 901
f 1898 1891 1899
f 1900 1870 1869
f 24 1861 1049
f 1862 1049 1861
f 1893 1901 391
f 1902 1903 227
f 1903 1904 227
f 47 227 1904
f 1904 1905 47
f 1906 1907 47
f 1908 1909 47
f 47 1910 1911
f 1912 47 1911
f 1912 1913 47
f 1914 1915 1916
f 1911 1917 1918
f 1916 1919 1920
f 1921 1890 1736
f 1890 1921 1891
f 1922 1923 1924
f 1925 1924 1923
f 1920 1925 1923
f 1926 1922 1924
f 1924 1927 1926
f 1928 1926 1927
f 1418 1417 1929
f 1917 1911 1930
f 1769 902 1770
f 1915 1914 1917
f 1910 1930 1911
f 1418 1929 1931
f 1932 902 1771
f 902 1932 1770
f 1919 1916 1915
f 1925 1920 1919
f 902 1769 929
f 1769 1933 929
f 1498 1418 1931
f 1918 1917 1914
f 1933 925 929
f 1819 925 1933
f 1934 1935 1936
f 1931 1689 1498
f 1903 1937 1904
f 1819 926 925
f 391 341 1893
f 1180 1834 1938
f 1353 1180 1938
f 1852 1874 1870
f 1836 1939 1834
f 1853 343 1874
f 1874 1852 1853
f 1899 1737 1940
f 251 1901 1745
f 1921 1736 1737
f 250 391 1901
f 1899 1921 1737
f 1854 1893 343
f 1893 1856 1901
f 1901 251 250
f 1854 343 1853
f 1921 1899 1891
f 1898 1899 1941
f 1901 1856 1581
f 1893 1854 1856
f 1901 1581 1678
f 1898 1941 1942
f 1000 999 374
f 1678 1745 1901
f 1526 999 846
f 115 1943 1944
f 999 905 846
f 114 1943 115
f 999 1248 912
f 1276 999 1277
f 1945 1946 1947
f 1948 1947 1946
f 1947 1450 1449
f 1946 1949 1948
f 1950 1948 1949
f 1951 1448 1450
f 1952 1951 1450
f 1450 1953 1952
f 1951 1952 1402
f 1402 1523 1951
f 1449 1945 1947
f 1942 1954 1955
f 1952 1370 1402
f 1353 1169 1180
f 1448 1951 1523
f 1523 246 1449
f 1945 1449 246
f 1956 1955 1957
f 1449 1448 1523
f 1958 1954 1959
f 1960 246 1523
f 1946 1945 246
f 1938 1834 1939
f 1523 1482 1961
f 1962 1963 1964
f 1965 1966 1967
f 1967 1963 1962
f 1968 1903 1963
f 1963 1967 1966
f 1964 1963 1903
f 1937 1903 1968
f 1969 1970 1949
f 1970 1950 1949
f 1949 1946 246
f 1971 1491 1972
f 1965 1971 1966
f 1965 1491 1971
f 1969 1949 246
f 1491 1973 1972
f 1974 1975 1976
f 1976 1975 1973
f 1977 1456 1961
f 1978 1979 1961
f 1979 1980 1961
f 1446 1978 1476
f 1961 1482 1978
f 1981 1523 1961
f 1476 1978 1482
f 1974 1982 1983
f 1523 1981 1984
f 1975 1974 1983
f 174 246 176
f 1985 1983 1982
f 1980 1977 1961
f 1972 1973 1975
f 1984 1960 1523
f 1927 1936 1935
f 176 246 1960
f 1928 1927 1935
f 898 910 1986
f 246 174 172
f 172 165 246
f 898 1986 1987
f 1988 1989 1990
f 1991 1934 1936
f 1934 1991 1992
f 1991 1988 1992
f 1990 1992 1988
f 900 898 1987
f 917 1993 1012
f 246 164 386
f 1012 1382 1013
f 1953 1371 1952
f 1942 1941 1954
f 1993 1958 1012
f 1955 1954 1958
f 1955 1958 1993
f 1994 1941 1940
f 1899 1940 1941
f 1959 1941 1994
f 1941 1959 1954
f 169 386 164
f 446 1986 447
f 1868 1086 1995
f 1996 1835 1868
f 1987 1986 446
f 1996 1868 1995
f 446 445 1987
f 1987 445 1997
f 1998 1086 1084
f 378 1999 2000
f 2001 2002 1989
f 2002 1990 1989
f 2003 883 2004
f 891 2004 883
f 892 883 2003
f 1987 1997 900
f 2002 2001 2005
f 900 1997 913
f 2006 2007 2008
f 2009 2005 2010
f 509 891 890
f 913 509 890
f 2001 2010 2005
f 913 1997 509
f 2007 2006 2011
f 2011 2009 2010
f 1689 1646 1498
f 999 1527 1277
f 2009 2011 2006
f 1543 2012 1929
f 386 169 168
f 2013 1836 1865
f 1417 1538 1543
f 1836 2013 1939
f 2008 2007 2014
f 1417 1543 1929
f 1667 1865 1569
f 2012 2015 1931
f 2016 2013 1865
f 2016 1865 1667
f 1982 2017 2018
f 1985 1982 2018
f 1931 1929 2012
f 1667 1569 345
f 378 361 1999
f 1931 2015 1689
f 2007 2019 2014
f 1943 2014 2019
f 2020 2021 2019
f 1943 2019 2021
f 1569 1573 345
f 1689 2015 2022
f 2021 2020 2017
f 2020 2018 2017
f 1939 2013 810
f 141 1860 883
f 2023 2024 47
f 2025 2026 47
f 2027 2028 47
f 2023 47 2029
f 179 378 2000
f 168 379 386
f 810 2013 2016
f 2000 386 179
f 996 991 1498
f 2016 1667 344
f 344 810 2016
f 1008 1655 1844
f 1999 361 2030
f 1573 346 345
f 632 359 2031
f 1008 2032 2033
f 2023 2029 2034
f 361 632 2030
f 2004 891 509
f 2004 509 2035
f 632 2031 2030
f 2029 47 1913
f 458 1997 445
f 2029 1913 2034
f 1912 1918 1913
f 2036 2034 1918
f 1970 1969 2037
f 2038 2037 1969
f 2039 892 2003
f 246 2040 1969
f 2038 1969 2040
f 2035 2039 2003
f 2035 2003 2004
f 2041 386 2000
f 2042 2043 1914
f 2040 246 386
f 1997 458 509
f 2040 386 2041
f 1918 1912 1911
f 480 478 2044
f 452 451 2045
f 2045 451 480
f 478 455 2046
f 2034 1913 1918
f 2047 1999 2030
f 2043 2036 1918
f 2048 2000 1999
f 2048 2041 2000
f 2043 1918 1914
f 458 471 509
f 509 450 452
f 509 452 2045
f 509 2045 2035
f 1916 1170 2042
f 2033 1004 1008
f 480 2044 2039
f 2035 2045 480
f 2035 480 2039
f 1914 1916 2042
f 1864 2049 2050
f 2051 2039 2044
f 1916 1920 1170
f 1004 2033 1007
f 2050 2052 1864
f 1864 2052 1849
f 920 2053 903
f 2054 1007 2033
f 904 903 2053
f 2054 1010 1007
f 2055 2047 2030
f 904 2053 2056
f 2057 1011 2054
f 1928 1202 1201
f 1928 1201 1926
f 1201 1200 1926
f 2052 2058 1849
f 1200 1922 1926
f 1011 1010 2054
f 1698 1816 1705
f 2059 1011 2057
f 2053 2060 2056
f 1200 1923 1922
f 2056 910 904
f 2061 1831 1705
f 1704 1705 1831
f 1831 2061 2049
f 1920 1923 2062
f 2063 2053 2064
f 1174 2059 2065
f 910 2056 1986
f 1170 1920 2062
f 2049 2061 2066
f 612 2064 609
f 2049 2066 2050
f 1008 1844 2032
f 612 548 2064
f 541 2060 548
f 2040 2067 2038
f 2063 2064 548
f 1995 1086 1998
f 2060 2063 548
f 2054 2068 2069
f 2060 541 447
f 2068 2033 2032
f 1998 1084 1087
f 2060 2053 2063
f 2033 2068 2054
f 2056 2060 447
f 1737 1835 1996
f 447 1986 2056
f 1994 1995 1998
f 927 957 2070
f 1996 1995 1940
f 1940 1737 1996
f 927 2070 2071
f 2072 2054 2069
f 1940 1995 1994
f 1994 1998 1959
f 1998 2073 1959
f 540 537 441
f 1381 1958 1959
f 2074 1935 1934
f 2074 1202 1935
f 1202 1928 1935
f 440 540 441
f 1381 1012 1958
f 2073 1381 1959
f 2075 2073 1087
f 2076 920 2077
f 930 927 2071
f 930 2071 2077
f 2078 1917 1930
f 2079 2078 1930
f 2055 2030 2031
f 2080 1915 1917
f 2077 920 930
f 2078 2080 1917
f 2081 1516 608
f 2081 2082 1516
f 2031 2083 2055
f 2082 2081 2070
f 1915 2080 2084
f 920 2076 2053
f 607 2085 608
f 2081 608 2085
f 2085 607 609
f 2086 47 1909
f 2087 47 2088
f 2086 2088 47
f 1910 47 2087
f 1909 1908 2089
f 609 2090 2085
f 2089 762 2091
f 2091 767 2089
f 2086 1909 2089
f 609 2064 2090
f 2092 2093 537
f 2081 2085 2070
f 2089 2094 2086
f 2088 2086 2094
f 2091 764 767
f 767 766 2095
f 767 2095 2089
f 441 2093 2096
f 441 537 2093
f 1930 1910 2097
f 2087 2097 1910
f 441 2096 1264
f 2087 2088 2097
f 2094 2097 2088
f 2071 2070 2085
f 2085 2077 2071
f 2095 777 2098
f 777 2099 2098
f 2095 2098 2089
f 441 1264 1260
f 2076 2077 2064
f 2100 2089 2098
f 2101 2089 2100
f 2102 2094 2101
f 2089 2101 2094
f 2102 2103 2094
f 2077 2085 2090
f 1930 2097 2079
f 2090 2064 2077
f 2099 2104 2098
f 2100 2098 2104
f 2105 2106 2101
f 2076 2064 2053
f 2107 883 2108
f 893 2108 883
f 2109 883 2107
f 894 883 2109
f 2110 2094 2111
f 2103 2111 2094
f 2112 2108 893
f 2097 2094 2110
f 2039 2112 893
f 2039 893 892
f 2051 2113 2039
f 2114 2109 2107
f 2107 2108 2114
f 2112 2114 2108
f 1915 2084 1919
f 1925 1919 2084
f 894 2109 2114
f 2072 2057 2054
f 2051 2044 478
f 1925 2084 2115
f 2032 2116 2117
f 2112 2039 2113
f 1924 1925 2115
f 2046 455 454
f 2046 2113 478
f 2113 2051 478
f 453 487 486
f 2046 454 2112
f 2113 2046 2112
f 454 453 2112
f 1924 2115 2118
f 486 2114 453
f 2112 453 2114
f 1006 2119 986
f 988 486 485
f 981 980 2114
f 981 2114 988
f 486 988 2114
f 2114 980 986
f 1382 2120 2121
f 2114 986 2119
f 2120 1382 1381
f 1095 2119 1006
f 2121 1364 1382
f 1998 1087 2073
f 2114 932 894
f 895 894 932
f 2057 2072 2059
f 932 2114 2119
f 931 932 2122
f 2119 2122 932
f 2032 2117 2068
f 933 931 2122
f 1381 2073 2075
f 2120 1381 2075
f 933 2122 1358
f 117 2123 1847
f 2124 2125 1759
f 1684 2126 2124
f 117 1944 2127
f 937 933 1358
f 1098 2119 1095
f 1099 2122 2119
f 2119 1098 1099
f 1924 2118 2128
f 937 1358 1357
f 1357 939 937
f 1927 1924 2128
f 2122 1099 1105
f 1011 2059 1174
f 2125 1756 1755
f 2043 2028 2027
f 2043 2042 2028
f 2065 2129 2130
f 2059 2072 2129
f 2131 2124 2126
f 2129 2065 2059
f 547 2132 2133
f 1755 1759 2125
f 1582 1585 2130
f 2065 2130 1585
f 2134 1583 2130
f 1582 2130 1583
f 359 2135 2031
f 2028 2136 47
f 883 47 2136
f 2136 1172 883
f 1172 1168 883
f 57 1151 162
f 1152 281 1152
f 1172 2136 1170
f 281 1151 1152
f 281 162 1151
f 1152 1152 1151
f 1199 1171 1200
f 162 161 57
f 744 743 281
f 1171 1190 1859
f 1199 1896 1171
f 1583 2134 1584
f 34 2137 1161
f 2138 2139 2137
f 1199 1765 1772
f 2140 1765 1199
f 1165 1176 1754
f 1753 1754 1176
f 1932 1765 1770
f 1176 1173 1753
f 320 1668 281
f 2141 1588 2134
f 1584 2134 1588
f 1927 2128 2142
f 2143 396 657
f 670 2143 657
f 2139 2143 670
f 2139 670 414
f 2142 1936 1927
f 2139 414 419
f 1589 1185 1587
f 2139 419 2137
f 1936 2142 2144
f 34 1161 35
f 1165 1754 1731
f 1731 1166 1165
f 2115 2145 2118
f 2137 419 417
f 417 1161 2137
f 2141 1591 1590
f 1590 1588 2141
f 1932 1771 1765
f 2138 2137 34
f 2141 1602 1642
f 1596 1594 2134
f 2141 2134 1602
f 1593 1602 2134
f 2065 1177 1174
f 1585 1586 2065
f 1187 1177 1586
f 423 2146 2147
f 2065 1586 1177
f 422 474 2146
f 2146 423 422
f 2147 2148 437
f 2138 34 54
f 437 423 2147
f 2149 437 2148
f 508 437 2149
f 1358 2122 1105
f 1184 1587 1181
f 2150 2151 2147
f 2146 2150 2147
f 2152 2148 2151
f 538 1756 536
f 2147 2151 2148
f 1841 2153 2154
f 1841 2154 2155
f 687 1756 2125
f 1686 1991 2144
f 1105 1107 1358
f 2128 2118 2145
f 1107 1106 1358
f 2145 362 2128
f 1991 1936 2144
f 2144 2142 398
f 398 1686 2144
f 677 536 2156
f 2128 362 2142
f 2142 362 398
f 1756 2156 536
f 1686 420 1674
f 2157 1357 1106
f 2158 2131 2126
f 1906 47 2159
f 2160 47 1907
f 2161 47 2160
f 1908 47 2161
f 1905 2159 47
f 1907 1906 2162
f 687 2125 2163
f 2159 2164 1906
f 1385 1415 2157
f 2161 2160 2165
f 2162 2165 2160
f 2162 2160 1907
f 2125 2124 2163
f 2157 1106 1354
f 768 773 812
f 769 768 812
f 2166 2164 812
f 2162 2166 2167
f 1385 2157 1354
f 2162 2167 2168
f 2162 2168 2165
f 2165 2089 2161
f 1908 2161 2089
f 1756 687 2156
f 2168 2167 773
f 2167 2166 773
f 2166 812 773
f 2169 813 812
f 773 764 2168
f 777 2095 766
f 762 764 2091
f 765 2168 764
f 2164 2170 2169
f 677 2092 537
f 2169 812 2164
f 2168 765 2165
f 2165 765 763
f 2089 2165 762
f 763 762 2165
f 537 536 677
f 2159 1905 2164
f 2171 1905 1904
f 1937 2171 1904
f 2172 2116 2173
f 2162 1906 2164
f 2170 818 813
f 2170 813 2169
f 648 643 2174
f 751 750 2175
f 2176 2175 750
f 750 2177 2176
f 2178 2176 2177
f 2174 2178 2179
f 2180 2181 643
f 641 2180 643
f 1832 2180 1817
f 641 1817 2180
f 2181 2174 643
f 641 1777 1817
f 1839 1689 2022
f 2182 2183 2184
f 770 2185 2186
f 2185 770 818
f 1832 2187 2174
f 2178 2174 2187
f 2164 2186 2185
f 677 2156 678
f 2164 2185 818
f 2170 2164 818
f 686 678 2156
f 2164 2166 2162
f 686 2156 687
f 1647 1689 1839
f 1344 1075 289
f 1968 1963 2188
f 2189 2188 1963
f 727 726 289
f 2163 2131 1722
f 1703 1845 2153
f 688 687 2163
f 753 727 289
f 733 1344 289
f 1968 2188 2171
f 688 2163 1722
f 1845 1703 1687
f 718 733 289
f 753 289 803
f 1703 2153 1841
f 289 1075 213
f 1654 1841 2155
f 213 448 289
f 871 2190 1507
f 1816 2066 2061
f 2191 2066 1816
f 1695 1693 1816
f 1797 1398 1688
f 1905 2171 2164
f 1937 1968 2171
f 2179 648 2174
f 2181 2180 1832
f 2174 2181 1832
f 2190 2188 2189
f 2176 2178 2187
f 2190 871 886
f 2192 752 2175
f 752 751 2175
f 2175 2176 2187
f 836 2186 837
f 2190 886 837
f 1654 2155 2173
f 2193 2190 837
f 2194 2192 2187
f 2175 2187 2192
f 2193 837 2186
f 2186 836 770
f 1370 1952 1371
f 1401 1400 1438
f 1438 1830 1401
f 1388 1401 1828
f 1397 1388 1828
f 1654 2173 1844
f 1437 1832 1438
f 1373 1397 1828
f 1832 1830 1438
f 2173 2116 1844
f 1832 1437 1371
f 1844 2116 2032
f 1830 1828 1401
f 1193 2195 1261
f 2193 2188 2190
f 1371 1953 1832
f 1450 2187 1953
f 2196 1845 2197
f 2188 2193 2186
f 1194 1193 1261
f 1839 2197 1845
f 2188 2186 2171
f 2187 1450 1947
f 1261 1218 1196
f 1832 1953 2187
f 2171 2186 2164
f 1948 2187 1947
f 1957 1955 1993
f 2153 2196 2154
f 1950 2067 1948
f 2187 1948 2067
f 631 648 2179
f 750 631 2177
f 2198 916 918
f 1845 2196 2153
f 2177 2179 2178
f 2198 918 923
f 2179 2177 631
f 751 730 750
f 2199 227 1325
f 2200 2201 2202
f 2203 227 2199
f 30 614 227
f 2204 227 2203
f 2205 2203 2199
f 1964 2206 2205
f 227 2206 1902
f 227 2204 2207
f 2203 2205 2204
f 2204 2205 2207
f 2205 2208 1967
f 2206 1964 1902
f 1902 1964 1903
f 2061 1705 1816
f 2206 227 2207
f 2207 2205 2206
f 845 849 2209
f 1950 1970 2067
f 2205 1962 1964
f 1714 1411 1421
f 2205 1967 1962
f 2210 2211 2212
f 1715 1422 1411
f 1714 1715 1411
f 431 2212 2201
f 2208 1965 1967
f 2208 2213 1965
f 1420 842 1709
f 1712 1709 842
f 1706 1421 1420
f 1709 1706 1420
f 2214 1963 1966
f 1963 2214 2189
f 2201 2200 431
f 842 845 1712
f 1710 1712 845
f 2200 405 431
f 2037 2038 2067
f 872 1507 2214
f 2041 2215 2067
f 2214 1507 2190
f 2190 2189 2214
f 1415 1390 1419
f 2209 1717 845
f 1971 1972 2216
f 1432 1204 2217
f 1420 1735 1734
f 1971 2216 2218
f 1204 954 2217
f 1420 1485 1735
f 1429 1432 2217
f 1970 2037 2067
f 1738 842 1734
f 2067 2040 2041
f 1966 1971 2218
f 845 844 850
f 952 2219 1429
f 2041 2048 2220
f 1738 843 842
f 1420 1734 842
f 1966 2218 2214
f 2041 2220 2215
f 842 841 845
f 2217 952 1429
f 2198 923 1501
f 845 850 849
f 1419 1386 2219
f 1386 1429 2219
f 2220 2048 2221
f 2216 2198 1501
f 1027 1204 1203
f 2217 954 952
f 1707 1708 1811
f 2067 2194 2187
f 752 2192 2222
f 2223 2222 2192
f 1707 1811 1716
f 2223 2192 2194
f 1499 873 872
f 2224 2067 2215
f 1711 1816 1708
f 1816 1811 1708
f 1027 1203 1846
f 1713 1816 1711
f 2067 2224 2194
f 2216 1501 1503
f 2218 2216 1503
f 1503 1499 2218
f 1352 935 1207
f 872 2218 1499
f 2225 2220 2221
f 2218 872 2214
f 2226 2215 2220
f 2226 2224 2215
f 2226 2220 2225
f 935 940 1207
f 1491 2213 2227
f 1491 1490 1973
f 2228 2229 2230
f 1848 1973 1490
f 2231 2232 2230
f 2172 2155 2154
f 2149 2148 2152
f 730 752 2222
f 2222 2223 730
f 1352 936 935
f 2191 2233 2050
f 1351 30 2234
f 936 1352 2234
f 1351 2234 1352
f 2223 2194 730
f 2050 2066 2191
f 2235 1207 943
f 2194 2224 736
f 1207 940 943
f 2233 2236 2052
f 2234 30 2237
f 2234 2237 936
f 2237 30 896
f 2237 896 936
f 2233 2052 2050
f 2238 946 1539
f 1540 949 955
f 1539 949 1540
f 946 949 1539
f 491 484 2239
f 2240 488 491
f 495 490 489
f 2241 496 495
f 501 496 2241
f 2238 953 946
f 1408 953 2238
f 2058 2236 2228
f 491 2239 2242
f 614 630 2243
f 2242 2244 489
f 495 489 2244
f 2243 948 953
f 489 488 2240
f 2240 491 2242
f 489 2240 2242
f 1406 2243 953
f 2243 2235 948
f 2235 943 948
f 942 1357 2157
f 2191 997 2233
f 942 939 1357
f 942 2157 1415
f 947 942 1415
f 2245 2246 2241
f 944 947 1415
f 944 1415 1419
f 2245 2241 2247
f 2248 2228 2230
f 2172 661 2116
f 944 1419 945
f 2173 2155 2172
f 2249 2058 2228
f 945 1419 2219
f 945 2219 952
f 502 2241 2246
f 501 2241 502
f 1491 1965 2213
f 997 2236 2233
f 2227 1489 1491
f 1767 956 1819
f 1766 959 1767
f 959 956 1767
f 1973 1848 1976
f 1848 1847 1976
f 1847 1974 1976
f 959 1513 960
f 1982 1974 1847
f 132 960 1513
f 1983 1985 2250
f 2251 669 2197
f 1819 956 926
f 1975 2252 2253
f 1766 1512 959
f 1983 2250 2252
f 2197 669 2196
f 1975 1983 2252
f 957 958 2254
f 2070 957 2254
f 2252 2250 916
f 992 2228 2236
f 2254 2255 1521
f 1975 2253 2216
f 2228 992 2256
f 2246 2245 2257
f 2172 2154 645
f 2245 2247 2257
f 2246 2257 474
f 502 2246 474
f 2247 474 2257
f 2082 1521 1516
f 1713 1717 1816
f 406 402 404
f 663 2196 669
f 1972 1975 2216
f 2191 1816 2209
f 2258 2210 2259
f 2196 663 2154
f 2260 2210 431
f 646 645 2154
f 2231 1871 2261
f 2172 645 649
f 2259 2210 2260
f 916 1993 917
f 1871 1727 2261
f 2260 431 2262
f 431 432 2262
f 2252 916 2198
f 2252 2198 2253
f 2210 2182 2211
f 2253 2198 2216
f 2263 1104 1871
f 2264 1512 1765
f 663 646 2154
f 1765 1990 2264
f 2212 431 2210
f 2140 1992 1990
f 2074 1992 2140
f 1765 2140 1990
f 1992 2074 1934
f 1209 1218 2258
f 1686 2265 1991
f 1209 2258 2259
f 2265 1988 1991
f 1674 2265 1686
f 2172 649 651
f 2209 849 997
f 2172 651 661
f 2264 2266 1512
f 849 869 997
f 2209 997 2191
f 992 2236 997
f 2002 2005 2267
f 2266 2002 2267
f 2012 1543 2268
f 992 868 2256
f 2268 2269 2012
f 1710 845 1717
f 2209 1816 1717
f 2146 474 2247
f 2015 2012 2269
f 2241 495 2244
f 2251 2022 2269
f 2270 2247 2244
f 2241 2244 2247
f 2022 2015 2269
f 142 144 2271
f 2244 2272 2273
f 2274 142 2271
f 2244 2273 2270
f 2270 2150 2146
f 2271 2275 2274
f 2276 2274 2275
f 2197 1839 2251
f 2244 2277 2272
f 157 2278 2242
f 2268 1548 779
f 2242 2278 2244
f 2247 2270 2146
f 154 2279 2277
f 2279 2280 2277
f 2278 155 2277
f 2254 1521 2082
f 2242 158 157
f 2082 2070 2254
f 1650 1649 2275
f 157 155 2278
f 2277 2244 2278
f 132 965 960
f 132 131 965
f 2281 2270 2273
f 965 131 966
f 2282 2283 2270
f 2281 2282 2270
f 736 730 2194
f 2270 2284 2285
f 1651 2126 1684
f 2226 747 2224
f 1684 2124 1759
f 2285 2150 2270
f 2224 747 736
f 1759 1762 1684
f 2286 2287 2288
f 1762 1685 1684
f 796 747 2226
f 2288 2287 2289
f 2225 796 2226
f 2225 797 796
f 759 2289 2290
f 759 2290 2291
f 2292 759 2291
f 1651 2293 2126
f 675 2294 2295
f 1650 2293 1651
f 2286 508 2149
f 508 2286 2288
f 95 1877 1876
f 2055 2296 2297
f 2298 508 2288
f 2275 2299 1650
f 2275 2271 2299
f 2288 2289 2298
f 720 2298 2289
f 721 759 2292
f 759 720 2289
f 1280 1574 1720
f 1280 1720 1338
f 2292 2294 734
f 2259 2260 1210
f 1336 1277 1749
f 2266 2264 2002
f 2259 1210 1209
f 2264 1990 2002
f 1527 1564 1277
f 1210 2260 2262
f 1989 1988 2265
f 1328 1210 2262
f 1989 2265 2300
f 1749 1748 1336
f 1279 1336 1723
f 481 183 1225
f 2001 1989 2300
f 482 183 481
f 482 510 183
f 2265 1674 1676
f 1280 1279 1574
f 1723 1574 1279
f 2001 2300 1897
f 2262 432 1328
f 2001 1897 1890
f 734 721 2292
f 2228 2248 2249
f 130 966 131
f 761 2294 675
f 761 734 2294
f 2230 2232 2299
f 967 2301 2302
f 2303 2248 2230
f 2152 2287 2286
f 2149 2152 2286
f 2230 2299 2303
f 967 1024 2301
f 2236 2058 2052
f 2289 2287 2290
f 968 967 2302
f 968 2302 2255
f 144 2249 2248
f 2304 210 299
f 1849 2058 2249
f 2249 144 1849
f 150 149 299
f 2255 958 968
f 2303 2299 2271
f 2255 2254 958
f 2152 2305 2287
f 2248 2303 144
f 2303 2271 144
f 1643 2306 1764
f 1643 1610 2306
f 2292 2291 2307
f 1610 2308 2306
f 2304 299 2309
f 1610 1522 2308
f 1522 1521 2308
f 2302 2301 2306
f 2306 2308 2255
f 2309 299 149
f 2294 2307 2295
f 54 84 2310
f 2232 2293 1650
f 2299 2232 1650
f 2311 2310 84
f 2232 2231 2261
f 2292 2307 2294
f 2312 2313 2314
f 547 2133 542
f 2314 2310 2312
f 2138 54 2310
f 2126 2293 2158
f 547 209 2132
f 374 1542 1541
f 2315 2132 209
f 1541 1000 374
f 2315 209 208
f 1526 374 999
f 208 210 2304
f 999 908 905
f 2163 2124 2131
f 2316 963 1268
f 963 2316 2317
f 2300 2265 1676
f 964 2311 1758
f 2232 2261 2158
f 82 1757 1758
f 2293 2232 2158
f 2311 2312 2310
f 1736 1897 2300
f 2300 1676 1719
f 2300 1719 1736
f 2158 1729 2131
f 2318 2319 2320
f 1758 2311 84
f 2321 2320 2309
f 1729 1722 2131
f 2322 2311 964
f 2306 2255 2302
f 2261 1727 2158
f 116 2323 2009
f 1727 1729 2158
f 1521 2255 2308
f 116 2006 2008
f 2006 116 2009
f 966 130 973
f 971 973 130
f 123 971 130
f 2323 2005 2009
f 123 122 971
f 2323 2267 2005
f 2010 2001 1890
f 970 972 2324
f 970 2325 974
f 2010 1890 1892
f 2007 1891 1898
f 1723 1336 1748
f 1825 2326 1846
f 1892 2011 2010
f 1892 1891 2011
f 2007 2011 1891
f 2007 1898 1942
f 1024 2325 2301
f 2007 1942 2019
f 2325 1024 974
f 2228 2256 2229
f 2230 2229 2263
f 1943 2021 1944
f 114 2014 1943
f 1764 2324 1824
f 1764 1824 1763
f 2263 2231 2230
f 116 2008 2014
f 114 116 2014
f 1758 84 82
f 1942 1956 2019
f 2020 2019 1956
f 2263 1871 2231
f 2327 2328 2319
f 2263 2229 1104
f 630 30 2329
f 2018 2250 1985
f 2256 1104 2229
f 1957 1993 916
f 1957 916 2250
f 868 1104 2256
f 1942 1955 1956
f 1207 2235 2330
f 1956 1957 2020
f 2020 1957 2018
f 1957 2250 2018
f 2329 2330 2235
f 281 1344 749
f 2123 1982 1847
f 117 2127 2123
f 1825 1824 2324
f 2123 2127 2017
f 970 1764 2325
f 2123 2017 1982
f 117 115 1944
f 970 2324 1764
f 1344 1150 1153
f 2301 2325 1764
f 2306 2301 1764
f 2127 2021 2017
f 2127 1944 2021
f 2025 2024 2036
f 2034 2036 2024
f 2036 2043 2025
f 117 1029 118
f 95 1876 1875
f 2136 2028 2042
f 2024 2023 2034
f 1173 1724 1732
f 1838 1837 1029
f 2136 2042 1170
f 122 1030 971
f 1030 122 121
f 1029 1030 121
f 1029 121 118
f 2326 972 1028
f 2326 2324 972
f 2251 1839 2022
f 1027 954 1204
f 1028 1027 1846
f 1846 2326 1028
f 2269 778 782
f 1825 2324 2326
f 778 2268 779
f 1726 1725 332
f 14 1888 1889
f 2268 778 2269
f 1725 1724 332
f 794 2269 782
f 1173 332 1724
f 331 1726 332
f 2047 2048 1999
f 2269 794 2251
f 794 799 2251
f 2297 2047 2055
f 2331 2332 1226
f 2221 2048 2047
f 2047 2297 2221
f 1362 1308 2332
f 799 669 2251
f 1290 1226 2332
f 1308 1290 2332
f 2333 2133 2328
f 2328 2315 2319
f 2318 2327 2319
f 1144 1076 1344
f 1408 1489 2227
f 1145 1144 1344
f 2083 2031 2135
f 1150 1344 1152
f 281 1152 1344
f 2334 2117 2335
f 2320 2319 2309
f 2336 2143 2337
f 2336 2338 2135
f 2132 2328 2133
f 2339 2340 304
f 394 2135 359
f 2319 2315 208
f 138 137 547
f 209 137 2339
f 2328 2132 2315
f 2135 394 2336
f 137 209 547
f 2319 208 2304
f 2339 304 209
f 394 396 2336
f 2304 2309 2319
f 2336 396 2143
f 1732 1753 1173
f 1489 2238 1539
f 2321 2309 2341
f 162 281 1668
f 2117 2334 2068
f 1408 2238 1489
f 1668 163 162
f 2342 2321 2341
f 323 336 161
f 2334 2343 2069
f 749 744 281
f 281 743 737
f 2344 2342 2341
f 2334 2069 2068
f 2135 2338 2083
f 2341 148 316
f 2341 316 2345
f 2343 2346 2072
f 2347 2184 2345
f 2338 2336 2337
f 2344 2341 2345
f 323 333 336
f 2296 2055 2083
f 2343 2072 2069
f 353 354 138
f 2341 2309 149
f 2184 2344 2345
f 2348 2083 2338
f 2129 2072 2346
f 148 2341 149
f 2348 2296 2083
f 661 2335 2117
f 661 2117 2116
f 2337 2349 2338
f 661 654 2335
f 289 719 718
f 2338 2349 2348
f 2350 2334 2335
f 2351 2182 2347
f 1837 117 1489
f 2352 2343 2350
f 2337 2143 2353
f 2313 2143 2139
f 2182 2184 2347
f 2143 2313 2353
f 2334 2350 2343
f 2354 1026 1837
f 2355 2346 2352
f 1837 1025 1029
f 1837 1026 1025
f 2354 1033 1026
f 1540 1033 2354
f 1540 955 1033
f 2313 2139 2314
f 2314 2139 2138
f 2343 2352 2346
f 1284 1281 2356
f 2337 2353 2349
f 2312 2353 2313
f 2353 2312 2349
f 2138 2310 2314
f 2350 877 2352
f 1205 2330 30
f 1408 424 425
f 2329 30 2330
f 2330 1205 1207
f 425 426 1408
f 1406 1408 426
f 2243 1406 614
f 337 2357 2358
f 1171 1923 1200
f 2235 2243 630
f 2357 337 339
f 1171 2062 1923
f 630 2329 2235
f 105 38 1878
f 1408 1326 424
f 675 2295 2359
f 289 726 728
f 826 2221 2297
f 719 289 728
f 2221 826 2225
f 797 2225 826
f 675 2359 673
f 289 366 803
f 2291 2360 2307
f 316 312 2361
f 316 2361 2345
f 312 2362 2361
f 2361 2362 2363
f 2363 2362 339
f 2211 2182 2351
f 2364 2296 2348
f 2363 339 338
f 2359 863 692
f 673 2359 692
f 2362 2365 2357
f 2357 339 2362
f 2316 2366 2349
f 2367 337 2358
f 2213 2208 1408
f 2205 2199 1408
f 2368 2369 2305
f 2199 1325 1408
f 2363 2345 2361
f 1326 1408 1325
f 2205 1408 2208
f 2370 653 444
f 2363 2347 2345
f 1408 2227 2213
f 2370 2371 653
f 2372 2297 2296
f 444 2373 2370
f 338 2351 2363
f 826 2297 2372
f 1850 1197 1171
f 444 443 2373
f 2363 2351 2347
f 1170 2062 1171
f 2372 2296 2364
f 2373 443 2374
f 2375 543 542
f 481 1225 374
f 443 543 2374
f 1224 1223 374
f 2376 2377 399
f 2375 2374 543
f 826 2372 827
f 2133 2375 542
f 2378 2379 2380
f 2151 2285 2381
f 2382 2379 723
f 2372 2364 1216
f 2285 2151 2150
f 2372 1216 827
f 2380 2379 2382
f 2383 2151 2381
f 2382 723 2384
f 2364 2366 1268
f 2152 2383 2368
f 2364 1268 1216
f 2383 2152 2151
f 723 722 2384
f 1489 2354 1837
f 2152 2368 2305
f 1489 1540 2354
f 679 724 722
f 2366 2348 2349
f 2364 2348 2366
f 1264 2379 1265
f 2317 2349 2312
f 2368 2385 2369
f 2349 2317 2316
f 2381 2385 2383
f 2317 2312 2322
f 2093 723 2096
f 2383 2385 2368
f 2312 2311 2322
f 2096 2379 1264
f 723 2379 2096
f 2316 1268 2366
f 723 2093 2092
f 677 679 2092
f 679 723 2092
f 2322 963 2317
f 2358 2378 2367
f 964 963 2322
f 2133 2333 2375
f 1765 1819 1933
f 1765 1933 1769
f 1160 2384 722
f 2384 1160 1348
f 1394 1329 2385
f 2386 1399 1394
f 374 1225 1224
f 2387 337 2367
f 337 2387 338
f 2145 411 363
f 2388 2389 969
f 2390 399 411
f 1329 1327 2385
f 1559 1561 2388
f 411 2145 2390
f 2385 1327 2369
f 2145 363 362
f 41 37 1883
f 2377 2376 2084
f 2388 1561 2389
f 2369 1327 1311
f 2369 1311 1313
f 2115 2084 2376
f 2391 2355 2392
f 2393 2394 2272
f 2273 2272 2395
f 2272 2277 2393
f 2280 2393 2277
f 2388 969 950
f 154 156 2396
f 2279 154 2396
f 969 1001 951
f 156 244 2396
f 2396 2397 2393
f 2394 2393 2397
f 2394 2395 2272
f 2280 2279 2396
f 1002 2398 961
f 2393 2280 2396
f 2367 2399 2387
f 2400 2367 1348
f 2376 399 2390
f 2376 2390 2115
f 2367 2400 2399
f 2400 1348 2401
f 2145 2115 2390
f 2024 2025 47
f 2027 47 2026
f 1348 1347 2401
f 2027 2026 2043
f 1171 1191 1167
f 2026 2025 2043
f 2346 2355 2391
f 2335 654 874
f 2380 2382 1348
f 2367 2378 2380
f 2380 1348 2367
f 2335 874 2350
f 2382 2384 1348
f 866 2352 877
f 877 2350 874
f 2355 866 865
f 2355 2352 866
f 865 1069 2392
f 374 1223 1552
f 2355 865 2392
f 2398 2402 2403
f 2391 2392 2404
f 1549 374 1552
f 2404 2405 1600
f 2129 2346 2391
f 2402 2398 1002
f 2129 2391 2404
f 2402 1002 1001
f 2402 1001 2406
f 1600 1596 2404
f 2134 2404 1596
f 2130 2129 2404
f 1250 1258 1156
f 2134 2130 2404
f 1167 1168 1171
f 2407 1256 1258
f 2406 1001 969
f 1258 2408 2407
f 2389 2406 969
f 1171 1896 1189
f 2408 1250 1247
f 2267 2323 1512
f 2266 2267 1512
f 2409 1246 1286
f 1858 1850 1171
f 1859 1858 1171
f 1286 1284 2356
f 1247 2409 2408
f 508 707 401
f 94 95 1875
f 508 412 707
f 1879 96 1875
f 2410 1869 1461
f 713 2298 720
f 1451 1453 2410
f 508 2298 412
f 1461 1451 2410
f 713 412 2298
f 2282 2281 2411
f 2283 2282 2412
f 1900 2389 1561
f 2395 2394 2397
f 2411 2395 2397
f 2413 2406 2389
f 1593 2134 1594
f 1900 2413 2389
f 2409 1286 2356
f 1900 1561 1852
f 1604 2141 1642
f 1900 1869 2413
f 2392 2405 2404
f 1226 2414 2331
f 2410 1453 2413
f 1139 1255 2414
f 2410 2413 1869
f 1226 1139 2414
f 1852 1870 1900
f 2370 2373 2415
f 1598 1600 2405
f 1512 2323 116
f 2371 2370 2416
f 115 1513 1512
f 2416 2370 2415
f 2417 1597 2405
f 1597 1599 2405
f 1598 2405 1599
f 1456 2396 244
f 2418 2419 2403
f 2420 2403 2402
f 2412 2411 2397
f 2420 2418 2403
f 1597 2417 1595
f 2420 2402 2421
f 110 21 1885
f 2422 2402 2406
f 1101 1603 2417
f 1605 2417 1603
f 2422 2421 2402
f 1601 1595 2417
f 2397 2284 2412
f 2423 2412 2284
f 2413 2422 2406
f 1601 2417 1605
f 2405 2392 1069
f 2413 1453 2422
f 139 2424 137
f 115 1512 116
f 1069 1078 2405
f 2424 2340 2339
f 2339 137 2424
f 1474 1473 2425
f 1101 1608 1606
f 1606 1603 1101
f 73 1473 71
f 2417 1078 1091
f 1078 2417 2405
f 1091 1669 2417
f 1670 1671 2417
f 2407 306 2340
f 1101 1671 1672
f 2425 1453 1452
f 1509 1474 2425
f 1670 2417 1669
f 1101 2417 1671
f 1452 1509 2425
f 1672 1102 1101
f 306 304 2340
f 1473 73 2419
f 821 830 2426
f 1518 821 2426
f 306 2407 151
f 2424 139 2332
f 1416 1518 1417
f 2407 2408 152
f 2426 1553 1536
f 2421 2425 2420
f 2331 2424 2332
f 1877 109 1878
f 2421 1453 2425
f 1536 1535 2426
f 2427 2285 2284
f 2418 2420 2425
f 1518 1535 1533
f 2386 2381 2285
f 2418 1473 2419
f 1518 2426 1535
f 1473 2418 2425
f 2281 2273 2411
f 2395 2411 2273
f 1518 1533 1538
f 1889 1894 14
f 2411 2412 2282
f 2428 2283 2423
f 2412 2423 2283
f 2421 2422 1453
f 2428 2423 2284
f 1538 1417 1518
f 2284 2270 2428
f 2283 2428 2270
f 97 96 1880
f 1886 98 1880
f 1211 2429 2430
f 2397 2427 2284
f 1513 115 132
f 2419 2431 2403
f 2430 1212 1211
f 2419 73 2431
f 27 72 75
f 2430 2432 1213
f 152 151 2407
f 2431 73 72
f 111 1886 1887
f 27 2431 72
f 1213 1212 2430
f 2331 2340 2424
f 2433 2403 2431
f 713 720 715
f 16 113 21
f 75 79 27
f 2433 2434 2403
f 2398 2403 2434
f 2433 2431 26
f 153 152 2408
f 399 401 707
f 27 26 2431
f 2331 2414 2340
f 27 79 52
f 412 713 363
f 35 1143 53
f 2414 1255 2340
f 961 2398 2434
f 1199 2074 2140
f 1199 1202 2074
f 2433 26 1133
f 978 2434 2433
f 978 961 2434
f 1133 978 2433
f 2435 2436 2437
f 2407 1255 1256
f 2407 2340 1255
f 317 153 2408
f 2438 2436 2435
f 2439 2437 2440
f 2435 2437 2439
f 1884 38 41
f 1258 1250 2408
f 1213 2432 2441
f 110 16 21
f 2442 312 317
f 2365 2362 2442
f 2362 312 2442
f 2377 2440 399
f 2441 861 1213
f 2443 2439 2440
f 2396 1979 2397
f 2443 2440 2377
f 830 2441 2426
f 435 2436 135
f 421 2437 435
f 1978 2397 1979
f 2397 2444 2427
f 2436 435 2437
f 2440 421 436
f 2397 1978 2444
f 1977 1980 2396
f 2437 421 2440
f 2440 436 400
f 2441 830 861
f 400 399 2440
f 2386 2385 2381
f 2285 2427 2386
f 2396 1456 1977
f 1979 2396 1980
f 2110 2438 2097
f 2079 2097 2438
f 2078 2438 2435
f 2078 2079 2438
f 1460 2445 1457
f 1978 1446 2444
f 2444 1446 1457
f 1981 1961 1456
f 1960 1984 1456
f 176 1960 1456
f 244 175 176
f 2435 2439 2080
f 2375 2446 2374
f 2435 2080 2078
f 2374 2447 2373
f 1984 1981 1456
f 2447 2415 2373
f 2080 2439 2443
f 2446 2447 2374
f 1457 2427 2444
f 1455 1457 2445
f 1457 1455 2427
f 1454 2427 1455
f 1454 2386 2427
f 2377 2084 2443
f 2333 2446 2375
f 147 146 2448
f 2443 2084 2080
f 2386 1454 1399
f 1813 2448 197
f 2105 2101 2104
f 2102 2101 2449
f 2106 2449 2101
f 2111 2103 2449
f 2103 2102 2449
f 1394 2385 2386
f 1802 1800 2450
f 2099 777 776
f 1460 1389 2445
f 1211 2451 2429
f 2445 1389 1455
f 776 2452 2105
f 2106 2105 2452
f 2101 2100 2104
f 2099 776 2104
f 146 197 2448
f 2105 2104 776
f 2453 2454 2455
f 2453 2455 2456
f 2452 2457 2106
f 2449 2106 2457
f 2456 2458 2360
f 2451 1211 1272
f 2111 2449 2457
f 37 41 38
f 774 124 776
f 105 1878 109
f 2459 70 2460
f 129 776 124
f 1881 101 1885
f 776 1018 2452
f 1017 776 1016
f 2448 1813 1814
f 2461 2462 2463
f 1814 1815 2448
f 2461 2464 863
f 2451 2460 86
f 2287 2305 2454
f 2453 2287 2454
f 2452 1021 2457
f 2290 2453 2456
f 2438 135 2436
f 2110 2111 2457
f 2110 2457 135
f 2453 2290 2287
f 1018 776 1017
f 129 1016 776
f 2456 2360 2291
f 1020 2452 1019
f 2291 2290 2456
f 2465 2466 2467
f 1019 2452 1018
f 136 2457 460
f 1792 2448 1815
f 1021 2452 1020
f 460 2457 1021
f 2360 2462 2307
f 2457 136 135
f 1553 2466 2468
f 2438 2110 135
f 2448 1791 2450
f 1016 129 128
f 126 127 129
f 128 1014 1016
f 125 793 126
f 129 124 126
f 2469 2429 88
f 2451 86 88
f 2461 2295 2462
f 2429 2451 88
f 2462 2295 2307
f 2359 2461 863
f 2450 1786 2470
f 2359 2295 2461
f 2369 2455 2454
f 2454 2305 2369
f 2456 2455 2458
f 1792 1793 2448
f 2469 2430 2429
f 317 2408 2409
f 317 2409 2442
f 2432 2467 2466
f 2365 2409 2356
f 2430 2467 2432
f 2442 2409 2365
f 1787 2470 1786
f 2466 1553 2441
f 2432 2466 2441
f 2455 2369 1313
f 575 1783 576
f 2471 2357 2356
f 1428 574 1789
f 1790 1789 574
f 1247 1246 2409
f 574 576 1790
f 2426 2441 1553
f 1784 1783 575
f 1221 1219 697
f 1785 1784 575
f 2357 2365 2356
f 2462 2472 2463
f 2360 2458 2472
f 575 2473 1785
f 1795 1785 2473
f 2371 561 653
f 575 561 2473
f 1185 1234 1237
f 2371 2473 561
f 1181 1587 1185
f 2474 2358 2471
f 1242 1239 1238
f 2360 2472 2462
f 1234 1185 1238
f 1575 1576 2475
f 1238 2475 1576
f 2358 2357 2471
f 1576 1243 1238
f 2463 2464 2461
f 110 1885 101
f 1881 1882 101
f 2378 2474 2379
f 1185 1625 1238
f 1613 2475 1622
f 1238 1622 2475
f 2475 1221 1575
f 1245 1575 1221
f 2378 2358 2474
f 111 1887 9
f 12 1888 9
f 1313 1319 2455
f 697 700 1221
f 2458 1664 1661
f 2474 1281 1275
f 1877 95 109
f 1281 2471 2356
f 2458 1661 1529
f 94 1875 96
f 1281 2474 2471
f 1621 1620 2141
f 2458 1529 2472
f 2474 1275 1265
f 1623 1591 2141
f 1620 1623 2141
f 1265 2379 2474
f 2141 2476 1621
f 1319 1664 2455
f 1617 2477 1619
f 1664 2458 2455
f 1366 1294 1362
f 1625 1185 1626
f 1589 1626 1185
f 1624 1238 1625
f 1894 15 14
f 1613 1612 2475
f 1324 1366 1367
f 1624 1592 1238
f 1238 1592 1622
f 1616 1221 1612
f 2475 1612 1221
f 1879 1880 96
f 2450 1788 1782
f 77 1379 112
f 2448 1793 1791
f 1368 1367 112
f 1788 2450 1791
f 112 1379 1368
f 1781 2450 1782
f 1293 1292 2478
f 97 1880 98
f 112 1367 93
f 1293 2478 2479
f 1367 1366 352
f 2480 864 2481
f 1332 1293 2479
f 352 93 1367
f 863 2464 2481
f 1366 1362 354
f 1332 2479 2459
f 354 352 1366
f 1795 2470 1796
f 2478 2482 2479
f 2470 1795 2473
f 1362 2332 139
f 2450 1781 1786
f 139 354 1362
f 863 2481 864
f 2483 2473 2371
f 2484 1292 1230
f 1529 1531 2463
f 2485 1292 2484
f 2470 1787 1796
f 2463 2472 1529
f 2483 2470 2473
f 2463 1531 2464
f 1578 2464 1531
f 2371 2416 2483
f 1292 2485 2478
f 2464 1578 2481
f 1578 1559 2481
f 2481 1559 2480
f 2479 2482 2486
f 928 2480 950
f 928 864 2480
f 2480 1559 2388
f 2388 950 2480
f 1066 1067 1048
f 1065 1066 1048
f 492 1065 2487
f 2488 2487 1065
f 2489 492 2487
f 2239 484 493
f 1067 1047 1048
f 1045 1051 1042
f 1042 1051 1039
f 1040 1039 2490
f 2479 2486 68
f 2488 1048 2490
f 2488 2490 2491
f 1048 2488 1065
f 1046 1040 2490
f 1048 1046 2490
f 2492 2493 2490
f 2487 2488 2491
f 2485 2484 2494
f 2242 2239 2491
f 493 2491 2239
f 493 492 2489
f 2489 2487 2491
f 493 2489 2491
f 2495 2496 2497
f 285 2495 2497
f 2497 2498 285
f 2499 2500 2498
f 2501 2499 2498
f 2493 2492 2496
f 2502 2493 2503
f 2504 2502 2503
f 2496 2503 2493
f 1230 1222 2484
f 286 2500 2499
f 2498 2490 2501
f 2502 2491 2493
f 1230 1219 1222
f 2500 285 2498
f 2498 2497 2490
f 2490 2497 2492
f 2491 2502 2504
f 2492 2497 2496
f 2491 2490 2493
f 2504 2505 2491
f 158 2242 2505
f 2491 2505 2242
f 2506 2482 2478
f 2485 2506 2478
f 1257 1360 2507
f 2508 2509 1148
f 1148 1257 2508
f 2509 2510 1259
f 2485 2494 2506
f 1259 1148 2509
f 1221 2511 1222
f 113 15 1895
f 1051 1157 2510
f 2512 2482 2506
f 1157 1259 2510
f 2513 2514 2333
f 2333 2328 2515
f 2513 2333 2515
f 2328 2516 2515
f 1888 10 9
f 2490 1039 1051
f 2494 2517 2518
f 2328 2327 2516
f 1619 2477 1628
f 1045 1044 1051
f 2511 1221 1628
f 1616 1628 1221
f 1222 2511 2517
f 2484 2517 2494
f 1051 2519 355
f 2510 2519 1051
f 1222 2517 2484
f 1051 355 2490
f 2499 2501 2520
f 2521 2327 2318
f 2318 2522 2521
f 523 358 392
f 2522 2318 2320
f 392 357 2523
f 1882 102 101
f 357 360 2523
f 1882 1883 102
f 2524 2320 2321
f 2523 360 2519
f 2524 2522 2320
f 360 356 2519
f 2519 356 355
f 2268 1543 1532
f 2499 2520 286
f 355 286 2520
f 392 2508 523
f 1545 1532 1534
f 2509 392 2523
f 1532 1545 1547
f 2509 2508 392
f 2523 2519 2510
f 1545 1534 1546
f 2510 2509 2523
f 1532 1547 1548
f 2520 2501 355
f 2490 355 2501
f 2268 1532 1548
f 12 9 1887
f 1252 1249 2521
f 87 2525 88
f 1525 1550 1551
f 2521 2526 1252
f 1884 1878 38
f 1249 1244 2513
f 2515 2516 1249
f 1257 2507 2508
f 1360 1551 2507
f 142 87 85
f 2515 1249 2513
f 2521 2516 2327
f 1894 1895 15
f 593 1550 594
f 1895 21 113
f 1249 2516 2521
f 593 522 1551
f 2527 2522 2524
f 1550 593 1551
f 2507 522 523
f 2521 2522 2526
f 1551 522 2507
f 2526 2522 2527
f 2507 523 2508
f 143 142 85
f 1229 1252 2526
f 1241 1229 2526
f 2527 1241 2526
f 1537 1660 1550
f 2465 2467 2528
f 1253 1241 2527
f 1660 1537 1376
f 2195 1253 2527
f 2527 2524 2529
f 2527 2529 2195
f 2075 1087 1119
f 2121 1119 1662
f 2529 2524 2321
f 36 102 1883
f 1883 37 36
f 2120 2075 1119
f 2530 1261 2531
f 2121 2120 1119
f 2195 2529 2531
f 1261 2195 2531
f 98 1886 111
f 1662 1364 2121
f 1888 14 10
f 1659 1365 1662
f 2183 1218 2530
f 1662 1121 2532
f 1396 1659 1660
f 1662 1119 1121
f 2532 1659 1662
f 1660 2533 408
f 2533 1660 1659
f 594 1660 408
f 594 1550 1660
f 1218 1261 2530
f 142 2274 87
f 2533 2534 409
f 408 2533 409
f 87 2274 2525
f 410 594 408
f 395 358 523
f 2183 2210 2258
f 2532 1158 418
f 1158 2532 1121
f 2534 418 409
f 2529 2321 2342
f 2529 2342 2531
f 2466 2465 2468
f 418 2534 2532
f 2532 2534 1659
f 2533 1659 2534
f 2183 2258 1218
f 2505 2504 2503
f 158 2505 2503
f 160 159 158
f 159 155 158
f 154 2277 155
f 2500 286 285
f 2531 2342 2344
f 285 178 2495
f 160 2503 178
f 160 178 156
f 2503 160 158
f 2496 2495 178
f 2503 2496 178
f 2344 2184 2531
f 2184 2530 2531
f 2530 2184 2183
f 2183 2182 2210
f 2195 1193 1253
f 2535 2470 2483
f 1534 1536 1554
f 2535 2536 2470
f 1554 1553 2468
f 2537 2535 2483
f 2483 2416 2537
f 2416 2538 2537
f 2416 2415 2538
f 2538 2415 2539
f 2514 2447 2446
f 2415 2447 2539
f 2540 2465 2528
f 2539 2447 2514
f 2333 2514 2446
f 2541 2468 2465
f 1554 2542 1682
f 2468 2542 1554
f 1554 1682 1534
f 2276 2275 1649
f 2276 1649 2540
f 2540 1649 1685
f 2540 1685 2541
f 1685 1762 2541
f 2542 2541 1762
f 1762 1683 2542
f 2542 1683 1682
f 2274 2276 2525
f 2276 2540 2528
f 2528 2525 2276
f 2465 2540 2541
f 2514 2513 1244
f 2514 1244 2543
f 1300 1315 1298
f 1297 1300 1298
f 2468 2541 2542
f 1682 1546 1534
f 2477 2517 2511
f 1273 1299 2544
f 1296 1298 1299
f 2518 2517 2477
f 1618 1621 2476
f 1615 1614 2545
f 2476 2545 1614
f 1618 2476 1614
f 2141 1641 2476
f 1617 1615 2477
f 2545 2477 1615
f 1607 2476 1641
f 1273 2544 1288
f 2476 1639 2545
f 2511 1628 2477
f 2546 1831 2547
f 1637 1638 1101
f 1827 1637 1101
f 1609 1608 1101
f 1231 1288 2543
f 1638 1609 1101
f 1298 2536 2535
f 1827 1829 1631
f 1634 1631 1829
f 1636 1637 1827
f 1631 1636 1827
f 1100 1827 1101
f 1700 1829 1827
f 1829 1831 1634
f 1632 1634 1831
f 2546 1645 1831
f 1632 1831 1635
f 2141 1604 1641
f 1299 1298 2537
f 1630 1629 2545
f 1639 2476 1640
f 1607 1640 2476
f 1630 2545 1639
f 1633 2477 1629
f 2545 1629 2477
f 1288 2544 2538
f 2548 2512 2506
f 1244 1231 2543
f 1298 2535 2537
f 2512 69 2486
f 2544 1299 2537
f 2486 2482 2512
f 2512 2548 2549
f 69 68 2486
f 2512 1866 69
f 2544 2537 2538
f 2539 2514 2543
f 2538 2539 1288
f 2543 1288 2539
f 2494 2518 2548
f 1471 544 568
f 1307 1471 568
f 1309 1872 1306
f 2494 2548 2506
f 1314 1320 1306
f 1872 1307 1306
f 1833 69 1866
f 1320 1310 1306
f 1833 143 69
f 143 85 69
f 544 566 568
f 2518 2550 2548
f 2477 1633 1644
f 1644 1645 2477
f 2546 2518 2477
f 1314 1306 1799
f 147 2448 1806
f 1807 1806 2448
f 2448 2450 1800
f 1805 1807 2448
f 1805 2448 1800
f 1849 1833 1866
f 1802 2450 1801
f 2551 1801 2450
f 2551 2450 2470
f 2470 2536 2551
f 2552 2049 1864
f 568 1809 1810
f 1809 568 567
f 1306 1804 1803
f 2552 2550 2049
f 1810 1808 568
f 1864 2549 2552
f 1306 568 1808
f 1804 1306 1808
f 2549 1864 1863
f 2551 1314 1801
f 1803 1799 1306
f 1798 1314 1799
f 2536 1315 2551
f 1798 1801 1314
f 2547 1831 2049
f 1315 1314 2551
f 1315 2536 1298
f 2211 2351 2553
f 2548 2550 2552
f 2212 2211 2553
f 2518 2547 2550
f 2201 2553 2202
f 2552 2549 2548
f 2201 2212 2553
f 1863 2512 2549
f 1863 1866 2512
f 1635 1831 1645
f 2546 2477 1645
f 2547 2049 2550
f 2547 2518 2546
f 2553 2351 338
f 406 2200 2202
f 1750 1749 1277
f 1751 1750 1277
f 2202 2399 2400
f 2553 338 2387
f 2399 2553 2387
f 909 908 999
f 2553 2399 2202
f 999 912 909
f 2202 2400 2401
f 1274 999 1276
f 405 2200 406
f 2554 406 2202
f 2459 2460 1270
f 2555 402 2554
f 2459 1269 1332
f 1270 1269 2459
f 406 2554 402
f 2460 1271 1270
f 1271 2460 2451
f 1271 2451 1272
f 413 2555 2556
f 2459 2479 68
f 2460 70 86
f 402 2555 413
f 68 70 2459
f 760 2556 2557
f 2469 2525 2528
f 2525 2469 88
f 2469 2528 2467
f 2469 2467 2430
f 413 2556 760
f 1556 1555 1277
f 2202 2401 2554
f 1564 1565 1277
f 1751 1277 1555
f 1277 1565 1556
f 999 1274 1248
f 800 2557 801
f 1347 2555 2554
f 2557 800 760
f 1347 2554 2401
f 428 801 2558
f 2555 1346 2556
f 2555 1347 1346
f 2559 428 2558
f 1346 1349 2556
f 2559 806 428
f 1349 1350 2557
f 2557 2556 1349
f 807 2559 810
f 806 2559 807
f 1353 801 1350
f 2557 1350 801
f 1353 1938 2558
f 801 1353 2558
f 2559 1938 1939
f 1938 2559 2558
f 2559 1939 810

