# https://github.com/mikedh/trimesh
v 13.45137978 12.70792198 -2.49019599
v 13.50000000 12.81959534 -2.49019599
v 13.50000000 12.81959534 -5.00000000
v 13.45137978 12.70792198 -5.00000000
v 13.34404850 12.64554214 -2.49019599
v 13.34404850 12.64554214 -5.00000000
v 13.22084999 12.63124466 -2.49019599
v 13.22084999 12.63124466 -5.00000000
v 13.10060883 12.60025787 -2.49019599
v 13.10060883 12.60025787 -5.00000000
v 13.02541065 12.50410366 -2.49019599
v 13.02541065 12.50410366 -5.00000000
v 13.00240612 12.38144302 -2.49019599
v 13.00240612 12.38144302 -5.00000000
v 12.99837780 12.25579262 -2.49019599
v 12.99837780 12.25579262 -5.00000000
v 12.97729301 12.13303185 -2.49019599
v 12.97729301 12.13303185 -5.00000000
v 12.92060184 12.02239323 -2.49019599
v 12.92060184 12.02239323 -5.00000000
v 12.82349491 11.94497490 -2.49019599
v 12.82349491 11.94497490 -5.00000000
v 12.70581913 11.90342426 -2.49019599
v 12.70581913 11.90342426 -5.00000000
v 12.60151482 11.83673286 -2.49019599
v 12.60151482 11.83673286 -5.00000000
v 12.53231239 11.73342705 -2.49019599
v 12.53231239 11.73342705 -5.00000000
v 12.50282383 11.61212730 -2.49019599
v 12.50282383 11.61212730 -5.00000000
v 12.49727821 11.48661613 -2.49019599
v 12.49727821 11.48661613 -5.00000000
v 12.46843338 11.36573982 -2.49019599
v 12.46843338 11.36573982 -5.00000000
v 12.38213348 11.27944851 -2.49019599
v 12.38213348 11.27944851 -5.00000000
v 12.25967789 11.25631237 -2.49019599
v 12.25967789 11.25631237 -5.00000000
v 12.13606453 11.24239826 -2.49019599
v 12.13606453 11.24239826 -5.00000000
v 12.02573395 11.18626595 -2.49019599
v 12.02573395 11.18626595 -5.00000000
v 11.97893524 11.07374001 -2.49019599
v 11.97893524 11.07374001 -5.00000000
v 11.87224007 11.01263905 -2.49019599
v 11.87224007 11.01263905 -5.00000000
v 11.74955654 10.99325657 -2.49019599
v 11.74955654 10.99325657 -5.00000000
v 11.66727448 10.90260792 -2.49019599
v 11.66727448 10.90260792 -5.00000000
v 11.63471222 10.78223896 -2.49019599
v 11.63471222 10.78223896 -5.00000000
v 11.62524319 10.65744495 -2.49019599
v 11.62524319 10.65744495 -5.00000000
v 11.62234306 10.53272438 -2.49019599
v 11.62234306 10.53272438 -5.00000000
v 11.60468388 10.40864658 -2.49019599
v 11.60468388 10.40864658 -5.00000000
v 11.54464626 10.30162716 -2.49019599
v 11.54464626 10.30162716 -5.00000000
v 11.42914581 10.25829124 -2.49019599
v 11.42914581 10.25829124 -5.00000000
v 11.30423450 10.25061035 -2.49019599
v 11.30423450 10.25061035 -5.00000000
v 11.19325447 10.19867039 -2.49019599
v 11.19325447 10.19867039 -5.00000000
v 11.13874626 10.08729458 -2.49019599
v 11.13874626 10.08729458 -5.00000000
v 11.12540722 9.96326923 -2.49019599
v 11.12540722 9.96326923 -5.00000000
v 11.11942673 9.83827782 -2.49019599
v 11.11942673 9.83827782 -5.00000000
v 11.08819485 9.71795368 -2.49019599
v 11.08819485 9.71795368 -5.00000000
v 11.01734638 9.61575603 -2.49019599
v 11.01734638 9.61575603 -5.00000000
v 10.91046143 9.55247593 -2.49019599
v 10.91046143 9.55247593 -5.00000000
v 10.79274368 9.51030636 -2.49019599
v 10.79274368 9.51030636 -5.00000000
v 10.69165707 9.43780899 -2.49019599
v 10.69165707 9.43780899 -5.00000000
v 10.62829781 9.33190346 -2.49019599
v 10.62829781 9.33190346 -5.00000000
v 10.59040546 9.21554089 -2.49019599
v 10.59040546 9.21554089 -5.00000000
v 10.48639393 9.14830303 -2.49019599
v 10.48639393 9.14830303 -5.00000000
v 10.36390495 9.12994862 -2.49019599
v 10.36390495 9.12994862 -5.00000000
v 10.24186802 9.10665417 -2.49019599
v 10.24186802 9.10665417 -5.00000000
v 10.15672493 9.01922607 -2.49019599
v 10.15672493 9.01922607 -5.00000000
v 10.12834072 8.89795303 -2.49019599
v 10.12834072 8.89795303 -5.00000000
v 10.12404919 8.77237320 -2.49019599
v 10.12404919 8.77237320 -5.00000000
v 10.10584164 8.64935493 -2.49019599
v 10.10584164 8.64935493 -5.00000000
v 10.03873634 8.54609394 -2.49019599
v 10.03873634 8.54609394 -5.00000000
v 9.92138863 8.50674915 -2.49019599
v 9.92138863 8.50674915 -5.00000000
v 9.79738235 8.49561691 -2.49019599
v 9.79738235 8.49561691 -5.00000000
v 9.68642044 8.44073677 -2.49019599
v 9.68642044 8.44073677 -5.00000000
v 9.62599564 8.33410358 -2.49019599
v 9.62599564 8.33410358 -5.00000000
v 9.58804035 8.21839714 -2.49019599
v 9.58804035 8.21839714 -5.00000000
v 9.48565006 8.14859772 -2.49019599
v 9.48565006 8.14859772 -5.00000000
v 9.36286068 8.12938690 -2.49019599
v 9.36286068 8.12938690 -5.00000000
v 9.24106884 8.10648155 -2.49019599
v 9.24106884 8.10648155 -5.00000000
v 9.15843773 8.01599026 -2.49019599
v 9.15843773 8.01599026 -5.00000000
v 9.13116455 7.89504194 -2.49019599
v 9.13116455 7.89504194 -5.00000000
v 9.12505245 7.76959801 -2.49019599
v 9.12505245 7.76959801 -5.00000000
v 9.12025738 7.64443493 -2.49019599
v 9.12025738 7.64443493 -5.00000000
v 9.09737587 7.52153635 -2.49019599
v 9.09737587 7.52153635 -5.00000000
v 9.03556633 7.41499376 -2.49019599
v 9.03556633 7.41499376 -5.00000000
v 8.91920757 7.37848949 -2.49019599
v 8.91920757 7.37848949 -5.00000000
v 8.80170918 7.34004068 -2.49019599
v 8.80170918 7.34004068 -5.00000000
v 8.74665928 7.23363495 -2.49019599
v 8.74665928 7.23363495 -5.00000000
v 8.65388298 7.15562201 -2.49019599
v 8.65388298 7.15562201 -5.00000000
v 8.53211689 7.12998056 -2.49019599
v 8.53211689 7.12998056 -5.00000000
v 8.40737915 7.11952114 -2.49019599
v 8.40737915 7.11952114 -5.00000000
v 8.30367947 7.05491257 -2.49019599
v 8.30367947 7.05491257 -5.00000000
v 8.25948620 6.93889284 -2.49019599
v 8.25948620 6.93889284 -5.00000000
v 8.25004005 6.81482840 -2.49019599
v 8.25004005 6.81482840 -5.00000000
v 8.24117088 6.68959570 -2.49019599
v 8.24117088 6.68959570 -5.00000000
v 8.20359135 6.57068968 -2.49019599
v 8.20359135 6.57068968 -5.00000000
v 8.12549782 6.47466183 -2.49019599
v 8.12549782 6.47466183 -5.00000000
v 8.01437187 6.41881990 -2.49019599
v 8.01437187 6.41881990 -5.00000000
v 7.89876032 6.37284756 -2.49019599
v 7.89876032 6.37284756 -5.00000000
v 7.81132364 6.28474712 -2.49019599
v 7.81132364 6.28474712 -5.00000000
v 7.76665163 6.16842604 -2.49019599
v 7.76665163 6.16842604 -5.00000000
v 7.75126219 6.04439545 -2.49019599
v 7.75126219 6.04439545 -5.00000000
v 7.74856853 5.91910553 -2.49019599
v 7.74856853 5.91910553 -5.00000000
v 7.73401499 5.79576826 -2.49019599
v 7.73401499 5.79576826 -5.00000000
v 7.68017769 5.68385410 -2.49019599
v 7.68017769 5.68385410 -5.00000000
v 7.56898880 5.63268614 -2.49019599
v 7.56898880 5.63268614 -5.00000000
v 7.44407415 5.62530613 -2.49019599
v 7.44407415 5.62530613 -5.00000000
v 7.32900620 5.58099270 -2.49019599
v 7.32900620 5.58099270 -5.00000000
v 7.26979685 5.47315073 -2.49019599
v 7.26979685 5.47315073 -5.00000000
v 7.25259304 5.35001469 -2.49019599
v 7.25259304 5.35001469 -5.00000000
v 7.25019407 5.22399902 -2.49019599
v 7.25019407 5.22399902 -5.00000000
v 7.25766039 5.09910727 -2.49019599
v 7.25766039 5.09910727 -5.00000000
v 7.28891516 4.97901058 -2.49019599
v 7.28891516 4.97901058 -5.00000000
v 7.37787294 4.89568090 -2.49019599
v 7.37787294 4.89568090 -5.00000000
v 7.50086546 4.87769938 -2.49019599
v 7.50086546 4.87769938 -5.00000000
v 7.62373400 4.85832834 -2.49019599
v 7.62373400 4.85832834 -5.00000000
v 7.71406651 4.77559996 -2.49019599
v 7.71406651 4.77559996 -5.00000000
v 7.74564219 4.65576792 -2.49019599
v 7.74564219 4.65576792 -5.00000000
v 7.75053310 4.53087568 -2.49019599
v 7.75053310 4.53087568 -5.00000000
v 7.76633167 4.40702391 -2.49019599
v 7.76633167 4.40702391 -5.00000000
v 7.82808685 4.30021143 -2.49019599
v 7.82808685 4.30021143 -5.00000000
v 7.94306612 4.25553656 -2.49019599
v 7.94306612 4.25553656 -5.00000000
v 8.06776333 4.24803019 -2.49019599
v 8.06776333 4.24803019 -5.00000000
v 8.17968178 4.19693613 -2.49019599
v 8.17968178 4.19693613 -5.00000000
v 8.23289585 4.08627748 -2.49019599
v 8.23289585 4.08627748 -5.00000000
v 8.24808884 3.96188474 -2.49019599
v 8.24808884 3.96188474 -5.00000000
v 8.25039196 3.83660007 -2.49019599
v 8.25039196 3.83660007 -5.00000000
v 8.25921822 3.71155477 -2.49019599
v 8.25921822 3.71155477 -5.00000000
v 8.29443932 3.59262609 -2.49019599
v 8.29443932 3.59262609 -5.00000000
v 8.38899994 3.51599002 -2.49019599
v 8.38899994 3.51599002 -5.00000000
v 8.51311493 3.50168896 -2.49019599
v 8.51311493 3.50168896 -5.00000000
v 8.63372421 3.47318149 -2.49019599
v 8.63372421 3.47318149 -5.00000000
v 8.72733784 3.39294934 -2.49019599
v 8.72733784 3.39294934 -5.00000000
v 8.75475502 3.27239299 -2.49019599
v 8.75475502 3.27239299 -5.00000000
v 8.82004833 3.16837049 -2.49019599
v 8.82004833 3.16837049 -5.00000000
v 8.93551445 3.12674117 -2.49019599
v 8.93551445 3.12674117 -5.00000000
v 9.04808712 3.07988548 -2.49019599
v 9.04808712 3.07988548 -5.00000000
v 9.11184502 2.97369289 -2.49019599
v 9.11184502 2.97369289 -5.00000000
v 9.12747097 2.85026860 -2.49019599
v 9.12747097 2.85026860 -5.00000000
v 9.16976547 2.73316360 -2.49019599
v 9.16976547 2.73316360 -5.00000000
v 9.24906063 2.63702250 -2.49019599
v 9.24906063 2.63702250 -5.00000000
v 9.35457897 2.57120633 -2.49019599
v 9.35457897 2.57120633 -5.00000000
v 9.46785450 2.51955414 -2.49019599
v 9.46785450 2.51955414 -5.00000000
v 9.55605698 2.43174505 -2.49019599
v 9.55605698 2.43174505 -5.00000000
v 9.60761642 2.31802869 -2.49019599
v 9.60761642 2.31802869 -5.00000000
v 9.62484169 2.19435287 -2.49019599
v 9.62484169 2.19435287 -5.00000000
v 9.63258743 2.06979752 -2.49019599
v 9.63258743 2.06979752 -5.00000000
v 9.67570305 1.95342827 -2.49019599
v 9.67570305 1.95342827 -5.00000000
v 9.77775764 1.88688397 -2.49019599
v 9.77775764 1.88688397 -5.00000000
v 9.90220642 1.87544107 -2.49019599
v 9.90220642 1.87544107 -5.00000000
v 10.02243423 1.84592128 -2.49019599
v 10.02243423 1.84592128 -5.00000000
v 10.09673882 1.74903965 -2.49019599
v 10.09673882 1.74903965 -5.00000000
v 10.12030792 1.62639856 -2.49019599
v 10.12030792 1.62639856 -5.00000000
v 10.12500000 1.50098062 -2.49019599
v 10.12500000 1.50098062 -5.00000000
v 10.12963963 1.37586260 -2.49019599
v 10.12963963 1.37586260 -5.00000000
v 10.15306377 1.25318146 -2.49019599
v 10.15306377 1.25318146 -5.00000000
v 10.22657681 1.15632546 -2.49019599
v 10.22657681 1.15632546 -5.00000000
v 10.34726429 1.12624490 -2.49019599
v 10.34726429 1.12624490 -5.00000000
v 10.47170925 1.11616743 -2.49019599
v 10.47170925 1.11616743 -5.00000000
v 10.56716061 1.04251313 -2.49019599
v 10.56716061 1.04251313 -5.00000000
v 10.60353851 0.92285037 -2.49019599
v 10.60353851 0.92285037 -5.00000000
v 10.61697102 0.79826927 -2.49019599
v 10.61697102 0.79826927 -5.00000000
v 10.62248421 0.67373967 -2.49019599
v 10.62248421 0.67373967 -5.00000000
v 10.62457466 0.54886556 -2.49019599
v 10.62457466 0.54886556 -5.00000000
v 10.62499428 0.42327762 -2.49019599
v 10.62499428 0.42327762 -5.00000000
v 10.62429142 0.29840288 -2.49019599
v 10.62429142 0.29840288 -5.00000000
v 10.62161541 0.17309396 -2.49019599
v 10.62161541 0.17309396 -5.00000000
v 10.61488628 0.04892563 -2.49019599
v 10.61488628 0.04892563 -5.00000000
v 10.59823227 -0.07572729 -2.49019599
v 10.59823227 -0.07572729 -5.00000000
v 10.55137348 -0.19098917 -2.49019599
v 10.55137348 -0.19098917 -5.00000000
v 10.44326305 -0.24620150 -2.49019599
v 10.44326305 -0.24620150 -5.00000000
v 10.31873131 -0.25283843 -2.49019599
v 10.31873131 -0.25283843 -5.00000000
v 10.20437717 -0.29754427 -2.49019599
v 10.20437717 -0.29754427 -5.00000000
v 10.14709377 -0.40736827 -2.49019599
v 10.14709377 -0.40736827 -5.00000000
v 10.12956142 -0.53104967 -2.49019599
v 10.12956142 -0.53104967 -5.00000000
v 10.12513828 -0.65599167 -2.49019599
v 10.12513828 -0.65599167 -5.00000000
v 10.12362099 -0.78161430 -2.49019599
v 10.12362099 -0.78161430 -5.00000000
v 10.11434841 -0.90611887 -2.49019599
v 10.11434841 -0.90611887 -5.00000000
v 10.08282566 -1.02635729 -2.49019599
v 10.08282566 -1.02635729 -5.00000000
v 9.99413586 -1.10910821 -2.49019599
v 9.99413586 -1.10910821 -5.00000000
v 9.87045956 -1.12563729 -2.49019599
v 9.87045956 -1.12563729 -5.00000000
v 9.74766445 -1.14539874 -2.49019599
v 9.74766445 -1.14539874 -5.00000000
v 9.66345692 -1.23306680 -2.49019599
v 9.66345692 -1.23306680 -5.00000000
v 9.63441181 -1.35491943 -2.49019599
v 9.63441181 -1.35491943 -5.00000000
v 9.62608337 -1.47927201 -2.49019599
v 9.62608337 -1.47927201 -5.00000000
v 9.62476063 -1.60490310 -2.49019599
v 9.62476063 -1.60490310 -5.00000000
v 9.61973286 -1.72963059 -2.49019599
v 9.61973286 -1.72963059 -5.00000000
v 9.60062599 -1.85267305 -2.49019599
v 9.60062599 -1.85267305 -5.00000000
v 9.53884029 -1.95956755 -2.49019599
v 9.53884029 -1.95956755 -5.00000000
v 9.42235947 -1.99926734 -2.49019599
v 9.42235947 -1.99926734 -5.00000000
v 9.29783058 -2.00693703 -2.49019599
v 9.29783058 -2.00693703 -5.00000000
v 9.18914795 -2.06330037 -2.49019599
v 9.18914795 -2.06330037 -5.00000000
v 9.13993168 -2.17725873 -2.49019599
v 9.13993168 -2.17725873 -5.00000000
v 9.12646198 -2.30127120 -2.49019599
v 9.12646198 -2.30127120 -5.00000000
v 9.12411594 -2.42607212 -2.49019599
v 9.12411594 -2.42607212 -5.00000000
v 9.11147785 -2.55077839 -2.49019599
v 9.11147785 -2.55077839 -5.00000000
v 9.07208061 -2.66908383 -2.49019599
v 9.07208061 -2.66908383 -5.00000000
v 8.97872734 -2.74640822 -2.49019599
v 8.97872734 -2.74640822 -5.00000000
v 8.85812092 -2.77355504 -2.49019599
v 8.85812092 -2.77355504 -5.00000000
v 8.78213120 -2.87074304 -2.49019599
v 8.78213120 -2.87074304 -5.00000000
v 8.75360775 -2.99160004 -2.49019599
v 8.75360775 -2.99160004 -5.00000000
v 8.74868774 -3.11658335 -2.49019599
v 8.74868774 -3.11658335 -5.00000000
v 8.72832108 -3.24022889 -2.49019599
v 8.72832108 -3.24022889 -5.00000000
v 8.65738773 -3.33995032 -2.49019599
v 8.65738773 -3.33995032 -5.00000000
v 8.53853798 -3.37549400 -2.49019599
v 8.53853798 -3.37549400 -5.00000000
v 8.41446781 -3.38377190 -2.49019599
v 8.41446781 -3.38377190 -5.00000000
v 8.31115150 -3.44896936 -2.49019599
v 8.31115150 -3.44896936 -5.00000000
v 8.27007771 -3.56555748 -2.49019599
v 8.27007771 -3.56555748 -5.00000000
v 8.25602818 -3.68950534 -2.49019599
v 8.25602818 -3.68950534 -5.00000000
v 8.25109100 -3.81496835 -2.49019599
v 8.25109100 -3.81496835 -5.00000000
v 8.25000000 -3.93965936 -2.49019599
v 8.25000000 -3.93965936 -5.00000000
v 8.24888420 -4.06561613 -2.49019599
v 8.24888420 -4.06561613 -5.00000000
v 8.24396896 -4.18989611 -2.49019599
v 8.24396896 -4.18989611 -5.00000000
v 8.22967052 -4.31516933 -2.49019599
v 8.22967052 -4.31516933 -5.00000000
v 8.18823624 -4.43130589 -2.49019599
v 8.18823624 -4.43130589 -5.00000000
v 8.08458233 -4.49577808 -2.49019599
v 8.08458233 -4.49577808 -5.00000000
v 7.96050978 -4.50396490 -2.49019599
v 7.96050978 -4.50396490 -5.00000000
v 7.84174919 -4.54012012 -2.49019599
v 7.84174919 -4.54012012 -5.00000000
v 7.77083349 -4.64012098 -2.49019599
v 7.77083349 -4.64012098 -5.00000000
v 7.75099659 -4.76293612 -2.49019599
v 7.75099659 -4.76293612 -5.00000000
v 7.74433327 -4.88796520 -2.49019599
v 7.74433327 -4.88796520 -5.00000000
v 7.70939732 -5.00819731 -2.49019599
v 7.70939732 -5.00819731 -5.00000000
v 7.63761663 -5.10981941 -2.49019599
v 7.63761663 -5.10981941 -5.00000000
v 7.53395081 -5.17782688 -2.49019599
v 7.53395081 -5.17782688 -5.00000000
v 7.41813946 -5.22576809 -2.49019599
v 7.41813946 -5.22576809 -5.00000000
v 7.32724047 -5.30919552 -2.49019599
v 7.32724047 -5.30919552 -5.00000000
v 7.27689886 -5.42275190 -2.49019599
v 7.27689886 -5.42275190 -5.00000000
v 7.25579309 -5.54619455 -2.49019599
v 7.25579309 -5.54619455 -5.00000000
v 7.25005293 -5.67081404 -2.49019599
v 7.25005293 -5.67081404 -5.00000000
v 7.24511957 -5.79620600 -2.49019599
v 7.24511957 -5.79620600 -5.00000000
v 7.22591305 -5.91964531 -2.49019599
v 7.22591305 -5.91964531 -5.00000000
v 7.18662786 -6.03848743 -2.49019599
v 7.18662786 -6.03848743 -5.00000000
v 7.11552668 -6.14049387 -2.49019599
v 7.11552668 -6.14049387 -5.00000000
v 7.00991583 -6.20657492 -2.49019599
v 7.00991583 -6.20657492 -5.00000000
v 6.93571997 -6.30614185 -2.49019599
v 6.93571997 -6.30614185 -5.00000000
v 6.89242649 -6.42260981 -2.49019599
v 6.89242649 -6.42260981 -5.00000000
v 6.87521124 -6.54709959 -2.49019599
v 6.87521124 -6.54709959 -5.00000000
v 6.86857224 -6.67194986 -2.49019599
v 6.86857224 -6.67194986 -5.00000000
v 6.83121729 -6.79044104 -2.49019599
v 6.83121729 -6.79044104 -5.00000000
v 6.73466825 -6.86452293 -2.49019599
v 6.73466825 -6.86452293 -5.00000000
v 6.61099482 -6.87893581 -2.49019599
v 6.61099482 -6.87893581 -5.00000000
v 6.48944569 -6.90256453 -2.49019599
v 6.48944569 -6.90256453 -5.00000000
v 6.41320038 -6.99768114 -2.49019599
v 6.41320038 -6.99768114 -5.00000000
v 6.38729954 -7.12042618 -2.49019599
v 6.38729954 -7.12042618 -5.00000000
v 6.37820625 -7.24553871 -2.49019599
v 6.37820625 -7.24553871 -5.00000000
v 6.37531900 -7.37005806 -2.49019599
v 6.37531900 -7.37005806 -5.00000000
v 6.37482882 -7.49505091 -2.49019599
v 6.37482882 -7.49505091 -5.00000000
v 6.37245226 -7.62027168 -2.49019599
v 6.37245226 -7.62027168 -5.00000000
v 6.36465025 -7.74481058 -2.49019599
v 6.36465025 -7.74481058 -5.00000000
v 6.34253216 -7.86824226 -2.49019599
v 6.34253216 -7.86824226 -5.00000000
v 6.27617693 -7.97128677 -2.49019599
v 6.27617693 -7.97128677 -5.00000000
v 6.15719700 -8.00369072 -2.49019599
v 6.15719700 -8.00369072 -5.00000000
v 6.03291798 -8.01328564 -2.49019599
v 6.03291798 -8.01328564 -5.00000000
v 5.92978144 -8.07865238 -2.49019599
v 5.92978144 -8.07865238 -5.00000000
v 5.88709021 -8.19569302 -2.49019599
v 5.88709021 -8.19569302 -5.00000000
v 5.87589264 -8.31985378 -2.49019599
v 5.87589264 -8.31985378 -5.00000000
v 5.87343502 -8.44506550 -2.49019599
v 5.87343502 -8.44506550 -5.00000000
v 5.85844278 -8.56950092 -2.49019599
v 5.85844278 -8.56950092 -5.00000000
v 5.81432962 -8.68509388 -2.49019599
v 5.81432962 -8.68509388 -5.00000000
v 5.71313190 -8.75296116 -2.49019599
v 5.71313190 -8.75296116 -5.00000000
v 5.59528494 -8.78582191 -2.49019599
v 5.59528494 -8.78582191 -5.00000000
v 5.52652740 -8.88863659 -2.49019599
v 5.52652740 -8.88863659 -5.00000000
v 5.50213861 -9.01099777 -2.49019599
v 5.50213861 -9.01099777 -5.00000000
v 5.49809408 -9.13557053 -2.49019599
v 5.49809408 -9.13557053 -5.00000000
v 5.47511053 -9.25830555 -2.49019599
v 5.47511053 -9.25830555 -5.00000000
v 5.39333582 -9.34865856 -2.49019599
v 5.39333582 -9.34865856 -5.00000000
v 5.27241421 -9.37704086 -2.49019599
v 5.27241421 -9.37704086 -5.00000000
v 5.14784002 -9.38060379 -2.49019599
v 5.14784002 -9.38060379 -5.00000000
v 5.02263546 -9.39441109 -2.49019599
v 5.02263546 -9.39441109 -5.00000000
v 4.92398834 -9.46384621 -2.49019599
v 4.92398834 -9.46384621 -5.00000000
v 4.88749838 -9.58329582 -2.49019599
v 4.88749838 -9.58329582 -5.00000000
v 4.87743330 -9.70757389 -2.49019599
v 4.87743330 -9.70757389 -5.00000000
v 4.87507677 -9.83236408 -2.49019599
v 4.87507677 -9.83236408 -5.00000000
v 4.87307978 -9.95794010 -2.49019599
v 4.87307978 -9.95794010 -5.00000000
v 4.86277771 -10.08264446 -2.49019599
v 4.86277771 -10.08264446 -5.00000000
v 4.83979273 -10.20516014 -2.49019599
v 4.83979273 -10.20516014 -5.00000000
v 4.79506540 -10.32258797 -2.49019599
v 4.79506540 -10.32258797 -5.00000000
v 4.71216202 -10.41408634 -2.49019599
v 4.71216202 -10.41408634 -5.00000000
v 4.61060190 -10.48351765 -2.49019599
v 4.61060190 -10.48351765 -5.00000000
v 4.54563665 -10.59057808 -2.49019599
v 4.54563665 -10.59057808 -5.00000000
v 4.50985098 -10.70973587 -2.49019599
v 4.50985098 -10.70973587 -5.00000000
v 4.49983168 -10.83456230 -2.49019599
v 4.49983168 -10.83456230 -5.00000000
v 4.48760366 -10.95887661 -2.49019599
v 4.48760366 -10.95887661 -5.00000000
v 4.43518829 -11.07062531 -2.49019599
v 4.43518829 -11.07062531 -5.00000000
v 4.32541990 -11.12524128 -2.49019599
v 4.32541990 -11.12524128 -5.00000000
v 4.20091677 -11.13633442 -2.49019599
v 4.20091677 -11.13633442 -5.00000000
v 4.09335232 -11.19524384 -2.49019599
v 4.09335232 -11.19524384 -5.00000000
v 4.02496481 -11.29973793 -2.49019599
v 4.02496481 -11.29973793 -5.00000000
v 3.99529600 -11.42165565 -2.49019599
v 3.99529600 -11.42165565 -5.00000000
v 3.99948549 -11.54607677 -2.49019599
v 3.99948549 -11.54607677 -5.00000000
v 4.03826714 -11.66414547 -2.49019599
v 4.03826714 -11.66414547 -5.00000000
v 4.11623144 -11.76076984 -2.49019599
v 4.11623144 -11.76076984 -5.00000000
v 4.22323561 -11.80669689 -2.49019599
v 4.22323561 -11.80669689 -5.00000000
v 4.36322069 -11.81384754 -2.49019599
v 4.36322069 -11.81384754 -5.00000000
v 4.48075724 -11.81750298 -2.49019599
v 4.48075724 -11.81750298 -5.00000000
v 4.59660673 -11.82034588 -2.49019599
v 4.59660673 -11.82034588 -5.00000000
v 4.73460579 -11.82315731 -2.49019599
v 4.73460579 -11.82315731 -5.00000000
v 4.86098289 -11.82536507 -2.49019599
v 4.86098289 -11.82536507 -5.00000000
v 4.98119402 -11.82722664 -2.49019599
v 4.98119402 -11.82722664 -5.00000000
v 5.10503006 -11.82895660 -2.49019599
v 5.10503006 -11.82895660 -5.00000000
v 5.22621632 -11.83049679 -2.49019599
v 5.22621632 -11.83049679 -5.00000000
v 5.35036516 -11.83194637 -2.49019599
v 5.35036516 -11.83194637 -5.00000000
v 5.48409796 -11.83338261 -2.49019599
v 5.48409796 -11.83338261 -5.00000000
v 5.60698748 -11.83460426 -2.49019599
v 5.60698748 -11.83460426 -5.00000000
v 5.73316813 -11.83577156 -2.49019599
v 5.73316813 -11.83577156 -5.00000000
v 5.84935188 -11.83677864 -2.49019599
v 5.84935188 -11.83677864 -5.00000000
v 5.97311783 -11.83778477 -2.49019599
v 5.97311783 -11.83778477 -5.00000000
v 6.10828352 -11.83881474 -2.49019599
v 6.10828352 -11.83881474 -5.00000000
v 6.23760748 -11.83973694 -2.49019599
v 6.23760748 -11.83973694 -5.00000000
v 6.36074162 -11.84056377 -2.49019599
v 6.36074162 -11.84056377 -5.00000000
v 6.47746611 -11.84130383 -2.49019599
v 6.47746611 -11.84130383 -5.00000000
v 6.61274910 -11.84211254 -2.49019599
v 6.61274910 -11.84211254 -5.00000000
v 6.73075533 -11.84277821 -2.49019599
v 6.73075533 -11.84277821 -5.00000000
v 6.85712719 -11.84345150 -2.49019599
v 6.85712719 -11.84345150 -5.00000000
v 6.97924662 -11.84406662 -2.49019599
v 6.97924662 -11.84406662 -5.00000000
v 7.11201811 -11.84469700 -2.49019599
v 7.11201811 -11.84469700 -5.00000000
v 7.22615385 -11.84520912 -2.49019599
v 7.22615385 -11.84520912 -5.00000000
v 7.35203552 -11.84574318 -2.49019599
v 7.35203552 -11.84574318 -5.00000000
v 7.47476006 -11.84623432 -2.49019599
v 7.47476006 -11.84623432 -5.00000000
v 7.61123610 -11.84674835 -2.49019599
v 7.61123610 -11.84674835 -5.00000000
v 7.72821045 -11.84716225 -2.49019599
v 7.72821045 -11.84716225 -5.00000000
v 7.85986948 -11.84759998 -2.49019599
v 7.85986948 -11.84759998 -5.00000000
v 7.97134113 -11.84794903 -2.49019599
v 7.97134113 -11.84794903 -5.00000000
v 8.09837818 -11.84832287 -2.49019599
v 8.09837818 -11.84832287 -5.00000000
v 8.22336960 -11.84866714 -2.49019599
v 8.22336960 -11.84866714 -5.00000000
v 8.34638023 -11.84898281 -2.49019599
v 8.34638023 -11.84898281 -5.00000000
v 8.48660851 -11.84931660 -2.49019599
v 8.48660851 -11.84931660 -5.00000000
v 8.60609341 -11.84957981 -2.49019599
v 8.60609341 -11.84957981 -5.00000000
v 8.72383404 -11.84982014 -2.49019599
v 8.72383404 -11.84982014 -5.00000000
v 8.85954285 -11.85007572 -2.49019599
v 8.85954285 -11.85007572 -5.00000000
v 8.97421932 -11.85027218 -2.49019599
v 8.97421932 -11.85027218 -5.00000000
v 9.10723114 -11.85048103 -2.49019599
v 9.10723114 -11.85048103 -5.00000000
v 9.23900795 -11.85066700 -2.49019599
v 9.23900795 -11.85066700 -5.00000000
v 9.34979153 -11.85080719 -2.49019599
v 9.34979153 -11.85080719 -5.00000000
v 9.47924614 -11.85095215 -2.49019599
v 9.47924614 -11.85095215 -5.00000000
v 9.60762787 -11.85107899 -2.49019599
v 9.60762787 -11.85107899 -5.00000000
v 9.73499012 -11.85118580 -2.49019599
v 9.73499012 -11.85118580 -5.00000000
v 9.86139202 -11.85127449 -2.49019599
v 9.86139202 -11.85127449 -5.00000000
v 9.98689365 -11.85134602 -2.49019599
v 9.98689365 -11.85134602 -5.00000000
v 10.11156178 -11.85140038 -2.49019599
v 10.11156178 -11.85140038 -5.00000000
v 10.23546505 -11.85143948 -2.49019599
v 10.23546505 -11.85143948 -5.00000000
v 10.35867596 -11.85146236 -2.49019599
v 10.35867596 -11.85146236 -5.00000000
v 10.48126793 -11.85146999 -2.49019599
v 10.48126793 -11.85146999 -5.00000000
v 10.60331917 -11.85146332 -2.49019599
v 10.60331917 -11.85146332 -5.00000000
v 10.72490883 -11.85144234 -2.49019599
v 10.72490883 -11.85144234 -5.00000000
v 10.86330509 -11.85140133 -2.49019599
v 10.86330509 -11.85140133 -5.00000000
v 10.98378754 -11.85135078 -2.49019599
v 10.98378754 -11.85135078 -5.00000000
v 11.10402489 -11.85128689 -2.49019599
v 11.10402489 -11.85128689 -5.00000000
v 11.22410011 -11.85120964 -2.49019599
v 11.22410011 -11.85120964 -5.00000000
v 11.35942364 -11.85110664 -2.49019599
v 11.35942364 -11.85110664 -5.00000000
v 11.47889233 -11.85100269 -2.49019599
v 11.47889233 -11.85100269 -5.00000000
v 11.59842873 -11.85088539 -2.49019599
v 11.59842873 -11.85088539 -5.00000000
v 11.73174858 -11.85074043 -2.49019599
v 11.73174858 -11.85074043 -5.00000000
v 11.86407185 -11.85058022 -2.49019599
v 11.86407185 -11.85058022 -5.00000000
v 11.98303890 -11.85042381 -2.49019599
v 11.98303890 -11.85042381 -5.00000000
v 12.10237217 -11.85025501 -2.49019599
v 12.10237217 -11.85025501 -5.00000000
v 12.23314953 -11.85005474 -2.49019599
v 12.23314953 -11.85005474 -5.00000000
v 12.36302185 -11.84984303 -2.49019599
v 12.36302185 -11.84984303 -5.00000000
v 12.49200153 -11.84961796 -2.49019599
v 12.49200153 -11.84961796 -5.00000000
v 12.60260296 -11.84941387 -2.49019599
v 12.60260296 -11.84941387 -5.00000000
v 12.73143482 -11.84916306 -2.49019599
v 12.73143482 -11.84916306 -5.00000000
v 12.85947132 -11.84889984 -2.49019599
v 12.85947132 -11.84889984 -5.00000000
v 12.97412682 -11.84865379 -2.49019599
v 12.97412682 -11.84865379 -5.00000000
v 13.10234833 -11.84836483 -2.49019599
v 13.10234833 -11.84836483 -5.00000000
v 13.22987556 -11.84806442 -2.49019599
v 13.22987556 -11.84806442 -5.00000000
v 13.35673237 -11.84775162 -2.49019599
v 13.35673237 -11.84775162 -5.00000000
v 13.48293972 -11.84742832 -2.49019599
v 13.48293972 -11.84742832 -5.00000000
v 13.60852242 -11.84709358 -2.49019599
v 13.60852242 -11.84709358 -5.00000000
v 13.73350430 -11.84674835 -2.49019599
v 13.73350430 -11.84674835 -5.00000000
v 13.85801220 -11.84639168 -2.49019599
v 13.85801220 -11.84639168 -5.00000000
v 13.98306084 -11.84602928 -2.49019599
v 13.98306084 -11.84602928 -5.00000000
v 14.10811043 -11.84566784 -2.49019599
v 14.10811043 -11.84566784 -5.00000000
v 14.23316002 -11.84530640 -2.49019599
v 14.23316002 -11.84530640 -5.00000000
v 14.35820866 -11.84494400 -2.49019599
v 14.35820866 -11.84494400 -5.00000000
v 14.48325825 -11.84458256 -2.49019599
v 14.48325825 -11.84458256 -5.00000000
v 14.60830784 -11.84422112 -2.49019599
v 14.60830784 -11.84422112 -5.00000000
v 14.73335648 -11.84385967 -2.49019599
v 14.73335648 -11.84385967 -5.00000000
v 14.85840607 -11.84349728 -2.49019599
v 14.85840607 -11.84349728 -5.00000000
v 14.98345566 -11.84313583 -2.49019599
v 14.98345566 -11.84313583 -5.00000000
v 15.10850430 -11.84277439 -2.49019599
v 15.10850430 -11.84277439 -5.00000000
v 15.23355389 -11.84241199 -2.49019599
v 15.23355389 -11.84241199 -5.00000000
v 15.35860348 -11.84205055 -2.49019599
v 15.35860348 -11.84205055 -5.00000000
v 15.48365211 -11.84168911 -2.49019599
v 15.48365211 -11.84168911 -5.00000000
v 15.60870171 -11.84132671 -2.49019599
v 15.60870171 -11.84132671 -5.00000000
v 15.73375130 -11.84096527 -2.49019599
v 15.73375130 -11.84096527 -5.00000000
v 15.85879993 -11.84060383 -2.49019599
v 15.85879993 -11.84060383 -5.00000000
v 15.98384953 -11.84024143 -2.49019599
v 15.98384953 -11.84024143 -5.00000000
v 16.10889816 -11.83987999 -2.49019599
v 16.10889816 -11.83987999 -5.00000000
v 16.23394775 -11.83951855 -2.49019599
v 16.23394775 -11.83951855 -5.00000000
v 16.35899734 -11.83915615 -2.49019599
v 16.35899734 -11.83915615 -5.00000000
v 16.48404694 -11.83879471 -2.49019599
v 16.48404694 -11.83879471 -5.00000000
v 16.60909653 -11.83843327 -2.49019599
v 16.60909653 -11.83843327 -5.00000000
v 16.73414421 -11.83807182 -2.49019599
v 16.73414421 -11.83807182 -5.00000000
v 16.85919380 -11.83770943 -2.49019599
v 16.85919380 -11.83770943 -5.00000000
v 16.98424339 -11.83734798 -2.49019599
v 16.98424339 -11.83734798 -5.00000000
v 17.10929298 -11.83698654 -2.49019599
v 17.10929298 -11.83698654 -5.00000000
v 17.23434258 -11.83662415 -2.49019599
v 17.23434258 -11.83662415 -5.00000000
v 17.35939026 -11.83626270 -2.49019599
v 17.35939026 -11.83626270 -5.00000000
v 17.48443985 -11.83590126 -2.49019599
v 17.48443985 -11.83590126 -5.00000000
v 17.60948944 -11.83553886 -2.49019599
v 17.60948944 -11.83553886 -5.00000000
v 17.73453903 -11.83517742 -2.49019599
v 17.73453903 -11.83517742 -5.00000000
v 17.85958862 -11.83481598 -2.49019599
v 17.85958862 -11.83481598 -5.00000000
v 17.98463821 -11.83445358 -2.49019599
v 17.98463821 -11.83445358 -5.00000000
v 18.10968590 -11.83409214 -2.49019599
v 18.10968590 -11.83409214 -5.00000000
v 18.23473549 -11.83373070 -2.49019599
v 18.23473549 -11.83373070 -5.00000000
v 18.35978508 -11.83336926 -2.49019599
v 18.35978508 -11.83336926 -5.00000000
v 18.48483467 -11.83300686 -2.49019599
v 18.48483467 -11.83300686 -5.00000000
v 18.60988426 -11.83264542 -2.49019599
v 18.60988426 -11.83264542 -5.00000000
v 18.73493385 -11.83228397 -2.49019599
v 18.73493385 -11.83228397 -5.00000000
v 18.85998154 -11.83192158 -2.49019599
v 18.85998154 -11.83192158 -5.00000000
v 18.98503113 -11.83156013 -2.49019599
v 18.98503113 -11.83156013 -5.00000000
v 19.11008072 -11.83119869 -2.49019599
v 19.11008072 -11.83119869 -5.00000000
v 19.23513031 -11.83083630 -2.49019599
v 19.23513031 -11.83083630 -5.00000000
v 19.36017990 -11.83047485 -2.49019599
v 19.36017990 -11.83047485 -5.00000000
v 19.48522758 -11.83011341 -2.49019599
v 19.48522758 -11.83011341 -5.00000000
v 19.61027718 -11.82975101 -2.49019599
v 19.61027718 -11.82975101 -5.00000000
v 19.73532677 -11.82938957 -2.49019599
v 19.73532677 -11.82938957 -5.00000000
v 19.86037636 -11.82902813 -2.49019599
v 19.86037636 -11.82902813 -5.00000000
v 19.98542595 -11.82866573 -2.49019599
v 19.98542595 -11.82866573 -5.00000000
v 20.11047554 -11.82830429 -2.49019599
v 20.11047554 -11.82830429 -5.00000000
v 20.23552322 -11.82794285 -2.49019599
v 20.23552322 -11.82794285 -5.00000000
v 20.36057281 -11.82758141 -2.49019599
v 20.36057281 -11.82758141 -5.00000000
v 20.48562241 -11.82721901 -2.49019599
v 20.48562241 -11.82721901 -5.00000000
v 20.61067200 -11.82685757 -2.49019599
v 20.61067200 -11.82685757 -5.00000000
v 20.73572159 -11.82649612 -2.49019599
v 20.73572159 -11.82649612 -5.00000000
v 20.86077118 -11.82613373 -2.49019599
v 20.86077118 -11.82613373 -5.00000000
v 20.98581886 -11.82577229 -2.49019599
v 20.98581886 -11.82577229 -5.00000000
v 21.11086845 -11.82541084 -2.49019599
v 21.11086845 -11.82541084 -5.00000000
v 21.23591805 -11.82504845 -2.49019599
v 21.23591805 -11.82504845 -5.00000000
v 21.36096764 -11.82468700 -2.49019599
v 21.36096764 -11.82468700 -5.00000000
v 21.48601723 -11.82432556 -2.49019599
v 21.48601723 -11.82432556 -5.00000000
v 21.61106491 -11.82396317 -2.49019599
v 21.61106491 -11.82396317 -5.00000000
v 21.73611450 -11.82360172 -2.49019599
v 21.73611450 -11.82360172 -5.00000000
v 21.86116409 -11.82324028 -2.49019599
v 21.86116409 -11.82324028 -5.00000000
v 21.98621368 -11.82287884 -2.49019599
v 21.98621368 -11.82287884 -5.00000000
v 22.11126328 -11.82251644 -2.49019599
v 22.11126328 -11.82251644 -5.00000000
v 22.23631287 -11.82215500 -2.49019599
v 22.23631287 -11.82215500 -5.00000000
v 22.36136055 -11.82179356 -2.49019599
v 22.36136055 -11.82179356 -5.00000000
v 22.48641014 -11.82143116 -2.49019599
v 22.48641014 -11.82143116 -5.00000000
v 22.61145973 -11.82106972 -2.49019599
v 22.61145973 -11.82106972 -5.00000000
v 22.73650932 -11.82070827 -2.49019599
v 22.73650932 -11.82070827 -5.00000000
v 22.86155891 -11.82034588 -2.49019599
v 22.86155891 -11.82034588 -5.00000000
v 22.98660851 -11.81998444 -2.49019599
v 22.98660851 -11.81998444 -5.00000000
v 23.11165619 -11.81962299 -2.49019599
v 23.11165619 -11.81962299 -5.00000000
v 23.23670578 -11.81926060 -2.49019599
v 23.23670578 -11.81926060 -5.00000000
v 23.31812286 -11.77008152 -2.49019599
v 23.31812286 -11.77008152 -5.00000000
v 23.33239746 -11.64577961 -2.49019599
v 23.33239746 -11.64577961 -5.00000000
v 23.34667397 -11.52147865 -2.49019599
v 23.34667397 -11.52147865 -5.00000000
v 23.35877991 -11.39688969 -2.49019599
v 23.35877991 -11.39688969 -5.00000000
v 23.35436249 -11.27185154 -2.49019599
v 23.35436249 -11.27185154 -5.00000000
v 23.30056190 -11.16218758 -2.49019599
v 23.30056190 -11.16218758 -5.00000000
v 23.18246460 -11.13071728 -2.49019599
v 23.18246460 -11.13071728 -5.00000000
v 23.07196426 -11.07821941 -2.49019599
v 23.07196426 -11.07821941 -5.00000000
v 23.01562309 -10.96784782 -2.49019599
v 23.01562309 -10.96784782 -5.00000000
v 23.00008583 -10.84417248 -2.49019599
v 23.00008583 -10.84417248 -5.00000000
v 22.98834229 -10.71977329 -2.49019599
v 22.98834229 -10.71977329 -5.00000000
v 22.94198799 -10.60444927 -2.49019599
v 22.94198799 -10.60444927 -5.00000000
v 22.85514259 -10.51565456 -2.49019599
v 22.85514259 -10.51565456 -5.00000000
v 22.74083900 -10.46707344 -2.49019599
v 22.74083900 -10.46707344 -5.00000000
v 22.62789345 -10.41520309 -2.49019599
v 22.62789345 -10.41520309 -5.00000000
v 22.55182457 -10.31692600 -2.49019599
v 22.55182457 -10.31692600 -5.00000000
v 22.51816368 -10.19700527 -2.49019599
v 22.51816368 -10.19700527 -5.00000000
v 22.50473785 -10.07280540 -2.49019599
v 22.50473785 -10.07280540 -5.00000000
v 22.50034904 -9.94754982 -2.49019599
v 22.50034904 -9.94754982 -5.00000000
v 22.49959183 -9.82318115 -2.49019599
v 22.49959183 -9.82318115 -5.00000000
v 22.49558830 -9.69781494 -2.49019599
v 22.49558830 -9.69781494 -5.00000000
v 22.48246956 -9.57338524 -2.49019599
v 22.48246956 -9.57338524 -5.00000000
v 22.44239426 -9.45569801 -2.49019599
v 22.44239426 -9.45569801 -5.00000000
v 22.34135628 -9.38839626 -2.49019599
v 22.34135628 -9.38839626 -5.00000000
v 22.21638680 -9.37912941 -2.49019599
v 22.21638680 -9.37912941 -5.00000000
v 22.09764671 -9.34627247 -2.49019599
v 22.09764671 -9.34627247 -5.00000000
v 22.02266502 -9.24910355 -2.49019599
v 22.02266502 -9.24910355 -5.00000000
v 22.00107574 -9.12597847 -2.49019599
v 22.00107574 -9.12597847 -5.00000000
v 21.99433899 -9.00140572 -2.49019599
v 21.99433899 -9.00140572 -5.00000000
v 21.95814896 -8.88214207 -2.49019599
v 21.95814896 -8.88214207 -5.00000000
v 21.88117027 -8.78407001 -2.49019599
v 21.88117027 -8.78407001 -5.00000000
v 21.77207756 -8.72504234 -2.49019599
v 21.77207756 -8.72504234 -5.00000000
v 21.65605164 -8.67995930 -2.49019599
v 21.65605164 -8.67995930 -5.00000000
v 21.56520081 -8.59466362 -2.49019599
v 21.56520081 -8.59466362 -5.00000000
v 21.51551819 -8.48097038 -2.49019599
v 21.51551819 -8.48097038 -5.00000000
v 21.50013542 -8.35735703 -2.49019599
v 21.50013542 -8.35735703 -5.00000000
v 21.49036980 -8.23262978 -2.49019599
v 21.49036980 -8.23262978 -5.00000000
v 21.44898415 -8.11493111 -2.49019599
v 21.44898415 -8.11493111 -5.00000000
v 21.36662674 -8.02183628 -2.49019599
v 21.36662674 -8.02183628 -5.00000000
v 21.25423622 -7.96929359 -2.49019599
v 21.25423622 -7.96929359 -5.00000000
v 21.13907051 -7.92172003 -2.49019599
v 21.13907051 -7.92172003 -5.00000000
v 21.05775642 -7.82812405 -2.49019599
v 21.05775642 -7.82812405 -5.00000000
v 21.02061844 -7.70944023 -2.49019599
v 21.02061844 -7.70944023 -5.00000000
v 21.00565720 -7.58525038 -2.49019599
v 21.00565720 -7.58525038 -5.00000000
v 21.00056076 -7.46010542 -2.49019599
v 21.00056076 -7.46010542 -5.00000000
v 20.99959183 -7.33561563 -2.49019599
v 20.99959183 -7.33561563 -5.00000000
v 20.99469757 -7.21038151 -2.49019599
v 20.99469757 -7.21038151 -5.00000000
v 20.98056793 -7.08661175 -2.49019599
v 20.98056793 -7.08661175 -5.00000000
v 20.94496155 -6.96633244 -2.49019599
v 20.94496155 -6.96633244 -5.00000000
v 20.85594368 -6.88445377 -2.49019599
v 20.85594368 -6.88445377 -5.00000000
v 20.73499680 -6.85782242 -2.49019599
v 20.73499680 -6.85782242 -5.00000000
v 20.65757179 -6.76190090 -2.49019599
v 20.65757179 -6.76190090 -5.00000000
v 20.62834549 -6.64146423 -2.49019599
v 20.62834549 -6.64146423 -5.00000000
v 20.62211800 -6.51594210 -2.49019599
v 20.62211800 -6.51594210 -5.00000000
v 20.59361839 -6.39460087 -2.49019599
v 20.59361839 -6.39460087 -5.00000000
v 20.52863884 -6.28809547 -2.49019599
v 20.52863884 -6.28809547 -5.00000000
v 20.42998123 -6.21319437 -2.49019599
v 20.42998123 -6.21319437 -5.00000000
v 20.31357765 -6.16652489 -2.49019599
v 20.31357765 -6.16652489 -5.00000000
v 20.21599960 -6.09046555 -2.49019599
v 20.21599960 -6.09046555 -5.00000000
v 20.15839577 -5.97993660 -2.49019599
v 20.15839577 -5.97993660 -5.00000000
v 20.13338089 -5.85749531 -2.49019599
v 20.13338089 -5.85749531 -5.00000000
v 20.12544060 -5.73342133 -2.49019599
v 20.12544060 -5.73342133 -5.00000000
v 20.12324905 -5.60815239 -2.49019599
v 20.12324905 -5.60815239 -5.00000000
v 20.11098862 -5.48377132 -2.49019599
v 20.11098862 -5.48377132 -5.00000000
v 20.07744980 -5.36342525 -2.49019599
v 20.07744980 -5.36342525 -5.00000000
v 20.00635529 -5.26169491 -2.49019599
v 20.00635529 -5.26169491 -5.00000000
v 19.89896584 -5.19864273 -2.49019599
v 19.89896584 -5.19864273 -5.00000000
v 19.78529739 -5.14810324 -2.49019599
v 19.78529739 -5.14810324 -5.00000000
v 19.69610786 -5.06133747 -2.49019599
v 19.69610786 -5.06133747 -5.00000000
v 19.64341545 -4.94818592 -2.49019599
v 19.64341545 -4.94818592 -5.00000000
v 19.62528038 -4.82541752 -2.49019599
v 19.62528038 -4.82541752 -5.00000000
v 19.61804008 -4.70028114 -2.49019599
v 19.61804008 -4.70028114 -5.00000000
v 19.57653046 -4.58302832 -2.49019599
v 19.57653046 -4.58302832 -5.00000000
v 19.47591591 -4.51433659 -2.49019599
v 19.47591591 -4.51433659 -5.00000000
v 19.35198212 -4.50213051 -2.49019599
v 19.35198212 -4.50213051 -5.00000000
v 19.23069763 -4.47381735 -2.49019599
v 19.23069763 -4.47381735 -5.00000000
v 19.16009140 -4.37462902 -2.49019599
v 19.16009140 -4.37462902 -5.00000000
v 19.13623238 -4.25135708 -2.49019599
v 19.13623238 -4.25135708 -5.00000000
v 19.12784576 -4.12657642 -2.49019599
v 19.12784576 -4.12657642 -5.00000000
v 19.12524223 -4.00258160 -2.49019599
v 19.12524223 -4.00258160 -5.00000000
v 19.12475777 -3.87684917 -2.49019599
v 19.12475777 -3.87684917 -5.00000000
v 19.12212181 -3.75193143 -2.49019599
v 19.12212181 -3.75193143 -5.00000000
v 19.11366844 -3.62708783 -2.49019599
v 19.11366844 -3.62708783 -5.00000000
v 19.08964539 -3.50393796 -2.49019599
v 19.08964539 -3.50393796 -5.00000000
v 19.01876450 -3.40521741 -2.49019599
v 19.01876450 -3.40521741 -5.00000000
v 18.89737701 -3.37720966 -2.49019599
v 18.89737701 -3.37720966 -5.00000000
v 18.77347374 -3.36498022 -2.49019599
v 18.77347374 -3.36498022 -5.00000000
v 18.67312241 -3.29548216 -2.49019599
v 18.67312241 -3.29548216 -5.00000000
v 18.63236427 -3.17822766 -2.49019599
v 18.63236427 -3.17822766 -5.00000000
v 18.62493324 -3.05378008 -2.49019599
v 18.62493324 -3.05378008 -5.00000000
v 18.61147881 -2.92955899 -2.49019599
v 18.61147881 -2.92955899 -5.00000000
v 18.56221962 -2.81573725 -2.49019599
v 18.56221962 -2.81573725 -5.00000000
v 18.45765305 -2.75304914 -2.49019599
v 18.45765305 -2.75304914 -5.00000000
v 18.34070206 -2.71576619 -2.49019599
v 18.34070206 -2.71576619 -5.00000000
v 18.25961876 -2.62140179 -2.49019599
v 18.25961876 -2.62140179 -5.00000000
v 18.20590019 -2.50911117 -2.49019599
v 18.20590019 -2.50911117 -5.00000000
v 18.17130470 -2.38867950 -2.49019599
v 18.17130470 -2.38867950 -5.00000000
v 18.13980484 -2.26815820 -2.49019599
v 18.13980484 -2.26815820 -5.00000000
v 18.09029388 -2.15332532 -2.49019599
v 18.09029388 -2.15332532 -5.00000000
v 18.01763725 -2.05143166 -2.49019599
v 18.01763725 -2.05143166 -5.00000000
v 17.90816116 -2.00034523 -2.49019599
v 17.90816116 -2.00034523 -5.00000000
v 17.81157875 -1.92837584 -2.49019599
v 17.81157875 -1.92837584 -5.00000000
v 17.77058029 -1.81057775 -2.49019599
v 17.77058029 -1.81057775 -5.00000000
v 17.75415421 -1.68642664 -2.49019599
v 17.75415421 -1.68642664 -5.00000000
v 17.75000000 -1.56163907 -2.49019599
v 17.75000000 -1.56163907 -5.00000000
v 17.74725151 -1.43653190 -2.49019599
v 17.74725151 -1.43653190 -5.00000000
v 17.73420906 -1.31234157 -2.49019599
v 17.73420906 -1.31234157 -5.00000000
v 17.69103622 -1.19622123 -2.49019599
v 17.69103622 -1.19622123 -5.00000000
v 17.58663559 -1.13299012 -2.49019599
v 17.58663559 -1.13299012 -5.00000000
v 17.46199226 -1.12448359 -2.49019599
v 17.46199226 -1.12448359 -5.00000000
v 17.34353447 -1.08967996 -2.49019599
v 17.34353447 -1.08967996 -5.00000000
v 17.27699852 -0.98638564 -2.49019599
v 17.27699852 -0.98638564 -5.00000000
v 17.25602531 -0.86333805 -2.49019599
v 17.25602531 -0.86333805 -5.00000000
v 17.25035286 -0.73788285 -2.49019599
v 17.25035286 -0.73788285 -5.00000000
v 17.24917793 -0.61374509 -2.49019599
v 17.24917793 -0.61374509 -5.00000000
v 17.24160004 -0.48819500 -2.49019599
v 17.24160004 -0.48819500 -5.00000000
v 17.21513367 -0.36634317 -2.49019599
v 17.21513367 -0.36634317 -5.00000000
v 17.13564301 -0.27372342 -2.49019599
v 17.13564301 -0.27372342 -5.00000000
v 17.01400566 -0.25027895 -2.49019599
v 17.01400566 -0.25027895 -5.00000000
v 16.88991547 -0.23672773 -2.49019599
v 16.88991547 -0.23672773 -5.00000000
v 16.80128670 -0.15404636 -2.49019599
v 16.80128670 -0.15404636 -5.00000000
v 16.76943970 -0.03457762 -2.49019599
v 16.76943970 -0.03457762 -5.00000000
v 16.75717354 0.09065571 -2.49019599
v 16.75717354 0.09065571 -5.00000000
v 16.75216484 0.21533646 -2.49019599
v 16.75216484 0.21533646 -5.00000000
v 16.75031090 0.34134823 -2.49019599
v 16.75031090 0.34134823 -5.00000000
v 16.75002480 0.46671134 -2.49019599
v 16.75002480 0.46671134 -5.00000000
v 16.75087738 0.59057236 -2.49019599
v 16.75087738 0.59057236 -5.00000000
v 16.75385666 0.71574891 -2.49019599
v 16.75385666 0.71574891 -5.00000000
v 16.76136398 0.84115225 -2.49019599
v 16.76136398 0.84115225 -5.00000000
v 16.77978897 0.96474564 -2.49019599
v 16.77978897 0.96474564 -5.00000000
v 16.83287621 1.07703567 -2.49019599
v 16.83287621 1.07703567 -5.00000000
v 16.94494247 1.12325561 -2.49019599
v 16.94494247 1.12325561 -5.00000000
v 17.07014656 1.13300180 -2.49019599
v 17.07014656 1.13300180 -5.00000000
v 17.18232918 1.18441892 -2.49019599
v 17.18232918 1.18441892 -5.00000000
v 17.24787521 1.28845787 -2.49019599
v 17.24787521 1.28845787 -5.00000000
v 17.28238869 1.40612662 -2.49019599
v 17.28238869 1.40612662 -5.00000000
v 17.38178635 1.47882974 -2.49019599
v 17.38178635 1.47882974 -5.00000000
v 17.50411797 1.50084519 -2.49019599
v 17.50411797 1.50084519 -5.00000000
v 17.62692833 1.52169311 -2.49019599
v 17.62692833 1.52169311 -5.00000000
v 17.71586037 1.60551274 -2.49019599
v 17.71586037 1.60551274 -5.00000000
v 17.74656487 1.72611558 -2.49019599
v 17.74656487 1.72611558 -5.00000000
v 17.75236320 1.85117710 -2.49019599
v 17.75236320 1.85117710 -5.00000000
v 17.78156471 1.97152460 -2.49019599
v 17.78156471 1.97152460 -5.00000000
v 17.84218597 2.08159661 -2.49019599
v 17.84218597 2.08159661 -5.00000000
v 17.92383385 2.17654705 -2.49019599
v 17.92383385 2.17654705 -5.00000000
v 18.01776314 2.25897622 -2.49019599
v 18.01776314 2.25897622 -5.00000000
v 18.11829567 2.33179212 -2.49019599
v 18.11829567 2.33179212 -5.00000000
v 18.22438240 2.39984560 -2.49019599
v 18.22438240 2.39984560 -5.00000000
v 18.32607651 2.47285104 -2.49019599
v 18.32607651 2.47285104 -5.00000000
v 18.42000771 2.55331731 -2.49019599
v 18.42000771 2.55331731 -5.00000000
v 18.50661659 2.64426422 -2.49019599
v 18.50661659 2.64426422 -5.00000000
v 18.57917976 2.74598384 -2.49019599
v 18.57917976 2.74598384 -5.00000000
v 18.62330246 2.86282492 -2.49019599
v 18.62330246 2.86282492 -5.00000000
v 18.63965988 2.98613143 -2.49019599
v 18.63965988 2.98613143 -5.00000000
v 18.71263313 3.08476043 -2.49019599
v 18.71263313 3.08476043 -5.00000000
v 18.82969093 3.12438512 -2.49019599
v 18.82969093 3.12438512 -5.00000000
v 18.95440483 3.13296127 -2.49019599
v 18.95440483 3.13296127 -5.00000000
v 19.06236649 3.19071531 -2.49019599
v 19.06236649 3.19071531 -5.00000000
v 19.11042595 3.30465579 -2.49019599
v 19.11042595 3.30465579 -5.00000000
v 19.12364388 3.42940640 -2.49019599
v 19.12364388 3.42940640 -5.00000000
v 19.12566185 3.55388117 -2.49019599
v 19.12566185 3.55388117 -5.00000000
v 19.13599586 3.67931676 -2.49019599
v 19.13599586 3.67931676 -5.00000000
v 19.17550468 3.79658318 -2.49019599
v 19.17550468 3.79658318 -5.00000000
v 19.27601242 3.86658764 -2.49019599
v 19.27601242 3.86658764 -5.00000000
v 19.39959717 3.87802744 -2.49019599
v 19.39959717 3.87802744 -5.00000000
v 19.51912308 3.91109633 -2.49019599
v 19.51912308 3.91109633 -5.00000000
v 19.60820198 3.99657631 -2.49019599
v 19.60820198 3.99657631 -5.00000000
v 19.63494682 4.11768293 -2.49019599
v 19.63494682 4.11768293 -5.00000000
v 19.71610451 4.20998335 -2.49019599
v 19.71610451 4.20998335 -5.00000000
v 19.83375359 4.24985266 -2.49019599
v 19.83375359 4.24985266 -5.00000000
v 19.95839310 4.25984049 -2.49019599
v 19.95839310 4.25984049 -5.00000000
v 20.06569099 4.31898546 -2.49019599
v 20.06569099 4.31898546 -5.00000000
v 20.11449051 4.43264866 -2.49019599
v 20.11449051 4.43264866 -5.00000000
v 20.12497520 4.55742168 -2.49019599
v 20.12497520 4.55742168 -5.00000000
v 20.13282585 4.68204594 -2.49019599
v 20.13282585 4.68204594 -5.00000000
v 20.17447662 4.79828167 -2.49019599
v 20.17447662 4.79828167 -5.00000000
v 20.27615738 4.86654997 -2.49019599
v 20.27615738 4.86654997 -5.00000000
v 20.40053177 4.87822294 -2.49019599
v 20.40053177 4.87822294 -5.00000000
v 20.52101898 4.90699625 -2.49019599
v 20.52101898 4.90699625 -5.00000000
v 20.59631920 5.00352097 -2.49019599
v 20.59631920 5.00352097 -5.00000000
v 20.62022781 5.12644005 -2.49019599
v 20.62022781 5.12644005 -5.00000000
v 20.62499809 5.25075293 -2.49019599
v 20.62499809 5.25075293 -5.00000000
v 20.62052536 5.37597847 -2.49019599
v 20.62052536 5.37597847 -5.00000000
v 20.59755516 5.49877834 -2.49019599
v 20.59755516 5.49877834 -5.00000000
v 20.52483749 5.59655905 -2.49019599
v 20.52483749 5.59655905 -5.00000000
v 20.40440941 5.62741184 -2.49019599
v 20.40440941 5.62741184 -5.00000000
v 20.28045845 5.63755274 -2.49019599
v 20.28045845 5.63755274 -5.00000000
v 20.17823982 5.70455313 -2.49019599
v 20.17823982 5.70455313 -5.00000000
v 20.13673592 5.82144690 -2.49019599
v 20.13673592 5.82144690 -5.00000000
v 20.12580490 5.94633102 -2.49019599
v 20.12580490 5.94633102 -5.00000000
v 20.12334251 6.07144976 -2.49019599
v 20.12334251 6.07144976 -5.00000000
v 20.10825729 6.19539404 -2.49019599
v 20.10825729 6.19539404 -5.00000000
v 20.06286430 6.31118298 -2.49019599
v 20.06286430 6.31118298 -5.00000000
v 19.96048737 6.37663603 -2.49019599
v 19.96048737 6.37663603 -5.00000000
v 19.83854866 6.39920425 -2.49019599
v 19.83854866 6.39920425 -5.00000000
v 19.73550797 6.46878529 -2.49019599
v 19.73550797 6.46878529 -5.00000000
v 19.66765404 6.57253599 -2.49019599
v 19.66765404 6.57253599 -5.00000000
v 19.59077263 6.66980028 -2.49019599
v 19.59077263 6.66980028 -5.00000000
v 19.48216248 6.73127604 -2.49019599
v 19.48216248 6.73127604 -5.00000000
v 19.36010742 6.75374079 -2.49019599
v 19.36010742 6.75374079 -5.00000000
v 19.23827171 6.77786636 -2.49019599
v 19.23827171 6.77786636 -5.00000000
v 19.15574074 6.86824417 -2.49019599
v 19.15574074 6.86824417 -5.00000000
v 19.12816620 6.98954487 -2.49019599
v 19.12816620 6.98954487 -5.00000000
v 19.12349892 7.11466408 -2.49019599
v 19.12349892 7.11466408 -5.00000000
v 19.10139465 7.23770857 -2.49019599
v 19.10139465 7.23770857 -5.00000000
v 19.03657532 7.34216309 -2.49019599
v 19.03657532 7.34216309 -5.00000000
v 18.92008400 7.37951040 -2.49019599
v 18.92008400 7.37951040 -5.00000000
v 18.80164146 7.41633749 -2.49019599
v 18.80164146 7.41633749 -5.00000000
v 18.70730019 7.49722099 -2.49019599
v 18.70730019 7.49722099 -5.00000000
v 18.64637756 7.60597086 -2.49019599
v 18.64637756 7.60597086 -5.00000000
v 18.55911255 7.69471025 -2.49019599
v 18.55911255 7.69471025 -5.00000000
v 18.45309639 7.76052475 -2.49019599
v 18.45309639 7.76052475 -5.00000000
v 18.33518791 7.80244017 -2.49019599
v 18.33518791 7.80244017 -5.00000000
v 18.22928429 7.86718845 -2.49019599
v 18.22928429 7.86718845 -5.00000000
v 18.16058350 7.97054338 -2.49019599
v 18.16058350 7.97054338 -5.00000000
v 18.13015556 8.09165764 -2.49019599
v 18.13015556 8.09165764 -5.00000000
v 18.12424278 8.21664333 -2.49019599
v 18.12424278 8.21664333 -5.00000000
v 18.10709381 8.34000301 -2.49019599
v 18.10709381 8.34000301 -5.00000000
v 18.05277252 8.45179176 -2.49019599
v 18.05277252 8.45179176 -5.00000000
v 17.94336700 8.50460815 -2.49019599
v 17.94336700 8.50460815 -5.00000000
v 17.82237816 8.53123093 -2.49019599
v 17.82237816 8.53123093 -5.00000000
v 17.75007629 8.62618256 -2.49019599
v 17.75007629 8.62618256 -5.00000000
v 17.67593193 8.71842098 -2.49019599
v 17.67593193 8.71842098 -5.00000000
v 17.55626297 8.75163078 -2.49019599
v 17.55626297 8.75163078 -5.00000000
v 17.43136215 8.75929737 -2.49019599
v 17.43136215 8.75929737 -5.00000000
v 17.31969452 8.81091213 -2.49019599
v 17.31969452 8.81091213 -5.00000000
v 17.26687622 8.92192554 -2.49019599
v 17.26687622 8.92192554 -5.00000000
v 17.25186157 9.04629612 -2.49019599
v 17.25186157 9.04629612 -5.00000000
v 17.24958801 9.17154026 -2.49019599
v 17.24958801 9.17154026 -5.00000000
v 17.24077225 9.29570866 -2.49019599
v 17.24077225 9.29570866 -5.00000000
v 17.20509529 9.41540337 -2.49019599
v 17.20509529 9.41540337 -5.00000000
v 17.11016083 9.49147701 -2.49019599
v 17.11016083 9.49147701 -5.00000000
v 16.98634529 9.50540447 -2.49019599
v 16.98634529 9.50540447 -5.00000000
v 16.86473274 9.52891350 -2.49019599
v 16.86473274 9.52891350 -5.00000000
v 16.78279495 9.62033272 -2.49019599
v 16.78279495 9.62033272 -5.00000000
v 16.75598145 9.74145508 -2.49019599
v 16.75598145 9.74145508 -5.00000000
v 16.75004196 9.86670876 -2.49019599
v 16.75004196 9.86670876 -5.00000000
v 16.74643707 9.99208164 -2.49019599
v 16.74643707 9.99208164 -5.00000000
v 16.72628021 10.11477947 -2.49019599
v 16.72628021 10.11477947 -5.00000000
v 16.65962219 10.21762180 -2.49019599
v 16.65962219 10.21762180 -5.00000000
v 16.54131126 10.25422668 -2.49019599
v 16.54131126 10.25422668 -5.00000000
v 16.41712761 10.26608753 -2.49019599
v 16.41712761 10.26608753 -5.00000000
v 16.30733681 10.32324696 -2.49019599
v 16.30733681 10.32324696 -5.00000000
v 16.25047302 10.43153286 -2.49019599
v 16.25047302 10.43153286 -5.00000000
v 16.21669579 10.54969120 -2.49019599
v 16.21669579 10.54969120 -5.00000000
v 16.11781883 10.62250042 -2.49019599
v 16.11781883 10.62250042 -5.00000000
v 15.99516582 10.64346409 -2.49019599
v 15.99516582 10.64346409 -5.00000000
v 15.90141582 10.72277260 -2.49019599
v 15.90141582 10.72277260 -5.00000000
v 15.87297249 10.84269047 -2.49019599
v 15.87297249 10.84269047 -5.00000000
v 15.80779362 10.94692421 -2.49019599
v 15.80779362 10.94692421 -5.00000000
v 15.69572353 10.99858761 -2.49019599
v 15.69572353 10.99858761 -5.00000000
v 15.57117939 11.00890732 -2.49019599
v 15.57117939 11.00890732 -5.00000000
v 15.45545959 11.05198193 -2.49019599
v 15.45545959 11.05198193 -5.00000000
v 15.39220524 11.15752983 -2.49019599
v 15.39220524 11.15752983 -5.00000000
v 15.37564278 11.28142452 -2.49019599
v 15.37564278 11.28142452 -5.00000000
v 15.37099075 11.40620136 -2.49019599
v 15.37099075 11.40620136 -5.00000000
v 15.34023857 11.52700615 -2.49019599
v 15.34023857 11.52700615 -5.00000000
v 15.25153923 11.61092377 -2.49019599
v 15.25153923 11.61092377 -5.00000000
v 15.12887096 11.63142586 -2.49019599
v 15.12887096 11.63142586 -5.00000000
v 15.00541306 11.64677525 -2.49019599
v 15.00541306 11.64677525 -5.00000000
v 14.89665413 11.70573521 -2.49019599
v 14.89665413 11.70573521 -5.00000000
v 14.85072708 11.81916809 -2.49019599
v 14.85072708 11.81916809 -5.00000000
v 14.74264240 11.87720966 -2.49019599
v 14.74264240 11.87720966 -5.00000000
v 14.62311649 11.90650845 -2.49019599
v 14.62311649 11.90650845 -5.00000000
v 14.54351521 12.00166607 -2.49019599
v 14.54351521 12.00166607 -5.00000000
v 14.49780178 12.11718845 -2.49019599
v 14.49780178 12.11718845 -5.00000000
v 14.47517300 12.24057007 -2.49019599
v 14.47517300 12.24057007 -5.00000000
v 14.45042038 12.36312008 -2.49019599
v 14.45042038 12.36312008 -5.00000000
v 14.39872169 12.47637081 -2.49019599
v 14.39872169 12.47637081 -5.00000000
v 14.30773354 12.56119537 -2.49019599
v 14.30773354 12.56119537 -5.00000000
v 14.19090939 12.60352612 -2.49019599
v 14.19090939 12.60352612 -5.00000000
v 14.06930637 12.63060379 -2.49019599
v 14.06930637 12.63060379 -5.00000000
v 13.95905209 12.68911934 -2.49019599
v 13.95905209 12.68911934 -5.00000000
v 13.88263226 12.78591061 -2.49019599
v 13.88263226 12.78591061 -5.00000000
v 13.85576439 12.90699673 -2.49019599
v 13.85576439 12.90699673 -5.00000000
v 13.76595211 12.99068165 -2.49019599
v 13.76595211 12.99068165 -5.00000000
v 13.64364338 13.00198269 -2.49019599
v 13.64364338 13.00198269 -5.00000000
v 13.54037476 12.93555737 -2.49019599
v 13.54037476 12.93555737 -5.00000000
v 12.53015232 -1.48152828 -2.49019599
v 12.50000000 -1.36112833 -2.49019599
v 12.50000000 -1.36112833 -5.00000000
v 12.53015232 -1.48152828 -5.00000000
v 12.60542297 -1.58111405 -2.49019599
v 12.60542297 -1.58111405 -5.00000000
v 12.71001244 -1.64871311 -2.49019599
v 12.71001244 -1.64871311 -5.00000000
v 12.82744312 -1.69129860 -2.49019599
v 12.82744312 -1.69129860 -5.00000000
v 12.92349911 -1.77039254 -2.49019599
v 12.92349911 -1.77039254 -5.00000000
v 12.97872925 -1.88216150 -2.49019599
v 12.97872925 -1.88216150 -5.00000000
v 12.99869537 -2.00528479 -2.49019599
v 12.99869537 -2.00528479 -5.00000000
v 13.00274372 -2.13030005 -2.49019599
v 13.00274372 -2.13030005 -5.00000000
v 13.02717113 -2.25312901 -2.49019599
v 13.02717113 -2.25312901 -5.00000000
v 13.10551071 -2.34738040 -2.49019599
v 13.10551071 -2.34738040 -5.00000000
v 13.22673988 -2.37584805 -2.49019599
v 13.22673988 -2.37584805 -5.00000000
v 13.34994698 -2.39171243 -2.49019599
v 13.34994698 -2.39171243 -5.00000000
v 13.45578098 -2.45686865 -2.49019599
v 13.45578098 -2.45686865 -5.00000000
v 13.50011158 -2.57040739 -2.49019599
v 13.50011158 -2.57040739 -5.00000000
v 13.54462242 -2.68506670 -2.49019599
v 13.54462242 -2.68506670 -5.00000000
v 13.65039158 -2.74780774 -2.49019599
v 13.65039158 -2.74780774 -5.00000000
v 13.77241135 -2.73199677 -2.49019599
v 13.77241135 -2.73199677 -5.00000000
v 13.85899258 -2.64475369 -2.49019599
v 13.85899258 -2.64475369 -5.00000000
v 13.88538837 -2.52309418 -2.49019599
v 13.88538837 -2.52309418 -5.00000000
v 13.96547890 -2.42862177 -2.49019599
v 13.96547890 -2.42862177 -5.00000000
v 14.07690525 -2.37234235 -2.49019599
v 14.07690525 -2.37234235 -5.00000000
v 14.19889832 -2.34615874 -2.49019599
v 14.19889832 -2.34615874 -5.00000000
v 14.31477070 -2.30129695 -2.49019599
v 14.31477070 -2.30129695 -5.00000000
v 14.40354252 -2.21341944 -2.49019599
v 14.40354252 -2.21341944 -5.00000000
v 14.45295715 -2.09864855 -2.49019599
v 14.45295715 -2.09864855 -5.00000000
v 14.47628498 -1.97593117 -2.49019599
v 14.47628498 -1.97593117 -5.00000000
v 14.50023460 -1.85291266 -2.49019599
v 14.50023460 -1.85291266 -5.00000000
v 14.54816532 -1.73773730 -2.49019599
v 14.54816532 -1.73773730 -5.00000000
v 14.63147068 -1.64534664 -2.49019599
v 14.63147068 -1.64534664 -5.00000000
v 14.75167847 -1.61649871 -2.49019599
v 14.75167847 -1.61649871 -5.00000000
v 14.84686470 -1.53890288 -2.49019599
v 14.84686470 -1.53890288 -5.00000000
v 14.87558270 -1.41893256 -2.49019599
v 14.87558270 -1.41893256 -5.00000000
v 14.91076660 -1.29985762 -2.49019599
v 14.91076660 -1.29985762 -5.00000000
v 15.01759529 -1.24881244 -2.49019599
v 15.01759529 -1.24881244 -5.00000000
v 15.14107323 -1.23312831 -2.49019599
v 15.14107323 -1.23312831 -5.00000000
v 15.26467323 -1.21327019 -2.49019599
v 15.26467323 -1.21327019 -5.00000000
v 15.38854790 -1.19108117 -2.49019599
v 15.38854790 -1.19108117 -5.00000000
v 15.51179695 -1.16712117 -2.49019599
v 15.51179695 -1.16712117 -5.00000000
v 15.63486481 -1.14630497 -2.49019599
v 15.63486481 -1.14630497 -5.00000000
v 15.76002216 -1.14146578 -2.49019599
v 15.76002216 -1.14146578 -5.00000000
v 15.85654259 -1.20902967 -2.49019599
v 15.85654259 -1.20902967 -5.00000000
v 15.87472630 -1.33277845 -2.49019599
v 15.87472630 -1.33277845 -5.00000000
v 15.88666725 -1.45702553 -2.49019599
v 15.88666725 -1.45702553 -5.00000000
v 15.94224262 -1.56809103 -2.49019599
v 15.94224262 -1.56809103 -5.00000000
v 16.05032158 -1.62541425 -2.49019599
v 16.05032158 -1.62541425 -5.00000000
v 16.16393661 -1.66833842 -2.49019599
v 16.16393661 -1.66833842 -5.00000000
v 16.21702385 -1.78050852 -2.49019599
v 16.21702385 -1.78050852 -5.00000000
v 16.23806000 -1.90327609 -2.49019599
v 16.23806000 -1.90327609 -5.00000000
v 16.24697304 -2.02795076 -2.49019599
v 16.24697304 -2.02795076 -5.00000000
v 16.24987984 -2.15354991 -2.49019599
v 16.24987984 -2.15354991 -5.00000000
v 16.25052452 -2.27869582 -2.49019599
v 16.25052452 -2.27869582 -5.00000000
v 16.25406647 -2.40408707 -2.49019599
v 16.25406647 -2.40408707 -5.00000000
v 16.26473427 -2.52915502 -2.49019599
v 16.26473427 -2.52915502 -5.00000000
v 16.29526901 -2.65021086 -2.49019599
v 16.29526901 -2.65021086 -5.00000000
v 16.38228226 -2.73563576 -2.49019599
v 16.38228226 -2.73563576 -5.00000000
v 16.50537109 -2.75154805 -2.49019599
v 16.50537109 -2.75154805 -5.00000000
v 16.62834358 -2.77307034 -2.49019599
v 16.62834358 -2.77307034 -5.00000000
v 16.71661949 -2.85728335 -2.49019599
v 16.71661949 -2.85728335 -5.00000000
v 16.74698830 -2.97869611 -2.49019599
v 16.74698830 -2.97869611 -5.00000000
v 16.75247002 -3.10378981 -2.49019599
v 16.75247002 -3.10378981 -5.00000000
v 16.78100395 -3.22554564 -2.49019599
v 16.78100395 -3.22554564 -5.00000000
v 16.84926033 -3.32979989 -2.49019599
v 16.84926033 -3.32979989 -5.00000000
v 16.95304871 -3.39760518 -2.49019599
v 16.95304871 -3.39760518 -5.00000000
v 17.07123756 -3.43772006 -2.49019599
v 17.07123756 -3.43772006 -5.00000000
v 17.16899872 -3.51485920 -2.49019599
v 17.16899872 -3.51485920 -5.00000000
v 17.21980667 -3.62876368 -2.49019599
v 17.21980667 -3.62876368 -5.00000000
v 17.24052238 -3.75127029 -2.49019599
v 17.24052238 -3.75127029 -5.00000000
v 17.24835968 -3.87674999 -2.49019599
v 17.24835968 -3.87674999 -5.00000000
v 17.25001144 -4.00261068 -2.49019599
v 17.25001144 -4.00261068 -5.00000000
v 17.25188828 -4.12747383 -2.49019599
v 17.25188828 -4.12747383 -5.00000000
v 17.25979233 -4.25276995 -2.49019599
v 17.25979233 -4.25276995 -5.00000000
v 17.28359032 -4.37521505 -2.49019599
v 17.28359032 -4.37521505 -5.00000000
v 17.35629463 -4.47444773 -2.49019599
v 17.35629463 -4.47444773 -5.00000000
v 17.47679329 -4.50211382 -2.49019599
v 17.47679329 -4.50211382 -5.00000000
v 17.60113335 -4.51422453 -2.49019599
v 17.60113335 -4.51422453 -5.00000000
v 17.70190811 -4.58413458 -2.49019599
v 17.70190811 -4.58413458 -5.00000000
v 17.74240303 -4.70123959 -2.49019599
v 17.74240303 -4.70123959 -5.00000000
v 17.75004578 -4.82603693 -2.49019599
v 17.75004578 -4.82603693 -5.00000000
v 17.76548386 -4.95066881 -2.49019599
v 17.76548386 -4.95066881 -5.00000000
v 17.80701828 -5.06782293 -2.49019599
v 17.80701828 -5.06782293 -5.00000000
v 17.87959099 -5.16988945 -2.49019599
v 17.87959099 -5.16988945 -5.00000000
v 17.98594284 -5.23471546 -2.49019599
v 17.98594284 -5.23471546 -5.00000000
v 18.06811714 -5.32846069 -2.49019599
v 18.06811714 -5.32846069 -5.00000000
v 18.11494255 -5.44419527 -2.49019599
v 18.11494255 -5.44419527 -5.00000000
v 18.12775803 -5.56828403 -2.49019599
v 18.12775803 -5.56828403 -5.00000000
v 18.16911316 -5.68569422 -2.49019599
v 18.16911316 -5.68569422 -5.00000000
v 18.25098991 -5.77965927 -2.49019599
v 18.25098991 -5.77965927 -5.00000000
v 18.36103439 -5.83800268 -2.49019599
v 18.36103439 -5.83800268 -5.00000000
v 18.47732544 -5.88313532 -2.49019599
v 18.47732544 -5.88313532 -5.00000000
v 18.56271553 -5.97267056 -2.49019599
v 18.56271553 -5.97267056 -5.00000000
v 18.60340691 -6.09100151 -2.49019599
v 18.60340691 -6.09100151 -5.00000000
v 18.61946869 -6.21511889 -2.49019599
v 18.61946869 -6.21511889 -5.00000000
v 18.62460899 -6.33964109 -2.49019599
v 18.62460899 -6.33964109 -5.00000000
v 18.62554359 -6.46558714 -2.49019599
v 18.62554359 -6.46558714 -5.00000000
v 18.63055038 -6.59056568 -2.49019599
v 18.63055038 -6.59056568 -5.00000000
v 18.64736748 -6.71474791 -2.49019599
v 18.64736748 -6.71474791 -5.00000000
v 18.70032120 -6.82668734 -2.49019599
v 18.70032120 -6.82668734 -5.00000000
v 18.81275749 -6.87550354 -2.49019599
v 18.81275749 -6.87550354 -5.00000000
v 18.93801498 -6.88247490 -2.49019599
v 18.93801498 -6.88247490 -5.00000000
v 19.05140114 -6.93093395 -2.49019599
v 19.05140114 -6.93093395 -5.00000000
v 19.10710907 -7.04149628 -2.49019599
v 19.10710907 -7.04149628 -5.00000000
v 19.12289619 -7.16553879 -2.49019599
v 19.12289619 -7.16553879 -5.00000000
v 19.12531090 -7.29035902 -2.49019599
v 19.12531090 -7.29035902 -5.00000000
v 19.13361931 -7.41525269 -2.49019599
v 19.13361931 -7.41525269 -5.00000000
v 19.16759682 -7.53515339 -2.49019599
v 19.16759682 -7.53515339 -5.00000000
v 19.26082611 -7.61412334 -2.49019599
v 19.26082611 -7.61412334 -5.00000000
v 19.38454247 -7.62928104 -2.49019599
v 19.38454247 -7.62928104 -5.00000000
v 19.50689888 -7.65114975 -2.49019599
v 19.50689888 -7.65114975 -5.00000000
v 19.58570480 -7.74513149 -2.49019599
v 19.58570480 -7.74513149 -5.00000000
v 19.61218071 -7.86646795 -2.49019599
v 19.61218071 -7.86646795 -5.00000000
v 19.62158966 -7.99109030 -2.49019599
v 19.62158966 -7.99109030 -5.00000000
v 19.62464142 -8.11649704 -2.49019599
v 19.62464142 -8.11649704 -5.00000000
v 19.62514687 -8.24186516 -2.49019599
v 19.62514687 -8.24186516 -5.00000000
v 19.62745857 -8.36809731 -2.49019599
v 19.62745857 -8.36809731 -5.00000000
v 19.63506508 -8.49235916 -2.49019599
v 19.63506508 -8.49235916 -5.00000000
v 19.65680504 -8.61643791 -2.49019599
v 19.65680504 -8.61643791 -5.00000000
v 19.72186661 -8.72031975 -2.49019599
v 19.72186661 -8.72031975 -5.00000000
v 19.84052658 -8.75398922 -2.49019599
v 19.84052658 -8.75398922 -5.00000000
v 19.96551895 -8.76409149 -2.49019599
v 19.96551895 -8.76409149 -5.00000000
v 20.07085228 -8.82745171 -2.49019599
v 20.07085228 -8.82745171 -5.00000000
v 20.11682701 -8.94250774 -2.49019599
v 20.11682701 -8.94250774 -5.00000000
v 20.12516975 -9.06744289 -2.49019599
v 20.12516975 -9.06744289 -5.00000000
v 20.14283752 -9.19060516 -2.49019599
v 20.14283752 -9.19060516 -5.00000000
v 20.19749451 -9.30242825 -2.49019599
v 20.19749451 -9.30242825 -5.00000000
v 20.29204941 -9.38380337 -2.49019599
v 20.29204941 -9.38380337 -5.00000000
v 20.40915298 -9.42729855 -2.49019599
v 20.40915298 -9.42729855 -5.00000000
v 20.51561165 -9.49199104 -2.49019599
v 20.51561165 -9.49199104 -5.00000000
v 20.59039116 -9.59152412 -2.49019599
v 20.59039116 -9.59152412 -5.00000000
v 20.62359428 -9.71173000 -2.49019599
v 20.62359428 -9.71173000 -5.00000000
v 20.61704826 -9.83481789 -2.49019599
v 20.61704826 -9.83481789 -5.00000000
v 20.53340340 -9.92490101 -2.49019599
v 20.53340340 -9.92490101 -5.00000000
v 20.41582298 -9.95818710 -2.49019599
v 20.41582298 -9.95818710 -5.00000000
v 20.29131508 -9.97501564 -2.49019599
v 20.29131508 -9.97501564 -5.00000000
v 20.16464615 -9.98501587 -2.49019599
v 20.16464615 -9.98501587 -5.00000000
v 20.03942680 -9.99137497 -2.49019599
v 20.03942680 -9.99137497 -5.00000000
v 19.91422653 -9.99568844 -2.49019599
v 19.91422653 -9.99568844 -5.00000000
v 19.78982925 -9.99868298 -2.49019599
v 19.78982925 -9.99868298 -5.00000000
v 19.66508865 -10.00081348 -2.49019599
v 19.66508865 -10.00081348 -5.00000000
v 19.54059792 -10.00233078 -2.49019599
v 19.54059792 -10.00233078 -5.00000000
v 19.41153908 -10.00344372 -2.49019599
v 19.41153908 -10.00344372 -5.00000000
v 19.28719139 -10.00419521 -2.49019599
v 19.28719139 -10.00419521 -5.00000000
v 19.16294289 -10.00471497 -2.49019599
v 19.16294289 -10.00471497 -5.00000000
v 19.03784943 -10.00506687 -2.49019599
v 19.03784943 -10.00506687 -5.00000000
v 18.91210365 -10.00529480 -2.49019599
v 18.91210365 -10.00529480 -5.00000000
v 18.78663635 -10.00543022 -2.49019599
v 18.78663635 -10.00543022 -5.00000000
v 18.66223335 -10.00550175 -2.49019599
v 18.66223335 -10.00550175 -5.00000000
v 18.53733826 -10.00553226 -2.49019599
v 18.53733826 -10.00553226 -5.00000000
v 18.41163445 -10.00553799 -2.49019599
v 18.41163445 -10.00553799 -5.00000000
v 18.28638077 -10.00553799 -2.49019599
v 18.28638077 -10.00553799 -5.00000000
v 18.16112518 -10.00553799 -2.49019599
v 18.16112518 -10.00553799 -5.00000000
v 18.03587151 -10.00553799 -2.49019599
v 18.03587151 -10.00553799 -5.00000000
v 17.91061592 -10.00553799 -2.49019599
v 17.91061592 -10.00553799 -5.00000000
v 17.78536224 -10.00553799 -2.49019599
v 17.78536224 -10.00553799 -5.00000000
v 17.66010666 -10.00553799 -2.49019599
v 17.66010666 -10.00553799 -5.00000000
v 17.53485107 -10.00553799 -2.49019599
v 17.53485107 -10.00553799 -5.00000000
v 17.40959740 -10.00553799 -2.49019599
v 17.40959740 -10.00553799 -5.00000000
v 17.28434181 -10.00553799 -2.49019599
v 17.28434181 -10.00553799 -5.00000000
v 17.15908813 -10.00553799 -2.49019599
v 17.15908813 -10.00553799 -5.00000000
v 17.03383255 -10.00553799 -2.49019599
v 17.03383255 -10.00553799 -5.00000000
v 16.90857887 -10.00553799 -2.49019599
v 16.90857887 -10.00553799 -5.00000000
v 16.78332329 -10.00553799 -2.49019599
v 16.78332329 -10.00553799 -5.00000000
v 16.65806961 -10.00553799 -2.49019599
v 16.65806961 -10.00553799 -5.00000000
v 16.53281403 -10.00553799 -2.49019599
v 16.53281403 -10.00553799 -5.00000000
v 16.40755844 -10.00553799 -2.49019599
v 16.40755844 -10.00553799 -5.00000000
v 16.28230476 -10.00553799 -2.49019599
v 16.28230476 -10.00553799 -5.00000000
v 16.25000000 -9.91253567 -2.49019599
v 16.25000000 -9.91253567 -5.00000000
v 16.25000000 -9.78721237 -2.49019599
v 16.25000000 -9.78721237 -5.00000000
v 16.24938965 -9.66217613 -2.49019599
v 16.24938965 -9.66217613 -5.00000000
v 16.23118019 -9.53820896 -2.49019599
v 16.23118019 -9.53820896 -5.00000000
v 16.17324448 -9.42798710 -2.49019599
v 16.17324448 -9.42798710 -5.00000000
v 16.06194687 -9.38019085 -2.49019599
v 16.06194687 -9.38019085 -5.00000000
v 15.95471954 -9.32633018 -2.49019599
v 15.95471954 -9.32633018 -5.00000000
v 15.90887833 -9.21072769 -2.49019599
v 15.90887833 -9.21072769 -5.00000000
v 15.88961506 -9.08710957 -2.49019599
v 15.88961506 -9.08710957 -5.00000000
v 15.88043213 -8.96172523 -2.49019599
v 15.88043213 -8.96172523 -5.00000000
v 15.87628937 -8.83624172 -2.49019599
v 15.87628937 -8.83624172 -5.00000000
v 15.87501907 -8.71105576 -2.49019599
v 15.87501907 -8.71105576 -5.00000000
v 15.87461567 -8.58608818 -2.49019599
v 15.87461567 -8.58608818 -5.00000000
v 15.87259960 -8.46065235 -2.49019599
v 15.87259960 -8.46065235 -5.00000000
v 15.86722183 -8.33559227 -2.49019599
v 15.86722183 -8.33559227 -5.00000000
v 15.85421467 -8.21133518 -2.49019599
v 15.85421467 -8.21133518 -5.00000000
v 15.81897354 -8.09091663 -2.49019599
v 15.81897354 -8.09091663 -5.00000000
v 15.72451210 -8.01462936 -2.49019599
v 15.72451210 -8.01462936 -5.00000000
v 15.59974480 -8.00401592 -2.49019599
v 15.59974480 -8.00401592 -5.00000000
v 15.48065186 -7.97400379 -2.49019599
v 15.48065186 -7.97400379 -5.00000000
v 15.41372395 -7.87012625 -2.49019599
v 15.41372395 -7.87012625 -5.00000000
v 15.39077473 -7.74811935 -2.49019599
v 15.39077473 -7.74811935 -5.00000000
v 15.38121128 -7.62328529 -2.49019599
v 15.38121128 -7.62328529 -5.00000000
v 15.37699413 -7.49673462 -2.49019599
v 15.37699413 -7.49673462 -5.00000000
v 15.37536716 -7.37254763 -2.49019599
v 15.37536716 -7.37254763 -5.00000000
v 15.37499905 -7.24633169 -2.49019599
v 15.37499905 -7.24633169 -5.00000000
v 15.37452698 -7.12133646 -2.49019599
v 15.37452698 -7.12133646 -5.00000000
v 15.37265873 -6.99555635 -2.49019599
v 15.37265873 -6.99555635 -5.00000000
v 15.36806107 -6.87065315 -2.49019599
v 15.36806107 -6.87065315 -5.00000000
v 15.35747337 -6.74525690 -2.49019599
v 15.35747337 -6.74525690 -5.00000000
v 15.33167458 -6.62379980 -2.49019599
v 15.33167458 -6.62379980 -5.00000000
v 15.25757313 -6.52692127 -2.49019599
v 15.25757313 -6.52692127 -5.00000000
v 15.13439369 -6.50365210 -2.49019599
v 15.13439369 -6.50365210 -5.00000000
v 15.01080132 -6.48888350 -2.49019599
v 15.01080132 -6.48888350 -5.00000000
v 14.92321205 -6.40460157 -2.49019599
v 14.92321205 -6.40460157 -5.00000000
v 14.89212704 -6.28441858 -2.49019599
v 14.89212704 -6.28441858 -5.00000000
v 14.88065434 -6.15980005 -2.49019599
v 14.88065434 -6.15980005 -5.00000000
v 14.87628365 -6.03456736 -2.49019599
v 14.87628365 -6.03456736 -5.00000000
v 14.87503719 -5.90880823 -2.49019599
v 14.87503719 -5.90880823 -5.00000000
v 14.87423325 -5.78346586 -2.49019599
v 14.87423325 -5.78346586 -5.00000000
v 14.87014675 -5.65883684 -2.49019599
v 14.87014675 -5.65883684 -5.00000000
v 14.86023808 -5.53339911 -2.49019599
v 14.86023808 -5.53339911 -5.00000000
v 14.83894348 -5.40953541 -2.49019599
v 14.83894348 -5.40953541 -5.00000000
v 14.78885365 -5.29637480 -2.49019599
v 14.78885365 -5.29637480 -5.00000000
v 14.67749786 -5.25066853 -2.49019599
v 14.67749786 -5.25066853 -5.00000000
v 14.57609367 -5.17949724 -2.49019599
v 14.57609367 -5.17949724 -5.00000000
v 14.50768566 -5.07537508 -2.49019599
v 14.50768566 -5.07537508 -5.00000000
v 14.45983601 -4.95985889 -2.49019599
v 14.45983601 -4.95985889 -5.00000000
v 14.42818165 -4.83809423 -2.49019599
v 14.42818165 -4.83809423 -5.00000000
v 14.39026165 -4.71944714 -2.49019599
v 14.39026165 -4.71944714 -5.00000000
v 14.32962894 -4.60904932 -2.49019599
v 14.32962894 -4.60904932 -5.00000000
v 14.23589230 -4.52896976 -2.49019599
v 14.23589230 -4.52896976 -5.00000000
v 14.11430264 -4.50249100 -2.49019599
v 14.11430264 -4.50249100 -5.00000000
v 13.99285984 -4.47618818 -2.49019599
v 13.99285984 -4.47618818 -5.00000000
v 13.89888000 -4.39622355 -2.49019599
v 13.89888000 -4.39622355 -5.00000000
v 13.87082386 -4.27554274 -2.49019599
v 13.87082386 -4.27554274 -5.00000000
v 13.80684853 -4.17047691 -2.49019599
v 13.80684853 -4.17047691 -5.00000000
v 13.69172764 -4.12733173 -2.49019599
v 13.69172764 -4.12733173 -5.00000000
v 13.57479095 -4.16521454 -2.49019599
v 13.57479095 -4.16521454 -5.00000000
v 13.50615311 -4.26729155 -2.49019599
v 13.50615311 -4.26729155 -5.00000000
v 13.48020077 -4.38862705 -2.49019599
v 13.48020077 -4.38862705 -5.00000000
v 13.38868427 -4.47132874 -2.49019599
v 13.38868427 -4.47132874 -5.00000000
v 13.26791954 -4.50202560 -2.49019599
v 13.26791954 -4.50202560 -5.00000000
v 13.14366341 -4.51602077 -2.49019599
v 13.14366341 -4.51602077 -5.00000000
v 13.04491043 -4.58798933 -2.49019599
v 13.04491043 -4.58798933 -5.00000000
v 13.00577259 -4.70563078 -2.49019599
v 13.00577259 -4.70563078 -5.00000000
v 12.99924183 -4.83099222 -2.49019599
v 12.99924183 -4.83099222 -5.00000000
v 12.97727203 -4.95406914 -2.49019599
v 12.97727203 -4.95406914 -5.00000000
v 12.91725254 -5.06286001 -2.49019599
v 12.91725254 -5.06286001 -5.00000000
v 12.81850433 -5.13895416 -2.49019599
v 12.81850433 -5.13895416 -5.00000000
v 12.70028973 -5.17957640 -2.49019599
v 12.70028973 -5.17957640 -5.00000000
v 12.59692860 -5.24695635 -2.49019599
v 12.59692860 -5.24695635 -5.00000000
v 12.53956604 -5.35831881 -2.49019599
v 12.53956604 -5.35831881 -5.00000000
v 12.51574898 -5.48045063 -2.49019599
v 12.51574898 -5.48045063 -5.00000000
v 12.50533104 -5.60601187 -2.49019599
v 12.50533104 -5.60601187 -5.00000000
v 12.50114155 -5.73023367 -2.49019599
v 12.50114155 -5.73023367 -5.00000000
v 12.50000572 -5.85601616 -2.49019599
v 12.50000572 -5.85601616 -5.00000000
v 12.49941063 -5.98099947 -2.49019599
v 12.49941063 -5.98099947 -5.00000000
v 12.49653053 -6.10695601 -2.49019599
v 12.49653053 -6.10695601 -5.00000000
v 12.48872375 -6.23201561 -2.49019599
v 12.48872375 -6.23201561 -5.00000000
v 12.46839237 -6.35591793 -2.49019599
v 12.46839237 -6.35591793 -5.00000000
v 12.40890694 -6.46359825 -2.49019599
v 12.40890694 -6.46359825 -5.00000000
v 12.29151630 -6.50234079 -2.49019599
v 12.29151630 -6.50234079 -5.00000000
v 12.16751862 -6.50989962 -2.49019599
v 12.16751862 -6.50989962 -5.00000000
v 12.06574154 -6.57604074 -2.49019599
v 12.06574154 -6.57604074 -5.00000000
v 12.02542019 -6.69379807 -2.49019599
v 12.02542019 -6.69379807 -5.00000000
v 12.01027584 -6.81884718 -2.49019599
v 12.01027584 -6.81884718 -5.00000000
v 12.00380516 -6.94354153 -2.49019599
v 12.00380516 -6.94354153 -5.00000000
v 12.00103474 -7.06820869 -2.49019599
v 12.00103474 -7.06820869 -5.00000000
v 12.00008392 -7.19392061 -2.49019599
v 12.00008392 -7.19392061 -5.00000000
v 11.99980831 -7.32003546 -2.49019599
v 11.99980831 -7.32003546 -5.00000000
v 11.99812603 -7.44510365 -2.49019599
v 11.99812603 -7.44510365 -5.00000000
v 11.99380589 -7.57109594 -2.49019599
v 11.99380589 -7.57109594 -5.00000000
v 11.98505688 -7.69553757 -2.49019599
v 11.98505688 -7.69553757 -5.00000000
v 11.96731567 -7.81998587 -2.49019599
v 11.96731567 -7.81998587 -5.00000000
v 11.92687702 -7.93801785 -2.49019599
v 11.92687702 -7.93801785 -5.00000000
v 11.82744026 -8.00380707 -2.49019599
v 11.82744026 -8.00380707 -5.00000000
v 11.71419621 -8.04628944 -2.49019599
v 11.71419621 -8.04628944 -5.00000000
v 11.66250992 -8.15884781 -2.49019599
v 11.66250992 -8.15884781 -5.00000000
v 11.64123535 -8.28256893 -2.49019599
v 11.64123535 -8.28256893 -5.00000000
v 11.63122082 -8.40757656 -2.49019599
v 11.63122082 -8.40757656 -5.00000000
v 11.62661457 -8.53294182 -2.49019599
v 11.62661457 -8.53294182 -5.00000000
v 11.62506676 -8.65729809 -2.49019599
v 11.62506676 -8.65729809 -5.00000000
v 11.62472630 -8.78329182 -2.49019599
v 11.62472630 -8.78329182 -5.00000000
v 11.62296772 -8.90912628 -2.49019599
v 11.62296772 -8.90912628 -5.00000000
v 11.61820030 -9.03308582 -2.49019599
v 11.61820030 -9.03308582 -5.00000000
v 11.60637569 -9.15908813 -2.49019599
v 11.60637569 -9.15908813 -5.00000000
v 11.57548332 -9.28019238 -2.49019599
v 11.57548332 -9.28019238 -5.00000000
v 11.48933697 -9.36528969 -2.49019599
v 11.48933697 -9.36528969 -5.00000000
v 11.36587906 -9.38026237 -2.49019599
v 11.36587906 -9.38026237 -5.00000000
v 11.24346733 -9.40286446 -2.49019599
v 11.24346733 -9.40286446 -5.00000000
v 11.15714169 -9.49010944 -2.49019599
v 11.15714169 -9.49010944 -5.00000000
v 11.12838554 -9.61180401 -2.49019599
v 11.12838554 -9.61180401 -5.00000000
v 11.12500000 -9.73656940 -2.49019599
v 11.12500000 -9.73656940 -5.00000000
v 11.12500000 -9.86189365 -2.49019599
v 11.12500000 -9.86189365 -5.00000000
v 11.12500000 -9.98721790 -2.49019599
v 11.12500000 -9.98721790 -5.00000000
v 11.01805592 -10.00553799 -2.49019599
v 11.01805592 -10.00553799 -5.00000000
v 10.89280033 -10.00553799 -2.49019599
v 10.89280033 -10.00553799 -5.00000000
v 10.76754570 -10.00553799 -2.49019599
v 10.76754570 -10.00553799 -5.00000000
v 10.64229107 -10.00553799 -2.49019599
v 10.64229107 -10.00553799 -5.00000000
v 10.51703644 -10.00553799 -2.49019599
v 10.51703644 -10.00553799 -5.00000000
v 10.39178181 -10.00553799 -2.49019599
v 10.39178181 -10.00553799 -5.00000000
v 10.26652718 -10.00553799 -2.49019599
v 10.26652718 -10.00553799 -5.00000000
v 10.14127254 -10.00553799 -2.49019599
v 10.14127254 -10.00553799 -5.00000000
v 10.01601696 -10.00553799 -2.49019599
v 10.01601696 -10.00553799 -5.00000000
v 9.89076233 -10.00553799 -2.49019599
v 9.89076233 -10.00553799 -5.00000000
v 9.76550770 -10.00553799 -2.49019599
v 9.76550770 -10.00553799 -5.00000000
v 9.64025307 -10.00553799 -2.49019599
v 9.64025307 -10.00553799 -5.00000000
v 9.51499844 -10.00553799 -2.49019599
v 9.51499844 -10.00553799 -5.00000000
v 9.38974380 -10.00553799 -2.49019599
v 9.38974380 -10.00553799 -5.00000000
v 9.26448917 -10.00553799 -2.49019599
v 9.26448917 -10.00553799 -5.00000000
v 9.13923454 -10.00553799 -2.49019599
v 9.13923454 -10.00553799 -5.00000000
v 9.01397896 -10.00553799 -2.49019599
v 9.01397896 -10.00553799 -5.00000000
v 8.89020061 -10.00543022 -2.49019599
v 8.89020061 -10.00543022 -5.00000000
v 8.76403999 -10.00502968 -2.49019599
v 8.76403999 -10.00502968 -5.00000000
v 8.63810635 -10.00431061 -2.49019599
v 8.63810635 -10.00431061 -5.00000000
v 8.51425934 -10.00326729 -2.49019599
v 8.51425934 -10.00326729 -5.00000000
v 8.38828468 -10.00183296 -2.49019599
v 8.38828468 -10.00183296 -5.00000000
v 8.26410675 -10.00001144 -2.49019599
v 8.26410675 -10.00001144 -5.00000000
v 8.13572311 -9.99765587 -2.49019599
v 8.13572311 -9.99765587 -5.00000000
v 8.01273441 -9.99488926 -2.49019599
v 8.01273441 -9.99488926 -5.00000000
v 7.88803816 -9.99150085 -2.49019599
v 7.88803816 -9.99150085 -5.00000000
v 7.75961065 -9.98729515 -2.49019599
v 7.75961065 -9.98729515 -5.00000000
v 7.63833141 -9.98252487 -2.49019599
v 7.63833141 -9.98252487 -5.00000000
v 7.51008844 -9.97644043 -2.49019599
v 7.51008844 -9.97644043 -5.00000000
v 7.38652992 -9.96927643 -2.49019599
v 7.38652992 -9.96927643 -5.00000000
v 7.26021624 -9.96014118 -2.49019599
v 7.26021624 -9.96014118 -5.00000000
v 7.13570499 -9.94841766 -2.49019599
v 7.13570499 -9.94841766 -5.00000000
v 7.01189566 -9.93183613 -2.49019599
v 7.01189566 -9.93183613 -5.00000000
v 6.89199686 -9.89976311 -2.49019599
v 6.89199686 -9.89976311 -5.00000000
v 6.92199087 -9.79787922 -2.49019599
v 6.92199087 -9.79787922 -5.00000000
v 7.03831100 -9.75644302 -2.49019599
v 7.03831100 -9.75644302 -5.00000000
v 7.15551233 -9.72252655 -2.49019599
v 7.15551233 -9.72252655 -5.00000000
v 7.21574306 -9.61459827 -2.49019599
v 7.21574306 -9.61459827 -5.00000000
v 7.23905420 -9.49183655 -2.49019599
v 7.23905420 -9.49183655 -5.00000000
v 7.24805164 -9.36678886 -2.49019599
v 7.24805164 -9.36678886 -5.00000000
v 7.25001621 -9.24100399 -2.49019599
v 7.25001621 -9.24100399 -5.00000000
v 7.25212479 -9.11589050 -2.49019599
v 7.25212479 -9.11589050 -5.00000000
v 7.26099682 -8.99016190 -2.49019599
v 7.26099682 -8.99016190 -5.00000000
v 7.28807735 -8.86852360 -2.49019599
v 7.28807735 -8.86852360 -5.00000000
v 7.36768866 -8.77681255 -2.49019599
v 7.36768866 -8.77681255 -5.00000000
v 7.49050856 -8.75490570 -2.49019599
v 7.49050856 -8.75490570 -5.00000000
v 7.61431932 -8.73969746 -2.49019599
v 7.61431932 -8.73969746 -5.00000000
v 7.70748234 -8.66062927 -2.49019599
v 7.70748234 -8.66062927 -5.00000000
v 7.74140549 -8.54069805 -2.49019599
v 7.74140549 -8.54069805 -5.00000000
v 7.74969101 -8.41582012 -2.49019599
v 7.74969101 -8.41582012 -5.00000000
v 7.75211287 -8.29099083 -2.49019599
v 7.75211287 -8.29099083 -5.00000000
v 7.76793194 -8.16694450 -2.49019599
v 7.76793194 -8.16694450 -5.00000000
v 7.82371092 -8.05644894 -2.49019599
v 7.82371092 -8.05644894 -5.00000000
v 7.93713856 -8.00807762 -2.49019599
v 7.93713856 -8.00807762 -5.00000000
v 8.06175041 -8.00127220 -2.49019599
v 8.06175041 -8.00127220 -5.00000000
v 8.17362499 -7.95177126 -2.49019599
v 8.17362499 -7.95177126 -5.00000000
v 8.22543907 -7.83785868 -2.49019599
v 8.22543907 -7.83785868 -5.00000000
v 8.24235916 -7.71436310 -2.49019599
v 8.24235916 -7.71436310 -5.00000000
v 8.24838448 -7.58932924 -2.49019599
v 8.24838448 -7.58932924 -5.00000000
v 8.24997044 -7.46457434 -2.49019599
v 8.24997044 -7.46457434 -5.00000000
v 8.25070286 -7.33902693 -2.49019599
v 8.25070286 -7.33902693 -5.00000000
v 8.25472069 -7.21346855 -2.49019599
v 8.25472069 -7.21346855 -5.00000000
v 8.26657009 -7.08846807 -2.49019599
v 8.26657009 -7.08846807 -5.00000000
v 8.30067348 -6.96883631 -2.49019599
v 8.30067348 -6.96883631 -5.00000000
v 8.39368916 -6.89086580 -2.49019599
v 8.39368916 -6.89086580 -5.00000000
v 8.51794052 -6.87852716 -2.49019599
v 8.51794052 -6.87852716 -5.00000000
v 8.63936615 -6.85239887 -2.49019599
v 8.63936615 -6.85239887 -5.00000000
v 8.72137070 -6.76087379 -2.49019599
v 8.72137070 -6.76087379 -5.00000000
v 8.74734879 -6.63868380 -2.49019599
v 8.74734879 -6.63868380 -5.00000000
v 8.75186443 -6.51322603 -2.49019599
v 8.75186443 -6.51322603 -5.00000000
v 8.77525806 -6.39086580 -2.49019599
v 8.77525806 -6.39086580 -5.00000000
v 8.84219551 -6.28689671 -2.49019599
v 8.84219551 -6.28689671 -5.00000000
v 8.95957184 -6.25207853 -2.49019599
v 8.95957184 -6.25207853 -5.00000000
v 9.06222057 -6.18684483 -2.49019599
v 9.06222057 -6.18684483 -5.00000000
v 9.10787010 -6.07079268 -2.49019599
v 9.10787010 -6.07079268 -5.00000000
v 9.12326622 -5.94694042 -2.49019599
v 9.12326622 -5.94694042 -5.00000000
v 9.12561035 -5.82185125 -2.49019599
v 9.12561035 -5.82185125 -5.00000000
v 9.13502979 -5.69634676 -2.49019599
v 9.13502979 -5.69634676 -5.00000000
v 9.17644119 -5.57935476 -2.49019599
v 9.17644119 -5.57935476 -5.00000000
v 9.28084850 -5.51626873 -2.49019599
v 9.28084850 -5.51626873 -5.00000000
v 9.40557957 -5.50336552 -2.49019599
v 9.40557957 -5.50336552 -5.00000000
v 9.53101826 -5.50007010 -2.49019599
v 9.53101826 -5.50007010 -5.00000000
v 9.65088940 -5.46930885 -2.49019599
v 9.65088940 -5.46930885 -5.00000000
v 9.72200680 -5.37019157 -2.49019599
v 9.72200680 -5.37019157 -5.00000000
v 9.74305725 -5.24645329 -2.49019599
v 9.74305725 -5.24645329 -5.00000000
v 9.74894142 -5.12174654 -2.49019599
v 9.74894142 -5.12174654 -5.00000000
v 9.75000668 -4.99547625 -2.49019599
v 9.75000668 -4.99547625 -5.00000000
v 9.75281525 -4.87071419 -2.49019599
v 9.75281525 -4.87071419 -5.00000000
v 9.76348782 -4.74560070 -2.49019599
v 9.76348782 -4.74560070 -5.00000000
v 9.79060459 -4.62367773 -2.49019599
v 9.79060459 -4.62367773 -5.00000000
v 9.86127949 -4.52267790 -2.49019599
v 9.86127949 -4.52267790 -5.00000000
v 9.98202419 -4.49646282 -2.49019599
v 9.98202419 -4.49646282 -5.00000000
v 10.07405376 -4.41649866 -2.49019599
v 10.07405376 -4.41649866 -5.00000000
v 10.11225986 -4.29739618 -2.49019599
v 10.11225986 -4.29739618 -5.00000000
v 10.12426472 -4.17279434 -2.49019599
v 10.12426472 -4.17279434 -5.00000000
v 10.12666988 -4.04754400 -2.49019599
v 10.12666988 -4.04754400 -5.00000000
v 10.14082336 -3.92395616 -2.49019599
v 10.14082336 -3.92395616 -5.00000000
v 10.19190788 -3.81113839 -2.49019599
v 10.19190788 -3.81113839 -5.00000000
v 10.30260849 -3.75710535 -2.49019599
v 10.30260849 -3.75710535 -5.00000000
v 10.42780876 -3.74981880 -2.49019599
v 10.42780876 -3.74981880 -5.00000000
v 10.54291058 -3.70630288 -2.49019599
v 10.54291058 -3.70630288 -5.00000000
v 10.59987068 -3.59721613 -2.49019599
v 10.59987068 -3.59721613 -5.00000000
v 10.61828995 -3.47317362 -2.49019599
v 10.61828995 -3.47317362 -5.00000000
v 10.62407207 -3.34867406 -2.49019599
v 10.62407207 -3.34867406 -5.00000000
v 10.62506866 -3.22330976 -2.49019599
v 10.62506866 -3.22330976 -5.00000000
v 10.62771797 -3.09735894 -2.49019599
v 10.62771797 -3.09735894 -5.00000000
v 10.63781738 -2.97247863 -2.49019599
v 10.63781738 -2.97247863 -5.00000000
v 10.66873646 -2.85185790 -2.49019599
v 10.66873646 -2.85185790 -5.00000000
v 10.75678539 -2.76757264 -2.49019599
v 10.75678539 -2.76757264 -5.00000000
v 10.88045216 -2.75150061 -2.49019599
v 10.88045216 -2.75150061 -5.00000000
v 11.00312424 -2.73110461 -2.49019599
v 11.00312424 -2.73110461 -5.00000000
v 11.08879757 -2.64440417 -2.49019599
v 11.08879757 -2.64440417 -5.00000000
v 11.11817646 -2.52306032 -2.49019599
v 11.11817646 -2.52306032 -5.00000000
v 11.12489605 -2.39768600 -2.49019599
v 11.12489605 -2.39768600 -5.00000000
v 11.12806129 -2.27184749 -2.49019599
v 11.12806129 -2.27184749 -5.00000000
v 11.14687920 -2.14832783 -2.49019599
v 11.14687920 -2.14832783 -5.00000000
v 11.20999432 -2.04322958 -2.49019599
v 11.20999432 -2.04322958 -5.00000000
v 11.32708836 -2.00310659 -2.49019599
v 11.32708836 -2.00310659 -5.00000000
v 11.45205975 -1.99524188 -2.49019599
v 11.45205975 -1.99524188 -5.00000000
v 11.56075859 -1.93915474 -2.49019599
v 11.56075859 -1.93915474 -5.00000000
v 11.61045074 -1.82530439 -2.49019599
v 11.61045074 -1.82530439 -5.00000000
v 11.62381268 -1.70046556 -2.49019599
v 11.62381268 -1.70046556 -5.00000000
v 11.62630939 -1.57566702 -2.49019599
v 11.62630939 -1.57566702 -5.00000000
v 11.64181995 -1.45149100 -2.49019599
v 11.64181995 -1.45149100 -5.00000000
v 11.68913460 -1.33521330 -2.49019599
v 11.68913460 -1.33521330 -5.00000000
v 11.77874947 -1.24885106 -2.49019599
v 11.77874947 -1.24885106 -5.00000000
v 11.89296913 -1.19822514 -2.49019599
v 11.89296913 -1.19822514 -5.00000000
v 12.01308823 -1.16979432 -2.49019599
v 12.01308823 -1.16979432 -5.00000000
v 12.13838959 -1.15230083 -2.49019599
v 12.13838959 -1.15230083 -5.00000000
v 12.26293755 -1.14138103 -2.49019599
v 12.26293755 -1.14138103 -5.00000000
v 12.38613987 -1.15522408 -2.49019599
v 12.38613987 -1.15522408 -5.00000000
v 12.47492695 -1.23955989 -2.49019599
v 12.47492695 -1.23955989 -5.00000000
v -8.30077076 12.70505619 -2.49019599
v -8.25000000 12.81571865 -2.49019599
v -8.25000000 12.81571865 -5.00000000
v -8.30077076 12.70505619 -5.00000000
v -8.40899563 12.64466286 -2.49019599
v -8.40899563 12.64466286 -5.00000000
v -8.53301239 12.63109398 -2.49019599
v -8.53301239 12.63109398 -5.00000000
v -8.65293694 12.59849262 -2.49019599
v -8.65293694 12.59849262 -5.00000000
v -8.72392750 12.49857140 -2.49019599
v -8.72392750 12.49857140 -5.00000000
v -8.74581242 12.37641811 -2.49019599
v -8.74581242 12.37641811 -5.00000000
v -8.75000763 12.25092697 -2.49019599
v -8.75000763 12.25092697 -5.00000000
v -8.75520325 12.12562847 -2.49019599
v -8.75520325 12.12562847 -5.00000000
v -8.78010368 12.00352192 -2.49019599
v -8.78010368 12.00352192 -5.00000000
v -8.85768604 11.90881348 -2.49019599
v -8.85768604 11.90881348 -5.00000000
v -8.97890568 11.88192749 -2.49019599
v -8.97890568 11.88192749 -5.00000000
v -9.10319805 11.86921120 -2.49019599
v -9.10319805 11.86921120 -5.00000000
v -9.20265961 11.79902554 -2.49019599
v -9.20265961 11.79902554 -5.00000000
v -9.24294758 11.68084335 -2.49019599
v -9.24294758 11.68084335 -5.00000000
v -9.25006580 11.55655861 -2.49019599
v -9.25006580 11.55655861 -5.00000000
v -9.26145744 11.43175411 -2.49019599
v -9.26145744 11.43175411 -5.00000000
v -9.31267262 11.31901932 -2.49019599
v -9.31267262 11.31901932 -5.00000000
v -9.42171574 11.26270676 -2.49019599
v -9.42171574 11.26270676 -5.00000000
v -9.54651546 11.25404453 -2.49019599
v -9.54651546 11.25404453 -5.00000000
v -9.66739750 11.22385311 -2.49019599
v -9.66739750 11.22385311 -5.00000000
v -9.74974251 11.13684940 -2.49019599
v -9.74974251 11.13684940 -5.00000000
v -9.81441498 11.03700829 -2.49019599
v -9.81441498 11.03700829 -5.00000000
v -9.93454552 11.00610733 -2.49019599
v -9.93454552 11.00610733 -5.00000000
v -10.04633522 10.95952892 -2.49019599
v -10.04633522 10.95952892 -5.00000000
v -10.10180187 10.84841728 -2.49019599
v -10.10180187 10.84841728 -5.00000000
v -10.12162399 10.72481632 -2.49019599
v -10.12162399 10.72481632 -5.00000000
v -10.12521744 10.60030556 -2.49019599
v -10.12521744 10.60030556 -5.00000000
v -10.13290119 10.47515392 -2.49019599
v -10.13290119 10.47515392 -5.00000000
v -10.16518307 10.35441494 -2.49019599
v -10.16518307 10.35441494 -5.00000000
v -10.25539684 10.27270126 -2.49019599
v -10.25539684 10.27270126 -5.00000000
v -10.37870407 10.25566578 -2.49019599
v -10.37870407 10.25566578 -5.00000000
v -10.50144386 10.23596573 -2.49019599
v -10.50144386 10.23596573 -5.00000000
v -10.58834267 10.14956188 -2.49019599
v -10.58834267 10.14956188 -5.00000000
v -10.61801910 10.02858829 -2.49019599
v -10.61801910 10.02858829 -5.00000000
v -10.62487221 9.90408516 -2.49019599
v -10.62487221 9.90408516 -5.00000000
v -10.62789440 9.77853966 -2.49019599
v -10.62789440 9.77853966 -5.00000000
v -10.64615631 9.65509701 -2.49019599
v -10.64615631 9.65509701 -5.00000000
v -10.70808506 9.54891968 -2.49019599
v -10.70808506 9.54891968 -5.00000000
v -10.82452679 9.50750160 -2.49019599
v -10.82452679 9.50750160 -5.00000000
v -10.94935799 9.49694157 -2.49019599
v -10.94935799 9.49694157 -5.00000000
v -11.06077576 9.44366074 -2.49019599
v -11.06077576 9.44366074 -5.00000000
v -11.12355995 9.33808041 -2.49019599
v -11.12355995 9.33808041 -5.00000000
v -11.16022587 9.22109795 -2.49019599
v -11.16022587 9.22109795 -5.00000000
v -11.26121521 9.15032482 -2.49019599
v -11.26121521 9.15032482 -5.00000000
v -11.38372517 9.12998295 -2.49019599
v -11.38372517 9.12998295 -5.00000000
v -11.50647926 9.10656166 -2.49019599
v -11.50647926 9.10656166 -5.00000000
v -11.59440327 9.02147007 -2.49019599
v -11.59440327 9.02147007 -5.00000000
v -11.62473297 8.90120220 -2.49019599
v -11.62473297 8.90120220 -5.00000000
v -11.63527298 8.77532578 -2.49019599
v -11.63527298 8.77532578 -5.00000000
v -11.67305756 8.65792656 -2.49019599
v -11.67305756 8.65792656 -5.00000000
v -11.73051739 8.54604149 -2.49019599
v -11.73051739 8.54604149 -5.00000000
v -11.79988861 8.44206333 -2.49019599
v -11.79988861 8.44206333 -5.00000000
v -11.87840939 8.34491158 -2.49019599
v -11.87840939 8.34491158 -5.00000000
v -11.96541500 8.25400543 -2.49019599
v -11.96541500 8.25400543 -5.00000000
v -12.05873775 8.17190742 -2.49019599
v -12.05873775 8.17190742 -5.00000000
v -12.16076088 8.09876633 -2.49019599
v -12.16076088 8.09876633 -5.00000000
v -12.27125645 8.04007339 -2.49019599
v -12.27125645 8.04007339 -5.00000000
v -12.39032269 8.00647545 -2.49019599
v -12.39032269 8.00647545 -5.00000000
v -12.51322651 7.98286390 -2.49019599
v -12.51322651 7.98286390 -5.00000000
v -12.59242916 7.88895750 -2.49019599
v -12.59242916 7.88895750 -5.00000000
v -12.62133884 7.76779985 -2.49019599
v -12.62133884 7.76779985 -5.00000000
v -12.62660789 7.64251041 -2.49019599
v -12.62660789 7.64251041 -5.00000000
v -12.64918327 7.51965094 -2.49019599
v -12.64918327 7.51965094 -5.00000000
v -12.71426582 7.41497135 -2.49019599
v -12.71426582 7.41497135 -5.00000000
v -12.83103657 7.37847328 -2.49019599
v -12.83103657 7.37847328 -5.00000000
v -12.94858456 7.33983374 -2.49019599
v -12.94858456 7.33983374 -5.00000000
v -13.00348759 7.23319864 -2.49019599
v -13.00348759 7.23319864 -5.00000000
v -13.09668159 7.15540123 -2.49019599
v -13.09668159 7.15540123 -5.00000000
v -13.21855450 7.12993765 -2.49019599
v -13.21855450 7.12993765 -5.00000000
v -13.34288216 7.11990404 -2.49019599
v -13.34288216 7.11990404 -5.00000000
v -13.44578457 7.05391884 -2.49019599
v -13.44578457 7.05391884 -5.00000000
v -13.48811722 6.93647575 -2.49019599
v -13.48811722 6.93647575 -5.00000000
v -13.49914646 6.81227541 -2.49019599
v -13.49914646 6.81227541 -5.00000000
v -13.50113297 6.68698502 -2.49019599
v -13.50113297 6.68698502 -5.00000000
v -13.51342487 6.56238222 -2.49019599
v -13.51342487 6.56238222 -5.00000000
v -13.55888176 6.44719887 -2.49019599
v -13.55888176 6.44719887 -5.00000000
v -13.66504860 6.38583422 -2.49019599
v -13.66504860 6.38583422 -5.00000000
v -13.78958893 6.37720776 -2.49019599
v -13.78958893 6.37720776 -5.00000000
v -13.90832043 6.34140491 -2.49019599
v -13.90832043 6.34140491 -5.00000000
v -13.97577858 6.23928308 -2.49019599
v -13.97577858 6.23928308 -5.00000000
v -13.99639130 6.11553812 -2.49019599
v -13.99639130 6.11553812 -5.00000000
v -14.00003433 5.99088240 -2.49019599
v -14.00003433 5.99088240 -5.00000000
v -14.00584126 5.86567736 -2.49019599
v -14.00584126 5.86567736 -5.00000000
v -14.03233719 5.74431562 -2.49019599
v -14.03233719 5.74431562 -5.00000000
v -14.11386681 5.65218592 -2.49019599
v -14.11386681 5.65218592 -5.00000000
v -14.23546505 5.62827826 -2.49019599
v -14.23546505 5.62827826 -5.00000000
v -14.35942459 5.61456299 -2.49019599
v -14.35942459 5.61456299 -5.00000000
v -14.45474052 5.53888226 -2.49019599
v -14.45474052 5.53888226 -5.00000000
v -14.49068069 5.41921711 -2.49019599
v -14.49068069 5.41921711 -5.00000000
v -14.49957848 5.29488516 -2.49019599
v -14.49957848 5.29488516 -5.00000000
v -14.49815750 5.16954565 -2.49019599
v -14.49815750 5.16954565 -5.00000000
v -14.48318768 5.04506636 -2.49019599
v -14.48318768 5.04506636 -5.00000000
v -14.43040943 4.93387508 -2.49019599
v -14.43040943 4.93387508 -5.00000000
v -14.31868172 4.88215780 -2.49019599
v -14.31868172 4.88215780 -5.00000000
v -14.19390011 4.87461758 -2.49019599
v -14.19390011 4.87461758 -5.00000000
v -14.07863903 4.83030701 -2.49019599
v -14.07863903 4.83030701 -5.00000000
v -14.01650429 4.72367811 -2.49019599
v -14.01650429 4.72367811 -5.00000000
v -14.00055027 4.59970760 -2.49019599
v -14.00055027 4.59970760 -5.00000000
v -13.99568939 4.47472429 -2.49019599
v -13.99568939 4.47472429 -5.00000000
v -13.96421242 4.35473967 -2.49019599
v -13.96421242 4.35473967 -5.00000000
v -13.87391663 4.27179813 -2.49019599
v -13.87391663 4.27179813 -5.00000000
v -13.75095844 4.25235462 -2.49019599
v -13.75095844 4.25235462 -5.00000000
v -13.62786579 4.23436975 -2.49019599
v -13.62786579 4.23436975 -5.00000000
v -13.53886127 4.15093184 -2.49019599
v -13.53886127 4.15093184 -5.00000000
v -13.50762939 4.03069639 -2.49019599
v -13.50762939 4.03069639 -5.00000000
v -13.50018883 3.90571499 -2.49019599
v -13.50018883 3.90571499 -5.00000000
v -13.49743557 3.78050518 -2.49019599
v -13.49743557 3.78050518 -5.00000000
v -13.48005009 3.65630937 -2.49019599
v -13.48005009 3.65630937 -5.00000000
v -13.42051601 3.54864192 -2.49019599
v -13.42051601 3.54864192 -5.00000000
v -13.30518913 3.50466609 -2.49019599
v -13.30518913 3.50466609 -5.00000000
v -13.18032742 3.49466157 -2.49019599
v -13.18032742 3.49466157 -5.00000000
v -13.06796837 3.44337940 -2.49019599
v -13.06796837 3.44337940 -5.00000000
v -13.00216961 3.33936429 -2.49019599
v -13.00216961 3.33936429 -5.00000000
v -12.97496700 3.21890831 -2.49019599
v -12.97496700 3.21890831 -5.00000000
v -12.88251972 3.13816166 -2.49019599
v -12.88251972 3.13816166 -5.00000000
v -12.76151276 3.11166692 -2.49019599
v -12.76151276 3.11166692 -5.00000000
v -12.67085361 3.02710128 -2.49019599
v -12.67085361 3.02710128 -5.00000000
v -12.61756134 2.91373324 -2.49019599
v -12.61756134 2.91373324 -5.00000000
v -12.59181213 2.79186130 -2.49019599
v -12.59181213 2.79186130 -5.00000000
v -12.54156971 2.67737150 -2.49019599
v -12.54156971 2.67737150 -5.00000000
v -12.45474529 2.58868504 -2.49019599
v -12.45474529 2.58868504 -5.00000000
v -12.34127998 2.53637385 -2.49019599
v -12.34127998 2.53637385 -5.00000000
v -12.21885490 2.51234126 -2.49019599
v -12.21885490 2.51234126 -5.00000000
v -12.10448742 2.46327543 -2.49019599
v -12.10448742 2.46327543 -5.00000000
v -12.03155041 2.36360097 -2.49019599
v -12.03155041 2.36360097 -5.00000000
v -12.00532722 2.24115419 -2.49019599
v -12.00532722 2.24115419 -5.00000000
v -12.00000000 2.11684561 -2.49019599
v -12.00000000 2.11684561 -5.00000000
v -11.99311924 1.99191427 -2.49019599
v -11.99311924 1.99191427 -5.00000000
v -11.96465397 1.86990511 -2.49019599
v -11.96465397 1.86990511 -5.00000000
v -11.89053917 1.77186668 -2.49019599
v -11.89053917 1.77186668 -5.00000000
v -11.76963139 1.74514329 -2.49019599
v -11.76963139 1.74514329 -5.00000000
v -11.67500305 1.66758907 -2.49019599
v -11.67500305 1.66758907 -5.00000000
v -11.63408279 1.55004501 -2.49019599
v -11.63408279 1.55004501 -5.00000000
v -11.62493324 1.42592430 -2.49019599
v -11.62493324 1.42592430 -5.00000000
v -11.61353683 1.30111742 -2.49019599
v -11.61353683 1.30111742 -5.00000000
v -11.56230831 1.18839109 -2.49019599
v -11.56230831 1.18839109 -5.00000000
v -11.45325661 1.13209474 -2.49019599
v -11.45325661 1.13209474 -5.00000000
v -11.32833862 1.12401474 -2.49019599
v -11.32833862 1.12401474 -5.00000000
v -11.21304989 1.08090723 -2.49019599
v -11.21304989 1.08090723 -5.00000000
v -11.15799999 0.97055584 -2.49019599
v -11.15799999 0.97055584 -5.00000000
v -11.13850117 0.84772730 -2.49019599
v -11.13850117 0.84772730 -5.00000000
v -11.13022709 0.72310549 -2.49019599
v -11.13022709 0.72310549 -5.00000000
v -11.12659550 0.59721488 -2.49019599
v -11.12659550 0.59721488 -5.00000000
v -11.12523460 0.47203928 -2.49019599
v -11.12523460 0.47203928 -5.00000000
v -11.12501717 0.34690124 -2.49019599
v -11.12501717 0.34690124 -5.00000000
v -11.12566185 0.22159204 -2.49019599
v -11.12566185 0.22159204 -5.00000000
v -11.12784004 0.09686516 -2.49019599
v -11.12784004 0.09686516 -5.00000000
v -11.13308907 -0.02805206 -2.49019599
v -11.13308907 -0.02805206 -5.00000000
v -11.14513111 -0.15281443 -2.49019599
v -11.14513111 -0.15281443 -5.00000000
v -11.17594624 -0.27452517 -2.49019599
v -11.17594624 -0.27452517 -5.00000000
v -11.26218987 -0.36067036 -2.49019599
v -11.26218987 -0.36067036 -5.00000000
v -11.38522625 -0.37528723 -2.49019599
v -11.38522625 -0.37528723 -5.00000000
v -11.50732517 -0.39748198 -2.49019599
v -11.50732517 -0.39748198 -5.00000000
v -11.59082794 -0.48696947 -2.49019599
v -11.59082794 -0.48696947 -5.00000000
v -11.61874580 -0.60882616 -2.49019599
v -11.61874580 -0.60882616 -5.00000000
v -11.62493610 -0.73357570 -2.49019599
v -11.62493610 -0.73357570 -5.00000000
v -11.62959957 -0.85873950 -2.49019599
v -11.62959957 -0.85873950 -5.00000000
v -11.65218544 -0.98175311 -2.49019599
v -11.65218544 -0.98175311 -5.00000000
v -11.71352577 -1.08889282 -2.49019599
v -11.71352577 -1.08889282 -5.00000000
v -11.82998562 -1.12645352 -2.49019599
v -11.82998562 -1.12645352 -5.00000000
v -11.93312359 -1.18875682 -2.49019599
v -11.93312359 -1.18875682 -5.00000000
v -11.97855282 -1.30482805 -2.49019599
v -11.97855282 -1.30482805 -5.00000000
v -11.99549294 -1.42854440 -2.49019599
v -11.99549294 -1.42854440 -5.00000000
v -11.99998283 -1.55429709 -2.49019599
v -11.99998283 -1.55429709 -5.00000000
v -12.00169754 -1.67922199 -2.49019599
v -12.00169754 -1.67922199 -5.00000000
v -12.01177120 -1.80373800 -2.49019599
v -12.01177120 -1.80373800 -5.00000000
v -12.05097008 -1.92228949 -2.49019599
v -12.05097008 -1.92228949 -5.00000000
v -12.15264225 -1.98778486 -2.49019599
v -12.15264225 -1.98778486 -5.00000000
v -12.27755165 -2.00076628 -2.49019599
v -12.27755165 -2.00076628 -5.00000000
v -12.40266228 -2.00431800 -2.49019599
v -12.40266228 -2.00431800 -5.00000000
v -12.52331352 -2.03406811 -2.49019599
v -12.52331352 -2.03406811 -5.00000000
v -12.59985447 -2.12967396 -2.49019599
v -12.59985447 -2.12967396 -5.00000000
v -12.62125969 -2.25191426 -2.49019599
v -12.62125969 -2.25191426 -5.00000000
v -12.62500000 -2.37694144 -2.49019599
v -12.62500000 -2.37694144 -5.00000000
v -12.63141632 -2.50229144 -2.49019599
v -12.63141632 -2.50229144 -5.00000000
v -12.65783978 -2.62465000 -2.49019599
v -12.65783978 -2.62465000 -5.00000000
v -12.72767258 -2.72615719 -2.49019599
v -12.72767258 -2.72615719 -5.00000000
v -12.84744549 -2.75512552 -2.49019599
v -12.84744549 -2.75512552 -5.00000000
v -12.94407940 -2.82881975 -2.49019599
v -12.94407940 -2.82881975 -5.00000000
v -12.98533154 -2.94619226 -2.49019599
v -12.98533154 -2.94619226 -5.00000000
v -12.99885750 -3.07044959 -2.49019599
v -12.99885750 -3.07044959 -5.00000000
v -13.00122452 -3.19593692 -2.49019599
v -13.00122452 -3.19593692 -5.00000000
v -13.01374817 -3.31979513 -2.49019599
v -13.01374817 -3.31979513 -5.00000000
v -13.06031322 -3.43509936 -2.49019599
v -13.06031322 -3.43509936 -5.00000000
v -13.16722202 -3.49506855 -2.49019599
v -13.16722202 -3.49506855 -5.00000000
v -13.29146290 -3.50326896 -2.49019599
v -13.29146290 -3.50326896 -5.00000000
v -13.40912056 -3.54015398 -2.49019599
v -13.40912056 -3.54015398 -5.00000000
v -13.47266674 -3.64643168 -2.49019599
v -13.47266674 -3.64643168 -5.00000000
v -13.49282265 -3.76973128 -2.49019599
v -13.49282265 -3.76973128 -5.00000000
v -13.49906540 -3.89481997 -2.49019599
v -13.49906540 -3.89481997 -5.00000000
v -13.50013256 -4.01930857 -2.49019599
v -13.50013256 -4.01930857 -5.00000000
v -13.50416374 -4.14541817 -2.49019599
v -13.50416374 -4.14541817 -5.00000000
v -13.51772690 -4.26917601 -2.49019599
v -13.51772690 -4.26917601 -5.00000000
v -13.55261517 -4.38899231 -2.49019599
v -13.55261517 -4.38899231 -5.00000000
v -13.62960815 -4.48549461 -2.49019599
v -13.62960815 -4.48549461 -5.00000000
v -13.74353027 -4.53702927 -2.49019599
v -13.74353027 -4.53702927 -5.00000000
v -13.85766602 -4.58567858 -2.49019599
v -13.85766602 -4.58567858 -5.00000000
v -13.94356346 -4.67647171 -2.49019599
v -13.94356346 -4.67647171 -5.00000000
v -13.98719692 -4.79258156 -2.49019599
v -13.98719692 -4.79258156 -5.00000000
v -13.99992466 -4.91700029 -2.49019599
v -13.99992466 -4.91700029 -5.00000000
v -14.00638771 -5.04229736 -2.49019599
v -14.00638771 -5.04229736 -5.00000000
v -14.04204941 -5.16115189 -2.49019599
v -14.04204941 -5.16115189 -5.00000000
v -14.13741302 -5.23778629 -2.49019599
v -14.13741302 -5.23778629 -5.00000000
v -14.26109219 -5.25299025 -2.49019599
v -14.26109219 -5.25299025 -5.00000000
v -14.38361359 -5.27550030 -2.49019599
v -14.38361359 -5.27550030 -5.00000000
v -14.46253204 -5.36815786 -2.49019599
v -14.46253204 -5.36815786 -5.00000000
v -14.48920536 -5.48993587 -2.49019599
v -14.48920536 -5.48993587 -5.00000000
v -14.49792671 -5.61541700 -2.49019599
v -14.49792671 -5.61541700 -5.00000000
v -14.49998760 -5.74088669 -2.49019599
v -14.49998760 -5.74088669 -5.00000000
v -14.50199223 -5.86600351 -2.49019599
v -14.50199223 -5.86600351 -5.00000000
v -14.51096344 -5.99004745 -2.49019599
v -14.51096344 -5.99004745 -5.00000000
v -14.53454876 -6.11363983 -2.49019599
v -14.53454876 -6.11363983 -5.00000000
v -14.59503269 -6.22107220 -2.49019599
v -14.59503269 -6.22107220 -5.00000000
v -14.71224308 -6.25532389 -2.49019599
v -14.71224308 -6.25532389 -5.00000000
v -14.81459808 -6.32103682 -2.49019599
v -14.81459808 -6.32103682 -5.00000000
v -14.86228752 -6.43601847 -2.49019599
v -14.86228752 -6.43601847 -5.00000000
v -14.87497997 -6.56044769 -2.49019599
v -14.87497997 -6.56044769 -5.00000000
v -14.88531780 -6.68456459 -2.49019599
v -14.88531780 -6.68456459 -5.00000000
v -14.92889118 -6.80168486 -2.49019599
v -14.92889118 -6.80168486 -5.00000000
v -15.02630138 -6.87471771 -2.49019599
v -15.02630138 -6.87471771 -5.00000000
v -15.14623070 -6.90421581 -2.49019599
v -15.14623070 -6.90421581 -5.00000000
v -15.22191048 -7.00126410 -2.49019599
v -15.22191048 -7.00126410 -5.00000000
v -15.25020885 -7.12321424 -2.49019599
v -15.25020885 -7.12321424 -5.00000000
v -15.25362301 -7.24765921 -2.49019599
v -15.25362301 -7.24765921 -5.00000000
v -15.26155853 -7.37275505 -2.49019599
v -15.26155853 -7.37275505 -5.00000000
v -15.27707100 -7.49795103 -2.49019599
v -15.27707100 -7.49795103 -5.00000000
v -15.30198097 -7.62058640 -2.49019599
v -15.30198097 -7.62058640 -5.00000000
v -15.33962631 -7.73992777 -2.49019599
v -15.33962631 -7.73992777 -5.00000000
v -15.39539623 -7.85197878 -2.49019599
v -15.39539623 -7.85197878 -5.00000000
v -15.47646332 -7.94547129 -2.49019599
v -15.47646332 -7.94547129 -5.00000000
v -15.58795261 -7.99929380 -2.49019599
v -15.58795261 -7.99929380 -5.00000000
v -15.71298122 -8.01115894 -2.49019599
v -15.71298122 -8.01115894 -5.00000000
v -15.81686115 -8.07476330 -2.49019599
v -15.81686115 -8.07476330 -5.00000000
v -15.86146450 -8.19090271 -2.49019599
v -15.86146450 -8.19090271 -5.00000000
v -15.87386131 -8.31487846 -2.49019599
v -15.87386131 -8.31487846 -5.00000000
v -15.87643051 -8.44037819 -2.49019599
v -15.87643051 -8.44037819 -5.00000000
v -15.89124298 -8.56483555 -2.49019599
v -15.89124298 -8.56483555 -5.00000000
v -15.93392372 -8.68167400 -2.49019599
v -15.93392372 -8.68167400 -5.00000000
v -16.03190422 -8.75310230 -2.49019599
v -16.03190422 -8.75310230 -5.00000000
v -16.14640999 -8.79550171 -2.49019599
v -16.14640999 -8.79550171 -5.00000000
v -16.21780014 -8.89702511 -2.49019599
v -16.21780014 -8.89702511 -5.00000000
v -16.25858498 -9.01553822 -2.49019599
v -16.25858498 -9.01553822 -5.00000000
v -16.27827263 -9.13839817 -2.49019599
v -16.27827263 -9.13839817 -5.00000000
v -16.30714226 -9.25986862 -2.49019599
v -16.30714226 -9.25986862 -5.00000000
v -16.36666298 -9.37021160 -2.49019599
v -16.36666298 -9.37021160 -5.00000000
v -16.46450806 -9.44619560 -2.49019599
v -16.46450806 -9.44619560 -5.00000000
v -16.58422661 -9.48132133 -2.49019599
v -16.58422661 -9.48132133 -5.00000000
v -16.70618248 -9.50819492 -2.49019599
v -16.70618248 -9.50819492 -5.00000000
v -16.80686760 -9.57933903 -2.49019599
v -16.80686760 -9.57933903 -5.00000000
v -16.85359001 -9.69402313 -2.49019599
v -16.85359001 -9.69402313 -5.00000000
v -16.86968040 -9.81859493 -2.49019599
v -16.86968040 -9.81859493 -5.00000000
v -16.87449074 -9.94312382 -2.49019599
v -16.87449074 -9.94312382 -5.00000000
v -16.87545776 -10.06923103 -2.49019599
v -16.87545776 -10.06923103 -5.00000000
v -16.88098145 -10.19404602 -2.49019599
v -16.88098145 -10.19404602 -5.00000000
v -16.89717865 -10.31760979 -2.49019599
v -16.89717865 -10.31760979 -5.00000000
v -16.93900299 -10.43589783 -2.49019599
v -16.93900299 -10.43589783 -5.00000000
v -17.03818512 -10.50418186 -2.49019599
v -17.03818512 -10.50418186 -5.00000000
v -17.15601921 -10.53781319 -2.49019599
v -17.15601921 -10.53781319 -5.00000000
v -17.22390556 -10.64082336 -2.49019599
v -17.22390556 -10.64082336 -5.00000000
v -17.24797630 -10.76344776 -2.49019599
v -17.24797630 -10.76344776 -5.00000000
v -17.25243950 -10.88833618 -2.49019599
v -17.25243950 -10.88833618 -5.00000000
v -17.27756119 -11.01062107 -2.49019599
v -17.27756119 -11.01062107 -5.00000000
v -17.35773277 -11.10325146 -2.49019599
v -17.35773277 -11.10325146 -5.00000000
v -17.47922707 -11.13078213 -2.49019599
v -17.47922707 -11.13078213 -5.00000000
v -17.60320282 -11.14286423 -2.49019599
v -17.60320282 -11.14286423 -5.00000000
v -17.70164108 -11.21514416 -2.49019599
v -17.70164108 -11.21514416 -5.00000000
v -17.73971176 -11.33349705 -2.49019599
v -17.73971176 -11.33349705 -5.00000000
v -17.74943352 -11.45806026 -2.49019599
v -17.74943352 -11.45806026 -5.00000000
v -17.75000000 -11.58331585 -2.49019599
v -17.75000000 -11.58331585 -5.00000000
v -17.75000000 -11.70853996 -2.49019599
v -17.75000000 -11.70853996 -5.00000000
v -17.75000000 -11.83376312 -2.49019599
v -17.75000000 -11.83376312 -5.00000000
v -17.67263222 -11.88157654 -2.49019599
v -17.67263222 -11.88157654 -5.00000000
v -17.54747772 -11.88157654 -2.49019599
v -17.54747772 -11.88157654 -5.00000000
v -17.42232323 -11.88157654 -2.49019599
v -17.42232323 -11.88157654 -5.00000000
v -17.29716873 -11.88157654 -2.49019599
v -17.29716873 -11.88157654 -5.00000000
v -17.17201424 -11.88157654 -2.49019599
v -17.17201424 -11.88157654 -5.00000000
v -17.04685974 -11.88157654 -2.49019599
v -17.04685974 -11.88157654 -5.00000000
v -16.92170525 -11.88157654 -2.49019599
v -16.92170525 -11.88157654 -5.00000000
v -16.79655075 -11.88157654 -2.49019599
v -16.79655075 -11.88157654 -5.00000000
v -16.67139626 -11.88157654 -2.49019599
v -16.67139626 -11.88157654 -5.00000000
v -16.54624367 -11.88157654 -2.49019599
v -16.54624367 -11.88157654 -5.00000000
v -16.42108917 -11.88157654 -2.49019599
v -16.42108917 -11.88157654 -5.00000000
v -16.29593468 -11.88157654 -2.49019599
v -16.29593468 -11.88157654 -5.00000000
v -16.17078018 -11.88157654 -2.49019599
v -16.17078018 -11.88157654 -5.00000000
v -16.04562569 -11.88157654 -2.49019599
v -16.04562569 -11.88157654 -5.00000000
v -15.92047119 -11.88157654 -2.49019599
v -15.92047119 -11.88157654 -5.00000000
v -15.79531670 -11.88157654 -2.49019599
v -15.79531670 -11.88157654 -5.00000000
v -15.67016220 -11.88157654 -2.49019599
v -15.67016220 -11.88157654 -5.00000000
v -15.54500771 -11.88157654 -2.49019599
v -15.54500771 -11.88157654 -5.00000000
v -15.41985321 -11.88157654 -2.49019599
v -15.41985321 -11.88157654 -5.00000000
v -15.29469872 -11.88157654 -2.49019599
v -15.29469872 -11.88157654 -5.00000000
v -15.16954422 -11.88157654 -2.49019599
v -15.16954422 -11.88157654 -5.00000000
v -15.04438972 -11.88157654 -2.49019599
v -15.04438972 -11.88157654 -5.00000000
v -14.91923618 -11.88157654 -2.49019599
v -14.91923618 -11.88157654 -5.00000000
v -14.79408169 -11.88157654 -2.49019599
v -14.79408169 -11.88157654 -5.00000000
v -14.66892719 -11.88157654 -2.49019599
v -14.66892719 -11.88157654 -5.00000000
v -14.54377270 -11.88157654 -2.49019599
v -14.54377270 -11.88157654 -5.00000000
v -14.41861820 -11.88157654 -2.49019599
v -14.41861820 -11.88157654 -5.00000000
v -14.29346371 -11.88157654 -2.49019599
v -14.29346371 -11.88157654 -5.00000000
v -14.16830921 -11.88157654 -2.49019599
v -14.16830921 -11.88157654 -5.00000000
v -14.04315472 -11.88157654 -2.49019599
v -14.04315472 -11.88157654 -5.00000000
v -13.91800022 -11.88157654 -2.49019599
v -13.91800022 -11.88157654 -5.00000000
v -13.79284668 -11.88157654 -2.49019599
v -13.79284668 -11.88157654 -5.00000000
v -13.66769218 -11.88157654 -2.49019599
v -13.66769218 -11.88157654 -5.00000000
v -13.54253769 -11.88157654 -2.49019599
v -13.54253769 -11.88157654 -5.00000000
v -13.41738319 -11.88157654 -2.49019599
v -13.41738319 -11.88157654 -5.00000000
v -13.29222870 -11.88157654 -2.49019599
v -13.29222870 -11.88157654 -5.00000000
v -13.16707420 -11.88157654 -2.49019599
v -13.16707420 -11.88157654 -5.00000000
v -13.04191971 -11.88157654 -2.49019599
v -13.04191971 -11.88157654 -5.00000000
v -12.91676521 -11.88157654 -2.49019599
v -12.91676521 -11.88157654 -5.00000000
v -12.79161072 -11.88157654 -2.49019599
v -12.79161072 -11.88157654 -5.00000000
v -12.66645718 -11.88157654 -2.49019599
v -12.66645718 -11.88157654 -5.00000000
v -12.54130268 -11.88157654 -2.49019599
v -12.54130268 -11.88157654 -5.00000000
v -12.41614819 -11.88157654 -2.49019599
v -12.41614819 -11.88157654 -5.00000000
v -12.29099369 -11.88157654 -2.49019599
v -12.29099369 -11.88157654 -5.00000000
v -12.16583920 -11.88157654 -2.49019599
v -12.16583920 -11.88157654 -5.00000000
v -12.04068470 -11.88157654 -2.49019599
v -12.04068470 -11.88157654 -5.00000000
v -11.91553020 -11.88157654 -2.49019599
v -11.91553020 -11.88157654 -5.00000000
v -11.79037571 -11.88157654 -2.49019599
v -11.79037571 -11.88157654 -5.00000000
v -11.66522121 -11.88157654 -2.49019599
v -11.66522121 -11.88157654 -5.00000000
v -11.54006767 -11.88157654 -2.49019599
v -11.54006767 -11.88157654 -5.00000000
v -11.41491318 -11.88157654 -2.49019599
v -11.41491318 -11.88157654 -5.00000000
v -11.28975868 -11.88157654 -2.49019599
v -11.28975868 -11.88157654 -5.00000000
v -11.16460419 -11.88157654 -2.49019599
v -11.16460419 -11.88157654 -5.00000000
v -11.03944969 -11.88157654 -2.49019599
v -11.03944969 -11.88157654 -5.00000000
v -10.91429520 -11.88157654 -2.49019599
v -10.91429520 -11.88157654 -5.00000000
v -10.78914070 -11.88157654 -2.49019599
v -10.78914070 -11.88157654 -5.00000000
v -10.66398621 -11.88157654 -2.49019599
v -10.66398621 -11.88157654 -5.00000000
v -10.53883171 -11.88157654 -2.49019599
v -10.53883171 -11.88157654 -5.00000000
v -10.41367817 -11.88157654 -2.49019599
v -10.41367817 -11.88157654 -5.00000000
v -10.28852367 -11.88157654 -2.49019599
v -10.28852367 -11.88157654 -5.00000000
v -10.16336918 -11.88157654 -2.49019599
v -10.16336918 -11.88157654 -5.00000000
v -10.03821468 -11.88157654 -2.49019599
v -10.03821468 -11.88157654 -5.00000000
v -9.91306019 -11.88157654 -2.49019599
v -9.91306019 -11.88157654 -5.00000000
v -9.78790569 -11.88157654 -2.49019599
v -9.78790569 -11.88157654 -5.00000000
v -9.66275120 -11.88157654 -2.49019599
v -9.66275120 -11.88157654 -5.00000000
v -9.53759670 -11.88157654 -2.49019599
v -9.53759670 -11.88157654 -5.00000000
v -9.41244221 -11.88157654 -2.49019599
v -9.41244221 -11.88157654 -5.00000000
v -9.28728867 -11.88157654 -2.49019599
v -9.28728867 -11.88157654 -5.00000000
v -9.16213417 -11.88157654 -2.49019599
v -9.16213417 -11.88157654 -5.00000000
v -9.03697968 -11.88157654 -2.49019599
v -9.03697968 -11.88157654 -5.00000000
v -8.91182518 -11.88157654 -2.49019599
v -8.91182518 -11.88157654 -5.00000000
v -8.78667068 -11.88157654 -2.49019599
v -8.78667068 -11.88157654 -5.00000000
v -8.66151619 -11.88157654 -2.49019599
v -8.66151619 -11.88157654 -5.00000000
v -8.53636169 -11.88157654 -2.49019599
v -8.53636169 -11.88157654 -5.00000000
v -8.41120720 -11.88157654 -2.49019599
v -8.41120720 -11.88157654 -5.00000000
v -8.28605270 -11.88157654 -2.49019599
v -8.28605270 -11.88157654 -5.00000000
v -8.16089916 -11.88157654 -2.49019599
v -8.16089916 -11.88157654 -5.00000000
v -8.03574467 -11.88157654 -2.49019599
v -8.03574467 -11.88157654 -5.00000000
v -7.91059017 -11.88157654 -2.49019599
v -7.91059017 -11.88157654 -5.00000000
v -7.78543568 -11.88157654 -2.49019599
v -7.78543568 -11.88157654 -5.00000000
v -7.66028118 -11.88157654 -2.49019599
v -7.66028118 -11.88157654 -5.00000000
v -7.53512669 -11.88157654 -2.49019599
v -7.53512669 -11.88157654 -5.00000000
v -7.40997267 -11.88157654 -2.49019599
v -7.40997267 -11.88157654 -5.00000000
v -7.28481817 -11.88157654 -2.49019599
v -7.28481817 -11.88157654 -5.00000000
v -7.15966368 -11.88157654 -2.49019599
v -7.15966368 -11.88157654 -5.00000000
v -7.03450918 -11.88157654 -2.49019599
v -7.03450918 -11.88157654 -5.00000000
v -6.90935469 -11.88157654 -2.49019599
v -6.90935469 -11.88157654 -5.00000000
v -6.78420067 -11.88157654 -2.49019599
v -6.78420067 -11.88157654 -5.00000000
v -6.65904617 -11.88157654 -2.49019599
v -6.65904617 -11.88157654 -5.00000000
v -6.53389168 -11.88157654 -2.49019599
v -6.53389168 -11.88157654 -5.00000000
v -6.40873718 -11.88157654 -2.49019599
v -6.40873718 -11.88157654 -5.00000000
v -6.28358316 -11.88157654 -2.49019599
v -6.28358316 -11.88157654 -5.00000000
v -6.15842867 -11.88157654 -2.49019599
v -6.15842867 -11.88157654 -5.00000000
v -6.03327417 -11.88157654 -2.49019599
v -6.03327417 -11.88157654 -5.00000000
v -5.90811968 -11.88157654 -2.49019599
v -5.90811968 -11.88157654 -5.00000000
v -5.78296518 -11.88157654 -2.49019599
v -5.78296518 -11.88157654 -5.00000000
v -5.65781116 -11.88157654 -2.49019599
v -5.65781116 -11.88157654 -5.00000000
v -5.53265667 -11.88157654 -2.49019599
v -5.53265667 -11.88157654 -5.00000000
v -5.40750217 -11.88157654 -2.49019599
v -5.40750217 -11.88157654 -5.00000000
v -5.28234768 -11.88157654 -2.49019599
v -5.28234768 -11.88157654 -5.00000000
v -5.15719366 -11.88157654 -2.49019599
v -5.15719366 -11.88157654 -5.00000000
v -5.03203917 -11.88157654 -2.49019599
v -5.03203917 -11.88157654 -5.00000000
v -4.90688467 -11.88157654 -2.49019599
v -4.90688467 -11.88157654 -5.00000000
v -4.78173018 -11.88157654 -2.49019599
v -4.78173018 -11.88157654 -5.00000000
v -4.65657568 -11.88157654 -2.49019599
v -4.65657568 -11.88157654 -5.00000000
v -4.53142166 -11.88157654 -2.49019599
v -4.53142166 -11.88157654 -5.00000000
v -4.40626717 -11.88157654 -2.49019599
v -4.40626717 -11.88157654 -5.00000000
v -4.28111267 -11.88157654 -2.49019599
v -4.28111267 -11.88157654 -5.00000000
v -4.15595818 -11.88157654 -2.49019599
v -4.15595818 -11.88157654 -5.00000000
v -4.03080416 -11.88157654 -2.49019599
v -4.03080416 -11.88157654 -5.00000000
v -3.90564966 -11.88157654 -2.49019599
v -3.90564966 -11.88157654 -5.00000000
v -3.78049517 -11.88157654 -2.49019599
v -3.78049517 -11.88157654 -5.00000000
v -3.65534067 -11.88157654 -2.49019599
v -3.65534067 -11.88157654 -5.00000000
v -3.53018641 -11.88157654 -2.49019599
v -3.53018641 -11.88157654 -5.00000000
v -3.40503192 -11.88157654 -2.49019599
v -3.40503192 -11.88157654 -5.00000000
v -3.27987766 -11.88157654 -2.49019599
v -3.27987766 -11.88157654 -5.00000000
v -3.15472317 -11.88157654 -2.49019599
v -3.15472317 -11.88157654 -5.00000000
v -3.02956891 -11.88157654 -2.49019599
v -3.02956891 -11.88157654 -5.00000000
v -2.90441442 -11.88157654 -2.49019599
v -2.90441442 -11.88157654 -5.00000000
v -2.77926016 -11.88157654 -2.49019599
v -2.77926016 -11.88157654 -5.00000000
v -2.65410566 -11.88157654 -2.49019599
v -2.65410566 -11.88157654 -5.00000000
v -2.52895141 -11.88157654 -2.49019599
v -2.52895141 -11.88157654 -5.00000000
v -2.40379691 -11.88157654 -2.49019599
v -2.40379691 -11.88157654 -5.00000000
v -2.27864242 -11.88157654 -2.49019599
v -2.27864242 -11.88157654 -5.00000000
v -2.15348816 -11.88157654 -2.49019599
v -2.15348816 -11.88157654 -5.00000000
v -2.02833366 -11.88157654 -2.49019599
v -2.02833366 -11.88157654 -5.00000000
v -1.90317941 -11.88157654 -2.49019599
v -1.90317941 -11.88157654 -5.00000000
v -1.77802491 -11.88157654 -2.49019599
v -1.77802491 -11.88157654 -5.00000000
v -1.65287054 -11.88157654 -2.49019599
v -1.65287054 -11.88157654 -5.00000000
v -1.52771616 -11.88157654 -2.49019599
v -1.52771616 -11.88157654 -5.00000000
v -1.40256178 -11.88157654 -2.49019599
v -1.40256178 -11.88157654 -5.00000000
v -1.27740741 -11.88157654 -2.49019599
v -1.27740741 -11.88157654 -5.00000000
v -1.15225303 -11.88157654 -2.49019599
v -1.15225303 -11.88157654 -5.00000000
v -1.02709866 -11.88157654 -2.49019599
v -1.02709866 -11.88157654 -5.00000000
v -0.90194422 -11.88157654 -2.49019599
v -0.90194422 -11.88157654 -5.00000000
v -0.77678984 -11.88157654 -2.49019599
v -0.77678984 -11.88157654 -5.00000000
v -0.65163547 -11.88157654 -2.49019599
v -0.65163547 -11.88157654 -5.00000000
v -0.52648109 -11.88157654 -2.49019599
v -0.52648109 -11.88157654 -5.00000000
v -0.40132669 -11.88157654 -2.49019599
v -0.40132669 -11.88157654 -5.00000000
v -0.27617231 -11.88157654 -2.49019599
v -0.27617231 -11.88157654 -5.00000000
v -0.15101792 -11.88157654 -2.49019599
v -0.15101792 -11.88157654 -5.00000000
v -0.02586353 -11.88157654 -2.49019599
v -0.02586353 -11.88157654 -5.00000000
v 0.09929086 -11.88157654 -2.49019599
v 0.09929086 -11.88157654 -5.00000000
v 0.22444525 -11.88157654 -2.49019599
v 0.22444525 -11.88157654 -5.00000000
v 0.34959963 -11.88157654 -2.49019599
v 0.34959963 -11.88157654 -5.00000000
v 0.47475404 -11.88157654 -2.49019599
v 0.47475404 -11.88157654 -5.00000000
v 0.59990841 -11.88157654 -2.49019599
v 0.59990841 -11.88157654 -5.00000000
v 0.72506279 -11.88157654 -2.49019599
v 0.72506279 -11.88157654 -5.00000000
v 0.85021716 -11.88157654 -2.49019599
v 0.85021716 -11.88157654 -5.00000000
v 0.97537160 -11.88157654 -2.49019599
v 0.97537160 -11.88157654 -5.00000000
v 1.10052598 -11.88157654 -2.49019599
v 1.10052598 -11.88157654 -5.00000000
v 1.22568035 -11.88157654 -2.49019599
v 1.22568035 -11.88157654 -5.00000000
v 1.35083473 -11.88157654 -2.49019599
v 1.35083473 -11.88157654 -5.00000000
v 1.47598910 -11.88157654 -2.49019599
v 1.47598910 -11.88157654 -5.00000000
v 1.60114348 -11.88157654 -2.49019599
v 1.60114348 -11.88157654 -5.00000000
v 1.62500000 -11.78022194 -2.49019599
v 1.62500000 -11.78022194 -5.00000000
v 1.62500000 -11.65499878 -2.49019599
v 1.62500000 -11.65499878 -5.00000000
v 1.62500000 -11.52977467 -2.49019599
v 1.62500000 -11.52977467 -5.00000000
v 1.62095964 -11.40429783 -2.49019599
v 1.62095964 -11.40429783 -5.00000000
v 1.59972680 -11.28143692 -2.49019599
v 1.59972680 -11.28143692 -5.00000000
v 1.54142404 -11.17260838 -2.49019599
v 1.54142404 -11.17260838 -5.00000000
v 1.42710674 -11.13083363 -2.49019599
v 1.42710674 -11.13083363 -5.00000000
v 1.31888044 -11.07482052 -2.49019599
v 1.31888044 -11.07482052 -5.00000000
v 1.26489902 -10.96307468 -2.49019599
v 1.26489902 -10.96307468 -5.00000000
v 1.25002491 -10.83889961 -2.49019599
v 1.25002491 -10.83889961 -5.00000000
v 1.23710775 -10.71437931 -2.49019599
v 1.23710775 -10.71437931 -5.00000000
v 1.18896031 -10.59976864 -2.49019599
v 1.18896031 -10.59976864 -5.00000000
v 1.10042751 -10.51258278 -2.49019599
v 1.10042751 -10.51258278 -5.00000000
v 0.98523355 -10.46546268 -2.49019599
v 0.98523355 -10.46546268 -5.00000000
v 0.87368637 -10.41133308 -2.49019599
v 0.87368637 -10.41133308 -5.00000000
v 0.79845589 -10.31291389 -2.49019599
v 0.79845589 -10.31291389 -5.00000000
v 0.76431280 -10.19176579 -2.49019599
v 0.76431280 -10.19176579 -5.00000000
v 0.75215632 -10.06798172 -2.49019599
v 0.75215632 -10.06798172 -5.00000000
v 0.74985415 -9.94187546 -2.49019599
v 0.74985415 -9.94187546 -5.00000000
v 0.74427414 -9.81688881 -2.49019599
v 0.74427414 -9.81688881 -5.00000000
v 0.72491330 -9.69425201 -2.49019599
v 0.72491330 -9.69425201 -5.00000000
v 0.67562670 -9.57953262 -2.49019599
v 0.67562670 -9.57953262 -5.00000000
v 0.58173817 -9.49906731 -2.49019599
v 0.58173817 -9.49906731 -5.00000000
v 0.46350726 -9.45767403 -2.49019599
v 0.46350726 -9.45767403 -5.00000000
v 0.35677478 -9.39395046 -2.49019599
v 0.35677478 -9.39395046 -5.00000000
v 0.28628024 -9.29133606 -2.49019599
v 0.28628024 -9.29133606 -5.00000000
v 0.25538948 -9.17080307 -2.49019599
v 0.25538948 -9.17080307 -5.00000000
v 0.24935268 -9.04560757 -2.49019599
v 0.24935268 -9.04560757 -5.00000000
v 0.23261052 -8.92154789 -2.49019599
v 0.23261052 -8.92154789 -5.00000000
v 0.17941555 -8.80967999 -2.49019599
v 0.17941555 -8.80967999 -5.00000000
v 0.07061103 -8.75503540 -2.49019599
v 0.07061103 -8.75503540 -5.00000000
v -0.04308901 -8.71221733 -2.49019599
v -0.04308901 -8.71221733 -5.00000000
v -0.10329972 -8.60371590 -2.49019599
v -0.10329972 -8.60371590 -5.00000000
v -0.12353656 -8.48048115 -2.49019599
v -0.12353656 -8.48048115 -5.00000000
v -0.12847933 -8.35588932 -2.49019599
v -0.12847933 -8.35588932 -5.00000000
v -0.15521574 -8.23363304 -2.49019599
v -0.15521574 -8.23363304 -5.00000000
v -0.21994922 -8.12744331 -2.49019599
v -0.21994922 -8.12744331 -5.00000000
v -0.32299668 -8.05804253 -2.49019599
v -0.32299668 -8.05804253 -5.00000000
v -0.44093511 -8.01854229 -2.49019599
v -0.44093511 -8.01854229 -5.00000000
v -0.53997833 -7.94396305 -2.49019599
v -0.53997833 -7.94396305 -5.00000000
v -0.59231740 -7.83030033 -2.49019599
v -0.59231740 -7.83030033 -5.00000000
v -0.61381871 -7.70737314 -2.49019599
v -0.61381871 -7.70737314 -5.00000000
v -0.62238216 -7.58263206 -2.49019599
v -0.62238216 -7.58263206 -5.00000000
v -0.62491900 -7.45770359 -2.49019599
v -0.62491900 -7.45770359 -5.00000000
v -0.62565565 -7.33149862 -2.49019599
v -0.62565565 -7.33149862 -5.00000000
v -0.62973130 -7.20687580 -2.49019599
v -0.62973130 -7.20687580 -5.00000000
v -0.64201534 -7.08253098 -2.49019599
v -0.64201534 -7.08253098 -5.00000000
v -0.67818159 -6.96336460 -2.49019599
v -0.67818159 -6.96336460 -5.00000000
v -0.77462971 -6.88918209 -2.49019599
v -0.77462971 -6.88918209 -5.00000000
v -0.89869058 -6.87831068 -2.49019599
v -0.89869058 -6.87831068 -5.00000000
v -1.01984751 -6.84950542 -2.49019599
v -1.01984751 -6.84950542 -5.00000000
v -1.09858823 -6.75536251 -2.49019599
v -1.09858823 -6.75536251 -5.00000000
v -1.12278998 -6.63288593 -2.49019599
v -1.12278998 -6.63288593 -5.00000000
v -1.12662983 -6.50815773 -2.49019599
v -1.12662983 -6.50815773 -5.00000000
v -1.14828694 -6.38537312 -2.49019599
v -1.14828694 -6.38537312 -5.00000000
v -1.22224963 -6.28738880 -2.49019599
v -1.22224963 -6.28738880 -5.00000000
v -1.34213078 -6.25444412 -2.49019599
v -1.34213078 -6.25444412 -5.00000000
v -1.46678865 -6.24514627 -2.49019599
v -1.46678865 -6.24514627 -5.00000000
v -1.56755590 -6.17825174 -2.49019599
v -1.56755590 -6.17825174 -5.00000000
v -1.60792255 -6.06022549 -2.49019599
v -1.60792255 -6.06022549 -5.00000000
v -1.62087846 -5.93629885 -2.49019599
v -1.62087846 -5.93629885 -5.00000000
v -1.62470019 -5.81078291 -2.49019599
v -1.62470019 -5.81078291 -5.00000000
v -1.62542665 -5.68527555 -2.49019599
v -1.62542665 -5.68527555 -5.00000000
v -1.62972009 -5.55992889 -2.49019599
v -1.62972009 -5.55992889 -5.00000000
v -1.64389670 -5.43616533 -2.49019599
v -1.64389670 -5.43616533 -5.00000000
v -1.68821824 -5.31976748 -2.49019599
v -1.68821824 -5.31976748 -5.00000000
v -1.79429162 -5.25896788 -2.49019599
v -1.79429162 -5.25896788 -5.00000000
v -1.91855776 -5.25115967 -2.49019599
v -1.91855776 -5.25115967 -5.00000000
v -2.03637290 -5.21334362 -2.49019599
v -2.03637290 -5.21334362 -5.00000000
v -2.10429144 -5.11096954 -2.49019599
v -2.10429144 -5.11096954 -5.00000000
v -2.12350798 -4.98776722 -2.49019599
v -2.12350798 -4.98776722 -5.00000000
v -2.12767172 -4.86273193 -2.49019599
v -2.12767172 -4.86273193 -5.00000000
v -2.15244937 -4.73939562 -2.49019599
v -2.15244937 -4.73939562 -5.00000000
v -2.21409392 -4.63185406 -2.49019599
v -2.21409392 -4.63185406 -5.00000000
v -2.31508374 -4.55950069 -2.49019599
v -2.31508374 -4.55950069 -5.00000000
v -2.43378806 -4.51941395 -2.49019599
v -2.43378806 -4.51941395 -5.00000000
v -2.53502798 -4.44848680 -2.49019599
v -2.53502798 -4.44848680 -5.00000000
v -2.59187651 -4.33801460 -2.49019599
v -2.59187651 -4.33801460 -5.00000000
v -2.61538720 -4.21555567 -2.49019599
v -2.61538720 -4.21555567 -5.00000000
v -2.62373829 -4.09030771 -2.49019599
v -2.62373829 -4.09030771 -5.00000000
v -2.62520862 -3.96470070 -2.49019599
v -2.62520862 -3.96470070 -5.00000000
v -2.62996125 -3.83999014 -2.49019599
v -2.62996125 -3.83999014 -5.00000000
v -2.64584732 -3.71576858 -2.49019599
v -2.64584732 -3.71576858 -5.00000000
v -2.68661094 -3.59723735 -2.49019599
v -2.68661094 -3.59723735 -5.00000000
v -2.77189422 -3.50739670 -2.49019599
v -2.77189422 -3.50739670 -5.00000000
v -2.88741040 -3.46222925 -2.49019599
v -2.88741040 -3.46222925 -5.00000000
v -2.99897218 -3.40699863 -2.49019599
v -2.99897218 -3.40699863 -5.00000000
v -3.07773829 -3.31144071 -2.49019599
v -3.07773829 -3.31144071 -5.00000000
v -3.11599469 -3.19191170 -2.49019599
v -3.11599469 -3.19191170 -5.00000000
v -3.12503505 -3.06798434 -2.49019599
v -3.12503505 -3.06798434 -5.00000000
v -3.13675976 -2.94307590 -2.49019599
v -3.13675976 -2.94307590 -5.00000000
v -3.18061447 -2.82658458 -2.49019599
v -3.18061447 -2.82658458 -5.00000000
v -3.27907157 -2.75493956 -2.49019599
v -3.27907157 -2.75493956 -5.00000000
v -3.39842010 -2.72538090 -2.49019599
v -3.39842010 -2.72538090 -5.00000000
v -3.46767282 -2.62321615 -2.49019599
v -3.46767282 -2.62321615 -5.00000000
v -3.49374962 -2.50081801 -2.49019599
v -3.49374962 -2.50081801 -5.00000000
v -3.50000000 -2.37609959 -2.49019599
v -3.50000000 -2.37609959 -5.00000000
v -3.50633526 -2.25105596 -2.49019599
v -3.50633526 -2.25105596 -5.00000000
v -3.53258967 -2.12867761 -2.49019599
v -3.53258967 -2.12867761 -5.00000000
v -3.60214043 -2.02684951 -2.49019599
v -3.60214043 -2.02684951 -5.00000000
v -3.72193694 -1.99768829 -2.49019599
v -3.72193694 -1.99768829 -5.00000000
v -3.81708789 -1.92369187 -2.49019599
v -3.81708789 -1.92369187 -5.00000000
v -3.85697269 -1.80526066 -2.49019599
v -3.85697269 -1.80526066 -5.00000000
v -3.87168312 -1.68077755 -2.49019599
v -3.87168312 -1.68077755 -5.00000000
v -3.87500453 -1.55623746 -2.49019599
v -3.87500453 -1.55623746 -5.00000000
v -3.87738085 -1.43020093 -2.49019599
v -3.87738085 -1.43020093 -5.00000000
v -3.88967395 -1.30543387 -2.49019599
v -3.88967395 -1.30543387 -5.00000000
v -3.93576217 -1.19139576 -2.49019599
v -3.93576217 -1.19139576 -5.00000000
v -4.04538727 -1.13513434 -2.49019599
v -4.04538727 -1.13513434 -5.00000000
v -4.16922331 -1.12570989 -2.49019599
v -4.16922331 -1.12570989 -5.00000000
v -4.29421043 -1.12069082 -2.49019599
v -4.29421043 -1.12069082 -5.00000000
v -4.41261578 -1.08395135 -2.49019599
v -4.41261578 -1.08395135 -5.00000000
v -4.48029280 -0.98155677 -2.49019599
v -4.48029280 -0.98155677 -5.00000000
v -4.49785423 -0.85724807 -2.49019599
v -4.49785423 -0.85724807 -5.00000000
v -4.50041199 -0.73260862 -2.49019599
v -4.50041199 -0.73260862 -5.00000000
v -4.51204395 -0.60838830 -2.49019599
v -4.51204395 -0.60838830 -5.00000000
v -4.55007505 -0.48909214 -2.49019599
v -4.55007505 -0.48909214 -5.00000000
v -4.62990713 -0.39369732 -2.49019599
v -4.62990713 -0.39369732 -5.00000000
v -4.74228287 -0.34102705 -2.49019599
v -4.74228287 -0.34102705 -5.00000000
v -4.85826254 -0.29464200 -2.49019599
v -4.85826254 -0.29464200 -5.00000000
v -4.93844366 -0.20178451 -2.49019599
v -4.93844366 -0.20178451 -5.00000000
v -4.97486973 -0.08217772 -2.49019599
v -4.97486973 -0.08217772 -5.00000000
v -4.99045610 0.04273844 -2.49019599
v -4.99045610 0.04273844 -5.00000000
v -4.99713182 0.16695820 -2.49019599
v -4.99713182 0.16695820 -5.00000000
v -4.99964857 0.29330415 -2.49019599
v -4.99964857 0.29330415 -5.00000000
v -4.99990845 0.41845986 -2.49019599
v -4.99990845 0.41845986 -5.00000000
v -4.99826622 0.54349452 -2.49019599
v -4.99826622 0.54349452 -5.00000000
v -4.99322748 0.66816384 -2.49019599
v -4.99322748 0.66816384 -5.00000000
v -4.98135614 0.79252082 -2.49019599
v -4.98135614 0.79252082 -5.00000000
v -4.95373678 0.91507095 -2.49019599
v -4.95373678 0.91507095 -5.00000000
v -4.88928413 1.02071345 -2.49019599
v -4.88928413 1.02071345 -5.00000000
v -4.78137159 1.08024681 -2.49019599
v -4.78137159 1.08024681 -5.00000000
v -4.66176224 1.11903906 -2.49019599
v -4.66176224 1.11903906 -5.00000000
v -4.55301332 1.18019342 -2.49019599
v -4.55301332 1.18019342 -5.00000000
v -4.49058294 1.28400242 -2.49019599
v -4.49058294 1.28400242 -5.00000000
v -4.38819361 1.35357380 -2.49019599
v -4.38819361 1.35357380 -5.00000000
v -4.26827526 1.38966954 -2.49019599
v -4.26827526 1.38966954 -5.00000000
v -4.14609528 1.41434312 -2.49019599
v -4.14609528 1.41434312 -5.00000000
v -4.03471804 1.47039998 -2.49019599
v -4.03471804 1.47039998 -5.00000000
v -3.95207644 1.56294763 -2.49019599
v -3.95207644 1.56294763 -5.00000000
v -3.90570164 1.67957008 -2.49019599
v -3.90570164 1.67957008 -5.00000000
v -3.88055229 1.80135071 -2.49019599
v -3.88055229 1.80135071 -5.00000000
v -3.83600354 1.91893506 -2.49019599
v -3.83600354 1.91893506 -5.00000000
v -3.77799582 2.02932978 -2.49019599
v -3.77799582 2.02932978 -5.00000000
v -3.71053600 2.13378239 -2.49019599
v -3.71053600 2.13378239 -5.00000000
v -3.63405514 2.23381233 -2.49019599
v -3.63405514 2.23381233 -5.00000000
v -3.54992080 2.32686329 -2.49019599
v -3.54992080 2.32686329 -5.00000000
v -3.45641303 2.41112351 -2.49019599
v -3.45641303 2.41112351 -5.00000000
v -3.35234714 2.47787333 -2.49019599
v -3.35234714 2.47787333 -5.00000000
v -3.23234272 2.51184773 -2.49019599
v -3.23234272 2.51184773 -5.00000000
v -3.15344381 2.60743070 -2.49019599
v -3.15344381 2.60743070 -5.00000000
v -3.10188985 2.72140718 -2.49019599
v -3.10188985 2.72140718 -5.00000000
v -3.06626797 2.84071612 -2.49019599
v -3.06626797 2.84071612 -5.00000000
v -3.01737142 2.95662713 -2.49019599
v -3.01737142 2.95662713 -5.00000000
v -2.94411111 3.05665755 -2.49019599
v -2.94411111 3.05665755 -5.00000000
v -2.83943152 3.12303233 -2.49019599
v -2.83943152 3.12303233 -5.00000000
v -2.72139168 3.15653133 -2.49019599
v -2.72139168 3.15653133 -5.00000000
v -2.65534782 3.26143742 -2.49019599
v -2.65534782 3.26143742 -5.00000000
v -2.63067698 3.38353968 -2.49019599
v -2.63067698 3.38353968 -5.00000000
v -2.62499022 3.50859904 -2.49019599
v -2.62499022 3.50859904 -5.00000000
v -2.61970973 3.63401484 -2.49019599
v -2.61970973 3.63401484 -5.00000000
v -2.59457684 3.75604725 -2.49019599
v -2.59457684 3.75604725 -5.00000000
v -2.51612115 3.85054517 -2.49019599
v -2.51612115 3.85054517 -5.00000000
v -2.39528656 3.87682199 -2.49019599
v -2.39528656 3.87682199 -5.00000000
v -2.27206635 3.89352965 -2.49019599
v -2.27206635 3.89352965 -5.00000000
v -2.16718078 3.95994616 -2.49019599
v -2.16718078 3.95994616 -5.00000000
v -2.12470388 4.07404280 -2.49019599
v -2.12470388 4.07404280 -5.00000000
v -2.06945276 4.18314457 -2.49019599
v -2.06945276 4.18314457 -5.00000000
v -1.96011019 4.24135113 -2.49019599
v -1.96011019 4.24135113 -5.00000000
v -1.83618522 4.25374985 -2.49019599
v -1.83618522 4.25374985 -5.00000000
v -1.71729851 4.28948307 -2.49019599
v -1.71729851 4.28948307 -5.00000000
v -1.64651597 4.38948727 -2.49019599
v -1.64651597 4.38948727 -5.00000000
v -1.62627947 4.51325464 -2.49019599
v -1.62627947 4.51325464 -5.00000000
v -1.62231183 4.63804102 -2.49019599
v -1.62231183 4.63804102 -5.00000000
v -1.59623277 4.76009655 -2.49019599
v -1.59623277 4.76009655 -5.00000000
v -1.51416123 4.85139513 -2.49019599
v -1.51416123 4.85139513 -5.00000000
v -1.39280498 4.87742424 -2.49019599
v -1.39280498 4.87742424 -5.00000000
v -1.26893747 4.89022875 -2.49019599
v -1.26893747 4.89022875 -5.00000000
v -1.17171991 4.96441078 -2.49019599
v -1.17171991 4.96441078 -5.00000000
v -1.13491166 5.08252954 -2.49019599
v -1.13491166 5.08252954 -5.00000000
v -1.12550509 5.20716524 -2.49019599
v -1.12550509 5.20716524 -5.00000000
v -1.12669814 5.33324671 -2.49019599
v -1.12669814 5.33324671 -5.00000000
v -1.14093161 5.45673943 -2.49019599
v -1.14093161 5.45673943 -5.00000000
v -1.19214225 5.56931162 -2.49019599
v -1.19214225 5.56931162 -5.00000000
v -1.30284584 5.62312412 -2.49019599
v -1.30284584 5.62312412 -5.00000000
v -1.42776096 5.63058472 -2.49019599
v -1.42776096 5.63058472 -5.00000000
v -1.54367101 5.67323446 -2.49019599
v -1.54367101 5.67323446 -5.00000000
v -1.60452974 5.78050232 -2.49019599
v -1.60452974 5.78050232 -5.00000000
v -1.62226880 5.90396118 -2.49019599
v -1.62226880 5.90396118 -5.00000000
v -1.62515593 6.02933359 -2.49019599
v -1.62515593 6.02933359 -5.00000000
v -1.63229036 6.15407515 -2.49019599
v -1.63229036 6.15407515 -5.00000000
v -1.66271544 6.27470303 -2.49019599
v -1.66271544 6.27470303 -5.00000000
v -1.75063813 6.35966921 -2.49019599
v -1.75063813 6.35966921 -5.00000000
v -1.87356818 6.37852907 -2.49019599
v -1.87356818 6.37852907 -5.00000000
v -1.99596488 6.40164852 -2.49019599
v -1.99596488 6.40164852 -5.00000000
v -2.09443283 6.47569132 -2.49019599
v -2.09443283 6.47569132 -5.00000000
v -2.12781262 6.59459400 -2.49019599
v -2.12781262 6.59459400 -5.00000000
v -2.19489956 6.69669676 -2.49019599
v -2.19489956 6.69669676 -5.00000000
v -2.30816197 6.74705601 -2.49019599
v -2.30816197 6.74705601 -5.00000000
v -2.43266678 6.75716019 -2.49019599
v -2.43266678 6.75716019 -5.00000000
v -2.54790854 6.80259418 -2.49019599
v -2.54790854 6.80259418 -5.00000000
v -2.61029625 6.90842247 -2.49019599
v -2.61029625 6.90842247 -5.00000000
v -2.62493849 7.03272867 -2.49019599
v -2.62493849 7.03272867 -5.00000000
v -2.63830662 7.15725660 -2.49019599
v -2.63830662 7.15725660 -5.00000000
v -2.69112968 7.26929235 -2.49019599
v -2.69112968 7.26929235 -5.00000000
v -2.77953148 7.35741568 -2.49019599
v -2.77953148 7.35741568 -5.00000000
v -2.88530469 7.42414951 -2.49019599
v -2.88530469 7.42414951 -5.00000000
v -2.99818492 7.47782373 -2.49019599
v -2.99818492 7.47782373 -5.00000000
v -3.11391020 7.52500820 -2.49019599
v -3.11391020 7.52500820 -5.00000000
v -3.22760391 7.57778311 -2.49019599
v -3.22760391 7.57778311 -5.00000000
v -3.33514404 7.64319897 -2.49019599
v -3.33514404 7.64319897 -5.00000000
v -3.42550206 7.72798491 -2.49019599
v -3.42550206 7.72798491 -5.00000000
v -3.48307657 7.83814335 -2.49019599
v -3.48307657 7.83814335 -5.00000000
v -3.49999213 7.96217823 -2.49019599
v -3.49999213 7.96217823 -5.00000000
v -3.51457739 8.08587646 -2.49019599
v -3.51457739 8.08587646 -5.00000000
v -3.55429959 8.20496941 -2.49019599
v -3.55429959 8.20496941 -5.00000000
v -3.61209702 8.31618690 -2.49019599
v -3.61209702 8.31618690 -5.00000000
v -3.68341208 8.41845131 -2.49019599
v -3.68341208 8.41845131 -5.00000000
v -3.76600742 8.51152611 -2.49019599
v -3.76600742 8.51152611 -5.00000000
v -3.85921264 8.59477615 -2.49019599
v -3.85921264 8.59477615 -5.00000000
v -3.96295118 8.66606712 -2.49019599
v -3.96295118 8.66606712 -5.00000000
v -4.07656956 8.72081852 -2.49019599
v -4.07656956 8.72081852 -5.00000000
v -4.19744396 8.75148106 -2.49019599
v -4.19744396 8.75148106 -5.00000000
v -4.32143688 8.75972366 -2.49019599
v -4.32143688 8.75972366 -5.00000000
v -4.43235540 8.81309986 -2.49019599
v -4.43235540 8.81309986 -5.00000000
v -4.48388910 8.92539024 -2.49019599
v -4.48388910 8.92539024 -5.00000000
v -4.49826384 9.04890728 -2.49019599
v -4.49826384 9.04890728 -5.00000000
v -4.50048685 9.17501450 -2.49019599
v -4.50048685 9.17501450 -5.00000000
v -4.50978708 9.29959011 -2.49019599
v -4.50978708 9.29959011 -5.00000000
v -4.54632425 9.41787529 -2.49019599
v -4.54632425 9.41787529 -5.00000000
v -4.64323997 9.49252510 -2.49019599
v -4.64323997 9.49252510 -5.00000000
v -4.76733828 9.50549507 -2.49019599
v -4.76733828 9.50549507 -5.00000000
v -4.88857794 9.53054619 -2.49019599
v -4.88857794 9.53054619 -5.00000000
v -4.96839046 9.62329006 -2.49019599
v -4.96839046 9.62329006 -5.00000000
v -4.99448061 9.74602985 -2.49019599
v -4.99448061 9.74602985 -5.00000000
v -4.99997950 9.87085915 -2.49019599
v -4.99997950 9.87085915 -5.00000000
v -5.00384903 9.99585247 -2.49019599
v -5.00384903 9.99585247 -5.00000000
v -5.02517366 10.11947536 -2.49019599
v -5.02517366 10.11947536 -5.00000000
v -5.09396410 10.22013092 -2.49019599
v -5.09396410 10.22013092 -5.00000000
v -5.21322298 10.25454617 -2.49019599
v -5.21322298 10.25454617 -5.00000000
v -5.33740854 10.26730633 -2.49019599
v -5.33740854 10.26730633 -5.00000000
v -5.44619465 10.32651711 -2.49019599
v -5.44619465 10.32651711 -5.00000000
v -5.49983311 10.43630409 -2.49019599
v -5.49983311 10.43630409 -5.00000000
v -5.53617144 10.55371571 -2.49019599
v -5.53617144 10.55371571 -5.00000000
v -5.63702250 10.62393475 -2.49019599
v -5.63702250 10.62393475 -5.00000000
v -5.75961208 10.64539528 -2.49019599
v -5.75961208 10.64539528 -5.00000000
v -5.85121679 10.72732353 -2.49019599
v -5.85121679 10.72732353 -5.00000000
v -5.87814951 10.84858513 -2.49019599
v -5.87814951 10.84858513 -5.00000000
v -5.94623327 10.95007896 -2.49019599
v -5.94623327 10.95007896 -5.00000000
v -6.05980444 10.99974251 -2.49019599
v -6.05980444 10.99974251 -5.00000000
v -6.18453026 11.00960159 -2.49019599
v -6.18453026 11.00960159 -5.00000000
v -6.29894400 11.05569744 -2.49019599
v -6.29894400 11.05569744 -5.00000000
v -6.35919380 11.16276836 -2.49019599
v -6.35919380 11.16276836 -5.00000000
v -6.37455845 11.28758335 -2.49019599
v -6.37455845 11.28758335 -5.00000000
v -6.37971401 11.41271400 -2.49019599
v -6.37971401 11.41271400 -5.00000000
v -6.41243410 11.53222561 -2.49019599
v -6.41243410 11.53222561 -5.00000000
v -6.50420094 11.61320972 -2.49019599
v -6.50420094 11.61320972 -5.00000000
v -6.62769985 11.63144493 -2.49019599
v -6.62769985 11.63144493 -5.00000000
v -6.75077057 11.64853191 -2.49019599
v -6.75077057 11.64853191 -5.00000000
v -6.85737944 11.71050358 -2.49019599
v -6.85737944 11.71050358 -5.00000000
v -6.90461493 11.82376003 -2.49019599
v -6.90461493 11.82376003 -5.00000000
v -7.01552582 11.87757683 -2.49019599
v -7.01552582 11.87757683 -5.00000000
v -7.13684130 11.90025806 -2.49019599
v -7.13684130 11.90025806 -5.00000000
v -7.21295214 11.99735355 -2.49019599
v -7.21295214 11.99735355 -5.00000000
v -7.24203014 12.11802006 -2.49019599
v -7.24203014 12.11802006 -5.00000000
v -7.24993753 12.24322128 -2.49019599
v -7.24993753 12.24322128 -5.00000000
v -7.25290775 12.36891747 -2.49019599
v -7.25290775 12.36891747 -5.00000000
v -7.27155781 12.49212170 -2.49019599
v -7.27155781 12.49212170 -5.00000000
v -7.34080648 12.59265804 -2.49019599
v -7.34080648 12.59265804 -5.00000000
v -7.46046257 12.62766457 -2.49019599
v -7.46046257 12.62766457 -5.00000000
v -7.58526230 12.63228703 -2.49019599
v -7.58526230 12.63228703 -5.00000000
v -7.70977783 12.64526272 -2.49019599
v -7.70977783 12.64526272 -5.00000000
v -7.82792759 12.68492126 -2.49019599
v -7.82792759 12.68492126 -5.00000000
v -7.88719034 12.78786659 -2.49019599
v -7.88719034 12.78786659 -5.00000000
v -7.97178125 12.87849998 -2.49019599
v -7.97178125 12.87849998 -5.00000000
v -8.08308125 12.93448639 -2.49019599
v -8.08308125 12.93448639 -5.00000000
v -8.20380974 12.92689323 -2.49019599
v -8.20380974 12.92689323 -5.00000000
v -9.22808552 -1.51015127 -2.49019599
v -9.25000000 -1.38751793 -2.49019599
v -9.25000000 -1.38751793 -5.00000000
v -9.22808552 -1.51015127 -5.00000000
v -9.16336441 -1.61644709 -2.49019599
v -9.16336441 -1.61644709 -5.00000000
v -9.06379795 -1.69109726 -2.49019599
v -9.06379795 -1.69109726 -5.00000000
v -8.94608593 -1.73314905 -2.49019599
v -8.94608593 -1.73314905 -5.00000000
v -8.84357166 -1.80387712 -2.49019599
v -8.84357166 -1.80387712 -5.00000000
v -8.77827072 -1.90922475 -2.49019599
v -8.77827072 -1.90922475 -5.00000000
v -8.75183105 -2.03137636 -2.49019599
v -8.75183105 -2.03137636 -5.00000000
v -8.74623680 -2.15668607 -2.49019599
v -8.74623680 -2.15668607 -5.00000000
v -8.71350193 -2.27660179 -2.49019599
v -8.71350193 -2.27660179 -5.00000000
v -8.62195587 -2.35737634 -2.49019599
v -8.62195587 -2.35737634 -5.00000000
v -8.49871540 -2.37631774 -2.49019599
v -8.49871540 -2.37631774 -5.00000000
v -8.37640762 -2.40053248 -2.49019599
v -8.37640762 -2.40053248 -5.00000000
v -8.27891445 -2.47578263 -2.49019599
v -8.27891445 -2.47578263 -5.00000000
v -8.24742603 -2.59489727 -2.49019599
v -8.24742603 -2.59489727 -5.00000000
v -8.18834209 -2.70269036 -2.49019599
v -8.18834209 -2.70269036 -5.00000000
v -8.07540226 -2.75108027 -2.49019599
v -8.07540226 -2.75108027 -5.00000000
v -7.95691872 -2.71873140 -2.49019599
v -7.95691872 -2.71873140 -5.00000000
v -7.88362598 -2.62005520 -2.49019599
v -7.88362598 -2.62005520 -5.00000000
v -7.86040020 -2.49797583 -2.49019599
v -7.86040020 -2.49797583 -5.00000000
v -7.76991272 -2.41470814 -2.49019599
v -7.76991272 -2.41470814 -5.00000000
v -7.64986038 -2.38166451 -2.49019599
v -7.64986038 -2.38166451 -5.00000000
v -7.52504635 -2.37566781 -2.49019599
v -7.52504635 -2.37566781 -5.00000000
v -7.40110207 -2.35903049 -2.49019599
v -7.40110207 -2.35903049 -5.00000000
v -7.29564190 -2.29553676 -2.49019599
v -7.29564190 -2.29553676 -5.00000000
v -7.25276089 -2.17955637 -2.49019599
v -7.25276089 -2.17955637 -5.00000000
v -7.24366045 -2.05551744 -2.49019599
v -7.24366045 -2.05551744 -5.00000000
v -7.20681477 -1.93573856 -2.49019599
v -7.20681477 -1.93573856 -5.00000000
v -7.14764738 -1.82599938 -2.49019599
v -7.14764738 -1.82599938 -5.00000000
v -7.07313299 -1.72457039 -2.49019599
v -7.07313299 -1.72457039 -5.00000000
v -6.98962831 -1.63260245 -2.49019599
v -6.98962831 -1.63260245 -5.00000000
v -6.89763021 -1.54652202 -2.49019599
v -6.89763021 -1.54652202 -5.00000000
v -6.80109501 -1.46762478 -2.49019599
v -6.80109501 -1.46762478 -5.00000000
v -6.69864178 -1.39322126 -2.49019599
v -6.69864178 -1.39322126 -5.00000000
v -6.59493065 -1.32552660 -2.49019599
v -6.59493065 -1.32552660 -5.00000000
v -6.48652697 -1.26157045 -2.49019599
v -6.48652697 -1.26157045 -5.00000000
v -6.37515593 -1.20460963 -2.49019599
v -6.37515593 -1.20460963 -5.00000000
v -6.25889969 -1.15827298 -2.49019599
v -6.25889969 -1.15827298 -5.00000000
v -6.13733196 -1.13115513 -2.49019599
v -6.13733196 -1.13115513 -5.00000000
v -6.01467800 -1.14375305 -2.49019599
v -6.01467800 -1.14375305 -5.00000000
v -5.92048454 -1.22421682 -2.49019599
v -5.92048454 -1.22421682 -5.00000000
v -5.88167906 -1.34198403 -2.49019599
v -5.88167906 -1.34198403 -5.00000000
v -5.87447977 -1.46669245 -2.49019599
v -5.87447977 -1.46669245 -5.00000000
v -5.85686111 -1.59050095 -2.49019599
v -5.85686111 -1.59050095 -5.00000000
v -5.79997396 -1.70132756 -2.49019599
v -5.79997396 -1.70132756 -5.00000000
v -5.68932009 -1.75095952 -2.49019599
v -5.68932009 -1.75095952 -5.00000000
v -5.57884789 -1.80022287 -2.49019599
v -5.57884789 -1.80022287 -5.00000000
v -5.52838993 -1.91337883 -2.49019599
v -5.52838993 -1.91337883 -5.00000000
v -5.50857735 -2.03696632 -2.49019599
v -5.50857735 -2.03696632 -5.00000000
v -5.50120687 -2.16183805 -2.49019599
v -5.50120687 -2.16183805 -5.00000000
v -5.49989128 -2.28680420 -2.49019599
v -5.49989128 -2.28680420 -5.00000000
v -5.49701548 -2.41181111 -2.49019599
v -5.49701548 -2.41181111 -5.00000000
v -5.48621559 -2.53749657 -2.49019599
v -5.48621559 -2.53749657 -5.00000000
v -5.45334816 -2.65728879 -2.49019599
v -5.45334816 -2.65728879 -5.00000000
v -5.36166620 -2.73775244 -2.49019599
v -5.36166620 -2.73775244 -5.00000000
v -5.23826122 -2.75162840 -2.49019599
v -5.23826122 -2.75162840 -5.00000000
v -5.11632395 -2.77442145 -2.49019599
v -5.11632395 -2.77442145 -5.00000000
v -5.03351307 -2.86485147 -2.49019599
v -5.03351307 -2.86485147 -5.00000000
v -5.00617218 -2.98590732 -2.49019599
v -5.00617218 -2.98590732 -5.00000000
v -5.00005245 -3.11147404 -2.49019599
v -5.00005245 -3.11147404 -5.00000000
v -4.99654818 -3.23681307 -2.49019599
v -4.99654818 -3.23681307 -5.00000000
v -4.97668886 -3.35967708 -2.49019599
v -4.97668886 -3.35967708 -5.00000000
v -4.91053057 -3.46322465 -2.49019599
v -4.91053057 -3.46322465 -5.00000000
v -4.79233313 -3.50041008 -2.49019599
v -4.79233313 -3.50041008 -5.00000000
v -4.66762209 -3.50822783 -2.49019599
v -4.66762209 -3.50822783 -5.00000000
v -4.56312275 -3.57113767 -2.49019599
v -4.56312275 -3.57113767 -5.00000000
v -4.52055836 -3.68803477 -2.49019599
v -4.52055836 -3.68803477 -5.00000000
v -4.50620985 -3.81181097 -2.49019599
v -4.50620985 -3.81181097 -5.00000000
v -4.50113726 -3.93777990 -2.49019599
v -4.50113726 -3.93777990 -5.00000000
v -4.50000048 -4.06247616 -2.49019599
v -4.50000048 -4.06247616 -5.00000000
v -4.49894810 -4.18745184 -2.49019599
v -4.49894810 -4.18745184 -5.00000000
v -4.49410772 -4.31281662 -2.49019599
v -4.49410772 -4.31281662 -5.00000000
v -4.48027658 -4.43692017 -2.49019599
v -4.48027658 -4.43692017 -5.00000000
v -4.43964624 -4.55424833 -2.49019599
v -4.43964624 -4.55424833 -5.00000000
v -4.33667326 -4.62042665 -2.49019599
v -4.33667326 -4.62042665 -5.00000000
v -4.21269941 -4.62888336 -2.49019599
v -4.21269941 -4.62888336 -5.00000000
v -4.09342098 -4.66416025 -2.49019599
v -4.09342098 -4.66416025 -5.00000000
v -4.02108049 -4.76319075 -2.49019599
v -4.02108049 -4.76319075 -5.00000000
v -4.00086737 -4.88603163 -2.49019599
v -4.00086737 -4.88603163 -5.00000000
v -3.99360895 -5.01113224 -2.49019599
v -3.99360895 -5.01113224 -5.00000000
v -3.95591235 -5.13001347 -2.49019599
v -3.95591235 -5.13001347 -5.00000000
v -3.87732577 -5.22683001 -2.49019599
v -3.87732577 -5.22683001 -5.00000000
v -3.76720452 -5.28425884 -2.49019599
v -3.76720452 -5.28425884 -5.00000000
v -3.65211868 -5.33197689 -2.49019599
v -3.65211868 -5.33197689 -5.00000000
v -3.56214499 -5.41788197 -2.49019599
v -3.56214499 -5.41788197 -5.00000000
v -3.51031327 -5.53111506 -2.49019599
v -3.51031327 -5.53111506 -5.00000000
v -3.49809003 -5.65568876 -2.49019599
v -3.49809003 -5.65568876 -5.00000000
v -3.46381211 -5.77503252 -2.49019599
v -3.46381211 -5.77503252 -5.00000000
v -3.37761450 -5.86326075 -2.49019599
v -3.37761450 -5.86326075 -5.00000000
v -3.25583696 -5.88838100 -2.49019599
v -3.25583696 -5.88838100 -5.00000000
v -3.17356300 -5.97768784 -2.49019599
v -3.17356300 -5.97768784 -5.00000000
v -3.14108038 -6.09890270 -2.49019599
v -3.14108038 -6.09890270 -5.00000000
v -3.12856674 -6.22301769 -2.49019599
v -3.12856674 -6.22301769 -5.00000000
v -3.12503672 -6.34816694 -2.49019599
v -3.12503672 -6.34816694 -5.00000000
v -3.12317634 -6.47353840 -2.49019599
v -3.12317634 -6.47353840 -5.00000000
v -3.11414123 -6.59794664 -2.49019599
v -3.11414123 -6.59794664 -5.00000000
v -3.08938575 -6.72101402 -2.49019599
v -3.08938575 -6.72101402 -5.00000000
v -3.03044724 -6.83007193 -2.49019599
v -3.03044724 -6.83007193 -5.00000000
v -2.92710900 -6.89843702 -2.49019599
v -2.92710900 -6.89843702 -5.00000000
v -2.80856323 -6.93864012 -2.49019599
v -2.80856323 -6.93864012 -5.00000000
v -2.70944309 -7.01320982 -2.49019599
v -2.70944309 -7.01320982 -5.00000000
v -2.65072012 -7.12268162 -2.49019599
v -2.65072012 -7.12268162 -5.00000000
v -2.62775350 -7.24544144 -2.49019599
v -2.62775350 -7.24544144 -5.00000000
v -2.62342286 -7.37107754 -2.49019599
v -2.62342286 -7.37107754 -5.00000000
v -2.60409594 -7.49434137 -2.49019599
v -2.60409594 -7.49434137 -5.00000000
v -2.55063510 -7.60719872 -2.49019599
v -2.55063510 -7.60719872 -5.00000000
v -2.45579267 -7.68735361 -2.49019599
v -2.45579267 -7.68735361 -5.00000000
v -2.33889413 -7.72882795 -2.49019599
v -2.33889413 -7.72882795 -5.00000000
v -2.23074627 -7.79141617 -2.49019599
v -2.23074627 -7.79141617 -5.00000000
v -2.16557312 -7.89734030 -2.49019599
v -2.16557312 -7.89734030 -5.00000000
v -2.13789201 -8.01912594 -2.49019599
v -2.13789201 -8.01912594 -5.00000000
v -2.12746978 -8.14359283 -2.49019599
v -2.12746978 -8.14359283 -5.00000000
v -2.12500000 -8.26898384 -2.49019599
v -2.12500000 -8.26898384 -5.00000000
v -2.12318611 -8.39357662 -2.49019599
v -2.12318611 -8.39357662 -5.00000000
v -2.11461210 -8.51871395 -2.49019599
v -2.11461210 -8.51871395 -5.00000000
v -2.08758283 -8.64077663 -2.49019599
v -2.08758283 -8.64077663 -5.00000000
v -2.00724506 -8.73292542 -2.49019599
v -2.00724506 -8.73292542 -5.00000000
v -1.88517404 -8.75477600 -2.49019599
v -1.88517404 -8.75477600 -5.00000000
v -1.76139629 -8.76975250 -2.49019599
v -1.76139629 -8.76975250 -5.00000000
v -1.66795313 -8.84824753 -2.49019599
v -1.66795313 -8.84824753 -5.00000000
v -1.63374186 -8.96790218 -2.49019599
v -1.63374186 -8.96790218 -5.00000000
v -1.62532866 -9.09277916 -2.49019599
v -1.62532866 -9.09277916 -5.00000000
v -1.62295341 -9.21744633 -2.49019599
v -1.62295341 -9.21744633 -5.00000000
v -1.60720992 -9.34214592 -2.49019599
v -1.60720992 -9.34214592 -5.00000000
v -1.55223787 -9.45231342 -2.49019599
v -1.55223787 -9.45231342 -5.00000000
v -1.43925691 -9.50142860 -2.49019599
v -1.43925691 -9.50142860 -5.00000000
v -1.31491208 -9.51119328 -2.49019599
v -1.31491208 -9.51119328 -5.00000000
v -1.20390165 -9.56676674 -2.49019599
v -1.20390165 -9.56676674 -5.00000000
v -1.13777268 -9.67158890 -2.49019599
v -1.13777268 -9.67158890 -5.00000000
v -1.12606215 -9.79432201 -2.49019599
v -1.12606215 -9.79432201 -5.00000000
v -1.16422784 -9.91364193 -2.49019599
v -1.16422784 -9.91364193 -5.00000000
v -1.24422538 -10.00779152 -2.49019599
v -1.24422538 -10.00779152 -5.00000000
v -1.35561848 -10.06554317 -2.49019599
v -1.35561848 -10.06554317 -5.00000000
v -1.48013568 -10.08317089 -2.49019599
v -1.48013568 -10.08317089 -5.00000000
v -1.60367966 -10.09280396 -2.49019599
v -1.60367966 -10.09280396 -5.00000000
v -1.72520041 -10.09957600 -2.49019599
v -1.72520041 -10.09957600 -5.00000000
v -1.85155153 -10.10498333 -2.49019599
v -1.85155153 -10.10498333 -5.00000000
v -1.98253131 -10.10939693 -2.49019599
v -1.98253131 -10.10939693 -5.00000000
v -2.10412908 -10.11268330 -2.49019599
v -2.10412908 -10.11268330 -5.00000000
v -2.22921276 -10.11541557 -2.49019599
v -2.22921276 -10.11541557 -5.00000000
v -2.35482073 -10.11760616 -2.49019599
v -2.35482073 -10.11760616 -5.00000000
v -2.47646070 -10.11927223 -2.49019599
v -2.47646070 -10.11927223 -5.00000000
v -2.60112762 -10.12056732 -2.49019599
v -2.60112762 -10.12056732 -5.00000000
v -2.72891235 -10.12150097 -2.49019599
v -2.72891235 -10.12150097 -5.00000000
v -2.85466695 -10.12206078 -2.49019599
v -2.85466695 -10.12206078 -5.00000000
v -2.98267817 -10.12228680 -2.49019599
v -2.98267817 -10.12228680 -5.00000000
v -3.10851097 -10.12218571 -2.49019599
v -3.10851097 -10.12218571 -5.00000000
v -3.23283386 -10.12177849 -2.49019599
v -3.23283386 -10.12177849 -5.00000000
v -3.35639143 -10.12107658 -2.49019599
v -3.35639143 -10.12107658 -5.00000000
v -3.47995996 -10.12007713 -2.49019599
v -3.47995996 -10.12007713 -5.00000000
v -3.60430384 -10.11876774 -2.49019599
v -3.60430384 -10.11876774 -5.00000000
v -3.73013377 -10.11712360 -2.49019599
v -3.73013377 -10.11712360 -5.00000000
v -3.85805917 -10.11510658 -2.49019599
v -3.85805917 -10.11510658 -5.00000000
v -3.98086047 -10.11282349 -2.49019599
v -3.98086047 -10.11282349 -5.00000000
v -4.10453367 -10.11015320 -2.49019599
v -4.10453367 -10.11015320 -5.00000000
v -4.23021555 -10.10701847 -2.49019599
v -4.23021555 -10.10701847 -5.00000000
v -4.35883188 -10.10331631 -2.49019599
v -4.35883188 -10.10331631 -5.00000000
v -4.48182917 -10.09923458 -2.49019599
v -4.48182917 -10.09923458 -5.00000000
v -4.60970211 -10.09431744 -2.49019599
v -4.60970211 -10.09431744 -5.00000000
v -4.72836828 -10.08899307 -2.49019599
v -4.72836828 -10.08899307 -5.00000000
v -4.85698557 -10.08212948 -2.49019599
v -4.85698557 -10.08212948 -5.00000000
v -4.97797203 -10.07418823 -2.49019599
v -4.97797203 -10.07418823 -5.00000000
v -5.10563374 -10.06318474 -2.49019599
v -5.10563374 -10.06318474 -5.00000000
v -5.22997761 -10.04614925 -2.49019599
v -5.22997761 -10.04614925 -5.00000000
v -5.34584618 -10.00017929 -2.49019599
v -5.34584618 -10.00017929 -5.00000000
v -5.43837929 -9.91659069 -2.49019599
v -5.43837929 -9.91659069 -5.00000000
v -5.49384308 -9.80496311 -2.49019599
v -5.49384308 -9.80496311 -5.00000000
v -5.50937271 -9.68133640 -2.49019599
v -5.50937271 -9.68133640 -5.00000000
v -5.56050968 -9.56784248 -2.49019599
v -5.56050968 -9.56784248 -5.00000000
v -5.64872122 -9.47970104 -2.49019599
v -5.64872122 -9.47970104 -5.00000000
v -5.75388527 -9.41434574 -2.49019599
v -5.75388527 -9.41434574 -5.00000000
v -5.81442022 -9.30582809 -2.49019599
v -5.81442022 -9.30582809 -5.00000000
v -5.84487295 -9.18440914 -2.49019599
v -5.84487295 -9.18440914 -5.00000000
v -5.86118078 -9.06051540 -2.49019599
v -5.86118078 -9.06051540 -5.00000000
v -5.86993027 -8.93515396 -2.49019599
v -5.86993027 -8.93515396 -5.00000000
v -5.87399530 -8.81000233 -2.49019599
v -5.87399530 -8.81000233 -5.00000000
v -5.87500429 -8.68404675 -2.49019599
v -5.87500429 -8.68404675 -5.00000000
v -5.87567043 -8.55912876 -2.49019599
v -5.87567043 -8.55912876 -5.00000000
v -5.87822962 -8.43432331 -2.49019599
v -5.87822962 -8.43432331 -5.00000000
v -5.88473272 -8.30951595 -2.49019599
v -5.88473272 -8.30951595 -5.00000000
v -5.90064192 -8.18495083 -2.49019599
v -5.90064192 -8.18495083 -5.00000000
v -5.94478369 -8.06878948 -2.49019599
v -5.94478369 -8.06878948 -5.00000000
v -6.05097914 -8.00922680 -2.49019599
v -6.05097914 -8.00922680 -5.00000000
v -6.17621279 -8.00242138 -2.49019599
v -6.17621279 -8.00242138 -5.00000000
v -6.28992891 -7.95831442 -2.49019599
v -6.28992891 -7.95831442 -5.00000000
v -6.34468031 -7.84743214 -2.49019599
v -6.34468031 -7.84743214 -5.00000000
v -6.36368608 -7.72325516 -2.49019599
v -6.36368608 -7.72325516 -5.00000000
v -6.37121058 -7.59927034 -2.49019599
v -6.37121058 -7.59927034 -5.00000000
v -6.37419271 -7.47391844 -2.49019599
v -6.37419271 -7.47391844 -5.00000000
v -6.37499046 -7.34876299 -2.49019599
v -6.37499046 -7.34876299 -5.00000000
v -6.37556028 -7.22338152 -2.49019599
v -6.37556028 -7.22338152 -5.00000000
v -6.37832689 -7.09756517 -2.49019599
v -6.37832689 -7.09756517 -5.00000000
v -6.38527870 -6.97254515 -2.49019599
v -6.38527870 -6.97254515 -5.00000000
v -6.40081835 -6.84902573 -2.49019599
v -6.40081835 -6.84902573 -5.00000000
v -6.43741941 -6.72870588 -2.49019599
v -6.43741941 -6.72870588 -5.00000000
v -6.51824808 -6.63573885 -2.49019599
v -6.51824808 -6.63573885 -5.00000000
v -6.63341808 -6.59014082 -2.49019599
v -6.63341808 -6.59014082 -5.00000000
v -6.74711227 -6.53836536 -2.49019599
v -6.74711227 -6.53836536 -5.00000000
v -6.82086086 -6.43935108 -2.49019599
v -6.82086086 -6.43935108 -5.00000000
v -6.85328150 -6.31796265 -2.49019599
v -6.85328150 -6.31796265 -5.00000000
v -6.86702108 -6.19382620 -2.49019599
v -6.86702108 -6.19382620 -5.00000000
v -6.87287283 -6.06874657 -2.49019599
v -6.87287283 -6.06874657 -5.00000000
v -6.87484312 -5.94429493 -2.49019599
v -6.87484312 -5.94429493 -5.00000000
v -6.87536097 -5.81867695 -2.49019599
v -6.87536097 -5.81867695 -5.00000000
v -6.87829542 -5.69275284 -2.49019599
v -6.87829542 -5.69275284 -5.00000000
v -6.88577938 -5.56907320 -2.49019599
v -6.88577938 -5.56907320 -5.00000000
v -6.90250111 -5.44418716 -2.49019599
v -6.90250111 -5.44418716 -5.00000000
v -6.94162703 -5.32552052 -2.49019599
v -6.94162703 -5.32552052 -5.00000000
v -7.03865528 -5.25450945 -2.49019599
v -7.03865528 -5.25450945 -5.00000000
v -7.15635014 -5.22063208 -2.49019599
v -7.15635014 -5.22063208 -5.00000000
v -7.22419930 -5.11754990 -2.49019599
v -7.22419930 -5.11754990 -5.00000000
v -7.24809504 -4.99538946 -2.49019599
v -7.24809504 -4.99538946 -5.00000000
v -7.25334120 -4.87006521 -2.49019599
v -7.25334120 -4.87006521 -5.00000000
v -7.28246880 -4.74865913 -2.49019599
v -7.28246880 -4.74865913 -5.00000000
v -7.35576248 -4.64858294 -2.49019599
v -7.35576248 -4.64858294 -5.00000000
v -7.46325064 -4.58554935 -2.49019599
v -7.46325064 -4.58554935 -5.00000000
v -7.58312464 -4.54833984 -2.49019599
v -7.58312464 -4.54833984 -5.00000000
v -7.69882917 -4.50211430 -2.49019599
v -7.69882917 -4.50211430 -5.00000000
v -7.80175209 -4.43140936 -2.49019599
v -7.80175209 -4.43140936 -5.00000000
v -7.87129641 -4.32902241 -2.49019599
v -7.87129641 -4.32902241 -5.00000000
v -7.90305996 -4.21002913 -2.49019599
v -7.90305996 -4.21002913 -5.00000000
v -8.00182152 -4.13669109 -2.49019599
v -8.00182152 -4.13669109 -5.00000000
v -8.12478447 -4.13716221 -2.49019599
v -8.12478447 -4.13716221 -5.00000000
v -8.22303677 -4.21120262 -2.49019599
v -8.22303677 -4.21120262 -5.00000000
v -8.25368023 -4.33079720 -2.49019599
v -8.25368023 -4.33079720 -5.00000000
v -8.31796169 -4.43634987 -2.49019599
v -8.31796169 -4.43634987 -5.00000000
v -8.41946602 -4.50840187 -2.49019599
v -8.41946602 -4.50840187 -5.00000000
v -8.53736305 -4.55039644 -2.49019599
v -8.53736305 -4.55039644 -5.00000000
v -8.64390659 -4.61443996 -2.49019599
v -8.64390659 -4.61443996 -5.00000000
v -8.71409512 -4.71730757 -2.49019599
v -8.71409512 -4.71730757 -5.00000000
v -8.74473286 -4.83792114 -2.49019599
v -8.74473286 -4.83792114 -5.00000000
v -8.75047779 -4.96305847 -2.49019599
v -8.75047779 -4.96305847 -5.00000000
v -8.76437759 -5.08729696 -2.49019599
v -8.76437759 -5.08729696 -5.00000000
v -8.82016182 -5.19780731 -2.49019599
v -8.82016182 -5.19780731 -5.00000000
v -8.93203831 -5.24828148 -2.49019599
v -8.93203831 -5.24828148 -5.00000000
v -9.05688953 -5.25548077 -2.49019599
v -9.05688953 -5.25548077 -5.00000000
v -9.16960049 -5.30299282 -2.49019599
v -9.16960049 -5.30299282 -5.00000000
v -9.22190952 -5.41461277 -2.49019599
v -9.22190952 -5.41461277 -5.00000000
v -9.24004364 -5.53898382 -2.49019599
v -9.24004364 -5.53898382 -5.00000000
v -9.24704456 -5.66409302 -2.49019599
v -9.24704456 -5.66409302 -5.00000000
v -9.24956226 -5.78989077 -2.49019599
v -9.24956226 -5.78989077 -5.00000000
v -9.25003052 -5.91452456 -2.49019599
v -9.25003052 -5.91452456 -5.00000000
v -9.25143242 -6.04062796 -2.49019599
v -9.25143242 -6.04062796 -5.00000000
v -9.25609970 -6.16447830 -2.49019599
v -9.25609970 -6.16447830 -5.00000000
v -9.26757717 -6.29020882 -2.49019599
v -9.26757717 -6.29020882 -5.00000000
v -9.29397106 -6.41219616 -2.49019599
v -9.29397106 -6.41219616 -5.00000000
v -9.35644722 -6.51968479 -2.49019599
v -9.35644722 -6.51968479 -5.00000000
v -9.46391392 -6.58174467 -2.49019599
v -9.46391392 -6.58174467 -5.00000000
v -9.58143902 -6.62147856 -2.49019599
v -9.58143902 -6.62147856 -5.00000000
v -9.67369747 -6.70356894 -2.49019599
v -9.67369747 -6.70356894 -5.00000000
v -9.71826077 -6.82023525 -2.49019599
v -9.71826077 -6.82023525 -5.00000000
v -9.73720360 -6.94443607 -2.49019599
v -9.73720360 -6.94443607 -5.00000000
v -9.74553394 -7.06840134 -2.49019599
v -9.74553394 -7.06840134 -5.00000000
v -9.74903584 -7.19347954 -2.49019599
v -9.74903584 -7.19347954 -5.00000000
v -9.74999428 -7.31915426 -2.49019599
v -9.74999428 -7.31915426 -5.00000000
v -9.75081730 -7.44449711 -2.49019599
v -9.75081730 -7.44449711 -5.00000000
v -9.75436687 -7.57048082 -2.49019599
v -9.75436687 -7.57048082 -5.00000000
v -9.76252270 -7.69481087 -2.49019599
v -9.76252270 -7.69481087 -5.00000000
v -9.77991295 -7.81890059 -2.49019599
v -9.77991295 -7.81890059 -5.00000000
v -9.82036018 -7.93667316 -2.49019599
v -9.82036018 -7.93667316 -5.00000000
v -9.91927910 -8.00351048 -2.49019599
v -9.91927910 -8.00351048 -5.00000000
v -10.03386211 -8.04437828 -2.49019599
v -10.03386211 -8.04437828 -5.00000000
v -10.08656406 -8.15674686 -2.49019599
v -10.08656406 -8.15674686 -5.00000000
v -10.10802650 -8.27943230 -2.49019599
v -10.10802650 -8.27943230 -5.00000000
v -10.11830902 -8.40449429 -2.49019599
v -10.11830902 -8.40449429 -5.00000000
v -10.12312222 -8.52960873 -2.49019599
v -10.12312222 -8.52960873 -5.00000000
v -10.12487221 -8.65476608 -2.49019599
v -10.12487221 -8.65476608 -5.00000000
v -10.12524700 -8.78047276 -2.49019599
v -10.12524700 -8.78047276 -5.00000000
v -10.12713623 -8.90606308 -2.49019599
v -10.12713623 -8.90606308 -5.00000000
v -10.13207626 -9.02999973 -2.49019599
v -10.13207626 -9.02999973 -5.00000000
v -10.14311695 -9.15500450 -2.49019599
v -10.14311695 -9.15500450 -5.00000000
v -10.16772842 -9.27877903 -2.49019599
v -10.16772842 -9.27877903 -5.00000000
v -10.22408009 -9.38829613 -2.49019599
v -10.22408009 -9.38829613 -5.00000000
v -10.32834625 -9.45517254 -2.49019599
v -10.32834625 -9.45517254 -5.00000000
v -10.44475079 -9.49994373 -2.49019599
v -10.44475079 -9.49994373 -5.00000000
v -10.54099941 -9.57979965 -2.49019599
v -10.54099941 -9.57979965 -5.00000000
v -10.61151981 -9.68264389 -2.49019599
v -10.61151981 -9.68264389 -5.00000000
v -10.64941120 -9.80055714 -2.49019599
v -10.64941120 -9.80055714 -5.00000000
v -10.68355656 -9.92044258 -2.49019599
v -10.68355656 -9.92044258 -5.00000000
v -10.78423023 -9.99466991 -2.49019599
v -10.78423023 -9.99466991 -5.00000000
v -10.90270615 -10.02416801 -2.49019599
v -10.90270615 -10.02416801 -5.00000000
v -11.02653408 -10.03983402 -2.49019599
v -11.02653408 -10.03983402 -5.00000000
v -11.15385246 -10.04937649 -2.49019599
v -11.15385246 -10.04937649 -5.00000000
v -11.27935600 -10.05540943 -2.49019599
v -11.27935600 -10.05540943 -5.00000000
v -11.40308094 -10.05941868 -2.49019599
v -11.40308094 -10.05941868 -5.00000000
v -11.52928734 -10.06223965 -2.49019599
v -11.52928734 -10.06223965 -5.00000000
v -11.65339661 -10.06417084 -2.49019599
v -11.65339661 -10.06417084 -5.00000000
v -11.77623177 -10.06550980 -2.49019599
v -11.77623177 -10.06550980 -5.00000000
v -11.90342712 -10.06647015 -2.49019599
v -11.90342712 -10.06647015 -5.00000000
v -12.02812862 -10.06710815 -2.49019599
v -12.02812862 -10.06710815 -5.00000000
v -12.15167522 -10.06752682 -2.49019599
v -12.15167522 -10.06752682 -5.00000000
v -12.27968884 -10.06780052 -2.49019599
v -12.27968884 -10.06780052 -5.00000000
v -12.40396214 -10.06795502 -2.49019599
v -12.40396214 -10.06795502 -5.00000000
v -12.53039742 -10.06803608 -2.49019599
v -12.53039742 -10.06803608 -5.00000000
v -12.65527248 -10.06806850 -2.49019599
v -12.65527248 -10.06806850 -5.00000000
v -12.77994061 -10.06806278 -2.49019599
v -12.77994061 -10.06806278 -5.00000000
v -12.90514660 -10.06790733 -2.49019599
v -12.90514660 -10.06790733 -5.00000000
v -13.03069878 -10.06753826 -2.49019599
v -13.03069878 -10.06753826 -5.00000000
v -13.15346909 -10.06693840 -2.49019599
v -13.15346909 -10.06693840 -5.00000000
v -13.27908325 -10.06604195 -2.49019599
v -13.27908325 -10.06604195 -5.00000000
v -13.40628338 -10.06479168 -2.49019599
v -13.40628338 -10.06479168 -5.00000000
v -13.52943420 -10.06319523 -2.49019599
v -13.52943420 -10.06319523 -5.00000000
v -13.65658474 -10.06106663 -2.49019599
v -13.65658474 -10.06106663 -5.00000000
v -13.77992344 -10.05843925 -2.49019599
v -13.77992344 -10.05843925 -5.00000000
v -13.90555763 -10.05505943 -2.49019599
v -13.90555763 -10.05505943 -5.00000000
v -14.03120327 -10.05078125 -2.49019599
v -14.03120327 -10.05078125 -5.00000000
v -14.15692616 -10.04533386 -2.49019599
v -14.15692616 -10.04533386 -5.00000000
v -14.28007984 -10.03847313 -2.49019599
v -14.28007984 -10.03847313 -5.00000000
v -14.40744400 -10.02911377 -2.49019599
v -14.40744400 -10.02911377 -5.00000000
v -14.53144360 -10.01658344 -2.49019599
v -14.53144360 -10.01658344 -5.00000000
v -14.65274715 -9.99852085 -2.49019599
v -14.65274715 -9.99852085 -5.00000000
v -14.77685738 -9.96531582 -2.49019599
v -14.77685738 -9.96531582 -5.00000000
v -14.85025406 -9.87753010 -2.49019599
v -14.85025406 -9.87753010 -5.00000000
v -14.78933334 -9.77623558 -2.49019599
v -14.78933334 -9.77623558 -5.00000000
v -14.66718769 -9.75332928 -2.49019599
v -14.66718769 -9.75332928 -5.00000000
v -14.56569290 -9.68855000 -2.49019599
v -14.56569290 -9.68855000 -5.00000000
v -14.52238846 -9.57099915 -2.49019599
v -14.52238846 -9.57099915 -5.00000000
v -14.50616264 -9.44706631 -2.49019599
v -14.50616264 -9.44706631 -5.00000000
v -14.50058937 -9.32152271 -2.49019599
v -14.50058937 -9.32152271 -5.00000000
v -14.49968910 -9.19653797 -2.49019599
v -14.49968910 -9.19653797 -5.00000000
v -14.49587440 -9.07194328 -2.49019599
v -14.49587440 -9.07194328 -5.00000000
v -14.48284721 -8.94764709 -2.49019599
v -14.48284721 -8.94764709 -5.00000000
v -14.44201469 -8.82922554 -2.49019599
v -14.44201469 -8.82922554 -5.00000000
v -14.34090805 -8.76296329 -2.49019599
v -14.34090805 -8.76296329 -5.00000000
v -14.21586609 -8.75388145 -2.49019599
v -14.21586609 -8.75388145 -5.00000000
v -14.09612846 -8.72074032 -2.49019599
v -14.09612846 -8.72074032 -5.00000000
v -14.02587795 -8.62083244 -2.49019599
v -14.02587795 -8.62083244 -5.00000000
v -14.00408268 -8.49797821 -2.49019599
v -14.00408268 -8.49797821 -5.00000000
v -13.99998951 -8.37263584 -2.49019599
v -13.99998951 -8.37263584 -5.00000000
v -13.99467182 -8.24716187 -2.49019599
v -13.99467182 -8.24716187 -5.00000000
v -13.96943378 -8.12515450 -2.49019599
v -13.96943378 -8.12515450 -5.00000000
v -13.89080620 -8.03086567 -2.49019599
v -13.89080620 -8.03086567 -5.00000000
v -13.76991272 -8.00474262 -2.49019599
v -13.76991272 -8.00474262 -5.00000000
v -13.64532948 -7.99285793 -2.49019599
v -13.64532948 -7.99285793 -5.00000000
v -13.55167580 -7.91632271 -2.49019599
v -13.55167580 -7.91632271 -5.00000000
v -13.51684570 -7.79656029 -2.49019599
v -13.51684570 -7.79656029 -5.00000000
v -13.50487232 -7.67254162 -2.49019599
v -13.50487232 -7.67254162 -5.00000000
v -13.50074196 -7.54675293 -2.49019599
v -13.50074196 -7.54675293 -5.00000000
v -13.49997616 -7.42106104 -2.49019599
v -13.49997616 -7.42106104 -5.00000000
v -13.49845791 -7.29681635 -2.49019599
v -13.49845791 -7.29681635 -5.00000000
v -13.49252033 -7.17095089 -2.49019599
v -13.49252033 -7.17095089 -5.00000000
v -13.47586441 -7.04729462 -2.49019599
v -13.47586441 -7.04729462 -5.00000000
v -13.42541409 -6.93343496 -2.49019599
v -13.42541409 -6.93343496 -5.00000000
v -13.31435108 -6.88228512 -2.49019599
v -13.31435108 -6.88228512 -5.00000000
v -13.19006252 -6.87524414 -2.49019599
v -13.19006252 -6.87524414 -5.00000000
v -13.07574654 -6.82893038 -2.49019599
v -13.07574654 -6.82893038 -5.00000000
v -13.01569271 -6.72169018 -2.49019599
v -13.01569271 -6.72169018 -5.00000000
v -13.00042820 -6.59687710 -2.49019599
v -13.00042820 -6.59687710 -5.00000000
v -12.99390221 -6.47236490 -2.49019599
v -12.99390221 -6.47236490 -5.00000000
v -12.95891190 -6.35254288 -2.49019599
v -12.95891190 -6.35254288 -5.00000000
v -12.87238979 -6.26581144 -2.49019599
v -12.87238979 -6.26581144 -5.00000000
v -12.75099564 -6.23958826 -2.49019599
v -12.75099564 -6.23958826 -5.00000000
v -12.65813160 -6.15796900 -2.49019599
v -12.65813160 -6.15796900 -5.00000000
v -12.59618568 -6.04908800 -2.49019599
v -12.59618568 -6.04908800 -5.00000000
v -12.55583000 -5.93089771 -2.49019599
v -12.55583000 -5.93089771 -5.00000000
v -12.52769279 -5.80823231 -2.49019599
v -12.52769279 -5.80823231 -5.00000000
v -12.48721409 -5.68980074 -2.49019599
v -12.48721409 -5.68980074 -5.00000000
v -12.42120934 -5.58423805 -2.49019599
v -12.42120934 -5.58423805 -5.00000000
v -12.31865311 -5.51585865 -2.49019599
v -12.31865311 -5.51585865 -5.00000000
v -12.19502068 -5.50140190 -2.49019599
v -12.19502068 -5.50140190 -5.00000000
v -12.08056355 -5.45678377 -2.49019599
v -12.08056355 -5.45678377 -5.00000000
v -12.02331924 -5.34702969 -2.49019599
v -12.02331924 -5.34702969 -5.00000000
v -12.00494099 -5.22274542 -2.49019599
v -12.00494099 -5.22274542 -5.00000000
v -12.00016022 -5.09804487 -2.49019599
v -12.00016022 -5.09804487 -5.00000000
v -11.99804878 -4.97335005 -2.49019599
v -11.99804878 -4.97335005 -5.00000000
v -11.98634911 -4.84866905 -2.49019599
v -11.98634911 -4.84866905 -5.00000000
v -11.95357227 -4.72768354 -2.49019599
v -11.95357227 -4.72768354 -5.00000000
v -11.87056923 -4.63821507 -2.49019599
v -11.87056923 -4.63821507 -5.00000000
v -11.74860191 -4.61424780 -2.49019599
v -11.74860191 -4.61424780 -5.00000000
v -11.66659260 -4.52336884 -2.49019599
v -11.66659260 -4.52336884 -5.00000000
v -11.63401413 -4.40241480 -2.49019599
v -11.63401413 -4.40241480 -5.00000000
v -11.62511444 -4.27838326 -2.49019599
v -11.62511444 -4.27838326 -5.00000000
v -11.61979771 -4.15270090 -2.49019599
v -11.61979771 -4.15270090 -5.00000000
v -11.59510899 -4.03035402 -2.49019599
v -11.59510899 -4.03035402 -5.00000000
v -11.53762054 -3.92040467 -2.49019599
v -11.53762054 -3.92040467 -5.00000000
v -11.44060612 -3.84157586 -2.49019599
v -11.44060612 -3.84157586 -5.00000000
v -11.32432747 -3.79537368 -2.49019599
v -11.32432747 -3.79537368 -5.00000000
v -11.22403240 -3.72377825 -2.49019599
v -11.22403240 -3.72377825 -5.00000000
v -11.16274261 -3.61488628 -2.49019599
v -11.16274261 -3.61488628 -5.00000000
v -11.13574982 -3.49309897 -2.49019599
v -11.13574982 -3.49309897 -5.00000000
v -11.12615490 -3.36774349 -2.49019599
v -11.12615490 -3.36774349 -5.00000000
v -11.12450314 -3.24336219 -2.49019599
v -11.12450314 -3.24336219 -5.00000000
v -11.11736870 -3.11825299 -2.49019599
v -11.11736870 -3.11825299 -5.00000000
v -11.09463406 -2.99442768 -2.49019599
v -11.09463406 -2.99442768 -5.00000000
v -11.03960228 -2.88359785 -2.49019599
v -11.03960228 -2.88359785 -5.00000000
v -10.94002342 -2.80990505 -2.49019599
v -10.94002342 -2.80990505 -5.00000000
v -10.82122612 -2.76997232 -2.49019599
v -10.82122612 -2.76997232 -5.00000000
v -10.71829891 -2.70020914 -2.49019599
v -10.71829891 -2.70020914 -5.00000000
v -10.65593052 -2.59239507 -2.49019599
v -10.65593052 -2.59239507 -5.00000000
v -10.63030338 -2.47061491 -2.49019599
v -10.63030338 -2.47061491 -5.00000000
v -10.62492847 -2.34510183 -2.49019599
v -10.62492847 -2.34510183 -5.00000000
v -10.61775494 -2.22011590 -2.49019599
v -10.61775494 -2.22011590 -5.00000000
v -10.58559513 -2.10028911 -2.49019599
v -10.58559513 -2.10028911 -5.00000000
v -10.49486065 -2.01835775 -2.49019599
v -10.49486065 -2.01835775 -5.00000000
v -10.37160587 -2.00109720 -2.49019599
v -10.37160587 -2.00109720 -5.00000000
v -10.24845982 -1.97997832 -2.49019599
v -10.24845982 -1.97997832 -5.00000000
v -10.15865040 -1.89740062 -2.49019599
v -10.15865040 -1.89740062 -5.00000000
v -10.12743664 -1.77678323 -2.49019599
v -10.12743664 -1.77678323 -5.00000000
v -10.11933422 -1.65210330 -2.49019599
v -10.11933422 -1.65210330 -5.00000000
v -10.08081722 -1.53335500 -2.49019599
v -10.08081722 -1.53335500 -5.00000000
v -10.01257038 -1.42851806 -2.49019599
v -10.01257038 -1.42851806 -5.00000000
v -9.92138004 -1.34308529 -2.49019599
v -9.92138004 -1.34308529 -5.00000000
v -9.81318951 -1.28074026 -2.49019599
v -9.81318951 -1.28074026 -5.00000000
v -9.69955540 -1.22868943 -2.49019599
v -9.69955540 -1.22868943 -5.00000000
v -9.58240223 -1.18375027 -2.49019599
v -9.58240223 -1.18375027 -5.00000000
v -9.46072388 -1.15415752 -2.49019599
v -9.46072388 -1.15415752 -5.00000000
v -9.33836746 -1.16723371 -2.49019599
v -9.33836746 -1.16723371 -5.00000000
v -9.26455975 -1.26368093 -2.49019599
v -9.26455975 -1.26368093 -5.00000000
v -32.64551544 11.50869179 -2.49019599
v -32.62500000 11.63143826 -2.49019599
v -32.62500000 11.63143826 -5.00000000
v -32.64551544 11.50869179 -5.00000000
v -32.72504807 11.41508293 -2.49019599
v -32.72504807 11.41508293 -5.00000000
v -32.84464264 11.38228321 -2.49019599
v -32.84464264 11.38228321 -5.00000000
v -32.96943283 11.37237072 -2.49019599
v -32.96943283 11.37237072 -5.00000000
v -33.06916428 11.30356312 -2.49019599
v -33.06916428 11.30356312 -5.00000000
v -33.10840225 11.18527603 -2.49019599
v -33.10840225 11.18527603 -5.00000000
v -33.12106705 11.06072807 -2.49019599
v -33.12106705 11.06072807 -5.00000000
v -33.12473297 10.93569469 -2.49019599
v -33.12473297 10.93569469 -5.00000000
v -33.12521744 10.81015205 -2.49019599
v -33.12521744 10.81015205 -5.00000000
v -33.12792587 10.68563175 -2.49019599
v -33.12792587 10.68563175 -5.00000000
v -33.13972855 10.56072235 -2.49019599
v -33.13972855 10.56072235 -5.00000000
v -33.18566513 10.44627476 -2.49019599
v -33.18566513 10.44627476 -5.00000000
v -33.29596329 10.39172649 -2.49019599
v -33.29596329 10.39172649 -5.00000000
v -33.42042160 10.38151169 -2.49019599
v -33.42042160 10.38151169 -5.00000000
v -33.54552460 10.38074589 -2.49019599
v -33.54552460 10.38074589 -5.00000000
v -33.67065048 10.38074589 -2.49019599
v -33.67065048 10.38074589 -5.00000000
v -33.79577255 10.38074589 -2.49019599
v -33.79577255 10.38074589 -5.00000000
v -33.87500000 10.33482265 -2.49019599
v -33.87500000 10.33482265 -5.00000000
v -33.87500000 10.20963001 -2.49019599
v -33.87500000 10.20963001 -5.00000000
v -33.87500000 10.08443642 -2.49019599
v -33.87500000 10.08443642 -5.00000000
v -33.87500000 9.95924282 -2.49019599
v -33.87500000 9.95924282 -5.00000000
v -33.87500000 9.83404922 -2.49019599
v -33.87500000 9.83404922 -5.00000000
v -33.87500000 9.70885658 -2.49019599
v -33.87500000 9.70885658 -5.00000000
v -33.87504959 9.58433914 -2.49019599
v -33.87504959 9.58433914 -5.00000000
v -33.87585068 9.45917988 -2.49019599
v -33.87585068 9.45917988 -5.00000000
v -33.87837982 9.33316803 -2.49019599
v -33.87837982 9.33316803 -5.00000000
v -33.88429642 9.20863819 -2.49019599
v -33.88429642 9.20863819 -5.00000000
v -33.89797592 9.08400440 -2.49019599
v -33.89797592 9.08400440 -5.00000000
v -33.93375778 8.96438217 -2.49019599
v -33.93375778 8.96438217 -5.00000000
v -34.02803040 8.88951588 -2.49019599
v -34.02803040 8.88951588 -5.00000000
v -34.15357208 8.87937355 -2.49019599
v -34.15357208 8.87937355 -5.00000000
v -34.27181244 8.84777927 -2.49019599
v -34.27181244 8.84777927 -5.00000000
v -34.33709717 8.74287033 -2.49019599
v -34.33709717 8.74287033 -5.00000000
v -34.35957718 8.62046242 -2.49019599
v -34.35957718 8.62046242 -5.00000000
v -34.36899948 8.49447250 -2.49019599
v -34.36899948 8.49447250 -5.00000000
v -34.37305832 8.36973476 -2.49019599
v -34.37305832 8.36973476 -5.00000000
v -34.37465286 8.24497700 -2.49019599
v -34.37465286 8.24497700 -5.00000000
v -34.37500000 8.11929512 -2.49019599
v -34.37500000 8.11929512 -5.00000000
v -34.37527084 7.99398279 -2.49019599
v -34.37527084 7.99398279 -5.00000000
v -34.37651062 7.86957693 -2.49019599
v -34.37651062 7.86957693 -5.00000000
v -34.38005447 7.74499846 -2.49019599
v -34.38005447 7.74499846 -5.00000000
v -34.38922882 7.61994410 -2.49019599
v -34.38922882 7.61994410 -5.00000000
v -34.41476822 7.49698830 -2.49019599
v -34.41476822 7.49698830 -5.00000000
v -34.49243927 7.40360308 -2.49019599
v -34.49243927 7.40360308 -5.00000000
v -34.61484528 7.38031387 -2.49019599
v -34.61484528 7.38031387 -5.00000000
v -34.73963928 7.37834072 -2.49019599
v -34.73963928 7.37834072 -5.00000000
v -34.86357498 7.36168861 -2.49019599
v -34.86357498 7.36168861 -5.00000000
v -34.95701599 7.28393269 -2.49019599
v -34.95701599 7.28393269 -5.00000000
v -34.98875046 7.16373110 -2.49019599
v -34.98875046 7.16373110 -5.00000000
v -34.99782562 7.03812551 -2.49019599
v -34.99782562 7.03812551 -5.00000000
v -34.99993134 6.91369963 -2.49019599
v -34.99993134 6.91369963 -5.00000000
v -35.00057602 6.78836679 -2.49019599
v -35.00057602 6.78836679 -5.00000000
v -35.00497055 6.66351318 -2.49019599
v -35.00497055 6.66351318 -5.00000000
v -35.02092743 6.53892851 -2.49019599
v -35.02092743 6.53892851 -5.00000000
v -35.07624054 6.42913914 -2.49019599
v -35.07624054 6.42913914 -5.00000000
v -35.19079590 6.38419628 -2.49019599
v -35.19079590 6.38419628 -5.00000000
v -35.31571579 6.37851095 -2.49019599
v -35.31571579 6.37851095 -5.00000000
v -35.44075775 6.36956596 -2.49019599
v -35.44075775 6.36956596 -5.00000000
v -35.54749680 6.30989981 -2.49019599
v -35.54749680 6.30989981 -5.00000000
v -35.59755707 6.19593716 -2.49019599
v -35.59755707 6.19593716 -5.00000000
v -35.61929321 6.07371426 -2.49019599
v -35.61929321 6.07371426 -5.00000000
v -35.63195419 5.94853306 -2.49019599
v -35.63195419 5.94853306 -5.00000000
v -35.64075851 5.82386255 -2.49019599
v -35.64075851 5.82386255 -5.00000000
v -35.64789963 5.69914055 -2.49019599
v -35.64789963 5.69914055 -5.00000000
v -35.65464020 5.57468271 -2.49019599
v -35.65464020 5.57468271 -5.00000000
v -35.66272736 5.44936800 -2.49019599
v -35.66272736 5.44936800 -5.00000000
v -35.67348862 5.32440424 -2.49019599
v -35.67348862 5.32440424 -5.00000000
v -35.68975067 5.20052385 -2.49019599
v -35.68975067 5.20052385 -5.00000000
v -35.71907806 5.07871246 -2.49019599
v -35.71907806 5.07871246 -5.00000000
v -35.78232193 4.97168159 -2.49019599
v -35.78232193 4.97168159 -5.00000000
v -35.89266586 4.91479206 -2.49019599
v -35.89266586 4.91479206 -5.00000000
v -36.01465225 4.89274025 -2.49019599
v -36.01465225 4.89274025 -5.00000000
v -36.13278961 4.84973478 -2.49019599
v -36.13278961 4.84973478 -5.00000000
v -36.20463562 4.75003910 -2.49019599
v -36.20463562 4.75003910 -5.00000000
v -36.23184204 4.62871265 -2.49019599
v -36.23184204 4.62871265 -5.00000000
v -36.24290848 4.50439501 -2.49019599
v -36.24290848 4.50439501 -5.00000000
v -36.24768829 4.37833500 -2.49019599
v -36.24768829 4.37833500 -5.00000000
v -36.24952698 4.25450563 -2.49019599
v -36.24952698 4.25450563 -5.00000000
v -36.25000000 4.12789345 -2.49019599
v -36.25000000 4.12789345 -5.00000000
v -36.25019455 4.00280666 -2.49019599
v -36.25019455 4.00280666 -5.00000000
v -36.25128174 3.87760353 -2.49019599
v -36.25128174 3.87760353 -5.00000000
v -36.25447083 3.75365233 -2.49019599
v -36.25447083 3.75365233 -5.00000000
v -36.26282883 3.62878156 -2.49019599
v -36.26282883 3.62878156 -5.00000000
v -36.28611755 3.50474024 -2.49019599
v -36.28611755 3.50474024 -5.00000000
v -36.35805893 3.40621686 -2.49019599
v -36.35805893 3.40621686 -5.00000000
v -36.47871399 3.37866831 -2.49019599
v -36.47871399 3.37866831 -5.00000000
v -36.60312653 3.37644339 -2.49019599
v -36.60312653 3.37644339 -5.00000000
v -36.72723770 3.36275744 -2.49019599
v -36.72723770 3.36275744 -5.00000000
v -36.82656097 3.29170871 -2.49019599
v -36.82656097 3.29170871 -5.00000000
v -36.86215973 3.17328238 -2.49019599
v -36.86215973 3.17328238 -5.00000000
v -36.87237167 3.04801822 -2.49019599
v -36.87237167 3.04801822 -5.00000000
v -36.87487411 2.92275119 -2.49019599
v -36.87487411 2.92275119 -5.00000000
v -36.87540436 2.79810667 -2.49019599
v -36.87540436 2.79810667 -5.00000000
v -36.87918091 2.67266417 -2.49019599
v -36.87918091 2.67266417 -5.00000000
v -36.89320374 2.54835153 -2.49019599
v -36.89320374 2.54835153 -5.00000000
v -36.94311905 2.43487525 -2.49019599
v -36.94311905 2.43487525 -5.00000000
v -37.05456924 2.38384461 -2.49019599
v -37.05456924 2.38384461 -5.00000000
v -37.17958450 2.37632895 -2.49019599
v -37.17958450 2.37632895 -5.00000000
v -37.30389023 2.37183118 -2.49019599
v -37.30389023 2.37183118 -5.00000000
v -37.41894150 2.32665873 -2.49019599
v -37.41894150 2.32665873 -5.00000000
v -37.47236252 2.21671391 -2.49019599
v -37.47236252 2.21671391 -5.00000000
v -37.48999405 2.09184933 -2.49019599
v -37.48999405 2.09184933 -5.00000000
v -37.49659348 1.96642613 -2.49019599
v -37.49659348 1.96642613 -5.00000000
v -37.49910355 1.84150732 -2.49019599
v -37.49910355 1.84150732 -5.00000000
v -37.49989700 1.71572793 -2.49019599
v -37.49989700 1.71572793 -5.00000000
v -37.50001144 1.59143221 -2.49019599
v -37.50001144 1.59143221 -5.00000000
v -37.50041199 1.46575511 -2.49019599
v -37.50041199 1.46575511 -5.00000000
v -37.50198746 1.34042931 -2.49019599
v -37.50198746 1.34042931 -5.00000000
v -37.50634003 1.21502256 -2.49019599
v -37.50634003 1.21502256 -5.00000000
v -37.51751709 1.09055400 -2.49019599
v -37.51751709 1.09055400 -5.00000000
v -37.54901505 0.97116143 -2.49019599
v -37.54901505 0.97116143 -5.00000000
v -37.64085388 0.89088756 -2.49019599
v -37.64085388 0.89088756 -5.00000000
v -37.76522827 0.87590724 -2.49019599
v -37.76522827 0.87590724 -5.00000000
v -37.88932800 0.87406224 -2.49019599
v -37.88932800 0.87406224 -5.00000000
v -38.01103210 0.84925139 -2.49019599
v -38.01103210 0.84925139 -5.00000000
v -38.08668137 0.75348020 -2.49019599
v -38.08668137 0.75348020 -5.00000000
v -38.11122894 0.63055843 -2.49019599
v -38.11122894 0.63055843 -5.00000000
v -38.12009811 0.50604516 -2.49019599
v -38.12009811 0.50604516 -5.00000000
v -38.12354660 0.38137344 -2.49019599
v -38.12354660 0.38137344 -5.00000000
v -38.12475586 0.25531933 -2.49019599
v -38.12475586 0.25531933 -5.00000000
v -38.12500000 0.12982225 -2.49019599
v -38.12500000 0.12982225 -5.00000000
v -38.12520218 0.00445577 -2.49019599
v -38.12520218 0.00445577 -5.00000000
v -38.12628937 -0.12063243 -2.49019599
v -38.12628937 -0.12063243 -5.00000000
v -38.12942123 -0.24415989 -2.49019599
v -38.12942123 -0.24415989 -5.00000000
v -38.13766098 -0.36997226 -2.49019599
v -38.13766098 -0.36997226 -5.00000000
v -38.15996933 -0.49308267 -2.49019599
v -38.15996933 -0.49308267 -5.00000000
v -38.22879410 -0.59339786 -2.49019599
v -38.22879410 -0.59339786 -5.00000000
v -38.35002136 -0.62333697 -2.49019599
v -38.35002136 -0.62333697 -5.00000000
v -38.47407532 -0.62568915 -2.49019599
v -38.47407532 -0.62568915 -5.00000000
v -38.59944534 -0.63878912 -2.49019599
v -38.59944534 -0.63878912 -5.00000000
v -38.69968796 -0.70704883 -2.49019599
v -38.69968796 -0.70704883 -5.00000000
v -38.73697662 -0.82583851 -2.49019599
v -38.73697662 -0.82583851 -5.00000000
v -38.74736786 -0.94991463 -2.49019599
v -38.74736786 -0.94991463 -5.00000000
v -38.74989319 -1.07535422 -2.49019599
v -38.74989319 -1.07535422 -5.00000000
v -38.75074005 -1.20119071 -2.49019599
v -38.75074005 -1.20119071 -5.00000000
v -38.75629807 -1.32577765 -2.49019599
v -38.75629807 -1.32577765 -5.00000000
v -38.77413177 -1.44909370 -2.49019599
v -38.77413177 -1.44909370 -5.00000000
v -38.82627106 -1.56212699 -2.49019599
v -38.82627106 -1.56212699 -5.00000000
v -38.93083954 -1.62704170 -2.49019599
v -38.93083954 -1.62704170 -5.00000000
v -39.05266953 -1.65168893 -2.49019599
v -39.05266953 -1.65168893 -5.00000000
v -39.17321777 -1.68777847 -2.49019599
v -39.17321777 -1.68777847 -5.00000000
v -39.25858307 -1.77502024 -2.49019599
v -39.25858307 -1.77502024 -5.00000000
v -39.29940414 -1.89310515 -2.49019599
v -39.29940414 -1.89310515 -5.00000000
v -39.32025909 -2.01757002 -2.49019599
v -39.32025909 -2.01757002 -5.00000000
v -39.33291626 -2.14169550 -2.49019599
v -39.33291626 -2.14169550 -5.00000000
v -39.34200668 -2.26744866 -2.49019599
v -39.34200668 -2.26744866 -5.00000000
v -39.34918213 -2.39200282 -2.49019599
v -39.34918213 -2.39200282 -5.00000000
v -39.35590363 -2.51613235 -2.49019599
v -39.35590363 -2.51613235 -5.00000000
v -39.36383057 -2.64128757 -2.49019599
v -39.36383057 -2.64128757 -5.00000000
v -39.37430191 -2.76557064 -2.49019599
v -39.37430191 -2.76557064 -5.00000000
v -39.39106369 -2.89055037 -2.49019599
v -39.39106369 -2.89055037 -5.00000000
v -39.42459869 -3.01079631 -2.49019599
v -39.42459869 -3.01079631 -5.00000000
v -39.50667953 -3.10113502 -2.49019599
v -39.50667953 -3.10113502 -5.00000000
v -39.62875366 -3.12541795 -2.49019599
v -39.62875366 -3.12541795 -5.00000000
v -39.75388718 -3.12760210 -2.49019599
v -39.75388718 -3.12760210 -5.00000000
v -39.87714767 -3.14869094 -2.49019599
v -39.87714767 -3.14869094 -5.00000000
v -39.95792770 -3.23941851 -2.49019599
v -39.95792770 -3.23941851 -5.00000000
v -39.98467636 -3.36075974 -2.49019599
v -39.98467636 -3.36075974 -5.00000000
v -39.99444199 -3.48532343 -2.49019599
v -39.99444199 -3.48532343 -5.00000000
v -39.99830627 -3.61108923 -2.49019599
v -39.99830627 -3.61108923 -5.00000000
v -39.99967957 -3.73612118 -2.49019599
v -39.99967957 -3.73612118 -5.00000000
v -39.99999619 -3.86034632 -2.49019599
v -39.99999619 -3.86034632 -5.00000000
v -40.00016403 -3.98694372 -2.49019599
v -40.00016403 -3.98694372 -5.00000000
v -40.00111771 -4.11071491 -2.49019599
v -40.00111771 -4.11071491 -5.00000000
v -40.00405502 -4.23678875 -2.49019599
v -40.00405502 -4.23678875 -5.00000000
v -40.01161194 -4.36145449 -2.49019599
v -40.01161194 -4.36145449 -5.00000000
v -40.03175735 -4.48425770 -2.49019599
v -40.03175735 -4.48425770 -5.00000000
v -40.09581375 -4.59028578 -2.49019599
v -40.09581375 -4.59028578 -5.00000000
v -40.21364975 -4.62475109 -2.49019599
v -40.21364975 -4.62475109 -5.00000000
v -40.33864212 -4.62772512 -2.49019599
v -40.33864212 -4.62772512 -5.00000000
v -40.46415329 -4.63855410 -2.49019599
v -40.46415329 -4.63855410 -5.00000000
v -40.56874847 -4.70066929 -2.49019599
v -40.56874847 -4.70066929 -5.00000000
v -40.61014557 -4.81806135 -2.49019599
v -40.61014557 -4.81806135 -5.00000000
v -40.62176514 -4.94233894 -2.49019599
v -40.62176514 -4.94233894 -5.00000000
v -40.62477112 -5.06709814 -2.49019599
v -40.62477112 -5.06709814 -5.00000000
v -40.62526703 -5.19300795 -2.49019599
v -40.62526703 -5.19300795 -5.00000000
v -40.62842560 -5.31739330 -2.49019599
v -40.62842560 -5.31739330 -5.00000000
v -40.64049530 -5.44144869 -2.49019599
v -40.64049530 -5.44144869 -5.00000000
v -40.68371201 -5.55835295 -2.49019599
v -40.68371201 -5.55835295 -5.00000000
v -40.79088593 -5.61815977 -2.49019599
v -40.79088593 -5.61815977 -5.00000000
v -40.91534805 -5.62799978 -2.49019599
v -40.91534805 -5.62799978 -5.00000000
v -41.03971100 -5.63134623 -2.49019599
v -41.03971100 -5.63134623 -5.00000000
v -41.15803146 -5.66753101 -2.49019599
v -41.15803146 -5.66753101 -5.00000000
v -41.22046280 -5.77294397 -2.49019599
v -41.22046280 -5.77294397 -5.00000000
v -41.24009323 -5.89725018 -2.49019599
v -41.24009323 -5.89725018 -5.00000000
v -41.24693680 -6.02116203 -2.49019599
v -41.24693680 -6.02116203 -5.00000000
v -41.24937820 -6.14753580 -2.49019599
v -41.24937820 -6.14753580 -5.00000000
v -41.24998093 -6.27177811 -2.49019599
v -41.24998093 -6.27177811 -5.00000000
v -41.25025940 -6.39763880 -2.49019599
v -41.25025940 -6.39763880 -5.00000000
v -41.25196075 -6.52162123 -2.49019599
v -41.25196075 -6.52162123 -5.00000000
v -41.25691223 -6.64782190 -2.49019599
v -41.25691223 -6.64782190 -5.00000000
v -41.26914978 -6.77266312 -2.49019599
v -41.26914978 -6.77266312 -5.00000000
v -41.30056763 -6.89279938 -2.49019599
v -41.30056763 -6.89279938 -5.00000000
v -41.38115692 -6.98475313 -2.49019599
v -41.38115692 -6.98475313 -5.00000000
v -41.50161362 -7.02180862 -2.49019599
v -41.50161362 -7.02180862 -5.00000000
v -41.62294388 -7.04520750 -2.49019599
v -41.62294388 -7.04520750 -5.00000000
v -41.72799683 -7.10944319 -2.49019599
v -41.72799683 -7.10944319 -5.00000000
v -41.78429794 -7.22145653 -2.49019599
v -41.78429794 -7.22145653 -5.00000000
v -41.81034851 -7.34314108 -2.49019599
v -41.81034851 -7.34314108 -5.00000000
v -41.82544327 -7.46837091 -2.49019599
v -41.82544327 -7.46837091 -5.00000000
v -41.83551025 -7.59338093 -2.49019599
v -41.83551025 -7.59338093 -5.00000000
v -41.84309006 -7.71735907 -2.49019599
v -41.84309006 -7.71735907 -5.00000000
v -41.84951019 -7.84305429 -2.49019599
v -41.84951019 -7.84305429 -5.00000000
v -41.85565186 -7.96759415 -2.49019599
v -41.85565186 -7.96759415 -5.00000000
v -41.86263657 -8.09165668 -2.49019599
v -41.86263657 -8.09165668 -5.00000000
v -41.87165833 -8.21734619 -2.49019599
v -41.87165833 -8.21734619 -5.00000000
v -41.88482285 -8.34134674 -2.49019599
v -41.88482285 -8.34134674 -5.00000000
v -41.90863800 -8.46421528 -2.49019599
v -41.90863800 -8.46421528 -5.00000000
v -41.96497726 -8.57448483 -2.49019599
v -41.96497726 -8.57448483 -5.00000000
v -42.07755280 -8.62410164 -2.49019599
v -42.07755280 -8.62410164 -5.00000000
v -42.20259857 -8.62979698 -2.49019599
v -42.20259857 -8.62979698 -5.00000000
v -42.32705688 -8.63817406 -2.49019599
v -42.32705688 -8.63817406 -5.00000000
v -42.43655014 -8.69380569 -2.49019599
v -42.43655014 -8.69380569 -5.00000000
v -42.48291397 -8.80880547 -2.49019599
v -42.48291397 -8.80880547 -5.00000000
v -42.49608231 -8.93261814 -2.49019599
v -42.49608231 -8.93261814 -5.00000000
v -42.49965668 -9.05833244 -2.49019599
v -42.49965668 -9.05833244 -5.00000000
v -42.50016785 -9.18291187 -2.49019599
v -42.50016785 -9.18291187 -5.00000000
v -42.50291824 -9.30847549 -2.49019599
v -42.50291824 -9.30847549 -5.00000000
v -42.51380539 -9.43322754 -2.49019599
v -42.51380539 -9.43322754 -5.00000000
v -42.55197525 -9.55092049 -2.49019599
v -42.55197525 -9.55092049 -5.00000000
v -42.65456772 -9.61792278 -2.49019599
v -42.65456772 -9.61792278 -5.00000000
v -42.77912521 -9.63005352 -2.49019599
v -42.77912521 -9.63005352 -5.00000000
v -42.90310287 -9.63254070 -2.49019599
v -42.90310287 -9.63254070 -5.00000000
v -43.02372360 -9.66387177 -2.49019599
v -43.02372360 -9.66387177 -5.00000000
v -43.09128952 -9.76676846 -2.49019599
v -43.09128952 -9.76676846 -5.00000000
v -43.11271286 -9.88941479 -2.49019599
v -43.11271286 -9.88941479 -5.00000000
v -43.12069321 -10.01438427 -2.49019599
v -43.12069321 -10.01438427 -5.00000000
v -43.12377930 -10.13959694 -2.49019599
v -43.12377930 -10.13959694 -5.00000000
v -43.12481308 -10.26407146 -2.49019599
v -43.12481308 -10.26407146 -5.00000000
v -43.12500000 -10.38989639 -2.49019599
v -43.12500000 -10.38989639 -5.00000000
v -43.12548447 -10.51496887 -2.49019599
v -43.12548447 -10.51496887 -5.00000000
v -43.12738037 -10.64079666 -2.49019599
v -43.12738037 -10.64079666 -5.00000000
v -43.13202286 -10.76564980 -2.49019599
v -43.13202286 -10.76564980 -5.00000000
v -43.14252853 -10.88951111 -2.49019599
v -43.14252853 -10.88951111 -5.00000000
v -43.16864777 -11.01187992 -2.49019599
v -43.16864777 -11.01187992 -5.00000000
v -43.24292374 -11.10810566 -2.49019599
v -43.24292374 -11.10810566 -5.00000000
v -43.36604691 -11.13111401 -2.49019599
v -43.36604691 -11.13111401 -5.00000000
v -43.48902512 -11.14841080 -2.49019599
v -43.48902512 -11.14841080 -5.00000000
v -43.58615875 -11.22300434 -2.49019599
v -43.58615875 -11.22300434 -5.00000000
v -43.62324524 -11.34117413 -2.49019599
v -43.62324524 -11.34117413 -5.00000000
v -43.61418152 -11.46135616 -2.49019599
v -43.61418152 -11.46135616 -5.00000000
v -43.51808167 -11.53763580 -2.49019599
v -43.51808167 -11.53763580 -5.00000000
v -43.39118576 -11.56820869 -2.49019599
v -43.39118576 -11.56820869 -5.00000000
v -43.26847839 -11.58418846 -2.49019599
v -43.26847839 -11.58418846 -5.00000000
v -43.14255524 -11.59494877 -2.49019599
v -43.14255524 -11.59494877 -5.00000000
v -43.01850891 -11.60249996 -2.49019599
v -43.01850891 -11.60249996 -5.00000000
v -42.89273453 -11.60823536 -2.49019599
v -42.89273453 -11.60823536 -5.00000000
v -42.77454376 -11.61242390 -2.49019599
v -42.77454376 -11.61242390 -5.00000000
v -42.64841843 -11.61597252 -2.49019599
v -42.64841843 -11.61597252 -5.00000000
v -42.51988602 -11.61886215 -2.49019599
v -42.51988602 -11.61886215 -5.00000000
v -42.39697647 -11.62110233 -2.49019599
v -42.39697647 -11.62110233 -5.00000000
v -42.27220154 -11.62296581 -2.49019599
v -42.27220154 -11.62296581 -5.00000000
v -42.14318085 -11.62454891 -2.49019599
v -42.14318085 -11.62454891 -5.00000000
v -42.01726151 -11.62582111 -2.49019599
v -42.01726151 -11.62582111 -5.00000000
v -41.89852905 -11.62682056 -2.49019599
v -41.89852905 -11.62682056 -5.00000000
v -41.77010727 -11.62771893 -2.49019599
v -41.77010727 -11.62771893 -5.00000000
v -41.64061356 -11.62846661 -2.49019599
v -41.64061356 -11.62846661 -5.00000000
v -41.52257156 -11.62903214 -2.49019599
v -41.52257156 -11.62903214 -5.00000000
v -41.39848328 -11.62952709 -2.49019599
v -41.39848328 -11.62952709 -5.00000000
v -41.27084351 -11.62994576 -2.49019599
v -41.27084351 -11.62994576 -5.00000000
v -41.14329147 -11.63028812 -2.49019599
v -41.14329147 -11.63028812 -5.00000000
v -41.02026367 -11.63055611 -2.49019599
v -41.02026367 -11.63055611 -5.00000000
v -40.89457321 -11.63077736 -2.49019599
v -40.89457321 -11.63077736 -5.00000000
v -40.76512527 -11.63095856 -2.49019599
v -40.76512527 -11.63095856 -5.00000000
v -40.64278793 -11.63109303 -2.49019599
v -40.64278793 -11.63109303 -5.00000000
v -40.51516342 -11.63120174 -2.49019599
v -40.51516342 -11.63120174 -5.00000000
v -40.39274979 -11.63127995 -2.49019599
v -40.39274979 -11.63127995 -5.00000000
v -40.26462173 -11.63134098 -2.49019599
v -40.26462173 -11.63134098 -5.00000000
v -40.14038849 -11.63138199 -2.49019599
v -40.14038849 -11.63138199 -5.00000000
v -40.01836777 -11.63140965 -2.49019599
v -40.01836777 -11.63140965 -5.00000000
v -39.89175034 -11.63142681 -2.49019599
v -39.89175034 -11.63142681 -5.00000000
v -39.76710510 -11.63143539 -2.49019599
v -39.76710510 -11.63143539 -5.00000000
v -39.64050293 -11.63143826 -2.49019599
v -39.64050293 -11.63143826 -5.00000000
v -39.51757050 -11.63143826 -2.49019599
v -39.51757050 -11.63143826 -5.00000000
v -39.39244461 -11.63143826 -2.49019599
v -39.39244461 -11.63143826 -5.00000000
v -39.26732254 -11.63143826 -2.49019599
v -39.26732254 -11.63143826 -5.00000000
v -39.14219666 -11.63143826 -2.49019599
v -39.14219666 -11.63143826 -5.00000000
v -39.01707458 -11.63143826 -2.49019599
v -39.01707458 -11.63143826 -5.00000000
v -38.89194870 -11.63143826 -2.49019599
v -38.89194870 -11.63143826 -5.00000000
v -38.76682663 -11.63143826 -2.49019599
v -38.76682663 -11.63143826 -5.00000000
v -38.64170074 -11.63143826 -2.49019599
v -38.64170074 -11.63143826 -5.00000000
v -38.51657867 -11.63143826 -2.49019599
v -38.51657867 -11.63143826 -5.00000000
v -38.39145279 -11.63143826 -2.49019599
v -38.39145279 -11.63143826 -5.00000000
v -38.26633072 -11.63143826 -2.49019599
v -38.26633072 -11.63143826 -5.00000000
v -38.14120483 -11.63143826 -2.49019599
v -38.14120483 -11.63143826 -5.00000000
v -38.01608276 -11.63143826 -2.49019599
v -38.01608276 -11.63143826 -5.00000000
v -37.89095688 -11.63143826 -2.49019599
v -37.89095688 -11.63143826 -5.00000000
v -37.76583481 -11.63143826 -2.49019599
v -37.76583481 -11.63143826 -5.00000000
v -37.64070892 -11.63143826 -2.49019599
v -37.64070892 -11.63143826 -5.00000000
v -37.51558304 -11.63143826 -2.49019599
v -37.51558304 -11.63143826 -5.00000000
v -37.39046097 -11.63143826 -2.49019599
v -37.39046097 -11.63143826 -5.00000000
v -37.26533508 -11.63143826 -2.49019599
v -37.26533508 -11.63143826 -5.00000000
v -37.14021301 -11.63143826 -2.49019599
v -37.14021301 -11.63143826 -5.00000000
v -37.01508713 -11.63143826 -2.49019599
v -37.01508713 -11.63143826 -5.00000000
v -36.88996506 -11.63143826 -2.49019599
v -36.88996506 -11.63143826 -5.00000000
v -36.76483917 -11.63143826 -2.49019599
v -36.76483917 -11.63143826 -5.00000000
v -36.63971710 -11.63143826 -2.49019599
v -36.63971710 -11.63143826 -5.00000000
v -36.51459122 -11.63143826 -2.49019599
v -36.51459122 -11.63143826 -5.00000000
v -36.38946915 -11.63143826 -2.49019599
v -36.38946915 -11.63143826 -5.00000000
v -36.26434326 -11.63143826 -2.49019599
v -36.26434326 -11.63143826 -5.00000000
v -36.13922119 -11.63143826 -2.49019599
v -36.13922119 -11.63143826 -5.00000000
v -36.01409531 -11.63143826 -2.49019599
v -36.01409531 -11.63143826 -5.00000000
v -35.88897324 -11.63143826 -2.49019599
v -35.88897324 -11.63143826 -5.00000000
v -35.76384735 -11.63143826 -2.49019599
v -35.76384735 -11.63143826 -5.00000000
v -35.63872528 -11.63143826 -2.49019599
v -35.63872528 -11.63143826 -5.00000000
v -35.62500000 -11.51997566 -2.49019599
v -35.62500000 -11.51997566 -5.00000000
v -35.62500000 -11.39478302 -2.49019599
v -35.62500000 -11.39478302 -5.00000000
v -35.62500000 -11.26958942 -2.49019599
v -35.62500000 -11.26958942 -5.00000000
v -35.62500000 -11.14439583 -2.49019599
v -35.62500000 -11.14439583 -5.00000000
v -35.62500000 -11.01920223 -2.49019599
v -35.62500000 -11.01920223 -5.00000000
v -35.62500000 -10.89400959 -2.49019599
v -35.62500000 -10.89400959 -5.00000000
v -35.62498093 -10.76933098 -2.49019599
v -35.62498093 -10.76933098 -5.00000000
v -35.62463760 -10.64396954 -2.49019599
v -35.62463760 -10.64396954 -5.00000000
v -35.62335587 -10.51763535 -2.49019599
v -35.62335587 -10.51763535 -5.00000000
v -35.61999130 -10.39264297 -2.49019599
v -35.61999130 -10.39264297 -5.00000000
v -35.61180115 -10.26785660 -2.49019599
v -35.61180115 -10.26785660 -5.00000000
v -35.59067917 -10.14511299 -2.49019599
v -35.59067917 -10.14511299 -5.00000000
v -35.52545547 -10.04074287 -2.49019599
v -35.52545547 -10.04074287 -5.00000000
v -35.40654755 -10.00788021 -2.49019599
v -35.40654755 -10.00788021 -5.00000000
v -35.28180313 -10.00536728 -2.49019599
v -35.28180313 -10.00536728 -5.00000000
v -35.15716553 -9.99444294 -2.49019599
v -35.15716553 -9.99444294 -5.00000000
v -35.05637360 -9.92625809 -2.49019599
v -35.05637360 -9.92625809 -5.00000000
v -35.01877975 -9.80843258 -2.49019599
v -35.01877975 -9.80843258 -5.00000000
v -35.00627518 -9.68321991 -2.49019599
v -35.00627518 -9.68321991 -5.00000000
v -35.00176620 -9.55872536 -2.49019599
v -35.00176620 -9.55872536 -5.00000000
v -35.00026703 -9.43338108 -2.49019599
v -35.00026703 -9.43338108 -5.00000000
v -35.00000000 -9.30879402 -2.49019599
v -35.00000000 -9.30879402 -5.00000000
v -34.99961853 -9.18353176 -2.49019599
v -34.99961853 -9.18353176 -5.00000000
v -34.99781418 -9.05785656 -2.49019599
v -34.99781418 -9.05785656 -5.00000000
v -34.99252701 -8.93277359 -2.49019599
v -34.99252701 -8.93277359 -5.00000000
v -34.97792435 -8.80826092 -2.49019599
v -34.97792435 -8.80826092 -5.00000000
v -34.93275070 -8.69341850 -2.49019599
v -34.93275070 -8.69341850 -5.00000000
v -34.82324219 -8.63705444 -2.49019599
v -34.82324219 -8.63705444 -5.00000000
v -34.69898987 -8.62979698 -2.49019599
v -34.69898987 -8.62979698 -5.00000000
v -34.57345200 -8.62441635 -2.49019599
v -34.57345200 -8.62441635 -5.00000000
v -34.45671082 -8.58426857 -2.49019599
v -34.45671082 -8.58426857 -5.00000000
v -34.39533997 -8.47876167 -2.49019599
v -34.39533997 -8.47876167 -5.00000000
v -34.37852097 -8.35414982 -2.49019599
v -34.37852097 -8.35414982 -5.00000000
v -34.37505341 -8.22896671 -2.49019599
v -34.37505341 -8.22896671 -5.00000000
v -34.37239838 -8.10383224 -2.49019599
v -34.37239838 -8.10383224 -5.00000000
v -34.35842133 -7.97993422 -2.49019599
v -34.35842133 -7.97993422 -5.00000000
v -34.32038498 -7.86137772 -2.49019599
v -34.32038498 -7.86137772 -5.00000000
v -34.23927689 -7.76752234 -2.49019599
v -34.23927689 -7.76752234 -5.00000000
v -34.12503433 -7.71803093 -2.49019599
v -34.12503433 -7.71803093 -5.00000000
v -34.00980377 -7.66891956 -2.49019599
v -34.00980377 -7.66891956 -5.00000000
v -33.93465805 -7.57215071 -2.49019599
v -33.93465805 -7.57215071 -5.00000000
v -33.90118027 -7.45077753 -2.49019599
v -33.90118027 -7.45077753 -5.00000000
v -33.88641357 -7.32636976 -2.49019599
v -33.88641357 -7.32636976 -5.00000000
v -33.87945938 -7.20222187 -2.49019599
v -33.87945938 -7.20222187 -5.00000000
v -33.87627411 -7.07773733 -2.49019599
v -33.87627411 -7.07773733 -5.00000000
v -33.87511063 -6.95205545 -2.49019599
v -33.87511063 -6.95205545 -5.00000000
v -33.87500000 -6.82675838 -2.49019599
v -33.87500000 -6.82675838 -5.00000000
v -33.87500000 -6.70156479 -2.49019599
v -33.87500000 -6.70156479 -5.00000000
v -33.87500000 -6.57637167 -2.49019599
v -33.87500000 -6.57637167 -5.00000000
v -33.87500000 -6.45117807 -2.49019599
v -33.87500000 -6.45117807 -5.00000000
v -33.87500000 -6.32598495 -2.49019599
v -33.87500000 -6.32598495 -5.00000000
v -33.87500000 -6.20079136 -2.49019599
v -33.87500000 -6.20079136 -5.00000000
v -33.82223511 -6.12839222 -2.49019599
v -33.82223511 -6.12839222 -5.00000000
v -33.69711304 -6.12839222 -2.49019599
v -33.69711304 -6.12839222 -5.00000000
v -33.57198715 -6.12839222 -2.49019599
v -33.57198715 -6.12839222 -5.00000000
v -33.44685745 -6.12829399 -2.49019599
v -33.44685745 -6.12829399 -5.00000000
v -33.32286835 -6.12303782 -2.49019599
v -33.32286835 -6.12303782 -5.00000000
v -33.20665359 -6.08102226 -2.49019599
v -33.20665359 -6.08102226 -5.00000000
v -33.14978790 -5.97057247 -2.49019599
v -33.14978790 -5.97057247 -5.00000000
v -33.13296509 -5.84648323 -2.49019599
v -33.13296509 -5.84648323 -5.00000000
v -33.12730408 -5.72213602 -2.49019599
v -33.12730408 -5.72213602 -5.00000000
v -33.12545013 -5.59684849 -2.49019599
v -33.12545013 -5.59684849 -5.00000000
v -33.12502670 -5.47229767 -2.49019599
v -33.12502670 -5.47229767 -5.00000000
v -33.12496567 -5.34617472 -2.49019599
v -33.12496567 -5.34617472 -5.00000000
v -33.12425232 -5.22147417 -2.49019599
v -33.12425232 -5.22147417 -5.00000000
v -33.12188721 -5.09650850 -2.49019599
v -33.12188721 -5.09650850 -5.00000000
v -33.11605453 -4.97122717 -2.49019599
v -33.11605453 -4.97122717 -5.00000000
v -33.10245132 -4.84706640 -2.49019599
v -33.10245132 -4.84706640 -5.00000000
v -33.06728363 -4.72624874 -2.49019599
v -33.06728363 -4.72624874 -5.00000000
v -32.98087311 -4.63997889 -2.49019599
v -32.98087311 -4.63997889 -5.00000000
v -32.86006927 -4.60746717 -2.49019599
v -32.86006927 -4.60746717 -5.00000000
v -32.73839188 -4.58160925 -2.49019599
v -32.73839188 -4.58160925 -5.00000000
v -32.63674545 -4.51057148 -2.49019599
v -32.63674545 -4.51057148 -5.00000000
v -32.58516312 -4.39899778 -2.49019599
v -32.58516312 -4.39899778 -5.00000000
v -32.55987549 -4.27541494 -2.49019599
v -32.55987549 -4.27541494 -5.00000000
v -32.54539871 -4.15169859 -2.49019599
v -32.54539871 -4.15169859 -5.00000000
v -32.53547287 -4.02670717 -2.49019599
v -32.53547287 -4.02670717 -5.00000000
v -32.52782440 -3.90154743 -2.49019599
v -32.52782440 -3.90154743 -5.00000000
v -32.52096939 -3.77578950 -2.49019599
v -32.52096939 -3.77578950 -5.00000000
v -32.51293564 -3.65154672 -2.49019599
v -32.51293564 -3.65154672 -5.00000000
v -32.50215912 -3.52713537 -2.49019599
v -32.50215912 -3.52713537 -5.00000000
v -32.48568344 -3.40254450 -2.49019599
v -32.48568344 -3.40254450 -5.00000000
v -32.45641708 -3.28140640 -2.49019599
v -32.45641708 -3.28140640 -5.00000000
v -32.39373016 -3.17440248 -2.49019599
v -32.39373016 -3.17440248 -5.00000000
v -32.28349686 -3.11693406 -2.49019599
v -32.28349686 -3.11693406 -5.00000000
v -32.16152191 -3.09278107 -2.49019599
v -32.16152191 -3.09278107 -5.00000000
v -32.04769516 -3.04214883 -2.49019599
v -32.04769516 -3.04214883 -5.00000000
v -31.95993996 -2.95377088 -2.49019599
v -31.95993996 -2.95377088 -5.00000000
v -31.93116760 -2.83421350 -2.49019599
v -31.93116760 -2.83421350 -5.00000000
v -31.84688377 -2.74623442 -2.49019599
v -31.84688377 -2.74623442 -5.00000000
v -31.72903061 -2.70470691 -2.49019599
v -31.72903061 -2.70470691 -5.00000000
v -31.60499573 -2.68120098 -2.49019599
v -31.60499573 -2.68120098 -5.00000000
v -31.48143005 -2.66632724 -2.49019599
v -31.48143005 -2.66632724 -5.00000000
v -31.35737038 -2.65603733 -2.49019599
v -31.35737038 -2.65603733 -5.00000000
v -31.23255539 -2.64847827 -2.49019599
v -31.23255539 -2.64847827 -5.00000000
v -31.10767937 -2.64234209 -2.49019599
v -31.10767937 -2.64234209 -5.00000000
v -30.98187828 -2.63867211 -2.49019599
v -30.98187828 -2.63867211 -5.00000000
v -30.85731316 -2.64091182 -2.49019599
v -30.85731316 -2.64091182 -5.00000000
v -30.73401070 -2.66043067 -2.49019599
v -30.73401070 -2.66043067 -5.00000000
v -30.64204979 -2.73925948 -2.49019599
v -30.64204979 -2.73925948 -5.00000000
v -30.62502289 -2.86286902 -2.49019599
v -30.62502289 -2.86286902 -5.00000000
v -30.60997009 -2.98688197 -2.49019599
v -30.60997009 -2.98688197 -5.00000000
v -30.53629494 -3.08358622 -2.49019599
v -30.53629494 -3.08358622 -5.00000000
v -30.41776085 -3.12073016 -2.49019599
v -30.41776085 -3.12073016 -5.00000000
v -30.29262161 -3.12679052 -2.49019599
v -30.29262161 -3.12679052 -5.00000000
v -30.16796494 -3.13542914 -2.49019599
v -30.16796494 -3.13542914 -5.00000000
v -30.06257439 -3.19824696 -2.49019599
v -30.06257439 -3.19824696 -5.00000000
v -30.02150154 -3.31534004 -2.49019599
v -30.02150154 -3.31534004 -5.00000000
v -30.00783157 -3.43864965 -2.49019599
v -30.00783157 -3.43864965 -5.00000000
v -30.00252342 -3.56419969 -2.49019599
v -30.00252342 -3.56419969 -5.00000000
v -30.00057983 -3.68865848 -2.49019599
v -30.00057983 -3.68865848 -5.00000000
v -30.00003433 -3.81432724 -2.49019599
v -30.00003433 -3.81432724 -5.00000000
v -29.99988937 -3.93905425 -2.49019599
v -29.99988937 -3.93905425 -5.00000000
v -29.99886322 -4.06486702 -2.49019599
v -29.99886322 -4.06486702 -5.00000000
v -29.99587440 -4.18952465 -2.49019599
v -29.99587440 -4.18952465 -5.00000000
v -29.98866844 -4.31493521 -2.49019599
v -29.98866844 -4.31493521 -5.00000000
v -29.97149849 -4.43966627 -2.49019599
v -29.97149849 -4.43966627 -5.00000000
v -29.92680740 -4.55529976 -2.49019599
v -29.92680740 -4.55529976 -5.00000000
v -29.82674408 -4.62691498 -2.49019599
v -29.82674408 -4.62691498 -5.00000000
v -29.70496941 -4.65215302 -2.49019599
v -29.70496941 -4.65215302 -5.00000000
v -29.58532524 -4.68645573 -2.49019599
v -29.58532524 -4.68645573 -5.00000000
v -29.49112511 -4.76711226 -2.49019599
v -29.49112511 -4.76711226 -5.00000000
v -29.44127655 -4.88055658 -2.49019599
v -29.44127655 -4.88055658 -5.00000000
v -29.41588211 -5.00393295 -2.49019599
v -29.41588211 -5.00393295 -5.00000000
v -29.40145111 -5.12801647 -2.49019599
v -29.40145111 -5.12801647 -5.00000000
v -29.39098740 -5.25276899 -2.49019599
v -29.39098740 -5.25276899 -5.00000000
v -29.38064575 -5.37753391 -2.49019599
v -29.38064575 -5.37753391 -5.00000000
v -29.37030411 -5.50229883 -2.49019599
v -29.37030411 -5.50229883 -5.00000000
v -29.35996246 -5.62706423 -2.49019599
v -29.35996246 -5.62706423 -5.00000000
v -29.23580551 -5.62811518 -2.49019599
v -29.23580551 -5.62811518 -5.00000000
v -29.11068153 -5.62811518 -2.49019599
v -29.11068153 -5.62811518 -5.00000000
v -28.98555756 -5.62811518 -2.49019599
v -28.98555756 -5.62811518 -5.00000000
v -28.86043358 -5.62811518 -2.49019599
v -28.86043358 -5.62811518 -5.00000000
v -28.73530960 -5.62811518 -2.49019599
v -28.73530960 -5.62811518 -5.00000000
v -28.61018562 -5.62811518 -2.49019599
v -28.61018562 -5.62811518 -5.00000000
v -28.48505974 -5.62811518 -2.49019599
v -28.48505974 -5.62811518 -5.00000000
v -28.35993576 -5.62811518 -2.49019599
v -28.35993576 -5.62811518 -5.00000000
v -28.23481178 -5.62811518 -2.49019599
v -28.23481178 -5.62811518 -5.00000000
v -28.10968781 -5.62811518 -2.49019599
v -28.10968781 -5.62811518 -5.00000000
v -27.98456383 -5.62811518 -2.49019599
v -27.98456383 -5.62811518 -5.00000000
v -27.85943985 -5.62811518 -2.49019599
v -27.85943985 -5.62811518 -5.00000000
v -27.73431587 -5.62811518 -2.49019599
v -27.73431587 -5.62811518 -5.00000000
v -27.60919189 -5.62811518 -2.49019599
v -27.60919189 -5.62811518 -5.00000000
v -27.48406792 -5.62811518 -2.49019599
v -27.48406792 -5.62811518 -5.00000000
v -27.35894394 -5.62811518 -2.49019599
v -27.35894394 -5.62811518 -5.00000000
v -27.23381996 -5.62811518 -2.49019599
v -27.23381996 -5.62811518 -5.00000000
v -27.10869598 -5.62811518 -2.49019599
v -27.10869598 -5.62811518 -5.00000000
v -26.98357201 -5.62811518 -2.49019599
v -26.98357201 -5.62811518 -5.00000000
v -26.85844803 -5.62811518 -2.49019599
v -26.85844803 -5.62811518 -5.00000000
v -26.73332405 -5.62811518 -2.49019599
v -26.73332405 -5.62811518 -5.00000000
v -26.60820007 -5.62811518 -2.49019599
v -26.60820007 -5.62811518 -5.00000000
v -26.48307610 -5.62811518 -2.49019599
v -26.48307610 -5.62811518 -5.00000000
v -26.35795212 -5.62811518 -2.49019599
v -26.35795212 -5.62811518 -5.00000000
v -26.23282814 -5.62811518 -2.49019599
v -26.23282814 -5.62811518 -5.00000000
v -26.10770416 -5.62811518 -2.49019599
v -26.10770416 -5.62811518 -5.00000000
v -25.98258018 -5.62811518 -2.49019599
v -25.98258018 -5.62811518 -5.00000000
v -25.85745621 -5.62811518 -2.49019599
v -25.85745621 -5.62811518 -5.00000000
v -25.73233032 -5.62811518 -2.49019599
v -25.73233032 -5.62811518 -5.00000000
v -25.60688782 -5.62811422 -2.49019599
v -25.60688782 -5.62811422 -5.00000000
v -25.48044205 -5.62810755 -2.49019599
v -25.48044205 -5.62810755 -5.00000000
v -25.35693359 -5.62809229 -2.49019599
v -25.35693359 -5.62809229 -5.00000000
v -25.23246002 -5.62806463 -2.49019599
v -25.23246002 -5.62806463 -5.00000000
v -25.10495758 -5.62801981 -2.49019599
v -25.10495758 -5.62801981 -5.00000000
v -24.98198128 -5.62795639 -2.49019599
v -24.98198128 -5.62795639 -5.00000000
v -24.85448456 -5.62786484 -2.49019599
v -24.85448456 -5.62786484 -5.00000000
v -24.73132324 -5.62774563 -2.49019599
v -24.73132324 -5.62774563 -5.00000000
v -24.60686493 -5.62758732 -2.49019599
v -24.60686493 -5.62758732 -5.00000000
v -24.47998619 -5.62737846 -2.49019599
v -24.47998619 -5.62737846 -5.00000000
v -24.35495377 -5.62711716 -2.49019599
v -24.35495377 -5.62711716 -5.00000000
v -24.23038864 -5.62679005 -2.49019599
v -24.23038864 -5.62679005 -5.00000000
v -24.10466385 -5.62637901 -2.49019599
v -24.10466385 -5.62637901 -5.00000000
v -23.98095322 -5.62587929 -2.49019599
v -23.98095322 -5.62587929 -5.00000000
v -23.85678101 -5.62526369 -2.49019599
v -23.85678101 -5.62526369 -5.00000000
v -23.73395920 -5.62451839 -2.49019599
v -23.73395920 -5.62451839 -5.00000000
v -23.60518837 -5.62356138 -2.49019599
v -23.60518837 -5.62356138 -5.00000000
v -23.47931099 -5.62241268 -2.49019599
v -23.47931099 -5.62241268 -5.00000000
v -23.35480309 -5.62102032 -2.49019599
v -23.35480309 -5.62102032 -5.00000000
v -23.22930336 -5.61929512 -2.49019599
v -23.22930336 -5.61929512 -5.00000000
v -23.10731697 -5.61722898 -2.49019599
v -23.10731697 -5.61722898 -5.00000000
v -22.98072243 -5.61456203 -2.49019599
v -22.98072243 -5.61456203 -5.00000000
v -22.85731888 -5.61129189 -2.49019599
v -22.85731888 -5.61129189 -5.00000000
v -22.72658157 -5.60684538 -2.49019599
v -22.72658157 -5.60684538 -5.00000000
v -22.60326004 -5.60134459 -2.49019599
v -22.60326004 -5.60134459 -5.00000000
v -22.48274422 -5.59415150 -2.49019599
v -22.48274422 -5.59415150 -5.00000000
v -22.35668182 -5.58354282 -2.49019599
v -22.35668182 -5.58354282 -5.00000000
v -22.22824097 -5.56670570 -2.49019599
v -22.22824097 -5.56670570 -5.00000000
v -22.11172676 -5.53866434 -2.49019599
v -22.11172676 -5.53866434 -5.00000000
v -22.01313210 -5.46480799 -2.49019599
v -22.01313210 -5.46480799 -5.00000000
v -22.00127602 -5.34073448 -2.49019599
v -22.00127602 -5.34073448 -5.00000000
v -22.03621864 -5.22152758 -2.49019599
v -22.03621864 -5.22152758 -5.00000000
v -22.13538361 -5.14992189 -2.49019599
v -22.13538361 -5.14992189 -5.00000000
v -22.25900650 -5.12921238 -2.49019599
v -22.25900650 -5.12921238 -5.00000000
v -22.38382721 -5.12666559 -2.49019599
v -22.38382721 -5.12666559 -5.00000000
v -22.50645065 -5.10384560 -2.49019599
v -22.50645065 -5.10384560 -5.00000000
v -22.58464050 -5.01154947 -2.49019599
v -22.58464050 -5.01154947 -5.00000000
v -22.61052513 -4.88909340 -2.49019599
v -22.61052513 -4.88909340 -5.00000000
v -22.61985016 -4.76403856 -2.49019599
v -22.61985016 -4.76403856 -5.00000000
v -22.62345505 -4.63927555 -2.49019599
v -22.62345505 -4.63927555 -5.00000000
v -22.62472153 -4.51461983 -2.49019599
v -22.62472153 -4.51461983 -5.00000000
v -22.62499809 -4.38906813 -2.49019599
v -22.62499809 -4.38906813 -5.00000000
v -22.62517738 -4.26360941 -2.49019599
v -22.62517738 -4.26360941 -5.00000000
v -22.62619209 -4.13836956 -2.49019599
v -22.62619209 -4.13836956 -5.00000000
v -22.62925148 -4.01255322 -2.49019599
v -22.62925148 -4.01255322 -5.00000000
v -22.63706017 -3.88841081 -2.49019599
v -22.63706017 -3.88841081 -5.00000000
v -22.65854454 -3.76400709 -2.49019599
v -22.65854454 -3.76400709 -5.00000000
v -22.72445679 -3.66175032 -2.49019599
v -22.72445679 -3.66175032 -5.00000000
v -22.84461975 -3.62937260 -2.49019599
v -22.84461975 -3.62937260 -5.00000000
v -22.96854210 -3.62684870 -2.49019599
v -22.96854210 -3.62684870 -5.00000000
v -23.09324455 -3.61593151 -2.49019599
v -23.09324455 -3.61593151 -5.00000000
v -23.19287682 -3.54657292 -2.49019599
v -23.19287682 -3.54657292 -5.00000000
v -23.22997665 -3.42842627 -2.49019599
v -23.22997665 -3.42842627 -5.00000000
v -23.24281311 -3.30233979 -2.49019599
v -23.24281311 -3.30233979 -5.00000000
v -23.24766541 -3.17797041 -2.49019599
v -23.24766541 -3.17797041 -5.00000000
v -23.24946785 -3.05375934 -2.49019599
v -23.24946785 -3.05375934 -5.00000000
v -23.24997139 -2.92729616 -2.49019599
v -23.24997139 -2.92729616 -5.00000000
v -23.25006485 -2.80291772 -2.49019599
v -23.25006485 -2.80291772 -5.00000000
v -23.25072479 -2.67744732 -2.49019599
v -23.25072479 -2.67744732 -5.00000000
v -23.25293159 -2.55195618 -2.49019599
v -23.25293159 -2.55195618 -5.00000000
v -23.25874519 -2.42713141 -2.49019599
v -23.25874519 -2.42713141 -5.00000000
v -23.27400017 -2.30267453 -2.49019599
v -23.27400017 -2.30267453 -5.00000000
v -23.32000160 -2.18797994 -2.49019599
v -23.32000160 -2.18797994 -5.00000000
v -23.42868614 -2.13300014 -2.49019599
v -23.42868614 -2.13300014 -5.00000000
v -23.55400467 -2.12618661 -2.49019599
v -23.55400467 -2.12618661 -5.00000000
v -23.67850685 -2.12173581 -2.49019599
v -23.67850685 -2.12173581 -5.00000000
v -23.79366112 -2.07679248 -2.49019599
v -23.79366112 -2.07679248 -5.00000000
v -23.84759140 -1.96559942 -2.49019599
v -23.84759140 -1.96559942 -5.00000000
v -23.86494255 -1.84235227 -2.49019599
v -23.86494255 -1.84235227 -5.00000000
v -23.87157631 -1.71690321 -2.49019599
v -23.87157631 -1.71690321 -5.00000000
v -23.87409592 -1.59191978 -2.49019599
v -23.87409592 -1.59191978 -5.00000000
v -23.87489700 -1.46605742 -2.49019599
v -23.87489700 -1.46605742 -5.00000000
v -23.87501144 -1.34172487 -2.49019599
v -23.87501144 -1.34172487 -5.00000000
v -23.87540817 -1.21613312 -2.49019599
v -23.87540817 -1.21613312 -5.00000000
v -23.87697411 -1.09087944 -2.49019599
v -23.87697411 -1.09087944 -5.00000000
v -23.88130760 -0.96551949 -2.49019599
v -23.88130760 -0.96551949 -5.00000000
v -23.89243126 -0.84103221 -2.49019599
v -23.89243126 -0.84103221 -5.00000000
v -23.92380905 -0.72145349 -2.49019599
v -23.92380905 -0.72145349 -5.00000000
v -24.01550293 -0.64085925 -2.49019599
v -24.01550293 -0.64085925 -5.00000000
v -24.13983536 -0.62577724 -2.49019599
v -24.13983536 -0.62577724 -5.00000000
v -24.26393509 -0.62394285 -2.49019599
v -24.26393509 -0.62394285 -5.00000000
v -24.38570595 -0.59927899 -2.49019599
v -24.38570595 -0.59927899 -5.00000000
v -24.46151161 -0.50383478 -2.49019599
v -24.46151161 -0.50383478 -5.00000000
v -24.48615646 -0.38105357 -2.49019599
v -24.48615646 -0.38105357 -5.00000000
v -24.49511528 -0.25548729 -2.49019599
v -24.49511528 -0.25548729 -5.00000000
v -24.49853897 -0.13180862 -2.49019599
v -24.49853897 -0.13180862 -5.00000000
v -24.49975204 -0.00567764 -2.49019599
v -24.49975204 -0.00567764 -5.00000000
v -24.50000000 0.11996111 -2.49019599
v -24.50000000 0.11996111 -5.00000000
v -24.50020218 0.24519095 -2.49019599
v -24.50020218 0.24519095 -5.00000000
v -24.50127983 0.37020355 -2.49019599
v -24.50127983 0.37020355 -5.00000000
v -24.50443649 0.49474964 -2.49019599
v -24.50443649 0.49474964 -5.00000000
v -24.51259613 0.61947423 -2.49019599
v -24.51259613 0.61947423 -5.00000000
v -24.53481102 0.74270624 -2.49019599
v -24.53481102 0.74270624 -5.00000000
v -24.60348129 0.84334111 -2.49019599
v -24.60348129 0.84334111 -5.00000000
v -24.72463036 0.87345117 -2.49019599
v -24.72463036 0.87345117 -5.00000000
v -24.84866524 0.87570983 -2.49019599
v -24.84866524 0.87570983 -5.00000000
v -24.97410583 0.88801372 -2.49019599
v -24.97410583 0.88801372 -5.00000000
v -25.07076454 0.96097505 -2.49019599
v -25.07076454 0.96097505 -5.00000000
v -25.10589218 1.07982671 -2.49019599
v -25.10589218 1.07982671 -5.00000000
v -25.11808205 1.20469666 -2.49019599
v -25.11808205 1.20469666 -5.00000000
v -25.12278557 1.32981098 -2.49019599
v -25.12278557 1.32981098 -5.00000000
v -25.12451935 1.45551074 -2.49019599
v -25.12451935 1.45551074 -5.00000000
v -25.12497711 1.57906771 -2.49019599
v -25.12497711 1.57906771 -5.00000000
v -25.12507629 1.70552194 -2.49019599
v -25.12507629 1.70552194 -5.00000000
v -25.12578201 1.83086538 -2.49019599
v -25.12578201 1.83086538 -5.00000000
v -25.12808990 1.95606637 -2.49019599
v -25.12808990 1.95606637 -5.00000000
v -25.13410378 2.08028126 -2.49019599
v -25.13410378 2.08028126 -5.00000000
v -25.14982414 2.20388961 -2.49019599
v -25.14982414 2.20388961 -5.00000000
v -25.19837761 2.31853843 -2.49019599
v -25.19837761 2.31853843 -5.00000000
v -25.30858231 2.37022877 -2.49019599
v -25.30858231 2.37022877 -5.00000000
v -25.43421364 2.37631392 -2.49019599
v -25.43421364 2.37631392 -5.00000000
v -25.55934525 2.38224149 -2.49019599
v -25.55934525 2.38224149 -5.00000000
v -25.67382240 2.42692018 -2.49019599
v -25.67382240 2.42692018 -5.00000000
v -25.72948074 2.53741288 -2.49019599
v -25.72948074 2.53741288 -5.00000000
v -25.74511719 2.66092873 -2.49019599
v -25.74511719 2.66092873 -5.00000000
v -25.74945068 2.78671765 -2.49019599
v -25.74945068 2.78671765 -5.00000000
v -25.75006866 2.91142464 -2.49019599
v -25.75006866 2.91142464 -5.00000000
v -25.75217438 3.03584051 -2.49019599
v -25.75217438 3.03584051 -5.00000000
v -25.76124001 3.16144300 -2.49019599
v -25.76124001 3.16144300 -5.00000000
v -25.79295540 3.28166151 -2.49019599
v -25.79295540 3.28166151 -5.00000000
v -25.88637161 3.35945654 -2.49019599
v -25.88637161 3.35945654 -5.00000000
v -26.01030159 3.37612391 -2.49019599
v -26.01030159 3.37612391 -5.00000000
v -26.13519859 3.37811613 -2.49019599
v -26.13519859 3.37811613 -5.00000000
v -26.25788879 3.40149832 -2.49019599
v -26.25788879 3.40149832 -5.00000000
v -26.33545113 3.49443579 -2.49019599
v -26.33545113 3.49443579 -5.00000000
v -26.36097908 3.61704397 -2.49019599
v -26.36097908 3.61704397 -5.00000000
v -26.37006760 3.74116755 -2.49019599
v -26.37006760 3.74116755 -5.00000000
v -26.37359428 3.86724687 -2.49019599
v -26.37359428 3.86724687 -5.00000000
v -26.37477112 3.99129272 -2.49019599
v -26.37477112 3.99129272 -5.00000000
v -26.37500000 4.11701298 -2.49019599
v -26.37500000 4.11701298 -5.00000000
v -26.37538338 4.24191666 -2.49019599
v -26.37538338 4.24191666 -5.00000000
v -26.37707520 4.36691809 -2.49019599
v -26.37707520 4.36691809 -5.00000000
v -26.38162231 4.49263191 -2.49019599
v -26.38162231 4.49263191 -5.00000000
v -26.39253426 4.61790895 -2.49019599
v -26.39253426 4.61790895 -5.00000000
v -26.41901016 4.73934460 -2.49019599
v -26.41901016 4.73934460 -5.00000000
v -26.48573494 4.84407139 -2.49019599
v -26.48573494 4.84407139 -5.00000000
v -26.59581184 4.90281296 -2.49019599
v -26.59581184 4.90281296 -5.00000000
v -26.71536636 4.93631411 -2.49019599
v -26.71536636 4.93631411 -5.00000000
v -26.83279419 4.97742891 -2.49019599
v -26.83279419 4.97742891 -5.00000000
v -26.92764091 5.05794048 -2.49019599
v -26.92764091 5.05794048 -5.00000000
v -26.97257233 5.17436409 -2.49019599
v -26.97257233 5.17436409 -5.00000000
v -26.98976707 5.29706526 -2.49019599
v -26.98976707 5.29706526 -5.00000000
v -26.99678993 5.42297649 -2.49019599
v -26.99678993 5.42297649 -5.00000000
v -26.99936867 5.54755449 -2.49019599
v -26.99936867 5.54755449 -5.00000000
v -26.99999619 5.67309046 -2.49019599
v -26.99999619 5.67309046 -5.00000000
v -27.00044441 5.79869747 -2.49019599
v -27.00044441 5.79869747 -5.00000000
v -27.00262642 5.92330408 -2.49019599
v -27.00262642 5.92330408 -5.00000000
v -27.00856590 6.04830217 -2.49019599
v -27.00856590 6.04830217 -5.00000000
v -27.02343369 6.17337990 -2.49019599
v -27.02343369 6.17337990 -5.00000000
v -27.06229401 6.29087448 -2.49019599
v -27.06229401 6.29087448 -5.00000000
v -27.15571213 6.37122679 -2.49019599
v -27.15571213 6.37122679 -5.00000000
v -27.27690125 6.40041876 -2.49019599
v -27.27690125 6.40041876 -5.00000000
v -27.39855576 6.42879915 -2.49019599
v -27.39855576 6.42879915 -5.00000000
v -27.49463081 6.50624990 -2.49019599
v -27.49463081 6.50624990 -5.00000000
v -27.54104614 6.62036705 -2.49019599
v -27.54104614 6.62036705 -5.00000000
v -27.56411362 6.74376631 -2.49019599
v -27.56411362 6.74376631 -5.00000000
v -27.57772636 6.86785841 -2.49019599
v -27.57772636 6.86785841 -5.00000000
v -27.58722305 6.99366188 -2.49019599
v -27.58722305 6.99366188 -5.00000000
v -27.59448814 7.11788082 -2.49019599
v -27.59448814 7.11788082 -5.00000000
v -27.60074043 7.24338436 -2.49019599
v -27.60074043 7.24338436 -5.00000000
v -27.60734177 7.36928892 -2.49019599
v -27.60734177 7.36928892 -5.00000000
v -27.61528015 7.49285555 -2.49019599
v -27.61528015 7.49285555 -5.00000000
v -27.62602234 7.61766768 -2.49019599
v -27.62602234 7.61766768 -5.00000000
v -27.64226913 7.74218512 -2.49019599
v -27.64226913 7.74218512 -5.00000000
v -27.67127609 7.86364603 -2.49019599
v -27.67127609 7.86364603 -5.00000000
v -27.73749161 7.96779490 -2.49019599
v -27.73749161 7.96779490 -5.00000000
v -27.85574341 8.00387955 -2.49019599
v -27.85574341 8.00387955 -5.00000000
v -27.97899055 8.01553154 -2.49019599
v -27.97899055 8.01553154 -5.00000000
v -28.07059288 8.09498978 -2.49019599
v -28.07059288 8.09498978 -5.00000000
v -28.10437584 8.21508598 -2.49019599
v -28.10437584 8.21508598 -5.00000000
v -28.11724472 8.33977222 -2.49019599
v -28.11724472 8.33977222 -5.00000000
v -28.12261963 8.46523285 -2.49019599
v -28.12261963 8.46523285 -5.00000000
v -28.12462807 8.59008312 -2.49019599
v -28.12462807 8.59008312 -5.00000000
v -28.12500763 8.71617317 -2.49019599
v -28.12500763 8.71617317 -5.00000000
v -28.12549973 8.84169579 -2.49019599
v -28.12549973 8.84169579 -5.00000000
v -28.12752724 8.96546841 -2.49019599
v -28.12752724 8.96546841 -5.00000000
v -28.13351059 9.09179115 -2.49019599
v -28.13351059 9.09179115 -5.00000000
v -28.15002251 9.21597576 -2.49019599
v -28.15002251 9.21597576 -5.00000000
v -28.20129204 9.32688046 -2.49019599
v -28.20129204 9.32688046 -5.00000000
v -28.31466675 9.37478733 -2.49019599
v -28.31466675 9.37478733 -5.00000000
v -28.43972778 9.38019276 -2.49019599
v -28.43972778 9.38019276 -5.00000000
v -28.56542015 9.38613605 -2.49019599
v -28.56542015 9.38613605 -5.00000000
v -28.67592621 9.43717575 -2.49019599
v -28.67592621 9.43717575 -5.00000000
v -28.72486115 9.55110264 -2.49019599
v -28.72486115 9.55110264 -5.00000000
v -28.74076843 9.67454529 -2.49019599
v -28.74076843 9.67454529 -5.00000000
v -28.74689674 9.80000114 -2.49019599
v -28.74689674 9.80000114 -5.00000000
v -28.74920273 9.92421532 -2.49019599
v -28.74920273 9.92421532 -5.00000000
v -28.74991989 10.04976845 -2.49019599
v -28.74991989 10.04976845 -5.00000000
v -28.75002289 10.17627239 -2.49019599
v -28.75002289 10.17627239 -5.00000000
v -28.75047874 10.30074120 -2.49019599
v -28.75047874 10.30074120 -5.00000000
v -28.75220680 10.42634487 -2.49019599
v -28.75220680 10.42634487 -5.00000000
v -28.75682068 10.55013561 -2.49019599
v -28.75682068 10.55013561 -5.00000000
v -28.76886177 10.67508030 -2.49019599
v -28.76886177 10.67508030 -5.00000000
v -28.80366135 10.79447937 -2.49019599
v -28.80366135 10.79447937 -5.00000000
v -28.89994812 10.86824417 -2.49019599
v -28.89994812 10.86824417 -5.00000000
v -29.02529716 10.88078213 -2.49019599
v -29.02529716 10.88078213 -5.00000000
v -29.15011597 10.88355255 -2.49019599
v -29.15011597 10.88355255 -5.00000000
v -29.27087784 10.91192150 -2.49019599
v -29.27087784 10.91192150 -5.00000000
v -29.34526443 11.00844669 -2.49019599
v -29.34526443 11.00844669 -5.00000000
v -29.36750412 11.13126087 -2.49019599
v -29.36750412 11.13126087 -5.00000000
v -29.37381554 11.25660419 -2.49019599
v -29.37381554 11.25660419 -5.00000000
v -29.37500000 11.38156891 -2.49019599
v -29.37500000 11.38156891 -5.00000000
v -29.37500000 11.50676155 -2.49019599
v -29.37500000 11.50676155 -5.00000000
v -29.37500000 11.63195515 -2.49019599
v -29.37500000 11.63195515 -5.00000000
v -29.37500000 11.75714874 -2.49019599
v -29.37500000 11.75714874 -5.00000000
v -29.37576485 11.88157654 -2.49019599
v -29.37576485 11.88157654 -5.00000000
v -29.50088882 11.88157654 -2.49019599
v -29.50088882 11.88157654 -5.00000000
v -29.62601280 11.88157654 -2.49019599
v -29.62601280 11.88157654 -5.00000000
v -29.75113678 11.88157654 -2.49019599
v -29.75113678 11.88157654 -5.00000000
v -29.87626076 11.88157654 -2.49019599
v -29.87626076 11.88157654 -5.00000000
v -30.00138474 11.88157654 -2.49019599
v -30.00138474 11.88157654 -5.00000000
v -30.12650871 11.88157654 -2.49019599
v -30.12650871 11.88157654 -5.00000000
v -30.25163269 11.88157654 -2.49019599
v -30.25163269 11.88157654 -5.00000000
v -30.37675858 11.88157654 -2.49019599
v -30.37675858 11.88157654 -5.00000000
v -30.50188255 11.88157654 -2.49019599
v -30.50188255 11.88157654 -5.00000000
v -30.62700653 11.88157654 -2.49019599
v -30.62700653 11.88157654 -5.00000000
v -30.75213051 11.88157654 -2.49019599
v -30.75213051 11.88157654 -5.00000000
v -30.87725449 11.88157654 -2.49019599
v -30.87725449 11.88157654 -5.00000000
v -31.00115013 11.88157654 -2.49019599
v -31.00115013 11.88157654 -5.00000000
v -31.12580490 11.88154125 -2.49019599
v -31.12580490 11.88154125 -5.00000000
v -31.25437355 11.88140392 -2.49019599
v -31.25437355 11.88140392 -5.00000000
v -31.37878609 11.88111877 -2.49019599
v -31.37878609 11.88111877 -5.00000000
v -31.50210762 11.88061428 -2.49019599
v -31.50210762 11.88061428 -5.00000000
v -31.62836075 11.87976551 -2.49019599
v -31.62836075 11.87976551 -5.00000000
v -31.75311089 11.87844276 -2.49019599
v -31.75311089 11.87844276 -5.00000000
v -31.87860680 11.87639427 -2.49019599
v -31.87860680 11.87639427 -5.00000000
v -32.00403976 11.87325478 -2.49019599
v -32.00403976 11.87325478 -5.00000000
v -32.12730026 11.86848736 -2.49019599
v -32.12730026 11.86848736 -5.00000000
v -32.25282669 11.86072063 -2.49019599
v -32.25282669 11.86072063 -5.00000000
v -32.37823868 11.84731865 -2.49019599
v -32.37823868 11.84731865 -5.00000000
v -32.50107956 11.82065105 -2.49019599
v -32.50107956 11.82065105 -5.00000000
v -32.60131836 11.75305367 -2.49019599
v -32.60131836 11.75305367 -5.00000000
v -29.99702263 10.32730961 -2.49019599
v -30.00000000 10.45203495 -2.49019599
v -30.00000000 10.45203495 -5.00000000
v -29.99702263 10.32730961 -5.00000000
v -29.98250771 10.20225143 -2.49019599
v -29.98250771 10.20225143 -5.00000000
v -29.93757439 10.08652115 -2.49019599
v -29.93757439 10.08652115 -5.00000000
v -29.83949852 10.01205826 -2.49019599
v -29.83949852 10.01205826 -5.00000000
v -29.71784782 9.98289680 -2.49019599
v -29.71784782 9.98289680 -5.00000000
v -29.59615326 9.95210934 -2.49019599
v -29.59615326 9.95210934 -5.00000000
v -29.49959564 9.87622452 -2.49019599
v -29.49959564 9.87622452 -5.00000000
v -29.44799995 9.76238537 -2.49019599
v -29.44799995 9.76238537 -5.00000000
v -29.42264557 9.64057446 -2.49019599
v -29.42264557 9.64057446 -5.00000000
v -29.40776443 9.51613617 -2.49019599
v -29.40776443 9.51613617 -5.00000000
v -29.39765167 9.39140987 -2.49019599
v -29.39765167 9.39140987 -5.00000000
v -29.38697433 9.26661968 -2.49019599
v -29.38697433 9.26661968 -5.00000000
v -29.37091255 9.14130497 -2.49019599
v -29.37091255 9.14130497 -5.00000000
v -29.34061432 9.02006626 -2.49019599
v -29.34061432 9.02006626 -5.00000000
v -29.26831055 8.92042065 -2.49019599
v -29.26831055 8.92042065 -5.00000000
v -29.14995575 8.88386345 -2.49019599
v -29.14995575 8.88386345 -5.00000000
v -29.02564049 8.87974453 -2.49019599
v -29.02564049 8.87974453 -5.00000000
v -28.90039062 8.86742115 -2.49019599
v -28.90039062 8.86742115 -5.00000000
v -28.80407715 8.79338741 -2.49019599
v -28.80407715 8.79338741 -5.00000000
v -28.76918411 8.67362881 -2.49019599
v -28.76918411 8.67362881 -5.00000000
v -28.75713348 8.55042171 -2.49019599
v -28.75713348 8.55042171 -5.00000000
v -28.75230598 8.42468739 -2.49019599
v -28.75230598 8.42468739 -5.00000000
v -28.75052071 8.30021286 -2.49019599
v -28.75052071 8.30021286 -5.00000000
v -28.75002480 8.17473698 -2.49019599
v -28.75002480 8.17473698 -5.00000000
v -28.74991989 8.04819584 -2.49019599
v -28.74991989 8.04819584 -5.00000000
v -28.74920845 7.92365646 -2.49019599
v -28.74920845 7.92365646 -5.00000000
v -28.74687386 7.79806995 -2.49019599
v -28.74687386 7.79806995 -5.00000000
v -28.74069595 7.67246246 -2.49019599
v -28.74069595 7.67246246 -5.00000000
v -28.72465706 7.54901743 -2.49019599
v -28.72465706 7.54901743 -5.00000000
v -28.67542648 7.43550634 -2.49019599
v -28.67542648 7.43550634 -5.00000000
v -28.56463814 7.38491917 -2.49019599
v -28.56463814 7.38491917 -5.00000000
v -28.43883133 7.37908459 -2.49019599
v -28.43883133 7.37908459 -5.00000000
v -28.31364250 7.37908411 -2.49019599
v -28.31364250 7.37908411 -5.00000000
v -28.18844795 7.37908411 -2.49019599
v -28.18844795 7.37908411 -5.00000000
v -28.12500000 7.31730223 -2.49019599
v -28.12500000 7.31730223 -5.00000000
v -28.12500000 7.19203806 -2.49019599
v -28.12500000 7.19203806 -5.00000000
v -28.12500000 7.06677389 -2.49019599
v -28.12500000 7.06677389 -5.00000000
v -28.12500000 6.94150972 -2.49019599
v -28.12500000 6.94150972 -5.00000000
v -28.12500000 6.81624508 -2.49019599
v -28.12500000 6.81624508 -5.00000000
v -28.12500000 6.69098091 -2.49019599
v -28.12500000 6.69098091 -5.00000000
v -28.12500000 6.56571674 -2.49019599
v -28.12500000 6.56571674 -5.00000000
v -28.12500000 6.44045258 -2.49019599
v -28.12500000 6.44045258 -5.00000000
v -28.12500000 6.31518841 -2.49019599
v -28.12500000 6.31518841 -5.00000000
v -28.12500000 6.18992424 -2.49019599
v -28.12500000 6.18992424 -5.00000000
v -28.12498093 6.06496811 -2.49019599
v -28.12498093 6.06496811 -5.00000000
v -28.12479973 5.93899393 -2.49019599
v -28.12479973 5.93899393 -5.00000000
v -28.12432098 5.81328344 -2.49019599
v -28.12432098 5.81328344 -5.00000000
v -28.12335968 5.68767548 -2.49019599
v -28.12335968 5.68767548 -5.00000000
v -28.12166405 5.56423187 -2.49019599
v -28.12166405 5.56423187 -5.00000000
v -28.11868668 5.43828154 -2.49019599
v -28.11868668 5.43828154 -5.00000000
v -28.11363792 5.31365681 -2.49019599
v -28.11363792 5.31365681 -5.00000000
v -28.10455132 5.18736982 -2.49019599
v -28.10455132 5.18736982 -5.00000000
v -28.08736420 5.06456709 -2.49019599
v -28.08736420 5.06456709 -5.00000000
v -28.04571724 4.94591761 -2.49019599
v -28.04571724 4.94591761 -5.00000000
v -27.94337845 4.88189459 -2.49019599
v -27.94337845 4.88189459 -5.00000000
v -27.81924248 4.87465858 -2.49019599
v -27.81924248 4.87465858 -5.00000000
v -27.70386887 4.83049917 -2.49019599
v -27.70386887 4.83049917 -5.00000000
v -27.64157677 4.72394991 -2.49019599
v -27.64157677 4.72394991 -5.00000000
v -27.62555885 4.59993362 -2.49019599
v -27.62555885 4.59993362 -5.00000000
v -27.62136078 4.47456884 -2.49019599
v -27.62136078 4.47456884 -5.00000000
v -27.59102631 4.35420036 -2.49019599
v -27.59102631 4.35420036 -5.00000000
v -27.49784470 4.27523994 -2.49019599
v -27.49784470 4.27523994 -5.00000000
v -27.37533760 4.25395346 -2.49019599
v -27.37533760 4.25395346 -5.00000000
v -27.24999237 4.25139046 -2.49019599
v -27.24999237 4.25139046 -5.00000000
v -27.12656212 4.23189688 -2.49019599
v -27.12656212 4.23189688 -5.00000000
v -27.04075813 4.14514494 -2.49019599
v -27.04075813 4.14514494 -5.00000000
v -27.01288033 4.02372742 -2.49019599
v -27.01288033 4.02372742 -5.00000000
v -27.00372696 3.89849377 -2.49019599
v -27.00372696 3.89849377 -5.00000000
v -27.00070953 3.77342272 -2.49019599
v -27.00070953 3.77342272 -5.00000000
v -27.00000954 3.64854884 -2.49019599
v -27.00000954 3.64854884 -5.00000000
v -26.99969101 3.52322888 -2.49019599
v -26.99969101 3.52322888 -5.00000000
v -26.99774361 3.39909935 -2.49019599
v -26.99774361 3.39909935 -5.00000000
v -26.99141884 3.27339244 -2.49019599
v -26.99141884 3.27339244 -5.00000000
v -26.97254753 3.14905286 -2.49019599
v -26.97254753 3.14905286 -5.00000000
v -26.91109848 3.04289269 -2.49019599
v -26.91109848 3.04289269 -5.00000000
v -26.79365158 3.00537801 -2.49019599
v -26.79365158 3.00537801 -5.00000000
v -26.66881752 3.00161481 -2.49019599
v -26.66881752 3.00161481 -5.00000000
v -26.54279709 2.99303722 -2.49019599
v -26.54279709 2.99303722 -5.00000000
v -26.43906212 2.93028784 -2.49019599
v -26.43906212 2.93028784 -5.00000000
v -26.39808083 2.81362700 -2.49019599
v -26.39808083 2.81362700 -5.00000000
v -26.38392830 2.68997717 -2.49019599
v -26.38392830 2.68997717 -5.00000000
v -26.37816048 2.56306887 -2.49019599
v -26.37816048 2.56306887 -5.00000000
v -26.37590408 2.43824983 -2.49019599
v -26.37590408 2.43824983 -5.00000000
v -26.37513542 2.31313515 -2.49019599
v -26.37513542 2.31313515 -5.00000000
v -26.37499809 2.18767929 -2.49019599
v -26.37499809 2.18767929 -5.00000000
v -26.37465286 2.06200528 -2.49019599
v -26.37465286 2.06200528 -5.00000000
v -26.37331200 1.93822503 -2.49019599
v -26.37331200 1.93822503 -5.00000000
v -26.36994362 1.81316948 -2.49019599
v -26.36994362 1.81316948 -5.00000000
v -26.36240959 1.68832064 -2.49019599
v -26.36240959 1.68832064 -5.00000000
v -26.34496689 1.56324518 -2.49019599
v -26.34496689 1.56324518 -5.00000000
v -26.30041504 1.44743419 -2.49019599
v -26.30041504 1.44743419 -5.00000000
v -26.20066833 1.37595034 -2.49019599
v -26.20066833 1.37595034 -5.00000000
v -26.07835579 1.35094261 -2.49019599
v -26.07835579 1.35094261 -5.00000000
v -25.95710945 1.31664038 -2.49019599
v -25.95710945 1.31664038 -5.00000000
v -25.86893845 1.23123562 -2.49019599
v -25.86893845 1.23123562 -5.00000000
v -25.82681465 1.11386991 -2.49019599
v -25.82681465 1.11386991 -5.00000000
v -25.80563354 0.99110788 -2.49019599
v -25.80563354 0.99110788 -5.00000000
v -25.79251671 0.86509985 -2.49019599
v -25.79251671 0.86509985 -5.00000000
v -25.78344917 0.74139458 -2.49019599
v -25.78344917 0.74139458 -5.00000000
v -25.77613640 0.61561990 -2.49019599
v -25.77613640 0.61561990 -5.00000000
v -25.76939774 0.49082687 -2.49019599
v -25.76939774 0.49082687 -5.00000000
v -25.76156807 0.36600786 -2.49019599
v -25.76156807 0.36600786 -5.00000000
v -25.75115967 0.24068442 -2.49019599
v -25.75115967 0.24068442 -5.00000000
v -25.73496819 0.11695103 -2.49019599
v -25.73496819 0.11695103 -5.00000000
v -25.70269394 -0.00380796 -2.49019599
v -25.70269394 -0.00380796 -5.00000000
v -25.62284088 -0.09723556 -2.49019599
v -25.62284088 -0.09723556 -5.00000000
v -25.50153351 -0.12348041 -2.49019599
v -25.50153351 -0.12348041 -5.00000000
v -25.37680054 -0.12571084 -2.49019599
v -25.37680054 -0.12571084 -5.00000000
v -25.25401115 -0.14459822 -2.49019599
v -25.25401115 -0.14459822 -5.00000000
v -25.16996574 -0.23427697 -2.49019599
v -25.16996574 -0.23427697 -5.00000000
v -25.14224052 -0.35451272 -2.49019599
v -25.14224052 -0.35451272 -5.00000000
v -25.13168907 -0.47972468 -2.49019599
v -25.13168907 -0.47972468 -5.00000000
v -25.12733650 -0.60524029 -2.49019599
v -25.12733650 -0.60524029 -5.00000000
v -25.12560654 -0.73108667 -2.49019599
v -25.12560654 -0.73108667 -5.00000000
v -25.12506485 -0.85523319 -2.49019599
v -25.12506485 -0.85523319 -5.00000000
v -25.12498665 -0.98003596 -2.49019599
v -25.12498665 -0.98003596 -5.00000000
v -25.12467003 -1.10651815 -2.49019599
v -25.12467003 -1.10651815 -5.00000000
v -25.12346458 -1.23208368 -2.49019599
v -25.12346458 -1.23208368 -5.00000000
v -25.12030792 -1.35584605 -2.49019599
v -25.12030792 -1.35584605 -5.00000000
v -25.11251259 -1.48133194 -2.49019599
v -25.11251259 -1.48133194 -5.00000000
v -25.09263229 -1.60430944 -2.49019599
v -25.09263229 -1.60430944 -5.00000000
v -25.03167343 -1.71117759 -2.49019599
v -25.03167343 -1.71117759 -5.00000000
v -24.91241646 -1.74818635 -2.49019599
v -24.91241646 -1.74818635 -5.00000000
v -24.78788376 -1.75107408 -2.49019599
v -24.78788376 -1.75107408 -5.00000000
v -24.66270828 -1.76084661 -2.49019599
v -24.66270828 -1.76084661 -5.00000000
v -24.55983162 -1.82482517 -2.49019599
v -24.55983162 -1.82482517 -5.00000000
v -24.51957703 -1.94327605 -2.49019599
v -24.51957703 -1.94327605 -5.00000000
v -24.50659561 -2.06782627 -2.49019599
v -24.50659561 -2.06782627 -5.00000000
v -24.50189209 -2.19183421 -2.49019599
v -24.50189209 -2.19183421 -5.00000000
v -24.50029755 -2.31788826 -2.49019599
v -24.50029755 -2.31788826 -5.00000000
v -24.50000000 -2.44249725 -2.49019599
v -24.50000000 -2.44249725 -5.00000000
v -24.49965286 -2.56789899 -2.49019599
v -24.49965286 -2.56789899 -5.00000000
v -24.49794960 -2.69298887 -2.49019599
v -24.49794960 -2.69298887 -5.00000000
v -24.49285316 -2.81874681 -2.49019599
v -24.49285316 -2.81874681 -5.00000000
v -24.47902298 -2.94238186 -2.49019599
v -24.47902298 -2.94238186 -5.00000000
v -24.43605042 -3.05876470 -2.49019599
v -24.43605042 -3.05876470 -5.00000000
v -24.32805252 -3.11863518 -2.49019599
v -24.32805252 -3.11863518 -5.00000000
v -24.20410919 -3.12668562 -2.49019599
v -24.20410919 -3.12668562 -5.00000000
v -24.07906342 -3.13038206 -2.49019599
v -24.07906342 -3.13038206 -5.00000000
v -23.96192932 -3.17101240 -2.49019599
v -23.96192932 -3.17101240 -5.00000000
v -23.90428543 -3.27948499 -2.49019599
v -23.90428543 -3.27948499 -5.00000000
v -23.88570023 -3.40293646 -2.49019599
v -23.88570023 -3.40293646 -5.00000000
v -23.87866020 -3.52878380 -2.49019599
v -23.87866020 -3.52878380 -5.00000000
v -23.87599754 -3.65296960 -2.49019599
v -23.87599754 -3.65296960 -5.00000000
v -23.87512779 -3.77802181 -2.49019599
v -23.87512779 -3.77802181 -5.00000000
v -23.87500000 -3.90367818 -2.49019599
v -23.87500000 -3.90367818 -5.00000000
v -23.87500000 -4.02894258 -2.49019599
v -23.87500000 -4.02894258 -5.00000000
v -23.87500000 -4.15420675 -2.49019599
v -23.87500000 -4.15420675 -5.00000000
v -23.87500000 -4.27947092 -2.49019599
v -23.87500000 -4.27947092 -5.00000000
v -23.87500000 -4.40473509 -2.49019599
v -23.87500000 -4.40473509 -5.00000000
v -23.87500000 -4.52999926 -2.49019599
v -23.87500000 -4.52999926 -5.00000000
v -23.90268707 -4.62756109 -2.49019599
v -23.90268707 -4.62756109 -5.00000000
v -24.02788162 -4.62756109 -2.49019599
v -24.02788162 -4.62756109 -5.00000000
v -24.15307617 -4.62756109 -2.49019599
v -24.15307617 -4.62756109 -5.00000000
v -24.27827263 -4.62756109 -2.49019599
v -24.27827263 -4.62756109 -5.00000000
v -24.40346718 -4.62756109 -2.49019599
v -24.40346718 -4.62756109 -5.00000000
v -24.52866173 -4.62756109 -2.49019599
v -24.52866173 -4.62756109 -5.00000000
v -24.65385628 -4.62756109 -2.49019599
v -24.65385628 -4.62756109 -5.00000000
v -24.77905083 -4.62756109 -2.49019599
v -24.77905083 -4.62756109 -5.00000000
v -24.90424538 -4.62756109 -2.49019599
v -24.90424538 -4.62756109 -5.00000000
v -25.02944183 -4.62756109 -2.49019599
v -25.02944183 -4.62756109 -5.00000000
v -25.15463638 -4.62756109 -2.49019599
v -25.15463638 -4.62756109 -5.00000000
v -25.27983093 -4.62756109 -2.49019599
v -25.27983093 -4.62756109 -5.00000000
v -25.40502548 -4.62756109 -2.49019599
v -25.40502548 -4.62756109 -5.00000000
v -25.53022003 -4.62756109 -2.49019599
v -25.53022003 -4.62756109 -5.00000000
v -25.65541649 -4.62756109 -2.49019599
v -25.65541649 -4.62756109 -5.00000000
v -25.78061104 -4.62756109 -2.49019599
v -25.78061104 -4.62756109 -5.00000000
v -25.90580559 -4.62756109 -2.49019599
v -25.90580559 -4.62756109 -5.00000000
v -26.03100014 -4.62756109 -2.49019599
v -26.03100014 -4.62756109 -5.00000000
v -26.15619469 -4.62756109 -2.49019599
v -26.15619469 -4.62756109 -5.00000000
v -26.28138924 -4.62756109 -2.49019599
v -26.28138924 -4.62756109 -5.00000000
v -26.40658569 -4.62756109 -2.49019599
v -26.40658569 -4.62756109 -5.00000000
v -26.53178024 -4.62756109 -2.49019599
v -26.53178024 -4.62756109 -5.00000000
v -26.65697479 -4.62756109 -2.49019599
v -26.65697479 -4.62756109 -5.00000000
v -26.78216934 -4.62756109 -2.49019599
v -26.78216934 -4.62756109 -5.00000000
v -26.90736389 -4.62756109 -2.49019599
v -26.90736389 -4.62756109 -5.00000000
v -27.03256035 -4.62756109 -2.49019599
v -27.03256035 -4.62756109 -5.00000000
v -27.15775490 -4.62756109 -2.49019599
v -27.15775490 -4.62756109 -5.00000000
v -27.28294945 -4.62756109 -2.49019599
v -27.28294945 -4.62756109 -5.00000000
v -27.40814400 -4.62756109 -2.49019599
v -27.40814400 -4.62756109 -5.00000000
v -27.53333855 -4.62756109 -2.49019599
v -27.53333855 -4.62756109 -5.00000000
v -27.65853500 -4.62756109 -2.49019599
v -27.65853500 -4.62756109 -5.00000000
v -27.78372955 -4.62756109 -2.49019599
v -27.78372955 -4.62756109 -5.00000000
v -27.90892410 -4.62756109 -2.49019599
v -27.90892410 -4.62756109 -5.00000000
v -28.03411865 -4.62756109 -2.49019599
v -28.03411865 -4.62756109 -5.00000000
v -28.15931320 -4.62756109 -2.49019599
v -28.15931320 -4.62756109 -5.00000000
v -28.28450775 -4.62756109 -2.49019599
v -28.28450775 -4.62756109 -5.00000000
v -28.40970421 -4.62756109 -2.49019599
v -28.40970421 -4.62756109 -5.00000000
v -28.53489876 -4.62756109 -2.49019599
v -28.53489876 -4.62756109 -5.00000000
v -28.66009331 -4.62756109 -2.49019599
v -28.66009331 -4.62756109 -5.00000000
v -28.75000000 -4.59225368 -2.49019599
v -28.75000000 -4.59225368 -5.00000000
v -28.75000000 -4.46698952 -2.49019599
v -28.75000000 -4.46698952 -5.00000000
v -28.75000000 -4.34172487 -2.49019599
v -28.75000000 -4.34172487 -5.00000000
v -28.75444221 -4.21640587 -2.49019599
v -28.75444221 -4.21640587 -5.00000000
v -28.78805923 -4.09666491 -2.49019599
v -28.78805923 -4.09666491 -5.00000000
v -28.88445663 -4.02257299 -2.49019599
v -28.88445663 -4.02257299 -5.00000000
v -29.00838089 -4.00336838 -2.49019599
v -29.00838089 -4.00336838 -5.00000000
v -29.13375282 -4.00097227 -2.49019599
v -29.13375282 -4.00097227 -5.00000000
v -29.25520325 -3.97893882 -2.49019599
v -29.25520325 -3.97893882 -5.00000000
v -29.33590508 -3.88678145 -2.49019599
v -29.33590508 -3.88678145 -5.00000000
v -29.36172676 -3.76482844 -2.49019599
v -29.36172676 -3.76482844 -5.00000000
v -29.37072563 -3.63907266 -2.49019599
v -29.37072563 -3.63907266 -5.00000000
v -29.37393570 -3.51476741 -2.49019599
v -29.37393570 -3.51476741 -5.00000000
v -29.37490082 -3.38967919 -2.49019599
v -29.37490082 -3.38967919 -5.00000000
v -29.37504387 -3.26430392 -2.49019599
v -29.37504387 -3.26430392 -5.00000000
v -29.37580490 -3.13838005 -2.49019599
v -29.37580490 -3.13838005 -5.00000000
v -29.37851906 -3.01347995 -2.49019599
v -29.37851906 -3.01347995 -5.00000000
v -29.38602448 -2.88841701 -2.49019599
v -29.38602448 -2.88841701 -5.00000000
v -29.40673447 -2.76571250 -2.49019599
v -29.40673447 -2.76571250 -5.00000000
v -29.47284889 -2.66180658 -2.49019599
v -29.47284889 -2.66180658 -5.00000000
v -29.59241104 -2.62890387 -2.49019599
v -29.59241104 -2.62890387 -5.00000000
v -29.71712303 -2.62594485 -2.49019599
v -29.71712303 -2.62594485 -5.00000000
v -29.84087372 -2.60949206 -2.49019599
v -29.84087372 -2.60949206 -5.00000000
v -29.94102669 -2.53841519 -2.49019599
v -29.94102669 -2.53841519 -5.00000000
v -29.98787880 -2.42262077 -2.49019599
v -29.98787880 -2.42262077 -5.00000000
v -30.00936699 -2.29957247 -2.49019599
v -30.00936699 -2.29957247 -5.00000000
v -30.02223778 -2.17535329 -2.49019599
v -30.02223778 -2.17535329 -5.00000000
v -30.03261757 -2.05010962 -2.49019599
v -30.03261757 -2.05010962 -5.00000000
v -30.04293251 -1.92527127 -2.49019599
v -30.04293251 -1.92527127 -5.00000000
v -30.05324745 -1.80043292 -2.49019599
v -30.05324745 -1.80043292 -5.00000000
v -30.07537651 -1.68843448 -2.49019599
v -30.07537651 -1.68843448 -5.00000000
v -30.20057106 -1.68843448 -2.49019599
v -30.20057106 -1.68843448 -5.00000000
v -30.32576561 -1.68843448 -2.49019599
v -30.32576561 -1.68843448 -5.00000000
v -30.45096207 -1.68843448 -2.49019599
v -30.45096207 -1.68843448 -5.00000000
v -30.57615662 -1.68843448 -2.49019599
v -30.57615662 -1.68843448 -5.00000000
v -30.70135117 -1.68843448 -2.49019599
v -30.70135117 -1.68843448 -5.00000000
v -30.82654572 -1.68843448 -2.49019599
v -30.82654572 -1.68843448 -5.00000000
v -30.95174026 -1.68843448 -2.49019599
v -30.95174026 -1.68843448 -5.00000000
v -31.07693672 -1.68843448 -2.49019599
v -31.07693672 -1.68843448 -5.00000000
v -31.20213127 -1.68843448 -2.49019599
v -31.20213127 -1.68843448 -5.00000000
v -31.32732582 -1.68843448 -2.49019599
v -31.32732582 -1.68843448 -5.00000000
v -31.45252037 -1.68843448 -2.49019599
v -31.45252037 -1.68843448 -5.00000000
v -31.57771492 -1.68843448 -2.49019599
v -31.57771492 -1.68843448 -5.00000000
v -31.70291138 -1.68843448 -2.49019599
v -31.70291138 -1.68843448 -5.00000000
v -31.82810593 -1.68843448 -2.49019599
v -31.82810593 -1.68843448 -5.00000000
v -31.95330048 -1.68843448 -2.49019599
v -31.95330048 -1.68843448 -5.00000000
v -32.07849503 -1.68843448 -2.49019599
v -32.07849503 -1.68843448 -5.00000000
v -32.20368958 -1.68843448 -2.49019599
v -32.20368958 -1.68843448 -5.00000000
v -32.32888412 -1.68843448 -2.49019599
v -32.32888412 -1.68843448 -5.00000000
v -32.45407867 -1.68843448 -2.49019599
v -32.45407867 -1.68843448 -5.00000000
v -32.56388092 -1.70516157 -2.49019599
v -32.56388092 -1.70516157 -5.00000000
v -32.57419586 -1.82999992 -2.49019599
v -32.57419586 -1.82999992 -5.00000000
v -32.58451080 -1.95483840 -2.49019599
v -32.58451080 -1.95483840 -5.00000000
v -32.59482574 -2.07967687 -2.49019599
v -32.59482574 -2.07967687 -5.00000000
v -32.60547256 -2.20453525 -2.49019599
v -32.60547256 -2.20453525 -5.00000000
v -32.62084198 -2.32845926 -2.49019599
v -32.62084198 -2.32845926 -5.00000000
v -32.64825058 -2.45128536 -2.49019599
v -32.64825058 -2.45128536 -5.00000000
v -32.70520401 -2.56166697 -2.49019599
v -32.70520401 -2.56166697 -5.00000000
v -32.81289291 -2.62058973 -2.49019599
v -32.81289291 -2.62058973 -5.00000000
v -32.93746948 -2.62922168 -2.49019599
v -32.93746948 -2.62922168 -5.00000000
v -33.04715347 -2.68087149 -2.49019599
v -33.04715347 -2.68087149 -5.00000000
v -33.09663773 -2.79624104 -2.49019599
v -33.09663773 -2.79624104 -5.00000000
v -33.11400986 -2.91950059 -2.49019599
v -33.11400986 -2.91950059 -5.00000000
v -33.12126541 -3.04451251 -2.49019599
v -33.12126541 -3.04451251 -5.00000000
v -33.12418747 -3.17042351 -2.49019599
v -33.12418747 -3.17042351 -5.00000000
v -33.12498856 -3.29476643 -2.49019599
v -33.12498856 -3.29476643 -5.00000000
v -33.12509155 -3.41947865 -2.49019599
v -33.12509155 -3.41947865 -5.00000000
v -33.12596893 -3.54563904 -2.49019599
v -33.12596893 -3.54563904 -5.00000000
v -33.12930679 -3.67057276 -2.49019599
v -33.12930679 -3.67057276 -5.00000000
v -33.13978577 -3.79574013 -2.49019599
v -33.13978577 -3.79574013 -5.00000000
v -33.17454529 -3.91588616 -2.49019599
v -33.17454529 -3.91588616 -5.00000000
v -33.27201462 -3.98742938 -2.49019599
v -33.27201462 -3.98742938 -5.00000000
v -33.39583588 -4.00124216 -2.49019599
v -33.39583588 -4.00124216 -5.00000000
v -33.52131271 -4.00221539 -2.49019599
v -33.52131271 -4.00221539 -5.00000000
v -33.64650726 -4.00221539 -2.49019599
v -33.64650726 -4.00221539 -5.00000000
v -33.77170181 -4.00221539 -2.49019599
v -33.77170181 -4.00221539 -5.00000000
v -33.87500000 -4.02412415 -2.49019599
v -33.87500000 -4.02412415 -5.00000000
v -33.87500000 -4.14938831 -2.49019599
v -33.87500000 -4.14938831 -5.00000000
v -33.87500000 -4.27465248 -2.49019599
v -33.87500000 -4.27465248 -5.00000000
v -33.87500000 -4.39991665 -2.49019599
v -33.87500000 -4.39991665 -5.00000000
v -33.87500000 -4.52518082 -2.49019599
v -33.87500000 -4.52518082 -5.00000000
v -33.87500000 -4.65044546 -2.49019599
v -33.87500000 -4.65044546 -5.00000000
v -33.87500000 -4.77570963 -2.49019599
v -33.87500000 -4.77570963 -5.00000000
v -33.87515259 -4.90120316 -2.49019599
v -33.87515259 -4.90120316 -5.00000000
v -33.87614441 -5.02621984 -2.49019599
v -33.87614441 -5.02621984 -5.00000000
v -33.87874222 -5.15140152 -2.49019599
v -33.87874222 -5.15140152 -5.00000000
v -33.88443756 -5.27685213 -2.49019599
v -33.88443756 -5.27685213 -5.00000000
v -33.89662170 -5.40099049 -2.49019599
v -33.89662170 -5.40099049 -5.00000000
v -33.92633438 -5.52289534 -2.49019599
v -33.92633438 -5.52289534 -5.00000000
v -34.00911713 -5.61257696 -2.49019599
v -34.00911713 -5.61257696 -5.00000000
v -34.13166428 -5.62831259 -2.49019599
v -34.13166428 -5.62831259 -5.00000000
v -34.25241470 -5.65766668 -2.49019599
v -34.25241470 -5.65766668 -5.00000000
v -34.33206940 -5.75170660 -2.49019599
v -34.33206940 -5.75170660 -5.00000000
v -34.36904526 -5.87074709 -2.49019599
v -34.36904526 -5.87074709 -5.00000000
v -34.38862991 -5.99503660 -2.49019599
v -34.38862991 -5.99503660 -5.00000000
v -34.40061951 -6.11898136 -2.49019599
v -34.40061951 -6.11898136 -5.00000000
v -34.41460800 -6.24353552 -2.49019599
v -34.41460800 -6.24353552 -5.00000000
v -34.43881607 -6.36680079 -2.49019599
v -34.43881607 -6.36680079 -5.00000000
v -34.48600006 -6.48129749 -2.49019599
v -34.48600006 -6.48129749 -5.00000000
v -34.57769394 -6.56596184 -2.49019599
v -34.57769394 -6.56596184 -5.00000000
v -34.69641113 -6.60265779 -2.49019599
v -34.69641113 -6.60265779 -5.00000000
v -34.81904221 -6.62680817 -2.49019599
v -34.81904221 -6.62680817 -5.00000000
v -34.92161942 -6.69377899 -2.49019599
v -34.92161942 -6.69377899 -5.00000000
v -34.96973801 -6.80857944 -2.49019599
v -34.96973801 -6.80857944 -5.00000000
v -34.98799133 -6.93353891 -2.49019599
v -34.98799133 -6.93353891 -5.00000000
v -34.99554443 -7.05796957 -2.49019599
v -34.99554443 -7.05796957 -5.00000000
v -34.99873734 -7.18279743 -2.49019599
v -34.99873734 -7.18279743 -5.00000000
v -34.99985504 -7.30802202 -2.49019599
v -34.99985504 -7.30802202 -5.00000000
v -35.00002289 -7.43311310 -2.49019599
v -35.00002289 -7.43311310 -5.00000000
v -35.00051498 -7.55936623 -2.49019599
v -35.00051498 -7.55936623 -5.00000000
v -35.00234985 -7.68501997 -2.49019599
v -35.00234985 -7.68501997 -5.00000000
v -35.00727081 -7.80875158 -2.49019599
v -35.00727081 -7.80875158 -5.00000000
v -35.02017975 -7.93320036 -2.49019599
v -35.02017975 -7.93320036 -5.00000000
v -35.05880356 -8.05220604 -2.49019599
v -35.05880356 -8.05220604 -5.00000000
v -35.16101837 -8.11938381 -2.49019599
v -35.16101837 -8.11938381 -5.00000000
v -35.28511810 -8.12937832 -2.49019599
v -35.28511810 -8.12937832 -5.00000000
v -35.41038895 -8.13223457 -2.49019599
v -35.41038895 -8.13223457 -5.00000000
v -35.52849197 -8.16628075 -2.49019599
v -35.52849197 -8.16628075 -5.00000000
v -35.59292984 -8.27167606 -2.49019599
v -35.59292984 -8.27167606 -5.00000000
v -35.61327362 -8.39437389 -2.49019599
v -35.61327362 -8.39437389 -5.00000000
v -35.62090302 -8.51918030 -2.49019599
v -35.62090302 -8.51918030 -5.00000000
v -35.62387085 -8.64545727 -2.49019599
v -35.62387085 -8.64545727 -5.00000000
v -35.62483597 -8.76943493 -2.49019599
v -35.62483597 -8.76943493 -5.00000000
v -35.62500381 -8.89619446 -2.49019599
v -35.62500381 -8.89619446 -5.00000000
v -35.62529755 -9.02056122 -2.49019599
v -35.62529755 -9.02056122 -5.00000000
v -35.62660980 -9.14569092 -2.49019599
v -35.62660980 -9.14569092 -5.00000000
v -35.63037872 -9.27154636 -2.49019599
v -35.63037872 -9.27154636 -5.00000000
v -35.64002228 -9.39620399 -2.49019599
v -35.64002228 -9.39620399 -5.00000000
v -35.66667938 -9.51754284 -2.49019599
v -35.66667938 -9.51754284 -5.00000000
v -35.74747849 -9.60811424 -2.49019599
v -35.74747849 -9.60811424 -5.00000000
v -35.87090302 -9.62934685 -2.49019599
v -35.87090302 -9.62934685 -5.00000000
v -35.99599457 -9.63129711 -2.49019599
v -35.99599457 -9.63129711 -5.00000000
v -36.11941910 -9.64966774 -2.49019599
v -36.11941910 -9.64966774 -5.00000000
v -36.20963287 -9.73084641 -2.49019599
v -36.20963287 -9.73084641 -5.00000000
v -36.23959732 -9.85255241 -2.49019599
v -36.23959732 -9.85255241 -5.00000000
v -36.24802780 -9.97734737 -2.49019599
v -36.24802780 -9.97734737 -5.00000000
v -36.24995804 -10.10267448 -2.49019599
v -36.24995804 -10.10267448 -5.00000000
v -36.25000000 -10.22773170 -2.49019599
v -36.25000000 -10.22773170 -5.00000000
v -36.25000000 -10.35299587 -2.49019599
v -36.25000000 -10.35299587 -5.00000000
v -36.25000000 -10.47826004 -2.49019599
v -36.25000000 -10.47826004 -5.00000000
v -36.25000000 -10.60352421 -2.49019599
v -36.25000000 -10.60352421 -5.00000000
v -36.34785080 -10.63088417 -2.49019599
v -36.34785080 -10.63088417 -5.00000000
v -36.47304535 -10.63088417 -2.49019599
v -36.47304535 -10.63088417 -5.00000000
v -36.59823990 -10.63088417 -2.49019599
v -36.59823990 -10.63088417 -5.00000000
v -36.72343445 -10.63088417 -2.49019599
v -36.72343445 -10.63088417 -5.00000000
v -36.84862900 -10.63088417 -2.49019599
v -36.84862900 -10.63088417 -5.00000000
v -36.97382355 -10.63088417 -2.49019599
v -36.97382355 -10.63088417 -5.00000000
v -37.09901810 -10.63088417 -2.49019599
v -37.09901810 -10.63088417 -5.00000000
v -37.22421265 -10.63088417 -2.49019599
v -37.22421265 -10.63088417 -5.00000000
v -37.34941101 -10.63088417 -2.49019599
v -37.34941101 -10.63088417 -5.00000000
v -37.47460556 -10.63088417 -2.49019599
v -37.47460556 -10.63088417 -5.00000000
v -37.59980011 -10.63088417 -2.49019599
v -37.59980011 -10.63088417 -5.00000000
v -37.72499466 -10.63088417 -2.49019599
v -37.72499466 -10.63088417 -5.00000000
v -37.85018921 -10.63088417 -2.49019599
v -37.85018921 -10.63088417 -5.00000000
v -37.97538376 -10.63088417 -2.49019599
v -37.97538376 -10.63088417 -5.00000000
v -38.10057831 -10.63088417 -2.49019599
v -38.10057831 -10.63088417 -5.00000000
v -38.22577286 -10.63088417 -2.49019599
v -38.22577286 -10.63088417 -5.00000000
v -38.35096741 -10.63088417 -2.49019599
v -38.35096741 -10.63088417 -5.00000000
v -38.47616196 -10.63088417 -2.49019599
v -38.47616196 -10.63088417 -5.00000000
v -38.60135651 -10.63088417 -2.49019599
v -38.60135651 -10.63088417 -5.00000000
v -38.72655487 -10.63088417 -2.49019599
v -38.72655487 -10.63088417 -5.00000000
v -38.85174942 -10.63088417 -2.49019599
v -38.85174942 -10.63088417 -5.00000000
v -38.97694397 -10.63088417 -2.49019599
v -38.97694397 -10.63088417 -5.00000000
v -39.10213852 -10.63088417 -2.49019599
v -39.10213852 -10.63088417 -5.00000000
v -39.22733307 -10.63088417 -2.49019599
v -39.22733307 -10.63088417 -5.00000000
v -39.35252762 -10.63088417 -2.49019599
v -39.35252762 -10.63088417 -5.00000000
v -39.47772217 -10.63088417 -2.49019599
v -39.47772217 -10.63088417 -5.00000000
v -39.60291672 -10.63088417 -2.49019599
v -39.60291672 -10.63088417 -5.00000000
v -39.72811127 -10.63088417 -2.49019599
v -39.72811127 -10.63088417 -5.00000000
v -39.85330582 -10.63088417 -2.49019599
v -39.85330582 -10.63088417 -5.00000000
v -39.97850037 -10.63088417 -2.49019599
v -39.97850037 -10.63088417 -5.00000000
v -40.10369873 -10.63088417 -2.49019599
v -40.10369873 -10.63088417 -5.00000000
v -40.22889328 -10.63088417 -2.49019599
v -40.22889328 -10.63088417 -5.00000000
v -40.35408783 -10.63088417 -2.49019599
v -40.35408783 -10.63088417 -5.00000000
v -40.47928238 -10.63088417 -2.49019599
v -40.47928238 -10.63088417 -5.00000000
v -40.60447693 -10.63088417 -2.49019599
v -40.60447693 -10.63088417 -5.00000000
v -40.72967148 -10.63088417 -2.49019599
v -40.72967148 -10.63088417 -5.00000000
v -40.85486603 -10.63088417 -2.49019599
v -40.85486603 -10.63088417 -5.00000000
v -40.98006058 -10.63088417 -2.49019599
v -40.98006058 -10.63088417 -5.00000000
v -41.10525513 -10.63088417 -2.49019599
v -41.10525513 -10.63088417 -5.00000000
v -41.23044968 -10.63088417 -2.49019599
v -41.23044968 -10.63088417 -5.00000000
v -41.35564804 -10.63088417 -2.49019599
v -41.35564804 -10.63088417 -5.00000000
v -41.48084259 -10.63088417 -2.49019599
v -41.48084259 -10.63088417 -5.00000000
v -41.60603714 -10.63088417 -2.49019599
v -41.60603714 -10.63088417 -5.00000000
v -41.73123169 -10.63088417 -2.49019599
v -41.73123169 -10.63088417 -5.00000000
v -41.85642624 -10.63088417 -2.49019599
v -41.85642624 -10.63088417 -5.00000000
v -41.87500000 -10.52420425 -2.49019599
v -41.87500000 -10.52420425 -5.00000000
v -41.87500000 -10.39894009 -2.49019599
v -41.87500000 -10.39894009 -5.00000000
v -41.87500000 -10.27367592 -2.49019599
v -41.87500000 -10.27367592 -5.00000000
v -41.87500000 -10.14841175 -2.49019599
v -41.87500000 -10.14841175 -5.00000000
v -41.87500000 -10.02314758 -2.49019599
v -41.87500000 -10.02314758 -5.00000000
v -41.87500000 -9.89788342 -2.49019599
v -41.87500000 -9.89788342 -5.00000000
v -41.87484360 -9.77225018 -2.49019599
v -41.87484360 -9.77225018 -5.00000000
v -41.87388992 -9.64741421 -2.49019599
v -41.87388992 -9.64741421 -5.00000000
v -41.87100983 -9.52263927 -2.49019599
v -41.87100983 -9.52263927 -5.00000000
v -41.86341476 -9.39643860 -2.49019599
v -41.86341476 -9.39643860 -5.00000000
v -41.84325409 -9.27340126 -2.49019599
v -41.84325409 -9.27340126 -5.00000000
v -41.77990723 -9.16785336 -2.49019599
v -41.77990723 -9.16785336 -5.00000000
v -41.66221619 -9.13293266 -2.49019599
v -41.66221619 -9.13293266 -5.00000000
v -41.53681564 -9.12993813 -2.49019599
v -41.53681564 -9.12993813 -5.00000000
v -41.41168594 -9.11995888 -2.49019599
v -41.41168594 -9.11995888 -5.00000000
v -41.30910873 -9.05519676 -2.49019599
v -41.30910873 -9.05519676 -5.00000000
v -41.26952362 -8.93780327 -2.49019599
v -41.26952362 -8.93780327 -5.00000000
v -41.25653076 -8.81286526 -2.49019599
v -41.25653076 -8.81286526 -5.00000000
v -41.25182724 -8.68733597 -2.49019599
v -41.25182724 -8.68733597 -5.00000000
v -41.25027847 -8.56164074 -2.49019599
v -41.25027847 -8.56164074 -5.00000000
v -41.25000000 -8.43717194 -2.49019599
v -41.25000000 -8.43717194 -5.00000000
v -41.24943924 -8.31152153 -2.49019599
v -41.24943924 -8.31152153 -5.00000000
v -41.24704742 -8.18611050 -2.49019599
v -41.24704742 -8.18611050 -5.00000000
v -41.24064636 -8.06143856 -2.49019599
v -41.24064636 -8.06143856 -5.00000000
v -41.22475815 -7.93732882 -2.49019599
v -41.22475815 -7.93732882 -5.00000000
v -41.18397903 -7.81983376 -2.49019599
v -41.18397903 -7.81983376 -5.00000000
v -41.09478760 -7.73511028 -2.49019599
v -41.09478760 -7.73511028 -5.00000000
v -40.97661591 -7.69089079 -2.49019599
v -40.97661591 -7.69089079 -5.00000000
v -40.85630798 -7.65717077 -2.49019599
v -40.85630798 -7.65717077 -5.00000000
v -40.74432373 -7.60144854 -2.49019599
v -40.74432373 -7.60144854 -5.00000000
v -40.66907883 -7.50329494 -2.49019599
v -40.66907883 -7.50329494 -5.00000000
v -40.63823318 -7.38323307 -2.49019599
v -40.63823318 -7.38323307 -5.00000000
v -40.62758636 -7.25802517 -2.49019599
v -40.62758636 -7.25802517 -5.00000000
v -40.62502670 -7.13233328 -2.49019599
v -40.62502670 -7.13233328 -5.00000000
v -40.62406158 -7.00752974 -2.49019599
v -40.62406158 -7.00752974 -5.00000000
v -40.61813354 -6.88204861 -2.49019599
v -40.61813354 -6.88204861 -5.00000000
v -40.59665680 -6.75913668 -2.49019599
v -40.59665680 -6.75913668 -5.00000000
v -40.52399445 -6.66132355 -2.49019599
v -40.52399445 -6.66132355 -5.00000000
v -40.40354538 -6.63149357 -2.49019599
v -40.40354538 -6.63149357 -5.00000000
v -40.27855301 -6.62847424 -2.49019599
v -40.27855301 -6.62847424 -5.00000000
v -40.15285873 -6.61664391 -2.49019599
v -40.15285873 -6.61664391 -5.00000000
v -40.05539703 -6.54525900 -2.49019599
v -40.05539703 -6.54525900 -5.00000000
v -40.01926422 -6.42532539 -2.49019599
v -40.01926422 -6.42532539 -5.00000000
v -40.00699234 -6.30072021 -2.49019599
v -40.00699234 -6.30072021 -5.00000000
v -40.00225067 -6.17594910 -2.49019599
v -40.00225067 -6.17594910 -5.00000000
v -40.00049973 -6.05102348 -2.49019599
v -40.00049973 -6.05102348 -5.00000000
v -40.00002289 -5.92522144 -2.49019599
v -40.00002289 -5.92522144 -5.00000000
v -39.99992752 -5.80057526 -2.49019599
v -39.99992752 -5.80057526 -5.00000000
v -39.99924088 -5.67547560 -2.49019599
v -39.99924088 -5.67547560 -5.00000000
v -39.99697876 -5.55043411 -2.49019599
v -39.99697876 -5.55043411 -5.00000000
v -39.99094772 -5.42455959 -2.49019599
v -39.99094772 -5.42455959 -5.00000000
v -39.97524643 -5.30059910 -2.49019599
v -39.97524643 -5.30059910 -5.00000000
v -39.92750168 -5.18663406 -2.49019599
v -39.92750168 -5.18663406 -5.00000000
v -39.81761932 -5.13409901 -2.49019599
v -39.81761932 -5.13409901 -5.00000000
v -39.69198990 -5.12784100 -2.49019599
v -39.69198990 -5.12784100 -5.00000000
v -39.56764984 -5.12294912 -2.49019599
v -39.56764984 -5.12294912 -5.00000000
v -39.45347977 -5.07560492 -2.49019599
v -39.45347977 -5.07560492 -5.00000000
v -39.40142441 -4.96289968 -2.49019599
v -39.40142441 -4.96289968 -5.00000000
v -39.38476562 -4.84040928 -2.49019599
v -39.38476562 -4.84040928 -5.00000000
v -39.37828827 -4.71421146 -2.49019599
v -39.37828827 -4.71421146 -5.00000000
v -39.37586212 -4.58994532 -2.49019599
v -39.37586212 -4.58994532 -5.00000000
v -39.37509155 -4.46400738 -2.49019599
v -39.37509155 -4.46400738 -5.00000000
v -39.37498474 -4.33847237 -2.49019599
v -39.37498474 -4.33847237 -5.00000000
v -39.37456894 -4.21401978 -2.49019599
v -39.37456894 -4.21401978 -5.00000000
v -39.37293243 -4.08808136 -2.49019599
v -39.37293243 -4.08808136 -5.00000000
v -39.36849213 -3.96349168 -2.49019599
v -39.36849213 -3.96349168 -5.00000000
v -39.35682678 -3.83752871 -2.49019599
v -39.35682678 -3.83752871 -5.00000000
v -39.32365417 -3.71795511 -2.49019599
v -39.32365417 -3.71795511 -5.00000000
v -39.23012924 -3.64119792 -2.49019599
v -39.23012924 -3.64119792 -5.00000000
v -39.10523224 -3.62734008 -2.49019599
v -39.10523224 -3.62734008 -5.00000000
v -38.98055649 -3.62486148 -2.49019599
v -38.98055649 -3.62486148 -5.00000000
v -38.85886383 -3.59857655 -2.49019599
v -38.85886383 -3.59857655 -5.00000000
v -38.78133392 -3.50427723 -2.49019599
v -38.78133392 -3.50427723 -5.00000000
v -38.75798416 -3.38206244 -2.49019599
v -38.75798416 -3.38206244 -5.00000000
v -38.75131226 -3.25684643 -2.49019599
v -38.75131226 -3.25684643 -5.00000000
v -38.75000000 -3.13200235 -2.49019599
v -38.75000000 -3.13200235 -5.00000000
v -38.74891663 -3.00662732 -2.49019599
v -38.74891663 -3.00662732 -5.00000000
v -38.74294662 -2.88176274 -2.49019599
v -38.74294662 -2.88176274 -5.00000000
v -38.72167969 -2.75825882 -2.49019599
v -38.72167969 -2.75825882 -5.00000000
v -38.64960480 -2.65943861 -2.49019599
v -38.64960480 -2.65943861 -5.00000000
v -38.52951813 -2.62931156 -2.49019599
v -38.52951813 -2.62931156 -5.00000000
v -38.40449524 -2.62627101 -2.49019599
v -38.40449524 -2.62627101 -5.00000000
v -38.27990341 -2.61493492 -2.49019599
v -38.27990341 -2.61493492 -5.00000000
v -38.18093109 -2.54397392 -2.49019599
v -38.18093109 -2.54397392 -5.00000000
v -38.14449310 -2.42455959 -2.49019599
v -38.14449310 -2.42455959 -5.00000000
v -38.13208008 -2.30002594 -2.49019599
v -38.13208008 -2.30002594 -5.00000000
v -38.12728119 -2.17514944 -2.49019599
v -38.12728119 -2.17514944 -5.00000000
v -38.12550735 -2.05005503 -2.49019599
v -38.12550735 -2.05005503 -5.00000000
v -38.12502670 -1.92404187 -2.49019599
v -38.12502670 -1.92404187 -5.00000000
v -38.12493134 -1.79945540 -2.49019599
v -38.12493134 -1.79945540 -5.00000000
v -38.12425232 -1.67454898 -2.49019599
v -38.12425232 -1.67454898 -5.00000000
v -38.12202072 -1.54966688 -2.49019599
v -38.12202072 -1.54966688 -5.00000000
v -38.11605835 -1.42386734 -2.49019599
v -38.11605835 -1.42386734 -5.00000000
v -38.10052490 -1.29975975 -2.49019599
v -38.10052490 -1.29975975 -5.00000000
v -38.05312347 -1.18515408 -2.49019599
v -38.05312347 -1.18515408 -5.00000000
v -37.94351959 -1.13201761 -2.49019599
v -37.94351959 -1.13201761 -5.00000000
v -37.81794739 -1.12562692 -2.49019599
v -37.81794739 -1.12562692 -5.00000000
v -37.69355011 -1.12084210 -2.49019599
v -37.69355011 -1.12084210 -5.00000000
v -37.57913589 -1.07405841 -2.49019599
v -37.57913589 -1.07405841 -5.00000000
v -37.52672577 -0.96203524 -2.49019599
v -37.52672577 -0.96203524 -5.00000000
v -37.50976181 -0.83810347 -2.49019599
v -37.50976181 -0.83810347 -5.00000000
v -37.50333405 -0.71345347 -2.49019599
v -37.50333405 -0.71345347 -5.00000000
v -37.50086212 -0.58783609 -2.49019599
v -37.50086212 -0.58783609 -5.00000000
v -37.50009537 -0.46290407 -2.49019599
v -37.50009537 -0.46290407 -5.00000000
v -37.49998474 -0.33734947 -2.49019599
v -37.49998474 -0.33734947 -5.00000000
v -37.49953461 -0.21214265 -2.49019599
v -37.49953461 -0.21214265 -5.00000000
v -37.49785614 -0.08755320 -2.49019599
v -37.49785614 -0.08755320 -5.00000000
v -37.49324417 0.03881662 -2.49019599
v -37.49324417 0.03881662 -5.00000000
v -37.48168182 0.16294433 -2.49019599
v -37.48168182 0.16294433 -5.00000000
v -37.44871140 0.28324473 -2.49019599
v -37.44871140 0.28324473 -5.00000000
v -37.35556412 0.36104974 -2.49019599
v -37.35556412 0.36104974 -5.00000000
v -37.23095322 0.37494284 -2.49019599
v -37.23095322 0.37494284 -5.00000000
v -37.10632324 0.37882373 -2.49019599
v -37.10632324 0.37882373 -5.00000000
v -36.98765564 0.41231751 -2.49019599
v -36.98765564 0.41231751 -5.00000000
v -36.90950012 0.50884867 -2.49019599
v -36.90950012 0.50884867 -5.00000000
v -36.87676239 0.62854570 -2.49019599
v -36.87676239 0.62854570 -5.00000000
v -36.85976410 0.75269383 -2.49019599
v -36.85976410 0.75269383 -5.00000000
v -36.84831238 0.87782890 -2.49019599
v -36.84831238 0.87782890 -5.00000000
v -36.83361816 1.00207055 -2.49019599
v -36.83361816 1.00207055 -5.00000000
v -36.80804443 1.12423241 -2.49019599
v -36.80804443 1.12423241 -5.00000000
v -36.75718307 1.23839831 -2.49019599
v -36.75718307 1.23839831 -5.00000000
v -36.66233063 1.31843436 -2.49019599
v -36.66233063 1.31843436 -5.00000000
v -36.54235077 1.35171700 -2.49019599
v -36.54235077 1.35171700 -5.00000000
v -36.42117691 1.38091028 -2.49019599
v -36.42117691 1.38091028 -5.00000000
v -36.32725143 1.46044779 -2.49019599
v -36.32725143 1.46044779 -5.00000000
v -36.28157043 1.57726002 -2.49019599
v -36.28157043 1.57726002 -5.00000000
v -36.25914764 1.70033395 -2.49019599
v -36.25914764 1.70033395 -5.00000000
v -36.24563217 1.82532465 -2.49019599
v -36.24563217 1.82532465 -5.00000000
v -36.23629379 1.95010686 -2.49019599
v -36.23629379 1.95010686 -5.00000000
v -36.22902679 2.07519889 -2.49019599
v -36.22902679 2.07519889 -5.00000000
v -36.22283554 2.19978189 -2.49019599
v -36.22283554 2.19978189 -5.00000000
v -36.21623993 2.32404423 -2.49019599
v -36.21623993 2.32404423 -5.00000000
v -36.20808411 2.44908571 -2.49019599
v -36.20808411 2.44908571 -5.00000000
v -36.19684601 2.57499743 -2.49019599
v -36.19684601 2.57499743 -5.00000000
v -36.17943192 2.69928336 -2.49019599
v -36.17943192 2.69928336 -5.00000000
v -36.14751816 2.81911993 -2.49019599
v -36.14751816 2.81911993 -5.00000000
v -36.07711029 2.92100930 -2.49019599
v -36.07711029 2.92100930 -5.00000000
v -35.96343994 2.96916199 -2.49019599
v -35.96343994 2.96916199 -5.00000000
v -35.83938980 2.99151206 -2.49019599
v -35.83938980 2.99151206 -5.00000000
v -35.72549057 3.04200816 -2.49019599
v -35.72549057 3.04200816 -5.00000000
v -35.65695953 3.14419937 -2.49019599
v -35.65695953 3.14419937 -5.00000000
v -35.63234711 3.26714158 -2.49019599
v -35.63234711 3.26714158 -5.00000000
v -35.62552261 3.39124823 -2.49019599
v -35.62552261 3.39124823 -5.00000000
v -35.62445068 3.51671886 -2.49019599
v -35.62445068 3.51671886 -5.00000000
v -35.61810303 3.64246130 -2.49019599
v -35.61810303 3.64246130 -5.00000000
v -35.59213257 3.76428795 -2.49019599
v -35.59213257 3.76428795 -5.00000000
v -35.50835419 3.85194159 -2.49019599
v -35.50835419 3.85194159 -5.00000000
v -35.38489914 3.87538886 -2.49019599
v -35.38489914 3.87538886 -5.00000000
v -35.26012421 3.87768722 -2.49019599
v -35.26012421 3.87768722 -5.00000000
v -35.13732910 3.89368677 -2.49019599
v -35.13732910 3.89368677 -5.00000000
v -35.04770279 3.97562242 -2.49019599
v -35.04770279 3.97562242 -5.00000000
v -35.01693726 4.09637642 -2.49019599
v -35.01693726 4.09637642 -5.00000000
v -35.00608826 4.22147322 -2.49019599
v -35.00608826 4.22147322 -5.00000000
v -35.00188446 4.34721327 -2.49019599
v -35.00188446 4.34721327 -5.00000000
v -35.00037384 4.47305632 -2.49019599
v -35.00037384 4.47305632 -5.00000000
v -35.00000763 4.59786177 -2.49019599
v -35.00000763 4.59786177 -5.00000000
v -34.99988556 4.72270870 -2.49019599
v -34.99988556 4.72270870 -5.00000000
v -34.99904251 4.84830427 -2.49019599
v -34.99904251 4.84830427 -5.00000000
v -34.99643707 4.97300291 -2.49019599
v -34.99643707 4.97300291 -5.00000000
v -34.98962784 5.09795141 -2.49019599
v -34.98962784 5.09795141 -5.00000000
v -34.97149277 5.22205019 -2.49019599
v -34.97149277 5.22205019 -5.00000000
v -34.91548920 5.33156013 -2.49019599
v -34.91548920 5.33156013 -5.00000000
v -34.79916000 5.37400341 -2.49019599
v -34.79916000 5.37400341 -5.00000000
v -34.67436218 5.37800121 -2.49019599
v -34.67436218 5.37800121 -5.00000000
v -34.54928970 5.38552141 -2.49019599
v -34.54928970 5.38552141 -5.00000000
v -34.44197464 5.44366026 -2.49019599
v -34.44197464 5.44366026 -5.00000000
v -34.39797592 5.55975914 -2.49019599
v -34.39797592 5.55975914 -5.00000000
v -34.38343430 5.68333960 -2.49019599
v -34.38343430 5.68333960 -5.00000000
v -34.37778854 5.80893469 -2.49019599
v -34.37778854 5.80893469 -5.00000000
v -34.37567139 5.93485260 -2.49019599
v -34.37567139 5.93485260 -5.00000000
v -34.37505722 6.05927086 -2.49019599
v -34.37505722 6.05927086 -5.00000000
v -34.37492752 6.18494129 -2.49019599
v -34.37492752 6.18494129 -5.00000000
v -34.37401962 6.30994225 -2.49019599
v -34.37401962 6.30994225 -5.00000000
v -34.37131500 6.43517208 -2.49019599
v -34.37131500 6.43517208 -5.00000000
v -34.36498642 6.56007099 -2.49019599
v -34.36498642 6.56007099 -5.00000000
v -34.35014725 6.68551397 -2.49019599
v -34.35014725 6.68551397 -5.00000000
v -34.31131744 6.80302715 -2.49019599
v -34.31131744 6.80302715 -5.00000000
v -34.21073532 6.87185192 -2.49019599
v -34.21073532 6.87185192 -5.00000000
v -34.08691406 6.87990952 -2.49019599
v -34.08691406 6.87990952 -5.00000000
v -33.96869278 6.91498852 -2.49019599
v -33.96869278 6.91498852 -5.00000000
v -33.90352631 7.02000237 -2.49019599
v -33.90352631 7.02000237 -5.00000000
v -33.88272476 7.14285183 -2.49019599
v -33.88272476 7.14285183 -5.00000000
v -33.87613297 7.26768064 -2.49019599
v -33.87613297 7.26768064 -5.00000000
v -33.87496567 7.39417791 -2.49019599
v -33.87496567 7.39417791 -5.00000000
v -33.87299347 7.51813412 -2.49019599
v -33.87299347 7.51813412 -5.00000000
v -33.86389542 7.64404821 -2.49019599
v -33.86389542 7.64404821 -5.00000000
v -33.83302689 7.76474571 -2.49019599
v -33.83302689 7.76474571 -5.00000000
v -33.74845123 7.85253668 -2.49019599
v -33.74845123 7.85253668 -5.00000000
v -33.62830734 7.88868809 -2.49019599
v -33.62830734 7.88868809 -5.00000000
v -33.50432205 7.90558052 -2.49019599
v -33.50432205 7.90558052 -5.00000000
v -33.38087845 7.92728806 -2.49019599
v -33.38087845 7.92728806 -5.00000000
v -33.27104187 7.98498487 -2.49019599
v -33.27104187 7.98498487 -5.00000000
v -33.21096039 8.09263325 -2.49019599
v -33.21096039 8.09263325 -5.00000000
v -33.18449402 8.21603203 -2.49019599
v -33.18449402 8.21603203 -5.00000000
v -33.17055130 8.33866978 -2.49019599
v -33.17055130 8.33866978 -5.00000000
v -33.16100693 8.46521091 -2.49019599
v -33.16100693 8.46521091 -5.00000000
v -33.15362167 8.59012413 -2.49019599
v -33.15362167 8.59012413 -5.00000000
v -33.14695358 8.71392250 -2.49019599
v -33.14695358 8.71392250 -5.00000000
v -33.13907623 8.83946705 -2.49019599
v -33.13907623 8.83946705 -5.00000000
v -33.12875366 8.96401405 -2.49019599
v -33.12875366 8.96401405 -5.00000000
v -33.11334229 9.08815765 -2.49019599
v -33.11334229 9.08815765 -5.00000000
v -33.08622742 9.21086693 -2.49019599
v -33.08622742 9.21086693 -5.00000000
v -33.02931595 9.32130527 -2.49019599
v -33.02931595 9.32130527 -5.00000000
v -32.92415237 9.38557148 -2.49019599
v -32.92415237 9.38557148 -5.00000000
v -32.80104828 9.40979195 -2.49019599
v -32.80104828 9.40979195 -5.00000000
v -32.68437958 9.45307350 -2.49019599
v -32.68437958 9.45307350 -5.00000000
v -32.60118484 9.54489231 -2.49019599
v -32.60118484 9.54489231 -5.00000000
v -32.55889893 9.66236973 -2.49019599
v -32.55889893 9.66236973 -5.00000000
v -32.53684616 9.78605175 -2.49019599
v -32.53684616 9.78605175 -5.00000000
v -32.52388000 9.91016579 -2.49019599
v -32.52388000 9.91016579 -5.00000000
v -32.51091385 10.03503609 -2.49019599
v -32.51091385 10.03503609 -5.00000000
v -32.48925018 10.15796661 -2.49019599
v -32.48925018 10.15796661 -5.00000000
v -32.44707108 10.27573204 -2.49019599
v -32.44707108 10.27573204 -5.00000000
v -32.35835648 10.36154366 -2.49019599
v -32.35835648 10.36154366 -5.00000000
v -32.23627472 10.38122082 -2.49019599
v -32.23627472 10.38122082 -5.00000000
v -32.11739731 10.41753387 -2.49019599
v -32.11739731 10.41753387 -5.00000000
v -32.01894379 10.49439907 -2.49019599
v -32.01894379 10.49439907 -5.00000000
v -31.94993973 10.59803486 -2.49019599
v -31.94993973 10.59803486 -5.00000000
v -31.90248871 10.71439075 -2.49019599
v -31.90248871 10.71439075 -5.00000000
v -31.81535530 10.80076504 -2.49019599
v -31.81535530 10.80076504 -5.00000000
v -31.69810867 10.84248543 -2.49019599
v -31.69810867 10.84248543 -5.00000000
v -31.57356644 10.86184978 -2.49019599
v -31.57356644 10.86184978 -5.00000000
v -31.44986153 10.87153053 -2.49019599
v -31.44986153 10.87153053 -5.00000000
v -31.32404518 10.87673855 -2.49019599
v -31.32404518 10.87673855 -5.00000000
v -31.19818306 10.87942123 -2.49019599
v -31.19818306 10.87942123 -5.00000000
v -31.07267761 10.88064861 -2.49019599
v -31.07267761 10.88064861 -5.00000000
v -30.94805336 10.88101673 -2.49019599
v -30.94805336 10.88101673 -5.00000000
v -30.82319832 10.88102245 -2.49019599
v -30.82319832 10.88102245 -5.00000000
v -30.69800377 10.88102245 -2.49019599
v -30.69800377 10.88102245 -5.00000000
v -30.57280922 10.88102245 -2.49019599
v -30.57280922 10.88102245 -5.00000000
v -30.44761467 10.88102245 -2.49019599
v -30.44761467 10.88102245 -5.00000000
v -30.32242012 10.88102245 -2.49019599
v -30.32242012 10.88102245 -5.00000000
v -30.19722366 10.88102245 -2.49019599
v -30.19722366 10.88102245 -5.00000000
v -30.07202911 10.88102245 -2.49019599
v -30.07202911 10.88102245 -5.00000000
v -30.00000000 10.82782745 -2.49019599
v -30.00000000 10.82782745 -5.00000000
v -30.00000000 10.70256329 -2.49019599
v -30.00000000 10.70256329 -5.00000000
v -30.00000000 10.57729912 -2.49019599
v -30.00000000 10.57729912 -5.00000000
v 26.87500000 7.94170570 -2.49019599
v 26.87500000 8.06696510 -2.49019599
v 26.87500000 8.06696510 -5.00000000
v 26.87500000 7.94170570 -5.00000000
v 26.87500000 7.81644678 -2.49019599
v 26.87500000 7.81644678 -5.00000000
v 26.87500000 7.69118786 -2.49019599
v 26.87500000 7.69118786 -5.00000000
v 26.87500000 7.56592846 -2.49019599
v 26.87500000 7.56592846 -5.00000000
v 26.87500000 7.44066954 -2.49019599
v 26.87500000 7.44066954 -5.00000000
v 26.87500000 7.31541061 -2.49019599
v 26.87500000 7.31541061 -5.00000000
v 26.87500000 7.19015121 -2.49019599
v 26.87500000 7.19015121 -5.00000000
v 26.87500000 7.06489229 -2.49019599
v 26.87500000 7.06489229 -5.00000000
v 26.87500000 6.93963289 -2.49019599
v 26.87500000 6.93963289 -5.00000000
v 26.87500000 6.81437397 -2.49019599
v 26.87500000 6.81437397 -5.00000000
v 26.87500000 6.68911505 -2.49019599
v 26.87500000 6.68911505 -5.00000000
v 26.87500000 6.56385565 -2.49019599
v 26.87500000 6.56385565 -5.00000000
v 26.87500000 6.43859673 -2.49019599
v 26.87500000 6.43859673 -5.00000000
v 26.87500000 6.31333733 -2.49019599
v 26.87500000 6.31333733 -5.00000000
v 26.87500000 6.18807840 -2.49019599
v 26.87500000 6.18807840 -5.00000000
v 26.87500000 6.06281948 -2.49019599
v 26.87500000 6.06281948 -5.00000000
v 26.87500000 5.93756008 -2.49019599
v 26.87500000 5.93756008 -5.00000000
v 26.87500000 5.81230116 -2.49019599
v 26.87500000 5.81230116 -5.00000000
v 26.94110489 5.75318432 -2.49019599
v 26.94110489 5.75318432 -5.00000000
v 27.06629562 5.75318432 -2.49019599
v 27.06629562 5.75318432 -5.00000000
v 27.19148445 5.75318432 -2.49019599
v 27.19148445 5.75318432 -5.00000000
v 27.31667519 5.75318432 -2.49019599
v 27.31667519 5.75318432 -5.00000000
v 27.44186401 5.75318432 -2.49019599
v 27.44186401 5.75318432 -5.00000000
v 27.56705475 5.75318432 -2.49019599
v 27.56705475 5.75318432 -5.00000000
v 27.69224358 5.75318432 -2.49019599
v 27.69224358 5.75318432 -5.00000000
v 27.81743431 5.75318432 -2.49019599
v 27.81743431 5.75318432 -5.00000000
v 27.94262314 5.75318432 -2.49019599
v 27.94262314 5.75318432 -5.00000000
v 28.06781387 5.75318432 -2.49019599
v 28.06781387 5.75318432 -5.00000000
v 28.19300270 5.75318432 -2.49019599
v 28.19300270 5.75318432 -5.00000000
v 28.31819344 5.75318432 -2.49019599
v 28.31819344 5.75318432 -5.00000000
v 28.44338226 5.75318432 -2.49019599
v 28.44338226 5.75318432 -5.00000000
v 28.56857300 5.75318432 -2.49019599
v 28.56857300 5.75318432 -5.00000000
v 28.69376183 5.75318432 -2.49019599
v 28.69376183 5.75318432 -5.00000000
v 28.81895256 5.75318432 -2.49019599
v 28.81895256 5.75318432 -5.00000000
v 28.94414139 5.75318432 -2.49019599
v 28.94414139 5.75318432 -5.00000000
v 29.06933212 5.75318432 -2.49019599
v 29.06933212 5.75318432 -5.00000000
v 29.19452095 5.75318432 -2.49019599
v 29.19452095 5.75318432 -5.00000000
v 29.31971169 5.75318432 -2.49019599
v 29.31971169 5.75318432 -5.00000000
v 29.44490051 5.75318432 -2.49019599
v 29.44490051 5.75318432 -5.00000000
v 29.57009125 5.75318432 -2.49019599
v 29.57009125 5.75318432 -5.00000000
v 29.69528008 5.75318432 -2.49019599
v 29.69528008 5.75318432 -5.00000000
v 29.82047081 5.75318432 -2.49019599
v 29.82047081 5.75318432 -5.00000000
v 29.94565964 5.75318432 -2.49019599
v 29.94565964 5.75318432 -5.00000000
v 30.07085037 5.75318432 -2.49019599
v 30.07085037 5.75318432 -5.00000000
v 30.19603920 5.75318432 -2.49019599
v 30.19603920 5.75318432 -5.00000000
v 30.32122993 5.75318432 -2.49019599
v 30.32122993 5.75318432 -5.00000000
v 30.44641876 5.75318432 -2.49019599
v 30.44641876 5.75318432 -5.00000000
v 30.57160950 5.75318432 -2.49019599
v 30.57160950 5.75318432 -5.00000000
v 30.69679832 5.75318432 -2.49019599
v 30.69679832 5.75318432 -5.00000000
v 30.82198906 5.75318432 -2.49019599
v 30.82198906 5.75318432 -5.00000000
v 30.94717789 5.75318432 -2.49019599
v 30.94717789 5.75318432 -5.00000000
v 31.07236862 5.75318432 -2.49019599
v 31.07236862 5.75318432 -5.00000000
v 31.19755745 5.75318432 -2.49019599
v 31.19755745 5.75318432 -5.00000000
v 31.32274818 5.75318432 -2.49019599
v 31.32274818 5.75318432 -5.00000000
v 31.44793701 5.75318432 -2.49019599
v 31.44793701 5.75318432 -5.00000000
v 31.57312775 5.75318432 -2.49019599
v 31.57312775 5.75318432 -5.00000000
v 31.69831657 5.75318432 -2.49019599
v 31.69831657 5.75318432 -5.00000000
v 31.82350731 5.75318432 -2.49019599
v 31.82350731 5.75318432 -5.00000000
v 31.94869614 5.75318432 -2.49019599
v 31.94869614 5.75318432 -5.00000000
v 32.07388687 5.75318432 -2.49019599
v 32.07388687 5.75318432 -5.00000000
v 32.19907761 5.75318432 -2.49019599
v 32.19907761 5.75318432 -5.00000000
v 32.32426453 5.75318432 -2.49019599
v 32.32426453 5.75318432 -5.00000000
v 32.44945526 5.75318432 -2.49019599
v 32.44945526 5.75318432 -5.00000000
v 32.57464600 5.75318432 -2.49019599
v 32.57464600 5.75318432 -5.00000000
v 32.69983673 5.75318432 -2.49019599
v 32.69983673 5.75318432 -5.00000000
v 32.82502365 5.75318432 -2.49019599
v 32.82502365 5.75318432 -5.00000000
v 32.95021439 5.75318432 -2.49019599
v 32.95021439 5.75318432 -5.00000000
v 33.07540512 5.75318432 -2.49019599
v 33.07540512 5.75318432 -5.00000000
v 33.20059586 5.75318432 -2.49019599
v 33.20059586 5.75318432 -5.00000000
v 33.32578278 5.75318432 -2.49019599
v 33.32578278 5.75318432 -5.00000000
v 33.45097351 5.75318432 -2.49019599
v 33.45097351 5.75318432 -5.00000000
v 33.57616425 5.75318432 -2.49019599
v 33.57616425 5.75318432 -5.00000000
v 33.70135498 5.75318432 -2.49019599
v 33.70135498 5.75318432 -5.00000000
v 33.82654190 5.75318432 -2.49019599
v 33.82654190 5.75318432 -5.00000000
v 33.95173264 5.75318432 -2.49019599
v 33.95173264 5.75318432 -5.00000000
v 34.07692337 5.75318432 -2.49019599
v 34.07692337 5.75318432 -5.00000000
v 34.20211411 5.75318432 -2.49019599
v 34.20211411 5.75318432 -5.00000000
v 34.32730103 5.75318432 -2.49019599
v 34.32730103 5.75318432 -5.00000000
v 34.45249176 5.75318432 -2.49019599
v 34.45249176 5.75318432 -5.00000000
v 34.57768250 5.75318432 -2.49019599
v 34.57768250 5.75318432 -5.00000000
v 34.70287323 5.75318432 -2.49019599
v 34.70287323 5.75318432 -5.00000000
v 34.82806015 5.75318432 -2.49019599
v 34.82806015 5.75318432 -5.00000000
v 34.95325089 5.75318432 -2.49019599
v 34.95325089 5.75318432 -5.00000000
v 35.07844162 5.75318432 -2.49019599
v 35.07844162 5.75318432 -5.00000000
v 35.20363235 5.75318432 -2.49019599
v 35.20363235 5.75318432 -5.00000000
v 35.32881927 5.75318432 -2.49019599
v 35.32881927 5.75318432 -5.00000000
v 35.45401001 5.75318432 -2.49019599
v 35.45401001 5.75318432 -5.00000000
v 35.57920074 5.75318432 -2.49019599
v 35.57920074 5.75318432 -5.00000000
v 35.70439148 5.75318432 -2.49019599
v 35.70439148 5.75318432 -5.00000000
v 35.82957840 5.75318432 -2.49019599
v 35.82957840 5.75318432 -5.00000000
v 35.87500000 5.67337084 -2.49019599
v 35.87500000 5.67337084 -5.00000000
v 35.87500000 5.54811144 -2.49019599
v 35.87500000 5.54811144 -5.00000000
v 35.87500000 5.42285252 -2.49019599
v 35.87500000 5.42285252 -5.00000000
v 35.87500000 5.29759359 -2.49019599
v 35.87500000 5.29759359 -5.00000000
v 35.87500000 5.17233419 -2.49019599
v 35.87500000 5.17233419 -5.00000000
v 35.87500000 5.04707527 -2.49019599
v 35.87500000 5.04707527 -5.00000000
v 35.87500000 4.92181635 -2.49019599
v 35.87500000 4.92181635 -5.00000000
v 35.87500000 4.79655695 -2.49019599
v 35.87500000 4.79655695 -5.00000000
v 35.87500000 4.67129803 -2.49019599
v 35.87500000 4.67129803 -5.00000000
v 35.87500000 4.54603863 -2.49019599
v 35.87500000 4.54603863 -5.00000000
v 35.87500000 4.42077971 -2.49019599
v 35.87500000 4.42077971 -5.00000000
v 35.87500000 4.29552078 -2.49019599
v 35.87500000 4.29552078 -5.00000000
v 35.87500000 4.17026138 -2.49019599
v 35.87500000 4.17026138 -5.00000000
v 35.87500000 4.04500246 -2.49019599
v 35.87500000 4.04500246 -5.00000000
v 35.87500000 3.91974330 -2.49019599
v 35.87500000 3.91974330 -5.00000000
v 35.87500000 3.79448414 -2.49019599
v 35.87500000 3.79448414 -5.00000000
v 35.87500000 3.66922498 -2.49019599
v 35.87500000 3.66922498 -5.00000000
v 35.87500000 3.54396605 -2.49019599
v 35.87500000 3.54396605 -5.00000000
v 35.87500000 3.41870689 -2.49019599
v 35.87500000 3.41870689 -5.00000000
v 35.87500000 3.29344773 -2.49019599
v 35.87500000 3.29344773 -5.00000000
v 35.87500000 3.16818857 -2.49019599
v 35.87500000 3.16818857 -5.00000000
v 35.87500000 3.04292965 -2.49019599
v 35.87500000 3.04292965 -5.00000000
v 35.87500000 2.91767049 -2.49019599
v 35.87500000 2.91767049 -5.00000000
v 35.87500000 2.79241133 -2.49019599
v 35.87500000 2.79241133 -5.00000000
v 35.87500000 2.66715217 -2.49019599
v 35.87500000 2.66715217 -5.00000000
v 35.87500000 2.54189324 -2.49019599
v 35.87500000 2.54189324 -5.00000000
v 35.87500000 2.41663408 -2.49019599
v 35.87500000 2.41663408 -5.00000000
v 35.87500000 2.29137492 -2.49019599
v 35.87500000 2.29137492 -5.00000000
v 35.87500000 2.16611576 -2.49019599
v 35.87500000 2.16611576 -5.00000000
v 35.87500000 2.04085684 -2.49019599
v 35.87500000 2.04085684 -5.00000000
v 35.87500000 1.91559768 -2.49019599
v 35.87500000 1.91559768 -5.00000000
v 35.87500000 1.79033852 -2.49019599
v 35.87500000 1.79033852 -5.00000000
v 35.87500000 1.66507947 -2.49019599
v 35.87500000 1.66507947 -5.00000000
v 35.87500000 1.53982031 -2.49019599
v 35.87500000 1.53982031 -5.00000000
v 35.87500000 1.41456127 -2.49019599
v 35.87500000 1.41456127 -5.00000000
v 35.87500000 1.28930211 -2.49019599
v 35.87500000 1.28930211 -5.00000000
v 35.87500000 1.16404307 -2.49019599
v 35.87500000 1.16404307 -5.00000000
v 35.87500000 1.03878391 -2.49019599
v 35.87500000 1.03878391 -5.00000000
v 35.87500000 0.91352481 -2.49019599
v 35.87500000 0.91352481 -5.00000000
v 35.87500000 0.78826571 -2.49019599
v 35.87500000 0.78826571 -5.00000000
v 35.87500000 0.66300660 -2.49019599
v 35.87500000 0.66300660 -5.00000000
v 35.87500000 0.53774750 -2.49019599
v 35.87500000 0.53774750 -5.00000000
v 35.87500000 0.41248840 -2.49019599
v 35.87500000 0.41248840 -5.00000000
v 35.87500000 0.28722930 -2.49019599
v 35.87500000 0.28722930 -5.00000000
v 35.87500000 0.16197018 -2.49019599
v 35.87500000 0.16197018 -5.00000000
v 35.87500000 0.03671109 -2.49019599
v 35.87500000 0.03671109 -5.00000000
v 35.87500000 -0.08854802 -2.49019599
v 35.87500000 -0.08854802 -5.00000000
v 35.87500000 -0.21380712 -2.49019599
v 35.87500000 -0.21380712 -5.00000000
v 35.87500000 -0.33906624 -2.49019599
v 35.87500000 -0.33906624 -5.00000000
v 35.87500000 -0.46432534 -2.49019599
v 35.87500000 -0.46432534 -5.00000000
v 35.87500000 -0.58958441 -2.49019599
v 35.87500000 -0.58958441 -5.00000000
v 35.90761566 -0.62413120 -2.49019599
v 35.90761566 -0.62413120 -5.00000000
v 35.98736954 -0.52757925 -2.49019599
v 35.98736954 -0.52757925 -5.00000000
v 36.06712341 -0.43102729 -2.49019599
v 36.06712341 -0.43102729 -5.00000000
v 36.14717865 -0.33409071 -2.49019599
v 36.14717865 -0.33409071 -5.00000000
v 36.22640991 -0.23785256 -2.49019599
v 36.22640991 -0.23785256 -5.00000000
v 36.30638123 -0.14041300 -2.49019599
v 36.30638123 -0.14041300 -5.00000000
v 36.38531494 -0.04401733 -2.49019599
v 36.38531494 -0.04401733 -5.00000000
v 36.46416092 0.05248296 -2.49019599
v 36.46416092 0.05248296 -5.00000000
v 36.54373932 0.15011325 -2.49019599
v 36.54373932 0.15011325 -5.00000000
v 36.62263870 0.24722423 -2.49019599
v 36.62263870 0.24722423 -5.00000000
v 36.70135880 0.34414122 -2.49019599
v 36.70135880 0.34414122 -5.00000000
v 36.78097153 0.44183007 -2.49019599
v 36.78097153 0.44183007 -5.00000000
v 36.85985184 0.53838384 -2.49019599
v 36.85985184 0.53838384 -5.00000000
v 36.93874359 0.63474256 -2.49019599
v 36.93874359 0.63474256 -5.00000000
v 37.01865005 0.73211515 -2.49019599
v 37.01865005 0.73211515 -5.00000000
v 37.09781265 0.82829779 -2.49019599
v 37.09781265 0.82829779 -5.00000000
v 37.17705154 0.92636144 -2.49019599
v 37.17705154 0.92636144 -5.00000000
v 37.25082779 1.02713215 -2.49019599
v 37.25082779 1.02713215 -5.00000000
v 37.31874084 1.13272285 -2.49019599
v 37.31874084 1.13272285 -5.00000000
v 37.37200546 1.24503911 -2.49019599
v 37.37200546 1.24503911 -5.00000000
v 37.41914749 1.35951757 -2.49019599
v 37.41914749 1.35951757 -5.00000000
v 37.49323654 1.46080840 -2.49019599
v 37.49323654 1.46080840 -5.00000000
v 37.57394791 1.55654478 -2.49019599
v 37.57394791 1.55654478 -5.00000000
v 37.65903091 1.64815247 -2.49019599
v 37.65903091 1.64815247 -5.00000000
v 37.74641800 1.73811042 -2.49019599
v 37.74641800 1.73811042 -5.00000000
v 37.82904434 1.83148348 -2.49019599
v 37.82904434 1.83148348 -5.00000000
v 37.90699387 1.93068981 -2.49019599
v 37.90699387 1.93068981 -5.00000000
v 37.97468567 2.03563476 -2.49019599
v 37.97468567 2.03563476 -5.00000000
v 38.01221085 2.15340161 -2.49019599
v 38.01221085 2.15340161 -5.00000000
v 38.09550095 2.24597383 -2.49019599
v 38.09550095 2.24597383 -5.00000000
v 38.20566177 2.30433083 -2.49019599
v 38.20566177 2.30433083 -5.00000000
v 38.30381393 2.38045073 -2.49019599
v 38.30381393 2.38045073 -5.00000000
v 38.36541748 2.48884511 -2.49019599
v 38.36541748 2.48884511 -5.00000000
v 38.38047028 2.61248636 -2.49019599
v 38.38047028 2.61248636 -5.00000000
v 38.42372894 2.72923660 -2.49019599
v 38.42372894 2.72923660 -5.00000000
v 38.51884460 2.81033778 -2.49019599
v 38.51884460 2.81033778 -5.00000000
v 38.60607147 2.90116906 -2.49019599
v 38.60607147 2.90116906 -5.00000000
v 38.68651581 2.99323225 -2.49019599
v 38.68651581 2.99323225 -5.00000000
v 38.76688004 3.08904004 -2.49019599
v 38.76688004 3.08904004 -5.00000000
v 38.84727859 3.18731380 -2.49019599
v 38.84727859 3.18731380 -5.00000000
v 38.92599487 3.28518987 -2.49019599
v 38.92599487 3.28518987 -5.00000000
v 39.00390625 3.38329291 -2.49019599
v 39.00390625 3.38329291 -5.00000000
v 39.08079147 3.48104954 -2.49019599
v 39.08079147 3.48104954 -5.00000000
v 39.15748978 3.57933760 -2.49019599
v 39.15748978 3.57933760 -5.00000000
v 39.23414993 3.67822385 -2.49019599
v 39.23414993 3.67822385 -5.00000000
v 39.31046295 3.77721858 -2.49019599
v 39.31046295 3.77721858 -5.00000000
v 39.38695908 3.87692642 -2.49019599
v 39.38695908 3.87692642 -5.00000000
v 39.46357727 3.97721672 -2.49019599
v 39.46357727 3.97721672 -5.00000000
v 39.53978348 4.07734156 -2.49019599
v 39.53978348 4.07734156 -5.00000000
v 39.61832809 4.17450905 -2.49019599
v 39.61832809 4.17450905 -5.00000000
v 39.70069885 4.26821041 -2.49019599
v 39.70069885 4.26821041 -5.00000000
v 39.78412247 4.36100817 -2.49019599
v 39.78412247 4.36100817 -5.00000000
v 39.86840439 4.45360136 -2.49019599
v 39.86840439 4.45360136 -5.00000000
v 39.95257187 4.54526615 -2.49019599
v 39.95257187 4.54526615 -5.00000000
v 40.03833008 4.63800001 -2.49019599
v 40.03833008 4.63800001 -5.00000000
v 40.12380600 4.72986412 -2.49019599
v 40.12380600 4.72986412 -5.00000000
v 40.20895004 4.82085514 -2.49019599
v 40.20895004 4.82085514 -5.00000000
v 40.29547119 4.91281128 -2.49019599
v 40.29547119 4.91281128 -5.00000000
v 40.38070679 5.00291109 -2.49019599
v 40.38070679 5.00291109 -5.00000000
v 40.46656418 5.09417534 -2.49019599
v 40.46656418 5.09417534 -5.00000000
v 40.55164337 5.18583679 -2.49019599
v 40.55164337 5.18583679 -5.00000000
v 40.63704300 5.27904272 -2.49019599
v 40.63704300 5.27904272 -5.00000000
v 40.72045898 5.37125969 -2.49019599
v 40.72045898 5.37125969 -5.00000000
v 40.80448151 5.46538162 -2.49019599
v 40.80448151 5.46538162 -5.00000000
v 40.88650513 5.55858707 -2.49019599
v 40.88650513 5.55858707 -5.00000000
v 40.96886444 5.65372610 -2.49019599
v 40.96886444 5.65372610 -5.00000000
v 41.04986954 5.74923992 -2.49019599
v 41.04986954 5.74923992 -5.00000000
v 41.12972641 5.84613514 -2.49019599
v 41.12972641 5.84613514 -5.00000000
v 41.20702362 5.94471979 -2.49019599
v 41.20702362 5.94471979 -5.00000000
v 41.27891541 6.04716063 -2.49019599
v 41.27891541 6.04716063 -5.00000000
v 41.35248947 6.14748669 -2.49019599
v 41.35248947 6.14748669 -5.00000000
v 41.42981339 6.24637604 -2.49019599
v 41.42981339 6.24637604 -5.00000000
v 41.50897598 6.34290648 -2.49019599
v 41.50897598 6.34290648 -5.00000000
v 41.59065628 6.43817854 -2.49019599
v 41.59065628 6.43817854 -5.00000000
v 41.67469025 6.53132820 -2.49019599
v 41.67469025 6.53132820 -5.00000000
v 41.76072693 6.62223577 -2.49019599
v 41.76072693 6.62223577 -5.00000000
v 41.84294510 6.71717930 -2.49019599
v 41.84294510 6.71717930 -5.00000000
v 41.91830826 6.81637239 -2.49019599
v 41.91830826 6.81637239 -5.00000000
v 41.98324203 6.92379093 -2.49019599
v 41.98324203 6.92379093 -5.00000000
v 42.02075958 7.04193163 -2.49019599
v 42.02075958 7.04193163 -5.00000000
v 42.09000015 7.14572477 -2.49019599
v 42.09000015 7.14572477 -5.00000000
v 42.17230988 7.24068308 -2.49019599
v 42.17230988 7.24068308 -5.00000000
v 42.26223373 7.32774639 -2.49019599
v 42.26223373 7.32774639 -5.00000000
v 42.35052490 7.41644430 -2.49019599
v 42.35052490 7.41644430 -5.00000000
v 42.43083954 7.51287746 -2.49019599
v 42.43083954 7.51287746 -5.00000000
v 42.49419785 7.61995602 -2.49019599
v 42.49419785 7.61995602 -5.00000000
v 42.52881241 7.73905325 -2.49019599
v 42.52881241 7.73905325 -5.00000000
v 42.59673691 7.84321737 -2.49019599
v 42.59673691 7.84321737 -5.00000000
v 42.67321777 7.94330454 -2.49019599
v 42.67321777 7.94330454 -5.00000000
v 42.75233459 8.04106426 -2.49019599
v 42.75233459 8.04106426 -5.00000000
v 42.83205414 8.13682747 -2.49019599
v 42.83205414 8.13682747 -5.00000000
v 42.91355515 8.23315334 -2.49019599
v 42.91355515 8.23315334 -5.00000000
v 42.99431229 8.32762814 -2.49019599
v 42.99431229 8.32762814 -5.00000000
v 43.07664490 8.42329597 -2.49019599
v 43.07664490 8.42329597 -5.00000000
v 43.15895081 8.51848125 -2.49019599
v 43.15895081 8.51848125 -5.00000000
v 43.24010468 8.61202431 -2.49019599
v 43.24010468 8.61202431 -5.00000000
v 43.32289505 8.70723057 -2.49019599
v 43.32289505 8.70723057 -5.00000000
v 43.40449142 8.80089760 -2.49019599
v 43.40449142 8.80089760 -5.00000000
v 43.48592758 8.89657307 -2.49019599
v 43.48592758 8.89657307 -5.00000000
v 43.56449127 8.99357891 -2.49019599
v 43.56449127 8.99357891 -5.00000000
v 43.64064407 9.09351540 -2.49019599
v 43.64064407 9.09351540 -5.00000000
v 43.71121597 9.19616127 -2.49019599
v 43.71121597 9.19616127 -5.00000000
v 43.76244354 9.30974960 -2.49019599
v 43.76244354 9.30974960 -5.00000000
v 43.83268738 9.41307068 -2.49019599
v 43.83268738 9.41307068 -5.00000000
v 43.91059875 9.51165295 -2.49019599
v 43.91059875 9.51165295 -5.00000000
v 43.99138641 9.60714245 -2.49019599
v 43.99138641 9.60714245 -5.00000000
v 44.07427979 9.70036316 -2.49019599
v 44.07427979 9.70036316 -5.00000000
v 44.15937042 9.79267502 -2.49019599
v 44.15937042 9.79267502 -5.00000000
v 44.24188614 9.88617897 -2.49019599
v 44.24188614 9.88617897 -5.00000000
v 44.32195282 9.98312283 -2.49019599
v 44.32195282 9.98312283 -5.00000000
v 44.39749146 10.08246040 -2.49019599
v 44.39749146 10.08246040 -5.00000000
v 44.46652985 10.18700886 -2.49019599
v 44.46652985 10.18700886 -5.00000000
v 44.47393799 10.27823448 -2.49019599
v 44.47393799 10.27823448 -5.00000000
v 44.34286118 10.29145050 -2.49019599
v 44.34286118 10.29145050 -5.00000000
v 44.20999527 10.29922867 -2.49019599
v 44.20999527 10.29922867 -5.00000000
v 44.09624100 10.30442619 -2.49019599
v 44.09624100 10.30442619 -5.00000000
v 43.96022034 10.30965614 -2.49019599
v 43.96022034 10.30965614 -5.00000000
v 43.84567642 10.31349659 -2.49019599
v 43.84567642 10.31349659 -5.00000000
v 43.72088623 10.31725407 -2.49019599
v 43.72088623 10.31725407 -5.00000000
v 43.59206772 10.32076931 -2.49019599
v 43.59206772 10.32076931 -5.00000000
v 43.46586990 10.32392502 -2.49019599
v 43.46586990 10.32392502 -5.00000000
v 43.33646011 10.32691574 -2.49019599
v 43.33646011 10.32691574 -5.00000000
v 43.22300339 10.32936573 -2.49019599
v 43.22300339 10.32936573 -5.00000000
v 43.09802246 10.33190060 -2.49019599
v 43.09802246 10.33190060 -5.00000000
v 42.96957779 10.33435059 -2.49019599
v 42.96957779 10.33435059 -5.00000000
v 42.83393478 10.33678532 -2.49019599
v 42.83393478 10.33678532 -5.00000000
v 42.70653534 10.33894634 -2.49019599
v 42.70653534 10.33894634 -5.00000000
v 42.58797836 10.34085655 -2.49019599
v 42.58797836 10.34085655 -5.00000000
v 42.45628357 10.34287548 -2.49019599
v 42.45628357 10.34287548 -5.00000000
v 42.33118057 10.34470177 -2.49019599
v 42.33118057 10.34470177 -5.00000000
v 42.21291733 10.34635162 -2.49019599
v 42.21291733 10.34635162 -5.00000000
v 42.08831024 10.34801579 -2.49019599
v 42.08831024 10.34801579 -5.00000000
v 41.96940613 10.34953785 -2.49019599
v 41.96940613 10.34953785 -5.00000000
v 41.84164047 10.35110378 -2.49019599
v 41.84164047 10.35110378 -5.00000000
v 41.71838760 10.35255337 -2.49019599
v 41.71838760 10.35255337 -5.00000000
v 41.58385468 10.35406780 -2.49019599
v 41.58385468 10.35406780 -5.00000000
v 41.46906662 10.35530949 -2.49019599
v 41.46906662 10.35530949 -5.00000000
v 41.34183884 10.35663223 -2.49019599
v 41.34183884 10.35663223 -5.00000000
v 41.21795654 10.35786915 -2.49019599
v 41.21795654 10.35786915 -5.00000000
v 41.07954025 10.35919476 -2.49019599
v 41.07954025 10.35919476 -5.00000000
v 40.96174622 10.36027908 -2.49019599
v 40.96174622 10.36027908 -5.00000000
v 40.82844543 10.36145782 -2.49019599
v 40.82844543 10.36145782 -5.00000000
v 40.71644211 10.36241055 -2.49019599
v 40.71644211 10.36241055 -5.00000000
v 40.58802795 10.36346245 -2.49019599
v 40.58802795 10.36346245 -5.00000000
v 40.46178055 10.36445618 -2.49019599
v 40.46178055 10.36445618 -5.00000000
v 40.33761978 10.36539555 -2.49019599
v 40.33761978 10.36539555 -5.00000000
v 40.21545029 10.36628437 -2.49019599
v 40.21545029 10.36628437 -5.00000000
v 40.08509445 10.36719513 -2.49019599
v 40.08509445 10.36719513 -5.00000000
v 39.95639420 10.36805725 -2.49019599
v 39.95639420 10.36805725 -5.00000000
v 39.83944702 10.36881065 -2.49019599
v 39.83944702 10.36881065 -5.00000000
v 39.70365524 10.36964893 -2.49019599
v 39.70365524 10.36964893 -5.00000000
v 39.58964539 10.37032413 -2.49019599
v 39.58964539 10.37032413 -5.00000000
v 39.45657349 10.37108040 -2.49019599
v 39.45657349 10.37108040 -5.00000000
v 39.33490753 10.37174129 -2.49019599
v 39.33490753 10.37174129 -5.00000000
v 39.21434021 10.37236977 -2.49019599
v 39.21434021 10.37236977 -5.00000000
v 39.08478546 10.37301540 -2.49019599
v 39.08478546 10.37301540 -5.00000000
v 38.95629883 10.37362576 -2.49019599
v 38.95629883 10.37362576 -5.00000000
v 38.82881927 10.37420273 -2.49019599
v 38.82881927 10.37420273 -5.00000000
v 38.70227051 10.37474823 -2.49019599
v 38.70227051 10.37474823 -5.00000000
v 38.57658386 10.37526321 -2.49019599
v 38.57658386 10.37526321 -5.00000000
v 38.45167542 10.37574959 -2.49019599
v 38.45167542 10.37574959 -5.00000000
v 38.32746124 10.37620831 -2.49019599
v 38.32746124 10.37620831 -5.00000000
v 38.20385361 10.37664127 -2.49019599
v 38.20385361 10.37664127 -5.00000000
v 38.08076477 10.37704849 -2.49019599
v 38.08076477 10.37704849 -5.00000000
v 37.95809937 10.37743092 -2.49019599
v 37.95809937 10.37743092 -5.00000000
v 37.83576202 10.37779045 -2.49019599
v 37.83576202 10.37779045 -5.00000000
v 37.71365356 10.37812710 -2.49019599
v 37.71365356 10.37812710 -5.00000000
v 37.57696533 10.37847805 -2.49019599
v 37.57696533 10.37847805 -5.00000000
v 37.45571518 10.37876701 -2.49019599
v 37.45571518 10.37876701 -5.00000000
v 37.33443451 10.37903500 -2.49019599
v 37.33443451 10.37903500 -5.00000000
v 37.21300888 10.37928295 -2.49019599
v 37.21300888 10.37928295 -5.00000000
v 37.07966995 10.37953186 -2.49019599
v 37.07966995 10.37953186 -5.00000000
v 36.94769669 10.37975502 -2.49019599
v 36.94769669 10.37975502 -5.00000000
v 36.83690643 10.37992382 -2.49019599
v 36.83690643 10.37992382 -5.00000000
v 36.70580673 10.38010311 -2.49019599
v 36.70580673 10.38010311 -5.00000000
v 36.57600784 10.38025761 -2.49019599
v 36.57600784 10.38025761 -5.00000000
v 36.46148300 10.38037682 -2.49019599
v 36.46148300 10.38037682 -5.00000000
v 36.33219147 10.38049030 -2.49019599
v 36.33219147 10.38049030 -5.00000000
v 36.20412827 10.38058186 -2.49019599
v 36.20412827 10.38058186 -5.00000000
v 36.07728577 10.38065338 -2.49019599
v 36.07728577 10.38065338 -5.00000000
v 35.96198654 10.38070011 -2.49019599
v 35.96198654 10.38070011 -5.00000000
v 35.82167816 10.38073444 -2.49019599
v 35.82167816 10.38073444 -5.00000000
v 35.70604324 10.38074589 -2.49019599
v 35.70604324 10.38074589 -5.00000000
v 35.57920074 10.38074589 -2.49019599
v 35.57920074 10.38074589 -5.00000000
v 35.45401001 10.38074589 -2.49019599
v 35.45401001 10.38074589 -5.00000000
v 35.32881927 10.38074589 -2.49019599
v 35.32881927 10.38074589 -5.00000000
v 35.20363235 10.38074589 -2.49019599
v 35.20363235 10.38074589 -5.00000000
v 35.07844162 10.38074589 -2.49019599
v 35.07844162 10.38074589 -5.00000000
v 34.95325089 10.38074589 -2.49019599
v 34.95325089 10.38074589 -5.00000000
v 34.82806015 10.38074589 -2.49019599
v 34.82806015 10.38074589 -5.00000000
v 34.70287323 10.38074589 -2.49019599
v 34.70287323 10.38074589 -5.00000000
v 34.57768250 10.38074589 -2.49019599
v 34.57768250 10.38074589 -5.00000000
v 34.45249176 10.38074589 -2.49019599
v 34.45249176 10.38074589 -5.00000000
v 34.32730103 10.38074589 -2.49019599
v 34.32730103 10.38074589 -5.00000000
v 34.20211411 10.38074589 -2.49019599
v 34.20211411 10.38074589 -5.00000000
v 34.07692337 10.38074589 -2.49019599
v 34.07692337 10.38074589 -5.00000000
v 33.95173264 10.38074589 -2.49019599
v 33.95173264 10.38074589 -5.00000000
v 33.82654190 10.38074589 -2.49019599
v 33.82654190 10.38074589 -5.00000000
v 33.70135498 10.38074589 -2.49019599
v 33.70135498 10.38074589 -5.00000000
v 33.57616425 10.38074589 -2.49019599
v 33.57616425 10.38074589 -5.00000000
v 33.45097351 10.38074589 -2.49019599
v 33.45097351 10.38074589 -5.00000000
v 33.32578278 10.38074589 -2.49019599
v 33.32578278 10.38074589 -5.00000000
v 33.20059586 10.38074589 -2.49019599
v 33.20059586 10.38074589 -5.00000000
v 33.07540512 10.38074589 -2.49019599
v 33.07540512 10.38074589 -5.00000000
v 32.95021439 10.38074589 -2.49019599
v 32.95021439 10.38074589 -5.00000000
v 32.82502365 10.38074589 -2.49019599
v 32.82502365 10.38074589 -5.00000000
v 32.69983673 10.38074589 -2.49019599
v 32.69983673 10.38074589 -5.00000000
v 32.57464600 10.38074589 -2.49019599
v 32.57464600 10.38074589 -5.00000000
v 32.44945526 10.38074589 -2.49019599
v 32.44945526 10.38074589 -5.00000000
v 32.32426453 10.38074589 -2.49019599
v 32.32426453 10.38074589 -5.00000000
v 32.19907761 10.38074589 -2.49019599
v 32.19907761 10.38074589 -5.00000000
v 32.07388687 10.38074589 -2.49019599
v 32.07388687 10.38074589 -5.00000000
v 31.94869614 10.38074589 -2.49019599
v 31.94869614 10.38074589 -5.00000000
v 31.82350731 10.38074589 -2.49019599
v 31.82350731 10.38074589 -5.00000000
v 31.69831657 10.38074589 -2.49019599
v 31.69831657 10.38074589 -5.00000000
v 31.57312775 10.38074589 -2.49019599
v 31.57312775 10.38074589 -5.00000000
v 31.44793701 10.38074589 -2.49019599
v 31.44793701 10.38074589 -5.00000000
v 31.32274818 10.38074589 -2.49019599
v 31.32274818 10.38074589 -5.00000000
v 31.19755745 10.38074589 -2.49019599
v 31.19755745 10.38074589 -5.00000000
v 31.07236862 10.38074589 -2.49019599
v 31.07236862 10.38074589 -5.00000000
v 30.94717789 10.38074589 -2.49019599
v 30.94717789 10.38074589 -5.00000000
v 30.82198906 10.38074589 -2.49019599
v 30.82198906 10.38074589 -5.00000000
v 30.69679832 10.38074589 -2.49019599
v 30.69679832 10.38074589 -5.00000000
v 30.57160950 10.38074589 -2.49019599
v 30.57160950 10.38074589 -5.00000000
v 30.44641876 10.38074589 -2.49019599
v 30.44641876 10.38074589 -5.00000000
v 30.32122993 10.38074589 -2.49019599
v 30.32122993 10.38074589 -5.00000000
v 30.19603920 10.38074589 -2.49019599
v 30.19603920 10.38074589 -5.00000000
v 30.07085037 10.38074589 -2.49019599
v 30.07085037 10.38074589 -5.00000000
v 29.94565964 10.38074589 -2.49019599
v 29.94565964 10.38074589 -5.00000000
v 29.82047081 10.38074589 -2.49019599
v 29.82047081 10.38074589 -5.00000000
v 29.69528008 10.38074589 -2.49019599
v 29.69528008 10.38074589 -5.00000000
v 29.57009125 10.38074589 -2.49019599
v 29.57009125 10.38074589 -5.00000000
v 29.44490051 10.38074589 -2.49019599
v 29.44490051 10.38074589 -5.00000000
v 29.31971169 10.38074589 -2.49019599
v 29.31971169 10.38074589 -5.00000000
v 29.19452095 10.38074589 -2.49019599
v 29.19452095 10.38074589 -5.00000000
v 29.06933212 10.38074589 -2.49019599
v 29.06933212 10.38074589 -5.00000000
v 28.94414139 10.38074589 -2.49019599
v 28.94414139 10.38074589 -5.00000000
v 28.81895256 10.38074589 -2.49019599
v 28.81895256 10.38074589 -5.00000000
v 28.69376183 10.38074589 -2.49019599
v 28.69376183 10.38074589 -5.00000000
v 28.56857300 10.38074589 -2.49019599
v 28.56857300 10.38074589 -5.00000000
v 28.44338226 10.38074589 -2.49019599
v 28.44338226 10.38074589 -5.00000000
v 28.31819344 10.38074589 -2.49019599
v 28.31819344 10.38074589 -5.00000000
v 28.19300270 10.38074589 -2.49019599
v 28.19300270 10.38074589 -5.00000000
v 28.06781387 10.38074589 -2.49019599
v 28.06781387 10.38074589 -5.00000000
v 27.94262314 10.38074589 -2.49019599
v 27.94262314 10.38074589 -5.00000000
v 27.81743431 10.38074589 -2.49019599
v 27.81743431 10.38074589 -5.00000000
v 27.69224358 10.38074589 -2.49019599
v 27.69224358 10.38074589 -5.00000000
v 27.56705475 10.38074589 -2.49019599
v 27.56705475 10.38074589 -5.00000000
v 27.44186401 10.38074589 -2.49019599
v 27.44186401 10.38074589 -5.00000000
v 27.31667519 10.38074589 -2.49019599
v 27.31667519 10.38074589 -5.00000000
v 27.19148445 10.38074589 -2.49019599
v 27.19148445 10.38074589 -5.00000000
v 27.06629562 10.38074589 -2.49019599
v 27.06629562 10.38074589 -5.00000000
v 26.94110489 10.38074589 -2.49019599
v 26.94110489 10.38074589 -5.00000000
v 26.87500000 10.32162857 -2.49019599
v 26.87500000 10.32162857 -5.00000000
v 26.87500000 10.19637012 -2.49019599
v 26.87500000 10.19637012 -5.00000000
v 26.87500000 10.07111073 -2.49019599
v 26.87500000 10.07111073 -5.00000000
v 26.87500000 9.94585133 -2.49019599
v 26.87500000 9.94585133 -5.00000000
v 26.87500000 9.82059288 -2.49019599
v 26.87500000 9.82059288 -5.00000000
v 26.87500000 9.69533348 -2.49019599
v 26.87500000 9.69533348 -5.00000000
v 26.87500000 9.57007408 -2.49019599
v 26.87500000 9.57007408 -5.00000000
v 26.87500000 9.44481468 -2.49019599
v 26.87500000 9.44481468 -5.00000000
v 26.87500000 9.31955624 -2.49019599
v 26.87500000 9.31955624 -5.00000000
v 26.87500000 9.19429684 -2.49019599
v 26.87500000 9.19429684 -5.00000000
v 26.87500000 9.06903744 -2.49019599
v 26.87500000 9.06903744 -5.00000000
v 26.87500000 8.94377899 -2.49019599
v 26.87500000 8.94377899 -5.00000000
v 26.87500000 8.81851959 -2.49019599
v 26.87500000 8.81851959 -5.00000000
v 26.87500000 8.69326019 -2.49019599
v 26.87500000 8.69326019 -5.00000000
v 26.87500000 8.56800175 -2.49019599
v 26.87500000 8.56800175 -5.00000000
v 26.87500000 8.44274235 -2.49019599
v 26.87500000 8.44274235 -5.00000000
v 26.87500000 8.31748295 -2.49019599
v 26.87500000 8.31748295 -5.00000000
v 26.87500000 8.19222450 -2.49019599
v 26.87500000 8.19222450 -5.00000000
v 27.17190552 -2.65678906 -2.49019599
v 27.16562462 -2.53177643 -2.49019599
v 27.16562462 -2.53177643 -5.00000000
v 27.17190552 -2.65678906 -5.00000000
v 27.17891502 -2.78306818 -2.49019599
v 27.17891502 -2.78306818 -5.00000000
v 27.18646240 -2.90674949 -2.49019599
v 27.18646240 -2.90674949 -5.00000000
v 27.19481087 -3.03168607 -2.49019599
v 27.19481087 -3.03168607 -5.00000000
v 27.20391655 -3.15627074 -2.49019599
v 27.20391655 -3.15627074 -5.00000000
v 27.21392822 -3.28142309 -2.49019599
v 27.21392822 -3.28142309 -5.00000000
v 27.22478104 -3.40519834 -2.49019599
v 27.22478104 -3.40519834 -5.00000000
v 27.23682976 -3.52995133 -2.49019599
v 27.23682976 -3.52995133 -5.00000000
v 27.25034904 -3.65591002 -2.49019599
v 27.25034904 -3.65591002 -5.00000000
v 27.26511765 -3.77816653 -2.49019599
v 27.26511765 -3.77816653 -5.00000000
v 27.28280830 -3.90512753 -2.49019599
v 27.28280830 -3.90512753 -5.00000000
v 27.30366135 -4.02883720 -2.49019599
v 27.30366135 -4.02883720 -5.00000000
v 27.33106232 -4.14894056 -2.49019599
v 27.33106232 -4.14894056 -5.00000000
v 27.39938736 -4.24789429 -2.49019599
v 27.39938736 -4.24789429 -5.00000000
v 27.45883560 -4.35646677 -2.49019599
v 27.45883560 -4.35646677 -5.00000000
v 27.48768997 -4.47795725 -2.49019599
v 27.48768997 -4.47795725 -5.00000000
v 27.49941254 -4.60272217 -2.49019599
v 27.49941254 -4.60272217 -5.00000000
v 27.50350571 -4.72766876 -2.49019599
v 27.50350571 -4.72766876 -5.00000000
v 27.52171326 -4.85158014 -2.49019599
v 27.52171326 -4.85158014 -5.00000000
v 27.56569099 -4.96822739 -2.49019599
v 27.56569099 -4.96822739 -5.00000000
v 27.66313171 -5.03970432 -2.49019599
v 27.66313171 -5.03970432 -5.00000000
v 27.71986771 -5.15104675 -2.49019599
v 27.71986771 -5.15104675 -5.00000000
v 27.75972366 -5.26930094 -2.49019599
v 27.75972366 -5.26930094 -5.00000000
v 27.79071426 -5.39121485 -2.49019599
v 27.79071426 -5.39121485 -5.00000000
v 27.81436729 -5.51393747 -2.49019599
v 27.81436729 -5.51393747 -5.00000000
v 27.83927345 -5.63685322 -2.49019599
v 27.83927345 -5.63685322 -5.00000000
v 27.87128639 -5.75701666 -2.49019599
v 27.87128639 -5.75701666 -5.00000000
v 27.91343880 -5.87537575 -2.49019599
v 27.91343880 -5.87537575 -5.00000000
v 27.97545815 -5.98301172 -2.49019599
v 27.97545815 -5.98301172 -5.00000000
v 28.07698441 -6.04872656 -2.49019599
v 28.07698441 -6.04872656 -5.00000000
v 28.11837196 -6.16585159 -2.49019599
v 28.11837196 -6.16585159 -5.00000000
v 28.12879372 -6.29051638 -2.49019599
v 28.12879372 -6.29051638 -5.00000000
v 28.16498756 -6.40977573 -2.49019599
v 28.16498756 -6.40977573 -5.00000000
v 28.22044563 -6.52222252 -2.49019599
v 28.22044563 -6.52222252 -5.00000000
v 28.28733253 -6.62771177 -2.49019599
v 28.28733253 -6.62771177 -5.00000000
v 28.36419487 -6.72675705 -2.49019599
v 28.36419487 -6.72675705 -5.00000000
v 28.44961166 -6.81809235 -2.49019599
v 28.44961166 -6.81809235 -5.00000000
v 28.52997589 -6.91444302 -2.49019599
v 28.52997589 -6.91444302 -5.00000000
v 28.60179520 -7.01653814 -2.49019599
v 28.60179520 -7.01653814 -5.00000000
v 28.66715431 -7.12442160 -2.49019599
v 28.66715431 -7.12442160 -5.00000000
v 28.72412109 -7.23453712 -2.49019599
v 28.72412109 -7.23453712 -5.00000000
v 28.77260399 -7.34973145 -2.49019599
v 28.77260399 -7.34973145 -5.00000000
v 28.80782509 -7.46992350 -2.49019599
v 28.80782509 -7.46992350 -5.00000000
v 28.85054779 -7.58790064 -2.49019599
v 28.85054779 -7.58790064 -5.00000000
v 28.90477180 -7.69987249 -2.49019599
v 28.90477180 -7.69987249 -5.00000000
v 28.96619797 -7.80943155 -2.49019599
v 28.96619797 -7.80943155 -5.00000000
v 29.03211021 -7.91566753 -2.49019599
v 29.03211021 -7.91566753 -5.00000000
v 29.10216904 -8.01967525 -2.49019599
v 29.10216904 -8.01967525 -5.00000000
v 29.17608452 -8.12150192 -2.49019599
v 29.17608452 -8.12150192 -5.00000000
v 29.25302315 -8.21993446 -2.49019599
v 29.25302315 -8.21993446 -5.00000000
v 29.33407211 -8.31571674 -2.49019599
v 29.33407211 -8.31571674 -5.00000000
v 29.41704941 -8.40883350 -2.49019599
v 29.41704941 -8.40883350 -5.00000000
v 29.49905586 -8.50240898 -2.49019599
v 29.49905586 -8.50240898 -5.00000000
v 29.58083916 -8.59730053 -2.49019599
v 29.58083916 -8.59730053 -5.00000000
v 29.66250038 -8.69361973 -2.49019599
v 29.66250038 -8.69361973 -5.00000000
v 29.74248695 -8.78960991 -2.49019599
v 29.74248695 -8.78960991 -5.00000000
v 29.82138252 -8.88621712 -2.49019599
v 29.82138252 -8.88621712 -5.00000000
v 29.89936256 -8.98434448 -2.49019599
v 29.89936256 -8.98434448 -5.00000000
v 29.97460175 -9.08365726 -2.49019599
v 29.97460175 -9.08365726 -5.00000000
v 30.04967690 -9.18471241 -2.49019599
v 30.04967690 -9.18471241 -5.00000000
v 30.13548470 -9.27660751 -2.49019599
v 30.13548470 -9.27660751 -5.00000000
v 30.23392677 -9.35339832 -2.49019599
v 30.23392677 -9.35339832 -5.00000000
v 30.35116577 -9.39366722 -2.49019599
v 30.35116577 -9.39366722 -5.00000000
v 30.45018005 -9.46870804 -2.49019599
v 30.45018005 -9.46870804 -5.00000000
v 30.53712463 -9.55889320 -2.49019599
v 30.53712463 -9.55889320 -5.00000000
v 30.61641502 -9.65584564 -2.49019599
v 30.61641502 -9.65584564 -5.00000000
v 30.68885612 -9.75742722 -2.49019599
v 30.68885612 -9.75742722 -5.00000000
v 30.76211166 -9.85956478 -2.49019599
v 30.76211166 -9.85956478 -5.00000000
v 30.84153748 -9.95605278 -2.49019599
v 30.84153748 -9.95605278 -5.00000000
v 30.92897224 -10.04593086 -2.49019599
v 30.92897224 -10.04593086 -5.00000000
v 31.02900887 -10.11972332 -2.49019599
v 31.02900887 -10.11972332 -5.00000000
v 31.14686394 -10.15936947 -2.49019599
v 31.14686394 -10.15936947 -5.00000000
v 31.24615479 -10.23532963 -2.49019599
v 31.24615479 -10.23532963 -5.00000000
v 31.33229828 -10.32583523 -2.49019599
v 31.33229828 -10.32583523 -5.00000000
v 31.40882492 -10.42430305 -2.49019599
v 31.40882492 -10.42430305 -5.00000000
v 31.49617386 -10.51438332 -2.49019599
v 31.49617386 -10.51438332 -5.00000000
v 31.59666824 -10.58902836 -2.49019599
v 31.59666824 -10.58902836 -5.00000000
v 31.71334076 -10.63086891 -2.49019599
v 31.71334076 -10.63086891 -5.00000000
v 31.82969666 -10.66895676 -2.49019599
v 31.82969666 -10.66895676 -5.00000000
v 31.87835503 -10.77949715 -2.49019599
v 31.87835503 -10.77949715 -5.00000000
v 31.96581078 -10.86298943 -2.49019599
v 31.96581078 -10.86298943 -5.00000000
v 32.08883667 -10.88226128 -2.49019599
v 32.08883667 -10.88226128 -5.00000000
v 32.20467758 -10.92477894 -2.49019599
v 32.20467758 -10.92477894 -5.00000000
v 32.25489807 -11.03445911 -2.49019599
v 32.25489807 -11.03445911 -5.00000000
v 32.34563065 -11.11501312 -2.49019599
v 32.34563065 -11.11501312 -5.00000000
v 32.46890259 -11.13292789 -2.49019599
v 32.46890259 -11.13292789 -5.00000000
v 32.58372879 -11.17817211 -2.49019599
v 32.58372879 -11.17817211 -5.00000000
v 32.63323212 -11.28849030 -2.49019599
v 32.63323212 -11.28849030 -5.00000000
v 32.73293304 -11.36012173 -2.49019599
v 32.73293304 -11.36012173 -5.00000000
v 32.85564804 -11.38114834 -2.49019599
v 32.85564804 -11.38114834 -5.00000000
v 32.98014069 -11.39365959 -2.49019599
v 32.98014069 -11.39365959 -5.00000000
v 33.09801865 -11.43412590 -2.49019599
v 33.09801865 -11.43412590 -5.00000000
v 33.19228745 -11.51334953 -2.49019599
v 33.19228745 -11.51334953 -5.00000000
v 33.29618073 -11.58177853 -2.49019599
v 33.29618073 -11.58177853 -5.00000000
v 33.41609955 -11.61643028 -2.49019599
v 33.41609955 -11.61643028 -5.00000000
v 33.54006195 -11.63085556 -2.49019599
v 33.54006195 -11.63085556 -5.00000000
v 33.66519547 -11.63772202 -2.49019599
v 33.66519547 -11.63772202 -5.00000000
v 33.78581619 -11.66835213 -2.49019599
v 33.78581619 -11.66835213 -5.00000000
v 33.87451935 -11.74947071 -2.49019599
v 33.87451935 -11.74947071 -5.00000000
v 33.98540497 -11.79193974 -2.49019599
v 33.98540497 -11.79193974 -5.00000000
v 34.11002731 -11.80641842 -2.49019599
v 34.11002731 -11.80641842 -5.00000000
v 34.23085785 -11.81628704 -2.49019599
v 34.23085785 -11.81628704 -5.00000000
v 34.35927200 -11.82452488 -2.49019599
v 34.35927200 -11.82452488 -5.00000000
v 34.48550034 -11.83119965 -2.49019599
v 34.48550034 -11.83119965 -5.00000000
v 34.60480118 -11.83659172 -2.49019599
v 34.60480118 -11.83659172 -5.00000000
v 34.73009109 -11.84152794 -2.49019599
v 34.73009109 -11.84152794 -5.00000000
v 34.85502243 -11.84586143 -2.49019599
v 34.85502243 -11.84586143 -5.00000000
v 34.98699951 -11.84991932 -2.49019599
v 34.98699951 -11.84991932 -5.00000000
v 35.10536575 -11.85317707 -2.49019599
v 35.10536575 -11.85317707 -5.00000000
v 35.23300934 -11.85634518 -2.49019599
v 35.23300934 -11.85634518 -5.00000000
v 35.35877609 -11.85916138 -2.49019599
v 35.35877609 -11.85916138 -5.00000000
v 35.48445511 -11.86170959 -2.49019599
v 35.48445511 -11.86170959 -5.00000000
v 35.61188507 -11.86405277 -2.49019599
v 35.61188507 -11.86405277 -5.00000000
v 35.73245621 -11.86606884 -2.49019599
v 35.73245621 -11.86606884 -5.00000000
v 35.85722733 -11.86796761 -2.49019599
v 35.85722733 -11.86796761 -5.00000000
v 35.98774338 -11.86977005 -2.49019599
v 35.98774338 -11.86977005 -5.00000000
v 36.10812378 -11.87127876 -2.49019599
v 36.10812378 -11.87127876 -5.00000000
v 36.23578262 -11.87273026 -2.49019599
v 36.23578262 -11.87273026 -5.00000000
v 36.35988998 -11.87400532 -2.49019599
v 36.35988998 -11.87400532 -5.00000000
v 36.48085785 -11.87512779 -2.49019599
v 36.48085785 -11.87512779 -5.00000000
v 36.61065292 -11.87621021 -2.49019599
v 36.61065292 -11.87621021 -5.00000000
v 36.73792267 -11.87715530 -2.49019599
v 36.73792267 -11.87715530 -5.00000000
v 36.85759354 -11.87794590 -2.49019599
v 36.85759354 -11.87794590 -5.00000000
v 36.98633575 -11.87869549 -2.49019599
v 36.98633575 -11.87869549 -5.00000000
v 37.11323547 -11.87933922 -2.49019599
v 37.11323547 -11.87933922 -5.00000000
v 37.23862457 -11.87988663 -2.49019599
v 37.23862457 -11.87988663 -5.00000000
v 37.36288834 -11.88034534 -2.49019599
v 37.36288834 -11.88034534 -5.00000000
v 37.48645401 -11.88072491 -2.49019599
v 37.48645401 -11.88072491 -5.00000000
v 37.60979080 -11.88103008 -2.49019599
v 37.60979080 -11.88103008 -5.00000000
v 37.73339844 -11.88126469 -2.49019599
v 37.73339844 -11.88126469 -5.00000000
v 37.85781860 -11.88143349 -2.49019599
v 37.85781860 -11.88143349 -5.00000000
v 37.98735809 -11.88153934 -2.49019599
v 37.98735809 -11.88153934 -5.00000000
v 38.11140442 -11.88157558 -2.49019599
v 38.11140442 -11.88157558 -5.00000000
v 38.23697281 -11.88157654 -2.49019599
v 38.23697281 -11.88157654 -5.00000000
v 38.36212158 -11.88157654 -2.49019599
v 38.36212158 -11.88157654 -5.00000000
v 38.48727036 -11.88157654 -2.49019599
v 38.48727036 -11.88157654 -5.00000000
v 38.61242294 -11.88157654 -2.49019599
v 38.61242294 -11.88157654 -5.00000000
v 38.73757172 -11.88157654 -2.49019599
v 38.73757172 -11.88157654 -5.00000000
v 38.86272049 -11.88157654 -2.49019599
v 38.86272049 -11.88157654 -5.00000000
v 38.98786926 -11.88157654 -2.49019599
v 38.98786926 -11.88157654 -5.00000000
v 39.11301804 -11.88157654 -2.49019599
v 39.11301804 -11.88157654 -5.00000000
v 39.23816681 -11.88157654 -2.49019599
v 39.23816681 -11.88157654 -5.00000000
v 39.36331940 -11.88157654 -2.49019599
v 39.36331940 -11.88157654 -5.00000000
v 39.48846817 -11.88157654 -2.49019599
v 39.48846817 -11.88157654 -5.00000000
v 39.61361694 -11.88157654 -2.49019599
v 39.61361694 -11.88157654 -5.00000000
v 39.73876572 -11.88157654 -2.49019599
v 39.73876572 -11.88157654 -5.00000000
v 39.86391449 -11.88157654 -2.49019599
v 39.86391449 -11.88157654 -5.00000000
v 39.98906326 -11.88157654 -2.49019599
v 39.98906326 -11.88157654 -5.00000000
v 40.11421204 -11.88157654 -2.49019599
v 40.11421204 -11.88157654 -5.00000000
v 40.23936462 -11.88157654 -2.49019599
v 40.23936462 -11.88157654 -5.00000000
v 40.36451340 -11.88157654 -2.49019599
v 40.36451340 -11.88157654 -5.00000000
v 40.48966217 -11.88157654 -2.49019599
v 40.48966217 -11.88157654 -5.00000000
v 40.61481094 -11.88157654 -2.49019599
v 40.61481094 -11.88157654 -5.00000000
v 40.73995972 -11.88157654 -2.49019599
v 40.73995972 -11.88157654 -5.00000000
v 40.86510849 -11.88157654 -2.49019599
v 40.86510849 -11.88157654 -5.00000000
v 40.99025726 -11.88157654 -2.49019599
v 40.99025726 -11.88157654 -5.00000000
v 41.11540985 -11.88157654 -2.49019599
v 41.11540985 -11.88157654 -5.00000000
v 41.24055862 -11.88157654 -2.49019599
v 41.24055862 -11.88157654 -5.00000000
v 41.36570740 -11.88157654 -2.49019599
v 41.36570740 -11.88157654 -5.00000000
v 41.49085617 -11.88157654 -2.49019599
v 41.49085617 -11.88157654 -5.00000000
v 41.61600494 -11.88157654 -2.49019599
v 41.61600494 -11.88157654 -5.00000000
v 41.74115372 -11.88157654 -2.49019599
v 41.74115372 -11.88157654 -5.00000000
v 41.86630249 -11.88157654 -2.49019599
v 41.86630249 -11.88157654 -5.00000000
v 41.99145508 -11.88157654 -2.49019599
v 41.99145508 -11.88157654 -5.00000000
v 42.11660385 -11.88157654 -2.49019599
v 42.11660385 -11.88157654 -5.00000000
v 42.24175262 -11.88157654 -2.49019599
v 42.24175262 -11.88157654 -5.00000000
v 42.36690140 -11.88157654 -2.49019599
v 42.36690140 -11.88157654 -5.00000000
v 42.37500000 -11.76446056 -2.49019599
v 42.37500000 -11.76446056 -5.00000000
v 42.37500000 -11.63924217 -2.49019599
v 42.37500000 -11.63924217 -5.00000000
v 42.37500000 -11.51402283 -2.49019599
v 42.37500000 -11.51402283 -5.00000000
v 42.37500000 -11.38880444 -2.49019599
v 42.37500000 -11.38880444 -5.00000000
v 42.37500000 -11.26358604 -2.49019599
v 42.37500000 -11.26358604 -5.00000000
v 42.37500000 -11.13836765 -2.49019599
v 42.37500000 -11.13836765 -5.00000000
v 42.37500000 -11.01314831 -2.49019599
v 42.37500000 -11.01314831 -5.00000000
v 42.37500000 -10.88792992 -2.49019599
v 42.37500000 -10.88792992 -5.00000000
v 42.37500000 -10.76271152 -2.49019599
v 42.37500000 -10.76271152 -5.00000000
v 42.37500000 -10.63749313 -2.49019599
v 42.37500000 -10.63749313 -5.00000000
v 42.37500000 -10.51227379 -2.49019599
v 42.37500000 -10.51227379 -5.00000000
v 42.37500000 -10.38705540 -2.49019599
v 42.37500000 -10.38705540 -5.00000000
v 42.37500000 -10.26183701 -2.49019599
v 42.37500000 -10.26183701 -5.00000000
v 42.37500000 -10.13661861 -2.49019599
v 42.37500000 -10.13661861 -5.00000000
v 42.37500000 -10.01139927 -2.49019599
v 42.37500000 -10.01139927 -5.00000000
v 42.37500000 -9.88618088 -2.49019599
v 42.37500000 -9.88618088 -5.00000000
v 42.37500000 -9.76096249 -2.49019599
v 42.37500000 -9.76096249 -5.00000000
v 42.37500000 -9.63574409 -2.49019599
v 42.37500000 -9.63574409 -5.00000000
v 42.37500000 -9.51052475 -2.49019599
v 42.37500000 -9.51052475 -5.00000000
v 42.37500000 -9.38530636 -2.49019599
v 42.37500000 -9.38530636 -5.00000000
v 42.37500000 -9.26008797 -2.49019599
v 42.37500000 -9.26008797 -5.00000000
v 42.37500000 -9.13486862 -2.49019599
v 42.37500000 -9.13486862 -5.00000000
v 42.37500000 -9.00965023 -2.49019599
v 42.37500000 -9.00965023 -5.00000000
v 42.37500000 -8.88443184 -2.49019599
v 42.37500000 -8.88443184 -5.00000000
v 42.37500000 -8.75921345 -2.49019599
v 42.37500000 -8.75921345 -5.00000000
v 42.37500000 -8.63399410 -2.49019599
v 42.37500000 -8.63399410 -5.00000000
v 42.37500000 -8.50877571 -2.49019599
v 42.37500000 -8.50877571 -5.00000000
v 42.37500000 -8.38355732 -2.49019599
v 42.37500000 -8.38355732 -5.00000000
v 42.37500000 -8.25833893 -2.49019599
v 42.37500000 -8.25833893 -5.00000000
v 42.37500000 -8.13311958 -2.49019599
v 42.37500000 -8.13311958 -5.00000000
v 42.37500000 -8.00790119 -2.49019599
v 42.37500000 -8.00790119 -5.00000000
v 42.37500000 -7.88268280 -2.49019599
v 42.37500000 -7.88268280 -5.00000000
v 42.37500000 -7.75746393 -2.49019599
v 42.37500000 -7.75746393 -5.00000000
v 42.37500000 -7.63224554 -2.49019599
v 42.37500000 -7.63224554 -5.00000000
v 42.37500000 -7.50702667 -2.49019599
v 42.37500000 -7.50702667 -5.00000000
v 42.37500000 -7.38180828 -2.49019599
v 42.37500000 -7.38180828 -5.00000000
v 42.37500000 -7.25658941 -2.49019599
v 42.37500000 -7.25658941 -5.00000000
v 42.37500000 -7.13137054 -2.49019599
v 42.37500000 -7.13137054 -5.00000000
v 42.37500000 -7.00615215 -2.49019599
v 42.37500000 -7.00615215 -5.00000000
v 42.25212479 -7.00387669 -2.49019599
v 42.25212479 -7.00387669 -5.00000000
v 42.12697601 -7.00387669 -2.49019599
v 42.12697601 -7.00387669 -5.00000000
v 42.00182724 -7.00387669 -2.49019599
v 42.00182724 -7.00387669 -5.00000000
v 41.87667847 -7.00387669 -2.49019599
v 41.87667847 -7.00387669 -5.00000000
v 41.75152588 -7.00387669 -2.49019599
v 41.75152588 -7.00387669 -5.00000000
v 41.62637711 -7.00387669 -2.49019599
v 41.62637711 -7.00387669 -5.00000000
v 41.50122833 -7.00387669 -2.49019599
v 41.50122833 -7.00387669 -5.00000000
v 41.37607956 -7.00387669 -2.49019599
v 41.37607956 -7.00387669 -5.00000000
v 41.25093079 -7.00387669 -2.49019599
v 41.25093079 -7.00387669 -5.00000000
v 41.12578201 -7.00387669 -2.49019599
v 41.12578201 -7.00387669 -5.00000000
v 41.00063324 -7.00387669 -2.49019599
v 41.00063324 -7.00387669 -5.00000000
v 40.87548065 -7.00387669 -2.49019599
v 40.87548065 -7.00387669 -5.00000000
v 40.75033188 -7.00387669 -2.49019599
v 40.75033188 -7.00387669 -5.00000000
v 40.62518311 -7.00387669 -2.49019599
v 40.62518311 -7.00387669 -5.00000000
v 40.50003433 -7.00387669 -2.49019599
v 40.50003433 -7.00387669 -5.00000000
v 40.37488556 -7.00387669 -2.49019599
v 40.37488556 -7.00387669 -5.00000000
v 40.24973679 -7.00387669 -2.49019599
v 40.24973679 -7.00387669 -5.00000000
v 40.12458801 -7.00387669 -2.49019599
v 40.12458801 -7.00387669 -5.00000000
v 39.99943542 -7.00387669 -2.49019599
v 39.99943542 -7.00387669 -5.00000000
v 39.87428665 -7.00387669 -2.49019599
v 39.87428665 -7.00387669 -5.00000000
v 39.74913788 -7.00387669 -2.49019599
v 39.74913788 -7.00387669 -5.00000000
v 39.62398911 -7.00387669 -2.49019599
v 39.62398911 -7.00387669 -5.00000000
v 39.49884033 -7.00387669 -2.49019599
v 39.49884033 -7.00387669 -5.00000000
v 39.37369156 -7.00387669 -2.49019599
v 39.37369156 -7.00387669 -5.00000000
v 39.24854279 -7.00387669 -2.49019599
v 39.24854279 -7.00387669 -5.00000000
v 39.12339020 -7.00387669 -2.49019599
v 39.12339020 -7.00387669 -5.00000000
v 38.99824142 -7.00387669 -2.49019599
v 38.99824142 -7.00387669 -5.00000000
v 38.87309265 -7.00387669 -2.49019599
v 38.87309265 -7.00387669 -5.00000000
v 38.74794388 -7.00387669 -2.49019599
v 38.74794388 -7.00387669 -5.00000000
v 38.62279510 -7.00387669 -2.49019599
v 38.62279510 -7.00387669 -5.00000000
v 38.49764633 -7.00387669 -2.49019599
v 38.49764633 -7.00387669 -5.00000000
v 38.37249374 -7.00387669 -2.49019599
v 38.37249374 -7.00387669 -5.00000000
v 38.24469376 -7.00386667 -2.49019599
v 38.24469376 -7.00386667 -5.00000000
v 38.12111664 -7.00379658 -2.49019599
v 38.12111664 -7.00379658 -5.00000000
v 37.99709702 -7.00365591 -2.49019599
v 37.99709702 -7.00365591 -5.00000000
v 37.87382889 -7.00344372 -2.49019599
v 37.87382889 -7.00344372 -5.00000000
v 37.75075531 -7.00315619 -2.49019599
v 37.75075531 -7.00315619 -5.00000000
v 37.61986160 -7.00276327 -2.49019599
v 37.61986160 -7.00276327 -5.00000000
v 37.49474335 -7.00230026 -2.49019599
v 37.49474335 -7.00230026 -5.00000000
v 37.36849976 -7.00174141 -2.49019599
v 37.36849976 -7.00174141 -5.00000000
v 37.24562073 -7.00110388 -2.49019599
v 37.24562073 -7.00110388 -5.00000000
v 37.12137604 -7.00036049 -2.49019599
v 37.12137604 -7.00036049 -5.00000000
v 36.99528503 -6.99949837 -2.49019599
v 36.99528503 -6.99949837 -5.00000000
v 36.86693192 -6.99850225 -2.49019599
v 36.86693192 -6.99850225 -5.00000000
v 36.74150085 -6.99740553 -2.49019599
v 36.74150085 -6.99740553 -5.00000000
v 36.62430954 -6.99626303 -2.49019599
v 36.62430954 -6.99626303 -5.00000000
v 36.49277115 -6.99483538 -2.49019599
v 36.49277115 -6.99483538 -5.00000000
v 36.36853409 -6.99333429 -2.49019599
v 36.36853409 -6.99333429 -5.00000000
v 36.24536896 -6.99168825 -2.49019599
v 36.24536896 -6.99168825 -5.00000000
v 36.11735916 -6.98979473 -2.49019599
v 36.11735916 -6.98979473 -5.00000000
v 35.99400711 -6.98777819 -2.49019599
v 35.99400711 -6.98777819 -5.00000000
v 35.87368011 -6.98561001 -2.49019599
v 35.87368011 -6.98561001 -5.00000000
v 35.74158096 -6.98297596 -2.49019599
v 35.74158096 -6.98297596 -5.00000000
v 35.61865234 -6.98025703 -2.49019599
v 35.61865234 -6.98025703 -5.00000000
v 35.49379730 -6.97719574 -2.49019599
v 35.49379730 -6.97719574 -5.00000000
v 35.37177277 -6.97386885 -2.49019599
v 35.37177277 -6.97386885 -5.00000000
v 35.24308014 -6.96994114 -2.49019599
v 35.24308014 -6.96994114 -5.00000000
v 35.12134171 -6.96575642 -2.49019599
v 35.12134171 -6.96575642 -5.00000000
v 34.99091721 -6.96065378 -2.49019599
v 34.99091721 -6.96065378 -5.00000000
v 34.86964035 -6.95518637 -2.49019599
v 34.86964035 -6.95518637 -5.00000000
v 34.74389267 -6.94854832 -2.49019599
v 34.74389267 -6.94854832 -5.00000000
v 34.62117767 -6.94073963 -2.49019599
v 34.62117767 -6.94073963 -5.00000000
v 34.49433136 -6.93050480 -2.49019599
v 34.49433136 -6.93050480 -5.00000000
v 34.37096024 -6.91646051 -2.49019599
v 34.37096024 -6.91646051 -5.00000000
v 34.25001526 -6.87928677 -2.49019599
v 34.25001526 -6.87928677 -5.00000000
v 34.17058563 -6.79572392 -2.49019599
v 34.17058563 -6.79572392 -5.00000000
v 34.05070877 -6.76227903 -2.49019599
v 34.05070877 -6.76227903 -5.00000000
v 33.92600632 -6.75365400 -2.49019599
v 33.92600632 -6.75365400 -5.00000000
v 33.80153275 -6.74120140 -2.49019599
v 33.80153275 -6.74120140 -5.00000000
v 33.68330002 -6.70119524 -2.49019599
v 33.68330002 -6.70119524 -5.00000000
v 33.62041855 -6.60122061 -2.49019599
v 33.62041855 -6.60122061 -5.00000000
v 33.53029633 -6.52010059 -2.49019599
v 33.53029633 -6.52010059 -5.00000000
v 33.40707016 -6.50194168 -2.49019599
v 33.40707016 -6.50194168 -5.00000000
v 33.29203796 -6.45722198 -2.49019599
v 33.29203796 -6.45722198 -5.00000000
v 33.24472046 -6.34620333 -2.49019599
v 33.24472046 -6.34620333 -5.00000000
v 33.15746307 -6.26219034 -2.49019599
v 33.15746307 -6.26219034 -5.00000000
v 33.03578186 -6.23376036 -2.49019599
v 33.03578186 -6.23376036 -5.00000000
v 32.92956924 -6.16932774 -2.49019599
v 32.92956924 -6.16932774 -5.00000000
v 32.83227539 -6.09012413 -2.49019599
v 32.83227539 -6.09012413 -5.00000000
v 32.74221039 -6.00345755 -2.49019599
v 32.74221039 -6.00345755 -5.00000000
v 32.65808487 -5.91006565 -2.49019599
v 32.65808487 -5.91006565 -5.00000000
v 32.57846832 -5.81431150 -2.49019599
v 32.57846832 -5.81431150 -5.00000000
v 32.49814606 -5.71761274 -2.49019599
v 32.49814606 -5.71761274 -5.00000000
v 32.41860199 -5.62179089 -2.49019599
v 32.41860199 -5.62179089 -5.00000000
v 32.33795166 -5.52459002 -2.49019599
v 32.33795166 -5.52459002 -5.00000000
v 32.25880814 -5.42915201 -2.49019599
v 32.25880814 -5.42915201 -5.00000000
v 32.17896652 -5.33281183 -2.49019599
v 32.17896652 -5.33281183 -5.00000000
v 32.09915924 -5.23596907 -2.49019599
v 32.09915924 -5.23596907 -5.00000000
v 32.02630615 -5.13386106 -2.49019599
v 32.02630615 -5.13386106 -5.00000000
v 31.96173859 -5.02705193 -2.49019599
v 31.96173859 -5.02705193 -5.00000000
v 31.90365791 -4.91599226 -2.49019599
v 31.90365791 -4.91599226 -5.00000000
v 31.85265541 -4.80194521 -2.49019599
v 31.85265541 -4.80194521 -5.00000000
v 31.81013489 -4.68413496 -2.49019599
v 31.81013489 -4.68413496 -5.00000000
v 31.78018951 -4.56249332 -2.49019599
v 31.78018951 -4.56249332 -5.00000000
v 31.74493027 -4.44231272 -2.49019599
v 31.74493027 -4.44231272 -5.00000000
v 31.69300461 -4.32871914 -2.49019599
v 31.69300461 -4.32871914 -5.00000000
v 31.60173225 -4.25174427 -2.49019599
v 31.60173225 -4.25174427 -5.00000000
v 31.52445793 -4.15938950 -2.49019599
v 31.52445793 -4.15938950 -5.00000000
v 31.50105476 -4.03689194 -2.49019599
v 31.50105476 -4.03689194 -5.00000000
v 31.49223900 -3.91252112 -2.49019599
v 31.49223900 -3.91252112 -5.00000000
v 31.44902611 -3.79539919 -2.49019599
v 31.44902611 -3.79539919 -5.00000000
v 31.35018921 -3.72739267 -2.49019599
v 31.35018921 -3.72739267 -5.00000000
v 31.29734802 -3.61418366 -2.49019599
v 31.29734802 -3.61418366 -5.00000000
v 31.26132774 -3.49370646 -2.49019599
v 31.26132774 -3.49370646 -5.00000000
v 31.23299789 -3.37243176 -2.49019599
v 31.23299789 -3.37243176 -5.00000000
v 31.20947838 -3.24896407 -2.49019599
v 31.20947838 -3.24896407 -5.00000000
v 31.19024086 -3.12548971 -2.49019599
v 31.19024086 -3.12548971 -5.00000000
v 31.17382240 -3.00140834 -2.49019599
v 31.17382240 -3.00140834 -5.00000000
v 31.15454292 -2.87694716 -2.49019599
v 31.15454292 -2.87694716 -5.00000000
v 31.13146591 -2.75425577 -2.49019599
v 31.13146591 -2.75425577 -5.00000000
v 31.10351753 -2.63242483 -2.49019599
v 31.10351753 -2.63242483 -5.00000000
v 31.06840134 -2.51232934 -2.49019599
v 31.06840134 -2.51232934 -5.00000000
v 31.01633072 -2.39869046 -2.49019599
v 31.01633072 -2.39869046 -5.00000000
v 30.93983841 -2.30865741 -2.49019599
v 30.93983841 -2.30865741 -5.00000000
v 30.91228104 -2.18656826 -2.49019599
v 30.91228104 -2.18656826 -5.00000000
v 30.89575386 -2.06223655 -2.49019599
v 30.89575386 -2.06223655 -5.00000000
v 30.88505363 -1.93766296 -2.49019599
v 30.88505363 -1.93766296 -5.00000000
v 30.87851143 -1.81324828 -2.49019599
v 30.87851143 -1.81324828 -5.00000000
v 30.87537193 -1.68754804 -2.49019599
v 30.87537193 -1.68754804 -5.00000000
v 30.87500000 -1.56228626 -2.49019599
v 30.87500000 -1.56228626 -5.00000000
v 30.87500000 -1.43706751 -2.49019599
v 30.87500000 -1.43706751 -5.00000000
v 30.87500000 -1.31184888 -2.49019599
v 30.87500000 -1.31184888 -5.00000000
v 30.87500000 -1.18663025 -2.49019599
v 30.87500000 -1.18663025 -5.00000000
v 30.87500000 -1.06141162 -2.49019599
v 30.87500000 -1.06141162 -5.00000000
v 30.87500000 -0.93619299 -2.49019599
v 30.87500000 -0.93619299 -5.00000000
v 30.81052589 -0.87548459 -2.49019599
v 30.81052589 -0.87548459 -5.00000000
v 30.68537521 -0.87548459 -2.49019599
v 30.68537521 -0.87548459 -5.00000000
v 30.56022644 -0.87548459 -2.49019599
v 30.56022644 -0.87548459 -5.00000000
v 30.43507767 -0.87548459 -2.49019599
v 30.43507767 -0.87548459 -5.00000000
v 30.30992889 -0.87548459 -2.49019599
v 30.30992889 -0.87548459 -5.00000000
v 30.18477821 -0.87548459 -2.49019599
v 30.18477821 -0.87548459 -5.00000000
v 30.05962944 -0.87548459 -2.49019599
v 30.05962944 -0.87548459 -5.00000000
v 29.93448067 -0.87548459 -2.49019599
v 29.93448067 -0.87548459 -5.00000000
v 29.80932999 -0.87548459 -2.49019599
v 29.80932999 -0.87548459 -5.00000000
v 29.68418121 -0.87548459 -2.49019599
v 29.68418121 -0.87548459 -5.00000000
v 29.55903244 -0.87548459 -2.49019599
v 29.55903244 -0.87548459 -5.00000000
v 29.43388367 -0.87548459 -2.49019599
v 29.43388367 -0.87548459 -5.00000000
v 29.30873299 -0.87548459 -2.49019599
v 29.30873299 -0.87548459 -5.00000000
v 29.18358421 -0.87548459 -2.49019599
v 29.18358421 -0.87548459 -5.00000000
v 29.05843544 -0.87548459 -2.49019599
v 29.05843544 -0.87548459 -5.00000000
v 28.93328476 -0.87548459 -2.49019599
v 28.93328476 -0.87548459 -5.00000000
v 28.80813599 -0.87548459 -2.49019599
v 28.80813599 -0.87548459 -5.00000000
v 28.68298721 -0.87548459 -2.49019599
v 28.68298721 -0.87548459 -5.00000000
v 28.55783653 -0.87548459 -2.49019599
v 28.55783653 -0.87548459 -5.00000000
v 28.43268776 -0.87548459 -2.49019599
v 28.43268776 -0.87548459 -5.00000000
v 28.30753899 -0.87548459 -2.49019599
v 28.30753899 -0.87548459 -5.00000000
v 28.18239021 -0.87548459 -2.49019599
v 28.18239021 -0.87548459 -5.00000000
v 28.05723953 -0.87548459 -2.49019599
v 28.05723953 -0.87548459 -5.00000000
v 27.93209076 -0.87548459 -2.49019599
v 27.93209076 -0.87548459 -5.00000000
v 27.80694199 -0.87548459 -2.49019599
v 27.80694199 -0.87548459 -5.00000000
v 27.68179131 -0.87548459 -2.49019599
v 27.68179131 -0.87548459 -5.00000000
v 27.55664253 -0.87548459 -2.49019599
v 27.55664253 -0.87548459 -5.00000000
v 27.43149376 -0.87548459 -2.49019599
v 27.43149376 -0.87548459 -5.00000000
v 27.30634499 -0.87548459 -2.49019599
v 27.30634499 -0.87548459 -5.00000000
v 27.18119431 -0.87548459 -2.49019599
v 27.18119431 -0.87548459 -5.00000000
v 27.08782578 -0.90579623 -2.49019599
v 27.08782578 -0.90579623 -5.00000000
v 27.09380913 -1.03087163 -2.49019599
v 27.09380913 -1.03087163 -5.00000000
v 27.09979439 -1.15594697 -2.49019599
v 27.09979439 -1.15594697 -5.00000000
v 27.10577965 -1.28102243 -2.49019599
v 27.10577965 -1.28102243 -5.00000000
v 27.11176300 -1.40609777 -2.49019599
v 27.11176300 -1.40609777 -5.00000000
v 27.11774826 -1.53117323 -2.49019599
v 27.11774826 -1.53117323 -5.00000000
v 27.12373352 -1.65624857 -2.49019599
v 27.12373352 -1.65624857 -5.00000000
v 27.12971687 -1.78132403 -2.49019599
v 27.12971687 -1.78132403 -5.00000000
v 27.13570213 -1.90639937 -2.49019599
v 27.13570213 -1.90639937 -5.00000000
v 27.14168739 -2.03147483 -2.49019599
v 27.14168739 -2.03147483 -5.00000000
v 27.14767075 -2.15655017 -2.49019599
v 27.14767075 -2.15655017 -5.00000000
v 27.15365601 -2.28162551 -2.49019599
v 27.15365601 -2.28162551 -5.00000000
v 27.15964127 -2.40670085 -2.49019599
v 27.15964127 -2.40670085 -5.00000000
v -32.59412003 -7.22272491 -2.49019599
v -32.59899902 -7.09767866 -2.49019599
v -32.59899902 -7.09767866 -5.00000000
v -32.59412003 -7.22272491 -5.00000000
v -32.58864594 -7.34902143 -2.49019599
v -32.58864594 -7.34902143 -5.00000000
v -32.58230209 -7.47287130 -2.49019599
v -32.58230209 -7.47287130 -5.00000000
v -32.57404709 -7.59907722 -2.49019599
v -32.57404709 -7.59907722 -5.00000000
v -32.56257629 -7.72346973 -2.49019599
v -32.56257629 -7.72346973 -5.00000000
v -32.54440689 -7.84650469 -2.49019599
v -32.54440689 -7.84650469 -5.00000000
v -32.50967026 -7.96633339 -2.49019599
v -32.50967026 -7.96633339 -5.00000000
v -32.43142319 -8.06273079 -2.49019599
v -32.43142319 -8.06273079 -5.00000000
v -32.31351852 -8.10193825 -2.49019599
v -32.31351852 -8.10193825 -5.00000000
v -32.19082260 -8.12532139 -2.49019599
v -32.19082260 -8.12532139 -5.00000000
v -32.08325577 -8.18549538 -2.49019599
v -32.08325577 -8.18549538 -5.00000000
v -32.02666855 -8.29624748 -2.49019599
v -32.02666855 -8.29624748 -5.00000000
v -32.00713348 -8.41951561 -2.49019599
v -32.00713348 -8.41951561 -5.00000000
v -32.00094986 -8.54403973 -2.49019599
v -32.00094986 -8.54403973 -5.00000000
v -31.99993515 -8.66978836 -2.49019599
v -31.99993515 -8.66978836 -5.00000000
v -31.99761391 -8.79519558 -2.49019599
v -31.99761391 -8.79519558 -5.00000000
v -31.98785782 -8.92002773 -2.49019599
v -31.98785782 -8.92002773 -5.00000000
v -31.95428658 -9.03942490 -2.49019599
v -31.95428658 -9.03942490 -5.00000000
v -31.85778999 -9.11494350 -2.49019599
v -31.85778999 -9.11494350 -5.00000000
v -31.73427773 -9.12972450 -2.49019599
v -31.73427773 -9.12972450 -5.00000000
v -31.60979843 -9.13757992 -2.49019599
v -31.60979843 -9.13757992 -5.00000000
v -31.49172020 -9.17741203 -2.49019599
v -31.49172020 -9.17741203 -5.00000000
v -31.39684868 -9.25816154 -2.49019599
v -31.39684868 -9.25816154 -5.00000000
v -31.34168625 -9.36956501 -2.49019599
v -31.34168625 -9.36956501 -5.00000000
v -31.29417419 -9.48440170 -2.49019599
v -31.29417419 -9.48440170 -5.00000000
v -31.20479584 -9.57163239 -2.49019599
v -31.20479584 -9.57163239 -5.00000000
v -31.08932877 -9.61660004 -2.49019599
v -31.08932877 -9.61660004 -5.00000000
v -30.96498680 -9.63018799 -2.49019599
v -30.96498680 -9.63018799 -5.00000000
v -30.83974266 -9.63800907 -2.49019599
v -30.83974266 -9.63800907 -5.00000000
v -30.72043228 -9.67411900 -2.49019599
v -30.72043228 -9.67411900 -5.00000000
v -30.63514519 -9.76195145 -2.49019599
v -30.63514519 -9.76195145 -5.00000000
v -30.61039162 -9.88319206 -2.49019599
v -30.61039162 -9.88319206 -5.00000000
v -30.51235199 -9.95732594 -2.49019599
v -30.51235199 -9.95732594 -5.00000000
v -30.39046860 -9.98582649 -2.49019599
v -30.39046860 -9.98582649 -5.00000000
v -30.26696777 -9.99834824 -2.49019599
v -30.26696777 -9.99834824 -5.00000000
v -30.14147377 -10.00388336 -2.49019599
v -30.14147377 -10.00388336 -5.00000000
v -30.01670456 -10.00551891 -2.49019599
v -30.01670456 -10.00551891 -5.00000000
v -29.89116669 -10.00588512 -2.49019599
v -29.89116669 -10.00588512 -5.00000000
v -29.76653671 -10.00795650 -2.49019599
v -29.76653671 -10.00795650 -5.00000000
v -29.64129829 -10.01456928 -2.49019599
v -29.64129829 -10.01456928 -5.00000000
v -29.51783371 -10.03420639 -2.49019599
v -29.51783371 -10.03420639 -5.00000000
v -29.41320992 -10.09855652 -2.49019599
v -29.41320992 -10.09855652 -5.00000000
v -29.37824059 -10.21723461 -2.49019599
v -29.37824059 -10.21723461 -5.00000000
v -29.37478828 -10.34253216 -2.49019599
v -29.37478828 -10.34253216 -5.00000000
v -29.36261368 -10.46697903 -2.49019599
v -29.36261368 -10.46697903 -5.00000000
v -29.30448723 -10.57579994 -2.49019599
v -29.30448723 -10.57579994 -5.00000000
v -29.19034004 -10.62248898 -2.49019599
v -29.19034004 -10.62248898 -5.00000000
v -29.06603050 -10.63088036 -2.49019599
v -29.06603050 -10.63088036 -5.00000000
v -28.94135857 -10.63939381 -2.49019599
v -28.94135857 -10.63939381 -5.00000000
v -28.82520103 -10.68339252 -2.49019599
v -28.82520103 -10.68339252 -5.00000000
v -28.75985718 -10.78710842 -2.49019599
v -28.75985718 -10.78710842 -5.00000000
v -28.74938202 -10.91171741 -2.49019599
v -28.74938202 -10.91171741 -5.00000000
v -28.71223640 -11.02752399 -2.49019599
v -28.71223640 -11.02752399 -5.00000000
v -28.60151863 -11.08590603 -2.49019599
v -28.60151863 -11.08590603 -5.00000000
v -28.47959137 -11.10765648 -2.49019599
v -28.47959137 -11.10765648 -5.00000000
v -28.35460854 -11.11841202 -2.49019599
v -28.35460854 -11.11841202 -5.00000000
v -28.22981453 -11.12425518 -2.49019599
v -28.22981453 -11.12425518 -5.00000000
v -28.10437202 -11.12759209 -2.49019599
v -28.10437202 -11.12759209 -5.00000000
v -27.97928619 -11.12947655 -2.49019599
v -27.97928619 -11.12947655 -5.00000000
v -27.85391045 -11.13049793 -2.49019599
v -27.85391045 -11.13049793 -5.00000000
v -27.72740936 -11.13098907 -2.49019599
v -27.72740936 -11.13098907 -5.00000000
v -27.60247421 -11.13115311 -2.49019599
v -27.60247421 -11.13115311 -5.00000000
v -27.47885513 -11.13119984 -2.49019599
v -27.47885513 -11.13119984 -5.00000000
v -27.35418320 -11.13145542 -2.49019599
v -27.35418320 -11.13145542 -5.00000000
v -27.22838020 -11.13209915 -2.49019599
v -27.22838020 -11.13209915 -5.00000000
v -27.10201836 -11.13338280 -2.49019599
v -27.10201836 -11.13338280 -5.00000000
v -26.97779655 -11.13566685 -2.49019599
v -26.97779655 -11.13566685 -5.00000000
v -26.85264015 -11.13969707 -2.49019599
v -26.85264015 -11.13969707 -5.00000000
v -26.72813988 -11.14680672 -2.49019599
v -26.72813988 -11.14680672 -5.00000000
v -26.60227776 -11.16045952 -2.49019599
v -26.60227776 -11.16045952 -5.00000000
v -26.48229599 -11.18977737 -2.49019599
v -26.48229599 -11.18977737 -5.00000000
v -26.39016151 -11.27136803 -2.49019599
v -26.39016151 -11.27136803 -5.00000000
v -26.37494087 -11.39153004 -2.49019599
v -26.37494087 -11.39153004 -5.00000000
v -26.33009338 -11.50755405 -2.49019599
v -26.33009338 -11.50755405 -5.00000000
v -26.21718597 -11.55550480 -2.49019599
v -26.21718597 -11.55550480 -5.00000000
v -26.09517670 -11.57777309 -2.49019599
v -26.09517670 -11.57777309 -5.00000000
v -25.96877098 -11.59146023 -2.49019599
v -25.96877098 -11.59146023 -5.00000000
v -25.84582710 -11.60044861 -2.49019599
v -25.84582710 -11.60044861 -5.00000000
v -25.71739960 -11.60722256 -2.49019599
v -25.71739960 -11.60722256 -5.00000000
v -25.59223557 -11.61217213 -2.49019599
v -25.59223557 -11.61217213 -5.00000000
v -25.47194672 -11.61586857 -2.49019599
v -25.47194672 -11.61586857 -5.00000000
v -25.34082031 -11.61904144 -2.49019599
v -25.34082031 -11.61904144 -5.00000000
v -25.21855927 -11.62139702 -2.49019599
v -25.21855927 -11.62139702 -5.00000000
v -25.09256744 -11.62335682 -2.49019599
v -25.09256744 -11.62335682 -5.00000000
v -24.97177124 -11.62488651 -2.49019599
v -24.97177124 -11.62488651 -5.00000000
v -24.84295082 -11.62621689 -2.49019599
v -24.84295082 -11.62621689 -5.00000000
v -24.72189522 -11.62723827 -2.49019599
v -24.72189522 -11.62723827 -5.00000000
v -24.59688187 -11.62810421 -2.49019599
v -24.59688187 -11.62810421 -5.00000000
v -24.46749306 -11.62883377 -2.49019599
v -24.46749306 -11.62883377 -5.00000000
v -24.34461975 -11.62939739 -2.49019599
v -24.34461975 -11.62939739 -5.00000000
v -24.22128105 -11.62985802 -2.49019599
v -24.22128105 -11.62985802 -5.00000000
v -24.08968735 -11.63025379 -2.49019599
v -24.08968735 -11.63025379 -5.00000000
v -23.96923065 -11.63054371 -2.49019599
v -23.96923065 -11.63054371 -5.00000000
v -23.84234810 -11.63078594 -2.49019599
v -23.84234810 -11.63078594 -5.00000000
v -23.71855164 -11.63097095 -2.49019599
v -23.71855164 -11.63097095 -5.00000000
v -23.59144020 -11.63111782 -2.49019599
v -23.59144020 -11.63111782 -5.00000000
v -23.46553802 -11.63122654 -2.49019599
v -23.46553802 -11.63122654 -5.00000000
v -23.34009171 -11.63130569 -2.49019599
v -23.34009171 -11.63130569 -5.00000000
v -23.21850395 -11.63136101 -2.49019599
v -23.21850395 -11.63136101 -5.00000000
v -23.09206200 -11.63139915 -2.49019599
v -23.09206200 -11.63139915 -5.00000000
v -22.96301842 -11.63142204 -2.49019599
v -22.96301842 -11.63142204 -5.00000000
v -22.83794403 -11.63143349 -2.49019599
v -22.83794403 -11.63143349 -5.00000000
v -22.71294212 -11.63143826 -2.49019599
v -22.71294212 -11.63143826 -5.00000000
v -22.58890724 -11.63143635 -2.49019599
v -22.58890724 -11.63143635 -5.00000000
v -22.46850395 -11.63142872 -2.49019599
v -22.46850395 -11.63142872 -5.00000000
v -22.34111404 -11.63141060 -2.49019599
v -22.34111404 -11.63141060 -5.00000000
v -22.21634865 -11.63138103 -2.49019599
v -22.21634865 -11.63138103 -5.00000000
v -22.08821487 -11.63133240 -2.49019599
v -22.08821487 -11.63133240 -5.00000000
v -21.96451378 -11.63126469 -2.49019599
v -21.96451378 -11.63126469 -5.00000000
v -21.83600807 -11.63116646 -2.49019599
v -21.83600807 -11.63116646 -5.00000000
v -21.71172333 -11.63103962 -2.49019599
v -21.71172333 -11.63103962 -5.00000000
v -21.59136581 -11.63087940 -2.49019599
v -21.59136581 -11.63087940 -5.00000000
v -21.46308517 -11.63066006 -2.49019599
v -21.46308517 -11.63066006 -5.00000000
v -21.33646965 -11.63038445 -2.49019599
v -21.33646965 -11.63038445 -5.00000000
v -21.21015930 -11.63003922 -2.49019599
v -21.21015930 -11.63003922 -5.00000000
v -21.08765411 -11.62962341 -2.49019599
v -21.08765411 -11.62962341 -5.00000000
v -20.96172333 -11.62909698 -2.49019599
v -20.96172333 -11.62909698 -5.00000000
v -20.83521461 -11.62844467 -2.49019599
v -20.83521461 -11.62844467 -5.00000000
v -20.70995903 -11.62765408 -2.49019599
v -20.70995903 -11.62765408 -5.00000000
v -20.59051704 -11.62673569 -2.49019599
v -20.59051704 -11.62673569 -5.00000000
v -20.46463966 -11.62555599 -2.49019599
v -20.46463966 -11.62555599 -5.00000000
v -20.33619499 -11.62407589 -2.49019599
v -20.33619499 -11.62407589 -5.00000000
v -20.21236992 -11.62231922 -2.49019599
v -20.21236992 -11.62231922 -5.00000000
v -20.09057999 -11.62019062 -2.49019599
v -20.09057999 -11.62019062 -5.00000000
v -19.95906830 -11.61731815 -2.49019599
v -19.95906830 -11.61731815 -5.00000000
v -19.83756256 -11.61396503 -2.49019599
v -19.83756256 -11.61396503 -5.00000000
v -19.71191025 -11.60953426 -2.49019599
v -19.71191025 -11.60953426 -5.00000000
v -19.58934402 -11.60388279 -2.49019599
v -19.58934402 -11.60388279 -5.00000000
v -19.46122742 -11.59586716 -2.49019599
v -19.46122742 -11.59586716 -5.00000000
v -19.33704948 -11.58472633 -2.49019599
v -19.33704948 -11.58472633 -5.00000000
v -19.21520424 -11.56767273 -2.49019599
v -19.21520424 -11.56767273 -5.00000000
v -19.09167480 -11.53421497 -2.49019599
v -19.09167480 -11.53421497 -5.00000000
v -19.00715065 -11.45212746 -2.49019599
v -19.00715065 -11.45212746 -5.00000000
v -19.00345230 -11.32598305 -2.49019599
v -19.00345230 -11.32598305 -5.00000000
v -19.04809570 -11.21002674 -2.49019599
v -19.04809570 -11.21002674 -5.00000000
v -19.15112305 -11.14355469 -2.49019599
v -19.15112305 -11.14355469 -5.00000000
v -19.27482224 -11.13073730 -2.49019599
v -19.27482224 -11.13073730 -5.00000000
v -19.39591408 -11.10149097 -2.49019599
v -19.39591408 -11.10149097 -5.00000000
v -19.46573830 -11.00074387 -2.49019599
v -19.46573830 -11.00074387 -5.00000000
v -19.48897743 -10.87805176 -2.49019599
v -19.48897743 -10.87805176 -5.00000000
v -19.49721527 -10.75359917 -2.49019599
v -19.49721527 -10.75359917 -5.00000000
v -19.49978065 -10.62848473 -2.49019599
v -19.49978065 -10.62848473 -5.00000000
v -19.50016785 -10.50274277 -2.49019599
v -19.50016785 -10.50274277 -5.00000000
v -19.50214958 -10.37767410 -2.49019599
v -19.50214958 -10.37767410 -5.00000000
v -19.50936699 -10.25272751 -2.49019599
v -19.50936699 -10.25272751 -5.00000000
v -19.53254128 -10.13007736 -2.49019599
v -19.53254128 -10.13007736 -5.00000000
v -19.60816193 -10.03429699 -2.49019599
v -19.60816193 -10.03429699 -5.00000000
v -19.72966003 -10.00759792 -2.49019599
v -19.72966003 -10.00759792 -5.00000000
v -19.85490036 -10.00501919 -2.49019599
v -19.85490036 -10.00501919 -5.00000000
v -19.97921753 -9.99044037 -2.49019599
v -19.97921753 -9.99044037 -5.00000000
v -20.07816315 -9.92022705 -2.49019599
v -20.07816315 -9.92022705 -5.00000000
v -20.11435699 -9.80031204 -2.49019599
v -20.11435699 -9.80031204 -5.00000000
v -20.12354279 -9.67643261 -2.49019599
v -20.12354279 -9.67643261 -5.00000000
v -20.12502861 -9.55031967 -2.49019599
v -20.12502861 -9.55031967 -5.00000000
v -20.12779808 -9.42566872 -2.49019599
v -20.12779808 -9.42566872 -5.00000000
v -20.14144897 -9.30061150 -2.49019599
v -20.14144897 -9.30061150 -5.00000000
v -20.19210243 -9.18877411 -2.49019599
v -20.19210243 -9.18877411 -5.00000000
v -20.30417252 -9.13803101 -2.49019599
v -20.30417252 -9.13803101 -5.00000000
v -20.42954636 -9.13006878 -2.49019599
v -20.42954636 -9.13006878 -5.00000000
v -20.55435562 -9.12475777 -2.49019599
v -20.55435562 -9.12475777 -5.00000000
v -20.67010880 -9.08270168 -2.49019599
v -20.67010880 -9.08270168 -5.00000000
v -20.72830200 -8.97405434 -2.49019599
v -20.72830200 -8.97405434 -5.00000000
v -20.74482918 -8.84988594 -2.49019599
v -20.74482918 -8.84988594 -5.00000000
v -20.74936867 -8.72525311 -2.49019599
v -20.74936867 -8.72525311 -5.00000000
v -20.75004959 -8.60004425 -2.49019599
v -20.75004959 -8.60004425 -5.00000000
v -20.75204086 -8.47442722 -2.49019599
v -20.75204086 -8.47442722 -5.00000000
v -20.76066589 -8.34953976 -2.49019599
v -20.76066589 -8.34953976 -5.00000000
v -20.79064751 -8.22941875 -2.49019599
v -20.79064751 -8.22941875 -5.00000000
v -20.88208771 -8.14831829 -2.49019599
v -20.88208771 -8.14831829 -5.00000000
v -21.00565338 -8.13040447 -2.49019599
v -21.00565338 -8.13040447 -5.00000000
v -21.13066864 -8.12845612 -2.49019599
v -21.13066864 -8.12845612 -5.00000000
v -21.25383568 -8.10670280 -2.49019599
v -21.25383568 -8.10670280 -5.00000000
v -21.33402061 -8.01487637 -2.49019599
v -21.33402061 -8.01487637 -5.00000000
v -21.36026382 -7.89297819 -2.49019599
v -21.36026382 -7.89297819 -5.00000000
v -21.36973000 -7.76834249 -2.49019599
v -21.36973000 -7.76834249 -5.00000000
v -21.37342644 -7.64271498 -2.49019599
v -21.37342644 -7.64271498 -5.00000000
v -21.37471390 -7.51789141 -2.49019599
v -21.37471390 -7.51789141 -5.00000000
v -21.37499809 -7.39379120 -2.49019599
v -21.37499809 -7.39379120 -5.00000000
v -21.37516403 -7.26863337 -2.49019599
v -21.37516403 -7.26863337 -5.00000000
v -21.37615585 -7.14265251 -2.49019599
v -21.37615585 -7.14265251 -5.00000000
v -21.37909508 -7.01838875 -2.49019599
v -21.37909508 -7.01838875 -5.00000000
v -21.38679504 -6.89282227 -2.49019599
v -21.38679504 -6.89282227 -5.00000000
v -21.40756989 -6.76905584 -2.49019599
v -21.40756989 -6.76905584 -5.00000000
v -21.47251701 -6.66473866 -2.49019599
v -21.47251701 -6.66473866 -5.00000000
v -21.59222984 -6.63120556 -2.49019599
v -21.59222984 -6.63120556 -5.00000000
v -21.71605492 -6.62830067 -2.49019599
v -21.71605492 -6.62830067 -5.00000000
v -21.84075165 -6.61353111 -2.49019599
v -21.84075165 -6.61353111 -5.00000000
v -21.94875336 -6.55444813 -2.49019599
v -21.94875336 -6.55444813 -5.00000000
v -21.99615860 -6.44060278 -2.49019599
v -21.99615860 -6.44060278 -5.00000000
v -22.00607491 -6.31648922 -2.49019599
v -22.00607491 -6.31648922 -5.00000000
v -22.09845924 -6.23415518 -2.49019599
v -22.09845924 -6.23415518 -5.00000000
v -22.21847153 -6.20369673 -2.49019599
v -22.21847153 -6.20369673 -5.00000000
v -22.33946037 -6.18676615 -2.49019599
v -22.33946037 -6.18676615 -5.00000000
v -22.46238899 -6.17528486 -2.49019599
v -22.46238899 -6.17528486 -5.00000000
v -22.58903694 -6.16671705 -2.49019599
v -22.58903694 -6.16671705 -5.00000000
v -22.71422768 -6.16026974 -2.49019599
v -22.71422768 -6.16026974 -5.00000000
v -22.84334755 -6.15504074 -2.49019599
v -22.84334755 -6.15504074 -5.00000000
v -22.96082115 -6.15118551 -2.49019599
v -22.96082115 -6.15118551 -5.00000000
v -23.09200668 -6.14764023 -2.49019599
v -23.09200668 -6.14764023 -5.00000000
v -23.21165657 -6.14494944 -2.49019599
v -23.21165657 -6.14494944 -5.00000000
v -23.33564186 -6.14259243 -2.49019599
v -23.33564186 -6.14259243 -5.00000000
v -23.46304512 -6.14054108 -2.49019599
v -23.46304512 -6.14054108 -5.00000000
v -23.58862877 -6.13881826 -2.49019599
v -23.58862877 -6.13881826 -5.00000000
v -23.71803093 -6.13730097 -2.49019599
v -23.71803093 -6.13730097 -5.00000000
v -23.84024620 -6.13606834 -2.49019599
v -23.84024620 -6.13606834 -5.00000000
v -23.96732330 -6.13496161 -2.49019599
v -23.96732330 -6.13496161 -5.00000000
v -24.09421158 -6.13400698 -2.49019599
v -24.09421158 -6.13400698 -5.00000000
v -24.21300125 -6.13323116 -2.49019599
v -24.21300125 -6.13323116 -5.00000000
v -24.33695412 -6.13252592 -2.49019599
v -24.33695412 -6.13252592 -5.00000000
v -24.46980858 -6.13187265 -2.49019599
v -24.46980858 -6.13187265 -5.00000000
v -24.58850670 -6.13136721 -2.49019599
v -24.58850670 -6.13136721 -5.00000000
v -24.72084045 -6.13087893 -2.49019599
v -24.72084045 -6.13087893 -5.00000000
v -24.84116554 -6.13049507 -2.49019599
v -24.84116554 -6.13049507 -5.00000000
v -24.96468163 -6.13015366 -2.49019599
v -24.96468163 -6.13015366 -5.00000000
v -25.09308243 -6.12984848 -2.49019599
v -25.09308243 -6.12984848 -5.00000000
v -25.21994591 -6.12959003 -2.49019599
v -25.21994591 -6.12959003 -5.00000000
v -25.33808136 -6.12938309 -2.49019599
v -25.33808136 -6.12938309 -5.00000000
v -25.47252083 -6.12918329 -2.49019599
v -25.47252083 -6.12918329 -5.00000000
v -25.59165382 -6.12903357 -2.49019599
v -25.59165382 -6.12903357 -5.00000000
v -25.72055054 -6.12889671 -2.49019599
v -25.72055054 -6.12889671 -5.00000000
v -25.84352684 -6.12878799 -2.49019599
v -25.84352684 -6.12878799 -5.00000000
v -25.96921730 -6.12869596 -2.49019599
v -25.96921730 -6.12869596 -5.00000000
v -26.09785843 -6.12861919 -2.49019599
v -26.09785843 -6.12861919 -5.00000000
v -26.21492195 -6.12856245 -2.49019599
v -26.21492195 -6.12856245 -5.00000000
v -26.34303093 -6.12851286 -2.49019599
v -26.34303093 -6.12851286 -5.00000000
v -26.46783447 -6.12847519 -2.49019599
v -26.46783447 -6.12847519 -5.00000000
v -26.59029007 -6.12844706 -2.49019599
v -26.59029007 -6.12844706 -5.00000000
v -26.72148132 -6.12842464 -2.49019599
v -26.72148132 -6.12842464 -5.00000000
v -26.84943962 -6.12840986 -2.49019599
v -26.84943962 -6.12840986 -5.00000000
v -26.96846199 -6.12840080 -2.49019599
v -26.96846199 -6.12840080 -5.00000000
v -27.09881973 -6.12839508 -2.49019599
v -27.09881973 -6.12839508 -5.00000000
v -27.21613503 -6.12839270 -2.49019599
v -27.21613503 -6.12839270 -5.00000000
v -27.34618568 -6.12839222 -2.49019599
v -27.34618568 -6.12839222 -5.00000000
v -27.47136116 -6.12839222 -2.49019599
v -27.47136116 -6.12839222 -5.00000000
v -27.59653473 -6.12839222 -2.49019599
v -27.59653473 -6.12839222 -5.00000000
v -27.72171021 -6.12839222 -2.49019599
v -27.72171021 -6.12839222 -5.00000000
v -27.84688568 -6.12839222 -2.49019599
v -27.84688568 -6.12839222 -5.00000000
v -27.97206116 -6.12839222 -2.49019599
v -27.97206116 -6.12839222 -5.00000000
v -28.09723473 -6.12839222 -2.49019599
v -28.09723473 -6.12839222 -5.00000000
v -28.22241020 -6.12839222 -2.49019599
v -28.22241020 -6.12839222 -5.00000000
v -28.34758568 -6.12839222 -2.49019599
v -28.34758568 -6.12839222 -5.00000000
v -28.47276115 -6.12839222 -2.49019599
v -28.47276115 -6.12839222 -5.00000000
v -28.59793663 -6.12839222 -2.49019599
v -28.59793663 -6.12839222 -5.00000000
v -28.72311020 -6.12839222 -2.49019599
v -28.72311020 -6.12839222 -5.00000000
v -28.84828568 -6.12839222 -2.49019599
v -28.84828568 -6.12839222 -5.00000000
v -28.97346115 -6.12839222 -2.49019599
v -28.97346115 -6.12839222 -5.00000000
v -29.09863663 -6.12839222 -2.49019599
v -29.09863663 -6.12839222 -5.00000000
v -29.22381020 -6.12839222 -2.49019599
v -29.22381020 -6.12839222 -5.00000000
v -29.34898567 -6.12839222 -2.49019599
v -29.34898567 -6.12839222 -5.00000000
v -29.47416115 -6.12839222 -2.49019599
v -29.47416115 -6.12839222 -5.00000000
v -29.59933662 -6.12839222 -2.49019599
v -29.59933662 -6.12839222 -5.00000000
v -29.72451019 -6.12839222 -2.49019599
v -29.72451019 -6.12839222 -5.00000000
v -29.84968567 -6.12839222 -2.49019599
v -29.84968567 -6.12839222 -5.00000000
v -29.97486115 -6.12839222 -2.49019599
v -29.97486115 -6.12839222 -5.00000000
v -30.10003662 -6.12839222 -2.49019599
v -30.10003662 -6.12839222 -5.00000000
v -30.22521210 -6.12839222 -2.49019599
v -30.22521210 -6.12839222 -5.00000000
v -30.35038567 -6.12839222 -2.49019599
v -30.35038567 -6.12839222 -5.00000000
v -30.47556114 -6.12839222 -2.49019599
v -30.47556114 -6.12839222 -5.00000000
v -30.60073662 -6.12839222 -2.49019599
v -30.60073662 -6.12839222 -5.00000000
v -30.72591209 -6.12839222 -2.49019599
v -30.72591209 -6.12839222 -5.00000000
v -30.85108566 -6.12839222 -2.49019599
v -30.85108566 -6.12839222 -5.00000000
v -30.97626114 -6.12839222 -2.49019599
v -30.97626114 -6.12839222 -5.00000000
v -31.10143661 -6.12839222 -2.49019599
v -31.10143661 -6.12839222 -5.00000000
v -31.22661209 -6.12839222 -2.49019599
v -31.22661209 -6.12839222 -5.00000000
v -31.35178757 -6.12839222 -2.49019599
v -31.35178757 -6.12839222 -5.00000000
v -31.47696114 -6.12839222 -2.49019599
v -31.47696114 -6.12839222 -5.00000000
v -31.60213661 -6.12839222 -2.49019599
v -31.60213661 -6.12839222 -5.00000000
v -31.72731209 -6.12839222 -2.49019599
v -31.72731209 -6.12839222 -5.00000000
v -31.85248756 -6.12839222 -2.49019599
v -31.85248756 -6.12839222 -5.00000000
v -31.97766113 -6.12839222 -2.49019599
v -31.97766113 -6.12839222 -5.00000000
v -32.10283661 -6.12839222 -2.49019599
v -32.10283661 -6.12839222 -5.00000000
v -32.22801208 -6.12839222 -2.49019599
v -32.22801208 -6.12839222 -5.00000000
v -32.35318756 -6.12839222 -2.49019599
v -32.35318756 -6.12839222 -5.00000000
v -32.47836304 -6.12839222 -2.49019599
v -32.47836304 -6.12839222 -5.00000000
v -32.60353851 -6.12839222 -2.49019599
v -32.60353851 -6.12839222 -5.00000000
v -32.63199234 -6.22158957 -2.49019599
v -32.63199234 -6.22158957 -5.00000000
v -32.62727737 -6.34674501 -2.49019599
v -32.62727737 -6.34674501 -5.00000000
v -32.62256622 -6.47190094 -2.49019599
v -32.62256622 -6.47190094 -5.00000000
v -32.61785126 -6.59705639 -2.49019599
v -32.61785126 -6.59705639 -5.00000000
v -32.61314011 -6.72221184 -2.49019599
v -32.61314011 -6.72221184 -5.00000000
v -32.60842514 -6.84736729 -2.49019599
v -32.60842514 -6.84736729 -5.00000000
v -32.60371399 -6.97252274 -2.49019599
v -32.60371399 -6.97252274 -5.00000000
v -21.99976921 -8.00861073 -2.49019599
v -22.00000000 -7.88236284 -2.49019599
v -22.00000000 -7.88236284 -5.00000000
v -21.99976921 -8.00861073 -5.00000000
v -21.99861908 -8.13277721 -2.49019599
v -21.99861908 -8.13277721 -5.00000000
v -21.99520302 -8.25892353 -2.49019599
v -21.99520302 -8.25892353 -5.00000000
v -21.98633003 -8.38454628 -2.49019599
v -21.98633003 -8.38454628 -5.00000000
v -21.96158218 -8.50831795 -2.49019599
v -21.96158218 -8.50831795 -5.00000000
v -21.88601494 -8.60358047 -2.49019599
v -21.88601494 -8.60358047 -5.00000000
v -21.76378441 -8.62837887 -2.49019599
v -21.76378441 -8.62837887 -5.00000000
v -21.63864899 -8.63041782 -2.49019599
v -21.63864899 -8.63041782 -5.00000000
v -21.51478958 -8.64613438 -2.49019599
v -21.51478958 -8.64613438 -5.00000000
v -21.41916847 -8.72262764 -2.49019599
v -21.41916847 -8.72262764 -5.00000000
v -21.38646698 -8.84343338 -2.49019599
v -21.38646698 -8.84343338 -5.00000000
v -21.37723732 -8.96896744 -2.49019599
v -21.37723732 -8.96896744 -5.00000000
v -21.37507439 -9.09412003 -2.49019599
v -21.37507439 -9.09412003 -5.00000000
v -21.37446022 -9.21926498 -2.49019599
v -21.37446022 -9.21926498 -5.00000000
v -21.37012863 -9.34555244 -2.49019599
v -21.37012863 -9.34555244 -5.00000000
v -21.35438919 -9.46963406 -2.49019599
v -21.35438919 -9.46963406 -5.00000000
v -21.29825592 -9.58023834 -2.49019599
v -21.29825592 -9.58023834 -5.00000000
v -21.18313980 -9.62456131 -2.49019599
v -21.18313980 -9.62456131 -5.00000000
v -21.05765915 -9.63033581 -2.49019599
v -21.05765915 -9.63033581 -5.00000000
v -20.93216515 -9.63745785 -2.49019599
v -20.93216515 -9.63745785 -5.00000000
v -20.81965828 -9.68726730 -2.49019599
v -20.81965828 -9.68726730 -5.00000000
v -20.76865387 -9.80013466 -2.49019599
v -20.76865387 -9.80013466 -5.00000000
v -20.75427628 -9.92497826 -2.49019599
v -20.75427628 -9.92497826 -5.00000000
v -20.75041580 -10.05113220 -2.49019599
v -20.75041580 -10.05113220 -5.00000000
v -20.75000000 -10.17633629 -2.49019599
v -20.75000000 -10.17633629 -5.00000000
v -20.75000000 -10.30198383 -2.49019599
v -20.75000000 -10.30198383 -5.00000000
v -20.75000000 -10.42763138 -2.49019599
v -20.75000000 -10.42763138 -5.00000000
v -20.75000000 -10.55327892 -2.49019599
v -20.75000000 -10.55327892 -5.00000000
v -20.79801559 -10.63088417 -2.49019599
v -20.79801559 -10.63088417 -5.00000000
v -20.92359352 -10.63088417 -2.49019599
v -20.92359352 -10.63088417 -5.00000000
v -21.04917145 -10.63088417 -2.49019599
v -21.04917145 -10.63088417 -5.00000000
v -21.17474937 -10.63088417 -2.49019599
v -21.17474937 -10.63088417 -5.00000000
v -21.30032730 -10.63088417 -2.49019599
v -21.30032730 -10.63088417 -5.00000000
v -21.42590523 -10.63088417 -2.49019599
v -21.42590523 -10.63088417 -5.00000000
v -21.55148315 -10.63088417 -2.49019599
v -21.55148315 -10.63088417 -5.00000000
v -21.67706108 -10.63088417 -2.49019599
v -21.67706108 -10.63088417 -5.00000000
v -21.80263901 -10.63088417 -2.49019599
v -21.80263901 -10.63088417 -5.00000000
v -21.92821693 -10.63088417 -2.49019599
v -21.92821693 -10.63088417 -5.00000000
v -22.05379486 -10.63088417 -2.49019599
v -22.05379486 -10.63088417 -5.00000000
v -22.17937279 -10.63088417 -2.49019599
v -22.17937279 -10.63088417 -5.00000000
v -22.30495262 -10.63088417 -2.49019599
v -22.30495262 -10.63088417 -5.00000000
v -22.43053055 -10.63088417 -2.49019599
v -22.43053055 -10.63088417 -5.00000000
v -22.55610847 -10.63088417 -2.49019599
v -22.55610847 -10.63088417 -5.00000000
v -22.68168640 -10.63088417 -2.49019599
v -22.68168640 -10.63088417 -5.00000000
v -22.80726433 -10.63088417 -2.49019599
v -22.80726433 -10.63088417 -5.00000000
v -22.93284225 -10.63088417 -2.49019599
v -22.93284225 -10.63088417 -5.00000000
v -23.05842018 -10.63088417 -2.49019599
v -23.05842018 -10.63088417 -5.00000000
v -23.18399811 -10.63088417 -2.49019599
v -23.18399811 -10.63088417 -5.00000000
v -23.30957603 -10.63088417 -2.49019599
v -23.30957603 -10.63088417 -5.00000000
v -23.43515396 -10.63088417 -2.49019599
v -23.43515396 -10.63088417 -5.00000000
v -23.56073189 -10.63088417 -2.49019599
v -23.56073189 -10.63088417 -5.00000000
v -23.68630981 -10.63088417 -2.49019599
v -23.68630981 -10.63088417 -5.00000000
v -23.81188774 -10.63088417 -2.49019599
v -23.81188774 -10.63088417 -5.00000000
v -23.93746567 -10.63088417 -2.49019599
v -23.93746567 -10.63088417 -5.00000000
v -24.06304359 -10.63088417 -2.49019599
v -24.06304359 -10.63088417 -5.00000000
v -24.18862152 -10.63088417 -2.49019599
v -24.18862152 -10.63088417 -5.00000000
v -24.31419945 -10.63088417 -2.49019599
v -24.31419945 -10.63088417 -5.00000000
v -24.43977737 -10.63088417 -2.49019599
v -24.43977737 -10.63088417 -5.00000000
v -24.56535530 -10.63088417 -2.49019599
v -24.56535530 -10.63088417 -5.00000000
v -24.69093323 -10.63088417 -2.49019599
v -24.69093323 -10.63088417 -5.00000000
v -24.81651115 -10.63088417 -2.49019599
v -24.81651115 -10.63088417 -5.00000000
v -24.94208908 -10.63088417 -2.49019599
v -24.94208908 -10.63088417 -5.00000000
v -25.06766701 -10.63088417 -2.49019599
v -25.06766701 -10.63088417 -5.00000000
v -25.19324493 -10.63088417 -2.49019599
v -25.19324493 -10.63088417 -5.00000000
v -25.31882286 -10.63088417 -2.49019599
v -25.31882286 -10.63088417 -5.00000000
v -25.44440079 -10.63088417 -2.49019599
v -25.44440079 -10.63088417 -5.00000000
v -25.56997871 -10.63088417 -2.49019599
v -25.56997871 -10.63088417 -5.00000000
v -25.69555664 -10.63088417 -2.49019599
v -25.69555664 -10.63088417 -5.00000000
v -25.82113457 -10.63088417 -2.49019599
v -25.82113457 -10.63088417 -5.00000000
v -25.94671440 -10.63088417 -2.49019599
v -25.94671440 -10.63088417 -5.00000000
v -26.07229233 -10.63088417 -2.49019599
v -26.07229233 -10.63088417 -5.00000000
v -26.19787025 -10.63088417 -2.49019599
v -26.19787025 -10.63088417 -5.00000000
v -26.32344818 -10.63088417 -2.49019599
v -26.32344818 -10.63088417 -5.00000000
v -26.44902611 -10.63088417 -2.49019599
v -26.44902611 -10.63088417 -5.00000000
v -26.57460403 -10.63088417 -2.49019599
v -26.57460403 -10.63088417 -5.00000000
v -26.70018196 -10.63088417 -2.49019599
v -26.70018196 -10.63088417 -5.00000000
v -26.82575989 -10.63088417 -2.49019599
v -26.82575989 -10.63088417 -5.00000000
v -26.95133781 -10.63088417 -2.49019599
v -26.95133781 -10.63088417 -5.00000000
v -27.07691574 -10.63088417 -2.49019599
v -27.07691574 -10.63088417 -5.00000000
v -27.20249367 -10.63088417 -2.49019599
v -27.20249367 -10.63088417 -5.00000000
v -27.32807159 -10.63088417 -2.49019599
v -27.32807159 -10.63088417 -5.00000000
v -27.45364952 -10.63088417 -2.49019599
v -27.45364952 -10.63088417 -5.00000000
v -27.57922745 -10.63088417 -2.49019599
v -27.57922745 -10.63088417 -5.00000000
v -27.70480537 -10.63088417 -2.49019599
v -27.70480537 -10.63088417 -5.00000000
v -27.83038330 -10.63088417 -2.49019599
v -27.83038330 -10.63088417 -5.00000000
v -27.95596123 -10.63088417 -2.49019599
v -27.95596123 -10.63088417 -5.00000000
v -28.08153915 -10.63088417 -2.49019599
v -28.08153915 -10.63088417 -5.00000000
v -28.12500000 -10.54872131 -2.49019599
v -28.12500000 -10.54872131 -5.00000000
v -28.12500000 -10.42307377 -2.49019599
v -28.12500000 -10.42307377 -5.00000000
v -28.12508011 -10.29742622 -2.49019599
v -28.12508011 -10.29742622 -5.00000000
v -28.13423729 -10.17239189 -2.49019599
v -28.13423729 -10.17239189 -5.00000000
v -28.19562531 -10.06625652 -2.49019599
v -28.19562531 -10.06625652 -5.00000000
v -28.31274414 -10.02434063 -2.49019599
v -28.31274414 -10.02434063 -5.00000000
v -28.43831635 -10.01123238 -2.49019599
v -28.43831635 -10.01123238 -5.00000000
v -28.56249428 -10.00687313 -2.49019599
v -28.56249428 -10.00687313 -5.00000000
v -28.68879509 -10.00563145 -2.49019599
v -28.68879509 -10.00563145 -5.00000000
v -28.81469154 -10.00522614 -2.49019599
v -28.81469154 -10.00522614 -5.00000000
v -28.94003296 -10.00232887 -2.49019599
v -28.94003296 -10.00232887 -5.00000000
v -29.06448936 -9.99464798 -2.49019599
v -29.06448936 -9.99464798 -5.00000000
v -29.18925285 -9.97735786 -2.49019599
v -29.18925285 -9.97735786 -5.00000000
v -29.30799675 -9.93595314 -2.49019599
v -29.30799675 -9.93595314 -5.00000000
v -29.37413406 -9.83574009 -2.49019599
v -29.37413406 -9.83574009 -5.00000000
v -29.41161728 -9.71877480 -2.49019599
v -29.41161728 -9.71877480 -5.00000000
v -29.51707268 -9.65400028 -2.49019599
v -29.51707268 -9.65400028 -5.00000000
v -29.64031410 -9.63180447 -2.49019599
v -29.64031410 -9.63180447 -5.00000000
v -29.76620293 -9.62715340 -2.49019599
v -29.76620293 -9.62715340 -5.00000000
v -29.88809776 -9.59910202 -2.49019599
v -29.88809776 -9.59910202 -5.00000000
v -29.97634506 -9.51397800 -2.49019599
v -29.97634506 -9.51397800 -5.00000000
v -29.99989319 -9.39141941 -2.49019599
v -29.99989319 -9.39141941 -5.00000000
v -30.01534462 -9.26735592 -2.49019599
v -30.01534462 -9.26735592 -5.00000000
v -30.09168434 -9.17167664 -2.49019599
v -30.09168434 -9.17167664 -5.00000000
v -30.21129799 -9.13564777 -2.49019599
v -30.21129799 -9.13564777 -5.00000000
v -30.33620262 -9.12992001 -2.49019599
v -30.33620262 -9.12992001 -5.00000000
v -30.46099663 -9.11972046 -2.49019599
v -30.46099663 -9.11972046 -5.00000000
v -30.56781387 -9.05824184 -2.49019599
v -30.56781387 -9.05824184 -5.00000000
v -30.60991669 -8.94093513 -2.49019599
v -30.60991669 -8.94093513 -5.00000000
v -30.62172890 -8.81606770 -2.49019599
v -30.62172890 -8.81606770 -5.00000000
v -30.62476921 -8.69070911 -2.49019599
v -30.62476921 -8.69070911 -5.00000000
v -30.62528992 -8.56457901 -2.49019599
v -30.62528992 -8.56457901 -5.00000000
v -30.62869072 -8.43890476 -2.49019599
v -30.62869072 -8.43890476 -5.00000000
v -30.64137459 -8.31405258 -2.49019599
v -30.64137459 -8.31405258 -5.00000000
v -30.68505859 -8.19807434 -2.49019599
v -30.68505859 -8.19807434 -5.00000000
v -30.79251671 -8.13857460 -2.49019599
v -30.79251671 -8.13857460 -5.00000000
v -30.91769409 -8.12950993 -2.49019599
v -30.91769409 -8.12950993 -5.00000000
v -31.04271317 -8.12067604 -2.49019599
v -31.04271317 -8.12067604 -5.00000000
v -31.15526772 -8.06930351 -2.49019599
v -31.15526772 -8.06930351 -5.00000000
v -31.22084999 -7.96288300 -2.49019599
v -31.22084999 -7.96288300 -5.00000000
v -31.25193977 -7.84196234 -2.49019599
v -31.25193977 -7.84196234 -5.00000000
v -31.27065277 -7.71740246 -2.49019599
v -31.27065277 -7.71740246 -5.00000000
v -31.28273582 -7.59249687 -2.49019599
v -31.28273582 -7.59249687 -5.00000000
v -31.28672218 -7.46705341 -2.49019599
v -31.28672218 -7.46705341 -5.00000000
v -31.28125191 -7.34195328 -2.49019599
v -31.28125191 -7.34195328 -5.00000000
v -31.26000595 -7.21809959 -2.49019599
v -31.26000595 -7.21809959 -5.00000000
v -31.17337418 -7.14733028 -2.49019599
v -31.17337418 -7.14733028 -5.00000000
v -31.05163765 -7.13705826 -2.49019599
v -31.05163765 -7.13705826 -5.00000000
v -30.92609978 -7.13029194 -2.49019599
v -30.92609978 -7.13029194 -5.00000000
v -30.80014229 -7.12511587 -2.49019599
v -30.80014229 -7.12511587 -5.00000000
v -30.67387581 -7.12088537 -2.49019599
v -30.67387581 -7.12088537 -5.00000000
v -30.54247093 -7.11717987 -2.49019599
v -30.54247093 -7.11717987 -5.00000000
v -30.41824722 -7.11416531 -2.49019599
v -30.41824722 -7.11416531 -5.00000000
v -30.29586983 -7.11156321 -2.49019599
v -30.29586983 -7.11156321 -5.00000000
v -30.16869926 -7.10917759 -2.49019599
v -30.16869926 -7.10917759 -5.00000000
v -30.04194069 -7.10707283 -2.49019599
v -30.04194069 -7.10707283 -5.00000000
v -29.91908455 -7.10525894 -2.49019599
v -29.91908455 -7.10525894 -5.00000000
v -29.79122353 -7.10357857 -2.49019599
v -29.79122353 -7.10357857 -5.00000000
v -29.66294479 -7.10208368 -2.49019599
v -29.66294479 -7.10208368 -5.00000000
v -29.54098701 -7.10082150 -2.49019599
v -29.54098701 -7.10082150 -5.00000000
v -29.41645813 -7.09968042 -2.49019599
v -29.41645813 -7.09968042 -5.00000000
v -29.28796768 -7.09864712 -2.49019599
v -29.28796768 -7.09864712 -5.00000000
v -29.16356468 -7.09777546 -2.49019599
v -29.16356468 -7.09777546 -5.00000000
v -29.04292107 -7.09704447 -2.49019599
v -29.04292107 -7.09704447 -5.00000000
v -28.91614532 -7.09639025 -2.49019599
v -28.91614532 -7.09639025 -5.00000000
v -28.79214287 -7.09585762 -2.49019599
v -28.79214287 -7.09585762 -5.00000000
v -28.66107178 -7.09540367 -2.49019599
v -28.66107178 -7.09540367 -5.00000000
v -28.53222275 -7.09506226 -2.49019599
v -28.53222275 -7.09506226 -5.00000000
v -28.41460037 -7.09483814 -2.49019599
v -28.41460037 -7.09483814 -5.00000000
v -28.28923988 -7.09468699 -2.49019599
v -28.28923988 -7.09468699 -5.00000000
v -28.15654373 -7.09462261 -2.49019599
v -28.15654373 -7.09462261 -5.00000000
v -28.03396797 -7.09464788 -2.49019599
v -28.03396797 -7.09464788 -5.00000000
v -27.90425873 -7.09476137 -2.49019599
v -27.90425873 -7.09476137 -5.00000000
v -27.78339195 -7.09494448 -2.49019599
v -27.78339195 -7.09494448 -5.00000000
v -27.65578842 -7.09521770 -2.49019599
v -27.65578842 -7.09521770 -5.00000000
v -27.52917290 -7.09556818 -2.49019599
v -27.52917290 -7.09556818 -5.00000000
v -27.40896606 -7.09597301 -2.49019599
v -27.40896606 -7.09597301 -5.00000000
v -27.27811241 -7.09649134 -2.49019599
v -27.27811241 -7.09649134 -5.00000000
v -27.15738487 -7.09704113 -2.49019599
v -27.15738487 -7.09704113 -5.00000000
v -27.02853203 -7.09770298 -2.49019599
v -27.02853203 -7.09770298 -5.00000000
v -26.90622711 -7.09840155 -2.49019599
v -26.90622711 -7.09840155 -5.00000000
v -26.77868462 -7.09920263 -2.49019599
v -26.77868462 -7.09920263 -5.00000000
v -26.65246773 -7.10006762 -2.49019599
v -26.65246773 -7.10006762 -5.00000000
v -26.52714920 -7.10099316 -2.49019599
v -26.52714920 -7.10099316 -5.00000000
v -26.40157318 -7.10193491 -2.49019599
v -26.40157318 -7.10193491 -5.00000000
v -26.27599907 -7.10287666 -2.49019599
v -26.27599907 -7.10287666 -5.00000000
v -26.15042496 -7.10381889 -2.49019599
v -26.15042496 -7.10381889 -5.00000000
v -26.02485085 -7.10476065 -2.49019599
v -26.02485085 -7.10476065 -5.00000000
v -25.89927673 -7.10570240 -2.49019599
v -25.89927673 -7.10570240 -5.00000000
v -25.77370262 -7.10664463 -2.49019599
v -25.77370262 -7.10664463 -5.00000000
v -25.64812660 -7.10758638 -2.49019599
v -25.64812660 -7.10758638 -5.00000000
v -25.52255249 -7.10852814 -2.49019599
v -25.52255249 -7.10852814 -5.00000000
v -25.39697838 -7.10946989 -2.49019599
v -25.39697838 -7.10946989 -5.00000000
v -25.27140427 -7.11041212 -2.49019599
v -25.27140427 -7.11041212 -5.00000000
v -25.14583015 -7.11135387 -2.49019599
v -25.14583015 -7.11135387 -5.00000000
v -25.02025414 -7.11229563 -2.49019599
v -25.02025414 -7.11229563 -5.00000000
v -24.89468002 -7.11323738 -2.49019599
v -24.89468002 -7.11323738 -5.00000000
v -24.76910591 -7.11417961 -2.49019599
v -24.76910591 -7.11417961 -5.00000000
v -24.64353180 -7.11512136 -2.49019599
v -24.64353180 -7.11512136 -5.00000000
v -24.51795769 -7.11606312 -2.49019599
v -24.51795769 -7.11606312 -5.00000000
v -24.39238167 -7.11700487 -2.49019599
v -24.39238167 -7.11700487 -5.00000000
v -24.26680756 -7.11794710 -2.49019599
v -24.26680756 -7.11794710 -5.00000000
v -24.14123344 -7.11888885 -2.49019599
v -24.14123344 -7.11888885 -5.00000000
v -24.01565933 -7.11983061 -2.49019599
v -24.01565933 -7.11983061 -5.00000000
v -23.89008522 -7.12077236 -2.49019599
v -23.89008522 -7.12077236 -5.00000000
v -23.76451111 -7.12171459 -2.49019599
v -23.76451111 -7.12171459 -5.00000000
v -23.63893509 -7.12265635 -2.49019599
v -23.63893509 -7.12265635 -5.00000000
v -23.51336098 -7.12359810 -2.49019599
v -23.51336098 -7.12359810 -5.00000000
v -23.38778687 -7.12453985 -2.49019599
v -23.38778687 -7.12453985 -5.00000000
v -23.26221275 -7.12548208 -2.49019599
v -23.26221275 -7.12548208 -5.00000000
v -23.13663864 -7.12642384 -2.49019599
v -23.13663864 -7.12642384 -5.00000000
v -23.01106262 -7.12736559 -2.49019599
v -23.01106262 -7.12736559 -5.00000000
v -22.88548851 -7.12830734 -2.49019599
v -22.88548851 -7.12830734 -5.00000000
v -22.75991440 -7.12924957 -2.49019599
v -22.75991440 -7.12924957 -5.00000000
v -22.63434029 -7.13019133 -2.49019599
v -22.63434029 -7.13019133 -5.00000000
v -22.50876617 -7.13113308 -2.49019599
v -22.50876617 -7.13113308 -5.00000000
v -22.38319206 -7.13207483 -2.49019599
v -22.38319206 -7.13207483 -5.00000000
v -22.25761604 -7.13301706 -2.49019599
v -22.25761604 -7.13301706 -5.00000000
v -22.13204193 -7.13395882 -2.49019599
v -22.13204193 -7.13395882 -5.00000000
v -22.00646782 -7.13490057 -2.49019599
v -22.00646782 -7.13490057 -5.00000000
v -22.00000000 -7.25412512 -2.49019599
v -22.00000000 -7.25412512 -5.00000000
v -22.00000000 -7.37977266 -2.49019599
v -22.00000000 -7.37977266 -5.00000000
v -22.00000000 -7.50542021 -2.49019599
v -22.00000000 -7.50542021 -5.00000000
v -22.00000000 -7.63106775 -2.49019599
v -22.00000000 -7.63106775 -5.00000000
v -22.00000000 -7.75671530 -2.49019599
v -22.00000000 -7.75671530 -5.00000000
f 1 2 3
f 3 4 1
f 5 1 4
f 4 6 5
f 7 5 6
f 6 8 7
f 9 7 8
f 8 10 9
f 11 9 10
f 10 12 11
f 13 11 12
f 12 14 13
f 15 13 14
f 14 16 15
f 17 15 16
f 16 18 17
f 19 17 18
f 18 20 19
f 21 19 20
f 20 22 21
f 23 21 22
f 22 24 23
f 25 23 24
f 24 26 25
f 27 25 26
f 26 28 27
f 29 27 28
f 28 30 29
f 31 29 30
f 30 32 31
f 33 31 32
f 32 34 33
f 35 33 34
f 34 36 35
f 37 35 36
f 36 38 37
f 39 37 38
f 38 40 39
f 41 39 40
f 40 42 41
f 43 41 42
f 42 44 43
f 45 43 44
f 44 46 45
f 47 45 46
f 46 48 47
f 49 47 48
f 48 50 49
f 51 49 50
f 50 52 51
f 53 51 52
f 52 54 53
f 55 53 54
f 54 56 55
f 57 55 56
f 56 58 57
f 59 57 58
f 58 60 59
f 61 59 60
f 60 62 61
f 63 61 62
f 62 64 63
f 65 63 64
f 64 66 65
f 67 65 66
f 66 68 67
f 69 67 68
f 68 70 69
f 71 69 70
f 70 72 71
f 73 71 72
f 72 74 73
f 75 73 74
f 74 76 75
f 77 75 76
f 76 78 77
f 79 77 78
f 78 80 79
f 81 79 80
f 80 82 81
f 83 81 82
f 82 84 83
f 85 83 84
f 84 86 85
f 87 85 86
f 86 88 87
f 89 87 88
f 88 90 89
f 91 89 90
f 90 92 91
f 93 91 92
f 92 94 93
f 95 93 94
f 94 96 95
f 97 95 96
f 96 98 97
f 99 97 98
f 98 100 99
f 101 99 100
f 100 102 101
f 103 101 102
f 102 104 103
f 105 103 104
f 104 106 105
f 107 105 106
f 106 108 107
f 109 107 108
f 108 110 109
f 111 109 110
f 110 112 111
f 113 111 112
f 112 114 113
f 115 113 114
f 114 116 115
f 117 115 116
f 116 118 117
f 119 117 118
f 118 120 119
f 121 119 120
f 120 122 121
f 123 121 122
f 122 124 123
f 125 123 124
f 124 126 125
f 127 125 126
f 126 128 127
f 129 127 128
f 128 130 129
f 131 129 130
f 130 132 131
f 133 131 132
f 132 134 133
f 135 133 134
f 134 136 135
f 137 135 136
f 136 138 137
f 139 137 138
f 138 140 139
f 141 139 140
f 140 142 141
f 143 141 142
f 142 144 143
f 145 143 144
f 144 146 145
f 147 145 146
f 146 148 147
f 149 147 148
f 148 150 149
f 151 149 150
f 150 152 151
f 153 151 152
f 152 154 153
f 155 153 154
f 154 156 155
f 157 155 156
f 156 158 157
f 159 157 158
f 158 160 159
f 161 159 160
f 160 162 161
f 163 161 162
f 162 164 163
f 165 163 164
f 164 166 165
f 167 165 166
f 166 168 167
f 169 167 168
f 168 170 169
f 171 169 170
f 170 172 171
f 173 171 172
f 172 174 173
f 175 173 174
f 174 176 175
f 177 175 176
f 176 178 177
f 179 177 178
f 178 180 179
f 181 179 180
f 180 182 181
f 183 181 182
f 182 184 183
f 185 183 184
f 184 186 185
f 187 185 186
f 186 188 187
f 189 187 188
f 188 190 189
f 191 189 190
f 190 192 191
f 193 191 192
f 192 194 193
f 195 193 194
f 194 196 195
f 197 195 196
f 196 198 197
f 199 197 198
f 198 200 199
f 201 199 200
f 200 202 201
f 203 201 202
f 202 204 203
f 205 203 204
f 204 206 205
f 207 205 206
f 206 208 207
f 209 207 208
f 208 210 209
f 211 209 210
f 210 212 211
f 213 211 212
f 212 214 213
f 215 213 214
f 214 216 215
f 217 215 216
f 216 218 217
f 219 217 218
f 218 220 219
f 221 219 220
f 220 222 221
f 223 221 222
f 222 224 223
f 225 223 224
f 224 226 225
f 227 225 226
f 226 228 227
f 229 227 228
f 228 230 229
f 231 229 230
f 230 232 231
f 233 231 232
f 232 234 233
f 235 233 234
f 234 236 235
f 237 235 236
f 236 238 237
f 239 237 238
f 238 240 239
f 241 239 240
f 240 242 241
f 243 241 242
f 242 244 243
f 245 243 244
f 244 246 245
f 247 245 246
f 246 248 247
f 249 247 248
f 248 250 249
f 251 249 250
f 250 252 251
f 253 251 252
f 252 254 253
f 255 253 254
f 254 256 255
f 257 255 256
f 256 258 257
f 259 257 258
f 258 260 259
f 261 259 260
f 260 262 261
f 263 261 262
f 262 264 263
f 265 263 264
f 264 266 265
f 267 265 266
f 266 268 267
f 269 267 268
f 268 270 269
f 271 269 270
f 270 272 271
f 273 271 272
f 272 274 273
f 275 273 274
f 274 276 275
f 277 275 276
f 276 278 277
f 279 277 278
f 278 280 279
f 281 279 280
f 280 282 281
f 283 281 282
f 282 284 283
f 285 283 284
f 284 286 285
f 287 285 286
f 286 288 287
f 289 287 288
f 288 290 289
f 291 289 290
f 290 292 291
f 293 291 292
f 292 294 293
f 295 293 294
f 294 296 295
f 297 295 296
f 296 298 297
f 299 297 298
f 298 300 299
f 301 299 300
f 300 302 301
f 303 301 302
f 302 304 303
f 305 303 304
f 304 306 305
f 307 305 306
f 306 308 307
f 309 307 308
f 308 310 309
f 311 309 310
f 310 312 311
f 313 311 312
f 312 314 313
f 315 313 314
f 314 316 315
f 317 315 316
f 316 318 317
f 319 317 318
f 318 320 319
f 321 319 320
f 320 322 321
f 323 321 322
f 322 324 323
f 325 323 324
f 324 326 325
f 327 325 326
f 326 328 327
f 329 327 328
f 328 330 329
f 331 329 330
f 330 332 331
f 333 331 332
f 332 334 333
f 335 333 334
f 334 336 335
f 337 335 336
f 336 338 337
f 339 337 338
f 338 340 339
f 341 339 340
f 340 342 341
f 343 341 342
f 342 344 343
f 345 343 344
f 344 346 345
f 347 345 346
f 346 348 347
f 349 347 348
f 348 350 349
f 351 349 350
f 350 352 351
f 353 351 352
f 352 354 353
f 355 353 354
f 354 356 355
f 357 355 356
f 356 358 357
f 359 357 358
f 358 360 359
f 361 359 360
f 360 362 361
f 363 361 362
f 362 364 363
f 365 363 364
f 364 366 365
f 367 365 366
f 366 368 367
f 369 367 368
f 368 370 369
f 371 369 370
f 370 372 371
f 373 371 372
f 372 374 373
f 375 373 374
f 374 376 375
f 377 375 376
f 376 378 377
f 379 377 378
f 378 380 379
f 381 379 380
f 380 382 381
f 383 381 382
f 382 384 383
f 385 383 384
f 384 386 385
f 387 385 386
f 386 388 387
f 389 387 388
f 388 390 389
f 391 389 390
f 390 392 391
f 393 391 392
f 392 394 393
f 395 393 394
f 394 396 395
f 397 395 396
f 396 398 397
f 399 397 398
f 398 400 399
f 401 399 400
f 400 402 401
f 403 401 402
f 402 404 403
f 405 403 404
f 404 406 405
f 407 405 406
f 406 408 407
f 409 407 408
f 408 410 409
f 411 409 410
f 410 412 411
f 413 411 412
f 412 414 413
f 415 413 414
f 414 416 415
f 417 415 416
f 416 418 417
f 419 417 418
f 418 420 419
f 421 419 420
f 420 422 421
f 423 421 422
f 422 424 423
f 425 423 424
f 424 426 425
f 427 425 426
f 426 428 427
f 429 427 428
f 428 430 429
f 431 429 430
f 430 432 431
f 433 431 432
f 432 434 433
f 435 433 434
f 434 436 435
f 437 435 436
f 436 438 437
f 439 437 438
f 438 440 439
f 441 439 440
f 440 442 441
f 443 441 442
f 442 444 443
f 445 443 444
f 444 446 445
f 447 445 446
f 446 448 447
f 449 447 448
f 448 450 449
f 451 449 450
f 450 452 451
f 453 451 452
f 452 454 453
f 455 453 454
f 454 456 455
f 457 455 456
f 456 458 457
f 459 457 458
f 458 460 459
f 461 459 460
f 460 462 461
f 463 461 462
f 462 464 463
f 465 463 464
f 464 466 465
f 467 465 466
f 466 468 467
f 469 467 468
f 468 470 469
f 471 469 470
f 470 472 471
f 473 471 472
f 472 474 473
f 475 473 474
f 474 476 475
f 477 475 476
f 476 478 477
f 479 477 478
f 478 480 479
f 481 479 480
f 480 482 481
f 483 481 482
f 482 484 483
f 485 483 484
f 484 486 485
f 487 485 486
f 486 488 487
f 489 487 488
f 488 490 489
f 491 489 490
f 490 492 491
f 493 491 492
f 492 494 493
f 495 493 494
f 494 496 495
f 497 495 496
f 496 498 497
f 499 497 498
f 498 500 499
f 501 499 500
f 500 502 501
f 503 501 502
f 502 504 503
f 505 503 504
f 504 506 505
f 507 505 506
f 506 508 507
f 509 507 508
f 508 510 509
f 511 509 510
f 510 512 511
f 513 511 512
f 512 514 513
f 515 513 514
f 514 516 515
f 517 515 516
f 516 518 517
f 519 517 518
f 518 520 519
f 521 519 520
f 520 522 521
f 523 521 522
f 522 524 523
f 525 523 524
f 524 526 525
f 527 525 526
f 526 528 527
f 529 527 528
f 528 530 529
f 531 529 530
f 530 532 531
f 533 531 532
f 532 534 533
f 535 533 534
f 534 536 535
f 537 535 536
f 536 538 537
f 539 537 538
f 538 540 539
f 541 539 540
f 540 542 541
f 543 541 542
f 542 544 543
f 545 543 544
f 544 546 545
f 547 545 546
f 546 548 547
f 549 547 548
f 548 550 549
f 551 549 550
f 550 552 551
f 553 551 552
f 552 554 553
f 555 553 554
f 554 556 555
f 557 555 556
f 556 558 557
f 559 557 558
f 558 560 559
f 561 559 560
f 560 562 561
f 563 561 562
f 562 564 563
f 565 563 564
f 564 566 565
f 567 565 566
f 566 568 567
f 569 567 568
f 568 570 569
f 571 569 570
f 570 572 571
f 573 571 572
f 572 574 573
f 575 573 574
f 574 576 575
f 577 575 576
f 576 578 577
f 579 577 578
f 578 580 579
f 581 579 580
f 580 582 581
f 583 581 582
f 582 584 583
f 585 583 584
f 584 586 585
f 587 585 586
f 586 588 587
f 589 587 588
f 588 590 589
f 591 589 590
f 590 592 591
f 593 591 592
f 592 594 593
f 595 593 594
f 594 596 595
f 597 595 596
f 596 598 597
f 599 597 598
f 598 600 599
f 601 599 600
f 600 602 601
f 603 601 602
f 602 604 603
f 605 603 604
f 604 606 605
f 607 605 606
f 606 608 607
f 609 607 608
f 608 610 609
f 611 609 610
f 610 612 611
f 613 611 612
f 612 614 613
f 615 613 614
f 614 616 615
f 617 615 616
f 616 618 617
f 619 617 618
f 618 620 619
f 621 619 620
f 620 622 621
f 623 621 622
f 622 624 623
f 625 623 624
f 624 626 625
f 627 625 626
f 626 628 627
f 629 627 628
f 628 630 629
f 631 629 630
f 630 632 631
f 633 631 632
f 632 634 633
f 635 633 634
f 634 636 635
f 637 635 636
f 636 638 637
f 639 637 638
f 638 640 639
f 641 639 640
f 640 642 641
f 643 641 642
f 642 644 643
f 645 643 644
f 644 646 645
f 647 645 646
f 646 648 647
f 649 647 648
f 648 650 649
f 651 649 650
f 650 652 651
f 653 651 652
f 652 654 653
f 655 653 654
f 654 656 655
f 657 655 656
f 656 658 657
f 659 657 658
f 658 660 659
f 661 659 660
f 660 662 661
f 663 661 662
f 662 664 663
f 665 663 664
f 664 666 665
f 667 665 666
f 666 668 667
f 669 667 668
f 668 670 669
f 671 669 670
f 670 672 671
f 673 671 672
f 672 674 673
f 675 673 674
f 674 676 675
f 677 675 676
f 676 678 677
f 679 677 678
f 678 680 679
f 681 679 680
f 680 682 681
f 683 681 682
f 682 684 683
f 685 683 684
f 684 686 685
f 687 685 686
f 686 688 687
f 689 687 688
f 688 690 689
f 691 689 690
f 690 692 691
f 693 691 692
f 692 694 693
f 695 693 694
f 694 696 695
f 697 695 696
f 696 698 697
f 699 697 698
f 698 700 699
f 701 699 700
f 700 702 701
f 703 701 702
f 702 704 703
f 705 703 704
f 704 706 705
f 707 705 706
f 706 708 707
f 709 707 708
f 708 710 709
f 711 709 710
f 710 712 711
f 713 711 712
f 712 714 713
f 715 713 714
f 714 716 715
f 717 715 716
f 716 718 717
f 719 717 718
f 718 720 719
f 721 719 720
f 720 722 721
f 723 721 722
f 722 724 723
f 725 723 724
f 724 726 725
f 727 725 726
f 726 728 727
f 729 727 728
f 728 730 729
f 731 729 730
f 730 732 731
f 733 731 732
f 732 734 733
f 735 733 734
f 734 736 735
f 737 735 736
f 736 738 737
f 739 737 738
f 738 740 739
f 741 739 740
f 740 742 741
f 743 741 742
f 742 744 743
f 745 743 744
f 744 746 745
f 747 745 746
f 746 748 747
f 749 747 748
f 748 750 749
f 751 749 750
f 750 752 751
f 753 751 752
f 752 754 753
f 755 753 754
f 754 756 755
f 757 755 756
f 756 758 757
f 759 757 758
f 758 760 759
f 761 759 760
f 760 762 761
f 763 761 762
f 762 764 763
f 765 763 764
f 764 766 765
f 767 765 766
f 766 768 767
f 769 767 768
f 768 770 769
f 771 769 770
f 770 772 771
f 773 771 772
f 772 774 773
f 775 773 774
f 774 776 775
f 777 775 776
f 776 778 777
f 779 777 778
f 778 780 779
f 781 779 780
f 780 782 781
f 783 781 782
f 782 784 783
f 785 783 784
f 784 786 785
f 787 785 786
f 786 788 787
f 789 787 788
f 788 790 789
f 791 789 790
f 790 792 791
f 793 791 792
f 792 794 793
f 795 793 794
f 794 796 795
f 797 795 796
f 796 798 797
f 799 797 798
f 798 800 799
f 801 799 800
f 800 802 801
f 803 801 802
f 802 804 803
f 805 803 804
f 804 806 805
f 807 805 806
f 806 808 807
f 809 807 808
f 808 810 809
f 811 809 810
f 810 812 811
f 813 811 812
f 812 814 813
f 815 813 814
f 814 816 815
f 817 815 816
f 816 818 817
f 819 817 818
f 818 820 819
f 821 819 820
f 820 822 821
f 823 821 822
f 822 824 823
f 825 823 824
f 824 826 825
f 827 825 826
f 826 828 827
f 829 827 828
f 828 830 829
f 831 829 830
f 830 832 831
f 833 831 832
f 832 834 833
f 835 833 834
f 834 836 835
f 837 835 836
f 836 838 837
f 839 837 838
f 838 840 839
f 841 839 840
f 840 842 841
f 843 841 842
f 842 844 843
f 845 843 844
f 844 846 845
f 847 845 846
f 846 848 847
f 849 847 848
f 848 850 849
f 851 849 850
f 850 852 851
f 853 851 852
f 852 854 853
f 855 853 854
f 854 856 855
f 857 855 856
f 856 858 857
f 859 857 858
f 858 860 859
f 861 859 860
f 860 862 861
f 863 861 862
f 862 864 863
f 865 863 864
f 864 866 865
f 867 865 866
f 866 868 867
f 869 867 868
f 868 870 869
f 871 869 870
f 870 872 871
f 873 871 872
f 872 874 873
f 875 873 874
f 874 876 875
f 877 875 876
f 876 878 877
f 879 877 878
f 878 880 879
f 881 879 880
f 880 882 881
f 883 881 882
f 882 884 883
f 885 883 884
f 884 886 885
f 887 885 886
f 886 888 887
f 889 887 888
f 888 890 889
f 891 889 890
f 890 892 891
f 893 891 892
f 892 894 893
f 895 893 894
f 894 896 895
f 897 895 896
f 896 898 897
f 899 897 898
f 898 900 899
f 901 899 900
f 900 902 901
f 903 901 902
f 902 904 903
f 905 903 904
f 904 906 905
f 907 905 906
f 906 908 907
f 909 907 908
f 908 910 909
f 911 909 910
f 910 912 911
f 913 911 912
f 912 914 913
f 915 913 914
f 914 916 915
f 917 915 916
f 916 918 917
f 919 917 918
f 918 920 919
f 921 919 920
f 920 922 921
f 923 921 922
f 922 924 923
f 925 923 924
f 924 926 925
f 927 925 926
f 926 928 927
f 929 927 928
f 928 930 929
f 931 929 930
f 930 932 931
f 933 931 932
f 932 934 933
f 935 933 934
f 934 936 935
f 937 935 936
f 936 938 937
f 939 937 938
f 938 940 939
f 941 939 940
f 940 942 941
f 943 941 942
f 942 944 943
f 945 943 944
f 944 946 945
f 947 945 946
f 946 948 947
f 949 947 948
f 948 950 949
f 951 949 950
f 950 952 951
f 953 951 952
f 952 954 953
f 955 953 954
f 954 956 955
f 957 955 956
f 956 958 957
f 959 957 958
f 958 960 959
f 961 959 960
f 960 962 961
f 963 961 962
f 962 964 963
f 965 963 964
f 964 966 965
f 967 965 966
f 966 968 967
f 969 967 968
f 968 970 969
f 971 969 970
f 970 972 971
f 973 971 972
f 972 974 973
f 975 973 974
f 974 976 975
f 977 975 976
f 976 978 977
f 979 977 978
f 978 980 979
f 981 979 980
f 980 982 981
f 983 981 982
f 982 984 983
f 985 983 984
f 984 986 985
f 987 985 986
f 986 988 987
f 989 987 988
f 988 990 989
f 991 989 990
f 990 992 991
f 993 991 992
f 992 994 993
f 995 993 994
f 994 996 995
f 997 995 996
f 996 998 997
f 999 997 998
f 998 1000 999
f 1001 999 1000
f 1000 1002 1001
f 1003 1001 1002
f 1002 1004 1003
f 1005 1003 1004
f 1004 1006 1005
f 1007 1005 1006
f 1006 1008 1007
f 1009 1007 1008
f 1008 1010 1009
f 1011 1009 1010
f 1010 1012 1011
f 1013 1011 1012
f 1012 1014 1013
f 1015 1013 1014
f 1014 1016 1015
f 1017 1015 1016
f 1016 1018 1017
f 1019 1017 1018
f 1018 1020 1019
f 1021 1019 1020
f 1020 1022 1021
f 1023 1021 1022
f 1022 1024 1023
f 1025 1023 1024
f 1024 1026 1025
f 1027 1025 1026
f 1026 1028 1027
f 1029 1027 1028
f 1028 1030 1029
f 1031 1029 1030
f 1030 1032 1031
f 1033 1031 1032
f 1032 1034 1033
f 1035 1033 1034
f 1034 1036 1035
f 1037 1035 1036
f 1036 1038 1037
f 1039 1037 1038
f 1038 1040 1039
f 1041 1039 1040
f 1040 1042 1041
f 1043 1041 1042
f 1042 1044 1043
f 1045 1043 1044
f 1044 1046 1045
f 1047 1045 1046
f 1046 1048 1047
f 1049 1047 1048
f 1048 1050 1049
f 1051 1049 1050
f 1050 1052 1051
f 1053 1051 1052
f 1052 1054 1053
f 1055 1053 1054
f 1054 1056 1055
f 1057 1055 1056
f 1056 1058 1057
f 1059 1057 1058
f 1058 1060 1059
f 1061 1059 1060
f 1060 1062 1061
f 1063 1061 1062
f 1062 1064 1063
f 1065 1063 1064
f 1064 1066 1065
f 1067 1065 1066
f 1066 1068 1067
f 1069 1067 1068
f 1068 1070 1069
f 1071 1069 1070
f 1070 1072 1071
f 1073 1071 1072
f 1072 1074 1073
f 1075 1073 1074
f 1074 1076 1075
f 1077 1075 1076
f 1076 1078 1077
f 1079 1077 1078
f 1078 1080 1079
f 1081 1079 1080
f 1080 1082 1081
f 1083 1081 1082
f 1082 1084 1083
f 1085 1083 1084
f 1084 1086 1085
f 1087 1085 1086
f 1086 1088 1087
f 1089 1087 1088
f 1088 1090 1089
f 1091 1089 1090
f 1090 1092 1091
f 1093 1091 1092
f 1092 1094 1093
f 1095 1093 1094
f 1094 1096 1095
f 1097 1095 1096
f 1096 1098 1097
f 1099 1097 1098
f 1098 1100 1099
f 1101 1099 1100
f 1100 1102 1101
f 1103 1101 1102
f 1102 1104 1103
f 1105 1103 1104
f 1104 1106 1105
f 1107 1105 1106
f 1106 1108 1107
f 1109 1107 1108
f 1108 1110 1109
f 1111 1109 1110
f 1110 1112 1111
f 1113 1111 1112
f 1112 1114 1113
f 1115 1113 1114
f 1114 1116 1115
f 1117 1115 1116
f 1116 1118 1117
f 1119 1117 1118
f 1118 1120 1119
f 1121 1119 1120
f 1120 1122 1121
f 1123 1121 1122
f 1122 1124 1123
f 1125 1123 1124
f 1124 1126 1125
f 1127 1125 1126
f 1126 1128 1127
f 1129 1127 1128
f 1128 1130 1129
f 1131 1129 1130
f 1130 1132 1131
f 1133 1131 1132
f 1132 1134 1133
f 1135 1133 1134
f 1134 1136 1135
f 1137 1135 1136
f 1136 1138 1137
f 1139 1137 1138
f 1138 1140 1139
f 1141 1139 1140
f 1140 1142 1141
f 1143 1141 1142
f 1142 1144 1143
f 1145 1143 1144
f 1144 1146 1145
f 1147 1145 1146
f 1146 1148 1147
f 1149 1147 1148
f 1148 1150 1149
f 1151 1149 1150
f 1150 1152 1151
f 1153 1151 1152
f 1152 1154 1153
f 1155 1153 1154
f 1154 1156 1155
f 1157 1155 1156
f 1156 1158 1157
f 1159 1157 1158
f 1158 1160 1159
f 1161 1159 1160
f 1160 1162 1161
f 1163 1161 1162
f 1162 1164 1163
f 1165 1163 1164
f 1164 1166 1165
f 1167 1165 1166
f 1166 1168 1167
f 1169 1167 1168
f 1168 1170 1169
f 1171 1169 1170
f 1170 1172 1171
f 1173 1171 1172
f 1172 1174 1173
f 1175 1173 1174
f 1174 1176 1175
f 1177 1175 1176
f 1176 1178 1177
f 1179 1177 1178
f 1178 1180 1179
f 1181 1179 1180
f 1180 1182 1181
f 1183 1181 1182
f 1182 1184 1183
f 1185 1183 1184
f 1184 1186 1185
f 1187 1185 1186
f 1186 1188 1187
f 1189 1187 1188
f 1188 1190 1189
f 1191 1189 1190
f 1190 1192 1191
f 1193 1191 1192
f 1192 1194 1193
f 1195 1193 1194
f 1194 1196 1195
f 1197 1195 1196
f 1196 1198 1197
f 1199 1197 1198
f 1198 1200 1199
f 1201 1199 1200
f 1200 1202 1201
f 1203 1201 1202
f 1202 1204 1203
f 1205 1203 1204
f 1204 1206 1205
f 1207 1205 1206
f 1206 1208 1207
f 1209 1207 1208
f 1208 1210 1209
f 1211 1209 1210
f 1210 1212 1211
f 1213 1211 1212
f 1212 1214 1213
f 1215 1213 1214
f 1214 1216 1215
f 1217 1215 1216
f 1216 1218 1217
f 1219 1217 1218
f 1218 1220 1219
f 1221 1219 1220
f 1220 1222 1221
f 1223 1221 1222
f 1222 1224 1223
f 1225 1223 1224
f 1224 1226 1225
f 1227 1225 1226
f 1226 1228 1227
f 1229 1227 1228
f 1228 1230 1229
f 1231 1229 1230
f 1230 1232 1231
f 1233 1231 1232
f 1232 1234 1233
f 1235 1233 1234
f 1234 1236 1235
f 1237 1235 1236
f 1236 1238 1237
f 1239 1237 1238
f 1238 1240 1239
f 1241 1239 1240
f 1240 1242 1241
f 1243 1241 1242
f 1242 1244 1243
f 1245 1243 1244
f 1244 1246 1245
f 1247 1245 1246
f 1246 1248 1247
f 1249 1247 1248
f 1248 1250 1249
f 1251 1249 1250
f 1250 1252 1251
f 1253 1251 1252
f 1252 1254 1253
f 1255 1253 1254
f 1254 1256 1255
f 1257 1255 1256
f 1256 1258 1257
f 1259 1257 1258
f 1258 1260 1259
f 1261 1259 1260
f 1260 1262 1261
f 1263 1261 1262
f 1262 1264 1263
f 1265 1263 1264
f 1264 1266 1265
f 1267 1265 1266
f 1266 1268 1267
f 1269 1267 1268
f 1268 1270 1269
f 1271 1269 1270
f 1270 1272 1271
f 1273 1271 1272
f 1272 1274 1273
f 1275 1273 1274
f 1274 1276 1275
f 1277 1275 1276
f 1276 1278 1277
f 1279 1277 1278
f 1278 1280 1279
f 1281 1279 1280
f 1280 1282 1281
f 1283 1281 1282
f 1282 1284 1283
f 1285 1283 1284
f 1284 1286 1285
f 1287 1285 1286
f 1286 1288 1287
f 1289 1287 1288
f 1288 1290 1289
f 1291 1289 1290
f 1290 1292 1291
f 1293 1291 1292
f 1292 1294 1293
f 1295 1293 1294
f 1294 1296 1295
f 1297 1295 1296
f 1296 1298 1297
f 1299 1297 1298
f 1298 1300 1299
f 1301 1299 1300
f 1300 1302 1301
f 1303 1301 1302
f 1302 1304 1303
f 1305 1303 1304
f 1304 1306 1305
f 1307 1305 1306
f 1306 1308 1307
f 1309 1307 1308
f 1308 1310 1309
f 1311 1309 1310
f 1310 1312 1311
f 1313 1311 1312
f 1312 1314 1313
f 1315 1313 1314
f 1314 1316 1315
f 1317 1315 1316
f 1316 1318 1317
f 1319 1317 1318
f 1318 1320 1319
f 1321 1319 1320
f 1320 1322 1321
f 1323 1321 1322
f 1322 1324 1323
f 1325 1323 1324
f 1324 1326 1325
f 1327 1325 1326
f 1326 1328 1327
f 1329 1327 1328
f 1328 1330 1329
f 1331 1329 1330
f 1330 1332 1331
f 1333 1331 1332
f 1332 1334 1333
f 1335 1333 1334
f 1334 1336 1335
f 1337 1335 1336
f 1336 1338 1337
f 1339 1337 1338
f 1338 1340 1339
f 1341 1339 1340
f 1340 1342 1341
f 1343 1341 1342
f 1342 1344 1343
f 1345 1343 1344
f 1344 1346 1345
f 1347 1345 1346
f 1346 1348 1347
f 1349 1347 1348
f 1348 1350 1349
f 1351 1349 1350
f 1350 1352 1351
f 1353 1351 1352
f 1352 1354 1353
f 1355 1353 1354
f 1354 1356 1355
f 1357 1355 1356
f 1356 1358 1357
f 1359 1357 1358
f 1358 1360 1359
f 1361 1359 1360
f 1360 1362 1361
f 1363 1361 1362
f 1362 1364 1363
f 1365 1363 1364
f 1364 1366 1365
f 1367 1365 1366
f 1366 1368 1367
f 1369 1367 1368
f 1368 1370 1369
f 1371 1369 1370
f 1370 1372 1371
f 1373 1371 1372
f 1372 1374 1373
f 1375 1373 1374
f 1374 1376 1375
f 1377 1375 1376
f 1376 1378 1377
f 1379 1377 1378
f 1378 1380 1379
f 1381 1379 1380
f 1380 1382 1381
f 1383 1381 1382
f 1382 1384 1383
f 1385 1383 1384
f 1384 1386 1385
f 1387 1385 1386
f 1386 1388 1387
f 1389 1387 1388
f 1388 1390 1389
f 1391 1389 1390
f 1390 1392 1391
f 1393 1391 1392
f 1392 1394 1393
f 1395 1393 1394
f 1394 1396 1395
f 1397 1395 1396
f 1396 1398 1397
f 1399 1397 1398
f 1398 1400 1399
f 1401 1399 1400
f 1400 1402 1401
f 1403 1401 1402
f 1402 1404 1403
f 1405 1403 1404
f 1404 1406 1405
f 2 1405 1406
f 1406 3 2
f 1407 1408 1409
f 1409 1410 1407
f 1411 1407 1410
f 1410 1412 1411
f 1413 1411 1412
f 1412 1414 1413
f 1415 1413 1414
f 1414 1416 1415
f 1417 1415 1416
f 1416 1418 1417
f 1419 1417 1418
f 1418 1420 1419
f 1421 1419 1420
f 1420 1422 1421
f 1423 1421 1422
f 1422 1424 1423
f 1425 1423 1424
f 1424 1426 1425
f 1427 1425 1426
f 1426 1428 1427
f 1429 1427 1428
f 1428 1430 1429
f 1431 1429 1430
f 1430 1432 1431
f 1433 1431 1432
f 1432 1434 1433
f 1435 1433 1434
f 1434 1436 1435
f 1437 1435 1436
f 1436 1438 1437
f 1439 1437 1438
f 1438 1440 1439
f 1441 1439 1440
f 1440 1442 1441
f 1443 1441 1442
f 1442 1444 1443
f 1445 1443 1444
f 1444 1446 1445
f 1447 1445 1446
f 1446 1448 1447
f 1449 1447 1448
f 1448 1450 1449
f 1451 1449 1450
f 1450 1452 1451
f 1453 1451 1452
f 1452 1454 1453
f 1455 1453 1454
f 1454 1456 1455
f 1457 1455 1456
f 1456 1458 1457
f 1459 1457 1458
f 1458 1460 1459
f 1461 1459 1460
f 1460 1462 1461
f 1463 1461 1462
f 1462 1464 1463
f 1465 1463 1464
f 1464 1466 1465
f 1467 1465 1466
f 1466 1468 1467
f 1469 1467 1468
f 1468 1470 1469
f 1471 1469 1470
f 1470 1472 1471
f 1473 1471 1472
f 1472 1474 1473
f 1475 1473 1474
f 1474 1476 1475
f 1477 1475 1476
f 1476 1478 1477
f 1479 1477 1478
f 1478 1480 1479
f 1481 1479 1480
f 1480 1482 1481
f 1483 1481 1482
f 1482 1484 1483
f 1485 1483 1484
f 1484 1486 1485
f 1487 1485 1486
f 1486 1488 1487
f 1489 1487 1488
f 1488 1490 1489
f 1491 1489 1490
f 1490 1492 1491
f 1493 1491 1492
f 1492 1494 1493
f 1495 1493 1494
f 1494 1496 1495
f 1497 1495 1496
f 1496 1498 1497
f 1499 1497 1498
f 1498 1500 1499
f 1501 1499 1500
f 1500 1502 1501
f 1503 1501 1502
f 1502 1504 1503
f 1505 1503 1504
f 1504 1506 1505
f 1507 1505 1506
f 1506 1508 1507
f 1509 1507 1508
f 1508 1510 1509
f 1511 1509 1510
f 1510 1512 1511
f 1513 1511 1512
f 1512 1514 1513
f 1515 1513 1514
f 1514 1516 1515
f 1517 1515 1516
f 1516 1518 1517
f 1519 1517 1518
f 1518 1520 1519
f 1521 1519 1520
f 1520 1522 1521
f 1523 1521 1522
f 1522 1524 1523
f 1525 1523 1524
f 1524 1526 1525
f 1527 1525 1526
f 1526 1528 1527
f 1529 1527 1528
f 1528 1530 1529
f 1531 1529 1530
f 1530 1532 1531
f 1533 1531 1532
f 1532 1534 1533
f 1535 1533 1534
f 1534 1536 1535
f 1537 1535 1536
f 1536 1538 1537
f 1539 1537 1538
f 1538 1540 1539
f 1541 1539 1540
f 1540 1542 1541
f 1543 1541 1542
f 1542 1544 1543
f 1545 1543 1544
f 1544 1546 1545
f 1547 1545 1546
f 1546 1548 1547
f 1549 1547 1548
f 1548 1550 1549
f 1551 1549 1550
f 1550 1552 1551
f 1553 1551 1552
f 1552 1554 1553
f 1555 1553 1554
f 1554 1556 1555
f 1557 1555 1556
f 1556 1558 1557
f 1559 1557 1558
f 1558 1560 1559
f 1561 1559 1560
f 1560 1562 1561
f 1563 1561 1562
f 1562 1564 1563
f 1565 1563 1564
f 1564 1566 1565
f 1567 1565 1566
f 1566 1568 1567
f 1569 1567 1568
f 1568 1570 1569
f 1571 1569 1570
f 1570 1572 1571
f 1573 1571 1572
f 1572 1574 1573
f 1575 1573 1574
f 1574 1576 1575
f 1577 1575 1576
f 1576 1578 1577
f 1579 1577 1578
f 1578 1580 1579
f 1581 1579 1580
f 1580 1582 1581
f 1583 1581 1582
f 1582 1584 1583
f 1585 1583 1584
f 1584 1586 1585
f 1587 1585 1586
f 1586 1588 1587
f 1589 1587 1588
f 1588 1590 1589
f 1591 1589 1590
f 1590 1592 1591
f 1593 1591 1592
f 1592 1594 1593
f 1595 1593 1594
f 1594 1596 1595
f 1597 1595 1596
f 1596 1598 1597
f 1599 1597 1598
f 1598 1600 1599
f 1601 1599 1600
f 1600 1602 1601
f 1603 1601 1602
f 1602 1604 1603
f 1605 1603 1604
f 1604 1606 1605
f 1607 1605 1606
f 1606 1608 1607
f 1609 1607 1608
f 1608 1610 1609
f 1611 1609 1610
f 1610 1612 1611
f 1613 1611 1612
f 1612 1614 1613
f 1615 1613 1614
f 1614 1616 1615
f 1617 1615 1616
f 1616 1618 1617
f 1619 1617 1618
f 1618 1620 1619
f 1621 1619 1620
f 1620 1622 1621
f 1623 1621 1622
f 1622 1624 1623
f 1625 1623 1624
f 1624 1626 1625
f 1627 1625 1626
f 1626 1628 1627
f 1629 1627 1628
f 1628 1630 1629
f 1631 1629 1630
f 1630 1632 1631
f 1633 1631 1632
f 1632 1634 1633
f 1635 1633 1634
f 1634 1636 1635
f 1637 1635 1636
f 1636 1638 1637
f 1639 1637 1638
f 1638 1640 1639
f 1641 1639 1640
f 1640 1642 1641
f 1643 1641 1642
f 1642 1644 1643
f 1645 1643 1644
f 1644 1646 1645
f 1647 1645 1646
f 1646 1648 1647
f 1649 1647 1648
f 1648 1650 1649
f 1651 1649 1650
f 1650 1652 1651
f 1653 1651 1652
f 1652 1654 1653
f 1655 1653 1654
f 1654 1656 1655
f 1657 1655 1656
f 1656 1658 1657
f 1659 1657 1658
f 1658 1660 1659
f 1661 1659 1660
f 1660 1662 1661
f 1663 1661 1662
f 1662 1664 1663
f 1665 1663 1664
f 1664 1666 1665
f 1667 1665 1666
f 1666 1668 1667
f 1669 1667 1668
f 1668 1670 1669
f 1671 1669 1670
f 1670 1672 1671
f 1673 1671 1672
f 1672 1674 1673
f 1675 1673 1674
f 1674 1676 1675
f 1677 1675 1676
f 1676 1678 1677
f 1679 1677 1678
f 1678 1680 1679
f 1681 1679 1680
f 1680 1682 1681
f 1683 1681 1682
f 1682 1684 1683
f 1685 1683 1684
f 1684 1686 1685
f 1687 1685 1686
f 1686 1688 1687
f 1689 1687 1688
f 1688 1690 1689
f 1691 1689 1690
f 1690 1692 1691
f 1693 1691 1692
f 1692 1694 1693
f 1695 1693 1694
f 1694 1696 1695
f 1697 1695 1696
f 1696 1698 1697
f 1699 1697 1698
f 1698 1700 1699
f 1701 1699 1700
f 1700 1702 1701
f 1703 1701 1702
f 1702 1704 1703
f 1705 1703 1704
f 1704 1706 1705
f 1707 1705 1706
f 1706 1708 1707
f 1709 1707 1708
f 1708 1710 1709
f 1711 1709 1710
f 1710 1712 1711
f 1713 1711 1712
f 1712 1714 1713
f 1715 1713 1714
f 1714 1716 1715
f 1717 1715 1716
f 1716 1718 1717
f 1719 1717 1718
f 1718 1720 1719
f 1721 1719 1720
f 1720 1722 1721
f 1723 1721 1722
f 1722 1724 1723
f 1725 1723 1724
f 1724 1726 1725
f 1727 1725 1726
f 1726 1728 1727
f 1729 1727 1728
f 1728 1730 1729
f 1731 1729 1730
f 1730 1732 1731
f 1733 1731 1732
f 1732 1734 1733
f 1735 1733 1734
f 1734 1736 1735
f 1737 1735 1736
f 1736 1738 1737
f 1739 1737 1738
f 1738 1740 1739
f 1741 1739 1740
f 1740 1742 1741
f 1743 1741 1742
f 1742 1744 1743
f 1745 1743 1744
f 1744 1746 1745
f 1747 1745 1746
f 1746 1748 1747
f 1749 1747 1748
f 1748 1750 1749
f 1751 1749 1750
f 1750 1752 1751
f 1753 1751 1752
f 1752 1754 1753
f 1755 1753 1754
f 1754 1756 1755
f 1757 1755 1756
f 1756 1758 1757
f 1759 1757 1758
f 1758 1760 1759
f 1761 1759 1760
f 1760 1762 1761
f 1763 1761 1762
f 1762 1764 1763
f 1765 1763 1764
f 1764 1766 1765
f 1767 1765 1766
f 1766 1768 1767
f 1769 1767 1768
f 1768 1770 1769
f 1771 1769 1770
f 1770 1772 1771
f 1773 1771 1772
f 1772 1774 1773
f 1775 1773 1774
f 1774 1776 1775
f 1777 1775 1776
f 1776 1778 1777
f 1779 1777 1778
f 1778 1780 1779
f 1781 1779 1780
f 1780 1782 1781
f 1783 1781 1782
f 1782 1784 1783
f 1785 1783 1784
f 1784 1786 1785
f 1787 1785 1786
f 1786 1788 1787
f 1789 1787 1788
f 1788 1790 1789
f 1791 1789 1790
f 1790 1792 1791
f 1793 1791 1792
f 1792 1794 1793
f 1795 1793 1794
f 1794 1796 1795
f 1797 1795 1796
f 1796 1798 1797
f 1799 1797 1798
f 1798 1800 1799
f 1801 1799 1800
f 1800 1802 1801
f 1803 1801 1802
f 1802 1804 1803
f 1805 1803 1804
f 1804 1806 1805
f 1807 1805 1806
f 1806 1808 1807
f 1809 1807 1808
f 1808 1810 1809
f 1811 1809 1810
f 1810 1812 1811
f 1813 1811 1812
f 1812 1814 1813
f 1815 1813 1814
f 1814 1816 1815
f 1817 1815 1816
f 1816 1818 1817
f 1819 1817 1818
f 1818 1820 1819
f 1821 1819 1820
f 1820 1822 1821
f 1823 1821 1822
f 1822 1824 1823
f 1825 1823 1824
f 1824 1826 1825
f 1827 1825 1826
f 1826 1828 1827
f 1829 1827 1828
f 1828 1830 1829
f 1831 1829 1830
f 1830 1832 1831
f 1833 1831 1832
f 1832 1834 1833
f 1835 1833 1834
f 1834 1836 1835
f 1837 1835 1836
f 1836 1838 1837
f 1839 1837 1838
f 1838 1840 1839
f 1841 1839 1840
f 1840 1842 1841
f 1843 1841 1842
f 1842 1844 1843
f 1845 1843 1844
f 1844 1846 1845
f 1847 1845 1846
f 1846 1848 1847
f 1849 1847 1848
f 1848 1850 1849
f 1851 1849 1850
f 1850 1852 1851
f 1853 1851 1852
f 1852 1854 1853
f 1855 1853 1854
f 1854 1856 1855
f 1857 1855 1856
f 1856 1858 1857
f 1859 1857 1858
f 1858 1860 1859
f 1861 1859 1860
f 1860 1862 1861
f 1863 1861 1862
f 1862 1864 1863
f 1865 1863 1864
f 1864 1866 1865
f 1867 1865 1866
f 1866 1868 1867
f 1869 1867 1868
f 1868 1870 1869
f 1871 1869 1870
f 1870 1872 1871
f 1873 1871 1872
f 1872 1874 1873
f 1875 1873 1874
f 1874 1876 1875
f 1877 1875 1876
f 1876 1878 1877
f 1879 1877 1878
f 1878 1880 1879
f 1881 1879 1880
f 1880 1882 1881
f 1883 1881 1882
f 1882 1884 1883
f 1885 1883 1884
f 1884 1886 1885
f 1887 1885 1886
f 1886 1888 1887
f 1889 1887 1888
f 1888 1890 1889
f 1891 1889 1890
f 1890 1892 1891
f 1893 1891 1892
f 1892 1894 1893
f 1895 1893 1894
f 1894 1896 1895
f 1897 1895 1896
f 1896 1898 1897
f 1899 1897 1898
f 1898 1900 1899
f 1901 1899 1900
f 1900 1902 1901
f 1903 1901 1902
f 1902 1904 1903
f 1905 1903 1904
f 1904 1906 1905
f 1907 1905 1906
f 1906 1908 1907
f 1909 1907 1908
f 1908 1910 1909
f 1911 1909 1910
f 1910 1912 1911
f 1913 1911 1912
f 1912 1914 1913
f 1915 1913 1914
f 1914 1916 1915
f 1917 1915 1916
f 1916 1918 1917
f 1919 1917 1918
f 1918 1920 1919
f 1921 1919 1920
f 1920 1922 1921
f 1923 1921 1922
f 1922 1924 1923
f 1925 1923 1924
f 1924 1926 1925
f 1927 1925 1926
f 1926 1928 1927
f 1929 1927 1928
f 1928 1930 1929
f 1931 1929 1930
f 1930 1932 1931
f 1933 1931 1932
f 1932 1934 1933
f 1935 1933 1934
f 1934 1936 1935
f 1937 1935 1936
f 1936 1938 1937
f 1939 1937 1938
f 1938 1940 1939
f 1941 1939 1940
f 1940 1942 1941
f 1943 1941 1942
f 1942 1944 1943
f 1945 1943 1944
f 1944 1946 1945
f 1947 1945 1946
f 1946 1948 1947
f 1949 1947 1948
f 1948 1950 1949
f 1951 1949 1950
f 1950 1952 1951
f 1953 1951 1952
f 1952 1954 1953
f 1955 1953 1954
f 1954 1956 1955
f 1957 1955 1956
f 1956 1958 1957
f 1959 1957 1958
f 1958 1960 1959
f 1961 1959 1960
f 1960 1962 1961
f 1963 1961 1962
f 1962 1964 1963
f 1965 1963 1964
f 1964 1966 1965
f 1967 1965 1966
f 1966 1968 1967
f 1969 1967 1968
f 1968 1970 1969
f 1971 1969 1970
f 1970 1972 1971
f 1973 1971 1972
f 1972 1974 1973
f 1975 1973 1974
f 1974 1976 1975
f 1977 1975 1976
f 1976 1978 1977
f 1979 1977 1978
f 1978 1980 1979
f 1981 1979 1980
f 1980 1982 1981
f 1983 1981 1982
f 1982 1984 1983
f 1985 1983 1984
f 1984 1986 1985
f 1987 1985 1986
f 1986 1988 1987
f 1989 1987 1988
f 1988 1990 1989
f 1991 1989 1990
f 1990 1992 1991
f 1993 1991 1992
f 1992 1994 1993
f 1995 1993 1994
f 1994 1996 1995
f 1997 1995 1996
f 1996 1998 1997
f 1999 1997 1998
f 1998 2000 1999
f 2001 1999 2000
f 2000 2002 2001
f 2003 2001 2002
f 2002 2004 2003
f 2005 2003 2004
f 2004 2006 2005
f 2007 2005 2006
f 2006 2008 2007
f 2009 2007 2008
f 2008 2010 2009
f 2011 2009 2010
f 2010 2012 2011
f 2013 2011 2012
f 2012 2014 2013
f 2015 2013 2014
f 2014 2016 2015
f 2017 2015 2016
f 2016 2018 2017
f 2019 2017 2018
f 2018 2020 2019
f 2021 2019 2020
f 2020 2022 2021
f 2023 2021 2022
f 2022 2024 2023
f 2025 2023 2024
f 2024 2026 2025
f 2027 2025 2026
f 2026 2028 2027
f 2029 2027 2028
f 2028 2030 2029
f 2031 2029 2030
f 2030 2032 2031
f 2033 2031 2032
f 2032 2034 2033
f 2035 2033 2034
f 2034 2036 2035
f 2037 2035 2036
f 2036 2038 2037
f 2039 2037 2038
f 2038 2040 2039
f 2041 2039 2040
f 2040 2042 2041
f 2043 2041 2042
f 2042 2044 2043
f 2045 2043 2044
f 2044 2046 2045
f 2047 2045 2046
f 2046 2048 2047
f 2049 2047 2048
f 2048 2050 2049
f 2051 2049 2050
f 2050 2052 2051
f 2053 2051 2052
f 2052 2054 2053
f 2055 2053 2054
f 2054 2056 2055
f 2057 2055 2056
f 2056 2058 2057
f 2059 2057 2058
f 2058 2060 2059
f 2061 2059 2060
f 2060 2062 2061
f 2063 2061 2062
f 2062 2064 2063
f 2065 2063 2064
f 2064 2066 2065
f 2067 2065 2066
f 2066 2068 2067
f 2069 2067 2068
f 2068 2070 2069
f 2071 2069 2070
f 2070 2072 2071
f 2073 2071 2072
f 2072 2074 2073
f 2075 2073 2074
f 2074 2076 2075
f 2077 2075 2076
f 2076 2078 2077
f 2079 2077 2078
f 2078 2080 2079
f 2081 2079 2080
f 2080 2082 2081
f 2083 2081 2082
f 2082 2084 2083
f 2085 2083 2084
f 2084 2086 2085
f 2087 2085 2086
f 2086 2088 2087
f 2089 2087 2088
f 2088 2090 2089
f 2091 2089 2090
f 2090 2092 2091
f 2093 2091 2092
f 2092 2094 2093
f 2095 2093 2094
f 2094 2096 2095
f 2097 2095 2096
f 2096 2098 2097
f 2099 2097 2098
f 2098 2100 2099
f 2101 2099 2100
f 2100 2102 2101
f 2103 2101 2102
f 2102 2104 2103
f 2105 2103 2104
f 2104 2106 2105
f 2107 2105 2106
f 2106 2108 2107
f 2109 2107 2108
f 2108 2110 2109
f 2111 2109 2110
f 2110 2112 2111
f 2113 2111 2112
f 2112 2114 2113
f 2115 2113 2114
f 2114 2116 2115
f 2117 2115 2116
f 2116 2118 2117
f 2119 2117 2118
f 2118 2120 2119
f 2121 2119 2120
f 2120 2122 2121
f 2123 2121 2122
f 2122 2124 2123
f 2125 2123 2124
f 2124 2126 2125
f 2127 2125 2126
f 2126 2128 2127
f 2129 2127 2128
f 2128 2130 2129
f 2131 2129 2130
f 2130 2132 2131
f 2133 2131 2132
f 2132 2134 2133
f 2135 2133 2134
f 2134 2136 2135
f 2137 2135 2136
f 2136 2138 2137
f 2139 2137 2138
f 2138 2140 2139
f 2141 2139 2140
f 2140 2142 2141
f 2143 2141 2142
f 2142 2144 2143
f 2145 2143 2144
f 2144 2146 2145
f 2147 2145 2146
f 2146 2148 2147
f 2149 2147 2148
f 2148 2150 2149
f 2151 2149 2150
f 2150 2152 2151
f 2153 2151 2152
f 2152 2154 2153
f 2155 2153 2154
f 2154 2156 2155
f 2157 2155 2156
f 2156 2158 2157
f 2159 2157 2158
f 2158 2160 2159
f 2161 2159 2160
f 2160 2162 2161
f 2163 2161 2162
f 2162 2164 2163
f 2165 2163 2164
f 2164 2166 2165
f 2167 2165 2166
f 2166 2168 2167
f 2169 2167 2168
f 2168 2170 2169
f 2171 2169 2170
f 2170 2172 2171
f 2173 2171 2172
f 2172 2174 2173
f 2175 2173 2174
f 2174 2176 2175
f 2177 2175 2176
f 2176 2178 2177
f 2179 2177 2178
f 2178 2180 2179
f 2181 2179 2180
f 2180 2182 2181
f 2183 2181 2182
f 2182 2184 2183
f 2185 2183 2184
f 2184 2186 2185
f 2187 2185 2186
f 2186 2188 2187
f 2189 2187 2188
f 2188 2190 2189
f 2191 2189 2190
f 2190 2192 2191
f 2193 2191 2192
f 2192 2194 2193
f 2195 2193 2194
f 2194 2196 2195
f 2197 2195 2196
f 2196 2198 2197
f 2199 2197 2198
f 2198 2200 2199
f 2201 2199 2200
f 2200 2202 2201
f 2203 2201 2202
f 2202 2204 2203
f 2205 2203 2204
f 2204 2206 2205
f 2207 2205 2206
f 2206 2208 2207
f 2209 2207 2208
f 2208 2210 2209
f 2211 2209 2210
f 2210 2212 2211
f 2213 2211 2212
f 2212 2214 2213
f 2215 2213 2214
f 2214 2216 2215
f 2217 2215 2216
f 2216 2218 2217
f 2219 2217 2218
f 2218 2220 2219
f 2221 2219 2220
f 2220 2222 2221
f 2223 2221 2222
f 2222 2224 2223
f 2225 2223 2224
f 2224 2226 2225
f 2227 2225 2226
f 2226 2228 2227
f 2229 2227 2228
f 2228 2230 2229
f 2231 2229 2230
f 2230 2232 2231
f 2233 2231 2232
f 2232 2234 2233
f 1408 2233 2234
f 2234 1409 1408
f 5 7 9
f 10 8 6
f 9 11 13
f 14 12 10
f 21 23 25
f 26 24 22
f 25 27 29
f 30 28 26
f 37 39 41
f 42 40 38
f 45 47 49
f 50 48 46
f 49 51 53
f 54 52 50
f 61 63 65
f 66 64 62
f 65 67 69
f 70 68 66
f 77 79 81
f 82 80 78
f 81 83 85
f 86 84 82
f 87 89 91
f 92 90 88
f 91 93 95
f 96 94 92
f 103 105 107
f 108 106 104
f 107 109 111
f 112 110 108
f 113 115 117
f 118 116 114
f 117 119 121
f 122 120 118
f 121 123 125
f 126 124 122
f 129 131 133
f 134 132 130
f 139 141 143
f 144 142 140
f 143 145 147
f 148 146 144
f 155 157 159
f 160 158 156
f 159 161 163
f 164 162 160
f 171 173 175
f 176 174 172
f 175 177 179
f 180 178 176
f 179 181 183
f 184 182 180
f 183 185 187
f 188 186 184
f 195 197 199
f 200 198 196
f 199 201 203
f 204 202 200
f 211 213 215
f 216 214 212
f 215 217 219
f 220 218 216
f 225 227 229
f 230 228 226
f 235 237 239
f 240 238 236
f 239 241 243
f 244 242 240
f 251 253 255
f 256 254 252
f 255 257 259
f 260 258 256
f 267 269 271
f 272 270 268
f 271 273 275
f 276 274 272
f 301 303 305
f 306 304 302
f 305 307 309
f 310 308 306
f 309 311 313
f 314 312 310
f 319 321 323
f 324 322 320
f 323 325 327
f 328 326 324
f 327 329 331
f 332 330 328
f 339 341 343
f 344 342 340
f 343 345 347
f 348 346 344
f 355 357 359
f 360 358 356
f 359 361 363
f 364 362 360
f 369 371 373
f 374 372 370
f 373 375 377
f 378 376 374
f 377 379 381
f 382 380 378
f 391 393 395
f 396 394 392
f 395 397 399
f 400 398 396
f 407 409 411
f 412 410 408
f 411 413 415
f 416 414 412
f 415 417 419
f 420 418 416
f 425 427 429
f 430 428 426
f 429 431 433
f 434 432 430
f 439 441 443
f 444 442 440
f 443 445 447
f 448 446 444
f 447 449 451
f 452 450 448
f 463 465 467
f 468 466 464
f 467 469 471
f 472 470 468
f 479 481 483
f 484 482 480
f 483 485 487
f 488 486 484
f 493 495 497
f 498 496 494
f 497 499 501
f 502 500 498
f 501 503 505
f 506 504 502
f 505 507 2037
f 2038 508 506
f 2041 2043 2045
f 2046 2044 2042
f 2045 2047 2049
f 2050 2048 2046
f 2061 2063 2065
f 2066 2064 2062
f 2065 2067 2069
f 2070 2068 2066
f 2077 2079 2081
f 2082 2080 2078
f 2081 2083 2085
f 2086 2084 2082
f 2085 2087 2089
f 2090 2088 2086
f 2099 2101 2103
f 2104 2102 2100
f 2103 2105 2107
f 2108 2106 2104
f 2113 2115 2117
f 2118 2116 2114
f 2117 2119 2121
f 2122 2120 2118
f 2131 2133 2135
f 2136 2134 2132
f 2135 2137 2139
f 2140 2138 2136
f 2139 2141 2143
f 2144 2142 2140
f 2151 2153 2155
f 2156 2154 2152
f 2155 2157 2159
f 2160 2158 2156
f 2167 2169 2171
f 2172 2170 2168
f 2171 2173 2175
f 2176 2174 2172
f 2175 2177 2179
f 2180 2178 2176
f 2187 2189 2191
f 2192 2190 2188
f 2191 2193 2195
f 2196 2194 2192
f 2195 2197 2199
f 2200 2198 2196
f 2205 2207 2209
f 2210 2208 2206
f 2209 2211 2213
f 2214 2212 2210
f 2233 1408 1407
f 1410 1409 2234
f 1407 1411 1413
f 1414 1412 1410
f 1421 1423 1425
f 1426 1424 1422
f 1425 1427 1429
f 1430 1428 1426
f 1435 1437 1439
f 1440 1438 1436
f 1439 1441 1443
f 1444 1442 1440
f 1449 1451 1453
f 1454 1452 1450
f 1453 1455 1457
f 1458 1456 1454
f 1465 1467 1469
f 1470 1468 1466
f 1475 1477 1479
f 1480 1478 1476
f 1479 1481 1483
f 1484 1482 1480
f 1491 1493 1495
f 1496 1494 1492
f 1495 1497 1499
f 1500 1498 1496
f 1507 1509 1511
f 1512 1510 1508
f 1511 1513 1515
f 1516 1514 1512
f 1515 1517 1519
f 1520 1518 1516
f 1525 1527 1529
f 1530 1528 1526
f 1529 1531 1533
f 1534 1532 1530
f 1543 1545 1547
f 1548 1546 1544
f 1547 1549 1551
f 1552 1550 1548
f 1551 1553 1555
f 1556 1554 1552
f 1561 1563 1565
f 1566 1564 1562
f 1565 1567 1569
f 1570 1568 1566
f 1575 1577 1579
f 1580 1578 1576
f 1579 1581 1583
f 1584 1582 1580
f 1593 1595 1597
f 1598 1596 1594
f 1597 1599 1601
f 1602 1600 1598
f 1601 1603 1605
f 1606 1604 1602
f 1611 1613 1615
f 1616 1614 1612
f 1615 1617 1619
f 1620 1618 1616
f 1631 1633 1635
f 1636 1634 1632
f 1635 1637 1639
f 1640 1638 1636
f 1639 1641 1643
f 1644 1642 1640
f 1649 1651 1653
f 1654 1652 1650
f 1653 1655 1657
f 1658 1656 1654
f 1739 1741 1743
f 1744 1742 1740
f 1743 1745 1747
f 1748 1746 1744
f 1761 1763 1765
f 1766 1764 1762
f 1765 1767 1769
f 1770 1768 1766
f 1769 1771 1773
f 1774 1772 1770
f 1787 1789 1791
f 1792 1790 1788
f 1791 1793 1795
f 1796 1794 1792
f 1795 1797 1799
f 1800 1798 1796
f 1799 1801 1803
f 1804 1802 1800
f 1815 1817 1819
f 1820 1818 1816
f 1819 1821 1823
f 1824 1822 1820
f 1823 1825 1827
f 1828 1826 1824
f 1833 1835 1837
f 1838 1836 1834
f 1837 1839 1841
f 1842 1840 1838
f 1841 1843 1845
f 1846 1844 1842
f 1847 1849 1851
f 1852 1850 1848
f 1851 1853 1855
f 1856 1854 1852
f 1855 1857 1859
f 1860 1858 1856
f 1863 1865 1867
f 1868 1866 1864
f 1867 1869 1871
f 1872 1870 1868
f 1877 1879 1881
f 1882 1880 1878
f 1881 1883 1885
f 1886 1884 1882
f 1885 1887 1889
f 1890 1888 1886
f 1889 1891 1893
f 1894 1892 1890
f 1903 1905 1907
f 1908 1906 1904
f 1907 1909 1911
f 1912 1910 1908
f 1911 1913 1915
f 1916 1914 1912
f 1915 1917 1919
f 1920 1918 1916
f 1931 1933 1935
f 1936 1934 1932
f 1935 1937 1939
f 1940 1938 1936
f 1939 1941 1943
f 1944 1942 1940
f 1955 1957 1959
f 1960 1958 1956
f 1959 1961 1963
f 1964 1962 1960
f 1963 1965 1967
f 1968 1966 1964
f 2035 2037 507
f 508 2038 2036
f 515 517 519
f 520 518 516
f 519 521 523
f 524 522 520
f 529 531 533
f 534 532 530
f 533 535 537
f 538 536 534
f 537 539 541
f 542 540 538
f 541 543 545
f 546 544 542
f 545 547 549
f 550 548 546
f 549 551 553
f 554 552 550
f 553 555 557
f 558 556 554
f 557 559 561
f 562 560 558
f 561 563 565
f 566 564 562
f 565 567 569
f 570 568 566
f 569 571 573
f 574 572 570
f 573 575 577
f 578 576 574
f 577 579 581
f 582 580 578
f 581 583 585
f 586 584 582
f 585 587 589
f 590 588 586
f 589 591 593
f 594 592 590
f 593 595 597
f 598 596 594
f 597 599 601
f 602 600 598
f 601 603 605
f 606 604 602
f 605 607 609
f 610 608 606
f 609 611 613
f 614 612 610
f 613 615 617
f 618 616 614
f 617 619 621
f 622 620 618
f 621 623 625
f 626 624 622
f 625 627 629
f 630 628 626
f 629 631 633
f 634 632 630
f 633 635 637
f 638 636 634
f 637 639 641
f 642 640 638
f 641 643 645
f 646 644 642
f 645 647 649
f 650 648 646
f 649 651 653
f 654 652 650
f 653 655 657
f 658 656 654
f 657 659 661
f 662 660 658
f 661 663 665
f 666 664 662
f 665 667 669
f 670 668 666
f 669 671 673
f 674 672 670
f 673 675 677
f 678 676 674
f 677 679 681
f 682 680 678
f 681 683 685
f 686 684 682
f 685 687 689
f 690 688 686
f 689 691 693
f 694 692 690
f 693 695 697
f 698 696 694
f 697 699 701
f 702 700 698
f 703 705 707
f 708 706 704
f 709 711 713
f 714 712 710
f 713 715 717
f 718 716 714
f 717 719 721
f 722 720 718
f 723 725 727
f 728 726 724
f 729 731 733
f 734 732 730
f 737 739 741
f 742 740 738
f 741 743 745
f 746 744 742
f 745 747 749
f 750 748 746
f 751 753 755
f 756 754 752
f 755 757 759
f 760 758 756
f 761 763 765
f 766 764 762
f 765 767 769
f 770 768 766
f 769 771 773
f 774 772 770
f 773 775 777
f 778 776 774
f 777 779 781
f 782 780 778
f 783 785 787
f 788 786 784
f 787 789 791
f 792 790 788
f 793 795 797
f 798 796 794
f 797 799 801
f 802 800 798
f 801 803 805
f 806 804 802
f 805 807 809
f 810 808 806
f 809 811 813
f 814 812 810
f 815 817 819
f 820 818 816
f 819 821 823
f 824 822 820
f 825 827 829
f 830 828 826
f 829 831 833
f 834 832 830
f 833 835 837
f 838 836 834
f 841 843 845
f 846 844 842
f 847 849 851
f 852 850 848
f 853 855 857
f 858 856 854
f 857 859 861
f 862 860 858
f 869 871 873
f 874 872 870
f 873 875 877
f 878 876 874
f 887 889 891
f 892 890 888
f 891 893 895
f 896 894 892
f 895 897 899
f 900 898 896
f 905 907 909
f 910 908 906
f 909 911 913
f 914 912 910
f 921 923 925
f 926 924 922
f 925 927 929
f 930 928 926
f 939 941 943
f 944 942 940
f 943 945 947
f 948 946 944
f 947 949 951
f 952 950 948
f 955 957 959
f 960 958 956
f 959 961 963
f 964 962 960
f 973 975 977
f 978 976 974
f 977 979 981
f 982 980 978
f 981 983 985
f 986 984 982
f 991 993 995
f 996 994 992
f 995 997 999
f 1000 998 996
f 1009 1011 1013
f 1014 1012 1010
f 1013 1015 1017
f 1018 1016 1014
f 1017 1019 1021
f 1022 1020 1018
f 1027 1029 1031
f 1032 1030 1028
f 1031 1033 1035
f 1036 1034 1032
f 1043 1045 1047
f 1048 1046 1044
f 1047 1049 1051
f 1052 1050 1048
f 1059 1061 1063
f 1064 1062 1060
f 1063 1065 1067
f 1068 1066 1064
f 1077 1079 1081
f 1082 1080 1078
f 1081 1083 1085
f 1086 1084 1082
f 1085 1087 1089
f 1090 1088 1086
f 1113 1115 1117
f 1118 1116 1114
f 1117 1119 1121
f 1122 1120 1118
f 1125 1127 1129
f 1130 1128 1126
f 1129 1131 1133
f 1134 1132 1130
f 1143 1145 1147
f 1148 1146 1144
f 1147 1149 1151
f 1152 1150 1148
f 1151 1153 1155
f 1156 1154 1152
f 1161 1163 1165
f 1166 1164 1162
f 1165 1167 1169
f 1170 1168 1166
f 1177 1179 1181
f 1182 1180 1178
f 1181 1183 1185
f 1186 1184 1182
f 1189 1191 1193
f 1194 1192 1190
f 1193 1195 1197
f 1198 1196 1194
f 1203 1205 1207
f 1208 1206 1204
f 1207 1209 1211
f 1212 1210 1208
f 1211 1213 1215
f 1216 1214 1212
f 1215 1217 1219
f 1220 1218 1216
f 1219 1221 1223
f 1224 1222 1220
f 1229 1231 1233
f 1234 1232 1230
f 1233 1235 1237
f 1238 1236 1234
f 1241 1243 1245
f 1246 1244 1242
f 1245 1247 1249
f 1250 1248 1246
f 1255 1257 1259
f 1260 1258 1256
f 1259 1261 1263
f 1264 1262 1260
f 1267 1269 1271
f 1272 1270 1268
f 1271 1273 1275
f 1276 1274 1272
f 1281 1283 1285
f 1286 1284 1282
f 1285 1287 1289
f 1290 1288 1286
f 1291 1293 1295
f 1296 1294 1292
f 1295 1297 1299
f 1300 1298 1296
f 1305 1307 1309
f 1310 1308 1306
f 1309 1311 1313
f 1314 1312 1310
f 1323 1325 1327
f 1328 1326 1324
f 1327 1329 1331
f 1332 1330 1328
f 1337 1339 1341
f 1342 1340 1338
f 1345 1347 1349
f 1350 1348 1346
f 1349 1351 1353
f 1354 1352 1350
f 1359 1361 1363
f 1364 1362 1360
f 1363 1365 1367
f 1368 1366 1364
f 1371 1373 1375
f 1376 1374 1372
f 1381 1383 1385
f 1386 1384 1382
f 1385 1387 1389
f 1390 1388 1386
f 1389 1391 1393
f 1394 1392 1390
f 1397 1399 1401
f 1402 1400 1398
f 1401 1403 1405
f 1406 1404 1402
f 5 9 13
f 14 10 6
f 21 25 29
f 30 26 22
f 35 37 41
f 42 38 36
f 45 49 53
f 54 50 46
f 61 65 69
f 70 66 62
f 77 81 85
f 86 82 78
f 87 91 95
f 96 92 88
f 103 107 111
f 112 108 104
f 113 117 121
f 122 118 114
f 129 133 135
f 136 134 130
f 137 139 143
f 144 140 138
f 143 147 149
f 150 148 144
f 153 155 159
f 160 156 154
f 159 163 165
f 166 164 160
f 171 175 179
f 180 176 172
f 179 183 187
f 188 184 180
f 195 199 203
f 204 200 196
f 211 215 219
f 220 216 212
f 225 229 231
f 232 230 226
f 235 239 243
f 244 240 236
f 249 251 255
f 256 252 250
f 255 259 261
f 262 260 256
f 265 267 271
f 272 268 266
f 271 275 277
f 278 276 272
f 301 305 309
f 310 306 302
f 319 323 327
f 328 324 320
f 339 343 347
f 348 344 340
f 355 359 363
f 364 360 356
f 367 369 373
f 374 370 368
f 373 377 381
f 382 378 374
f 391 395 399
f 400 396 392
f 407 411 415
f 416 412 408
f 425 429 433
f 434 430 426
f 439 443 447
f 448 444 440
f 447 451 453
f 454 452 448
f 461 463 467
f 468 464 462
f 467 471 473
f 474 472 468
f 477 479 483
f 484 480 478
f 493 497 501
f 502 498 494
f 501 505 2037
f 2038 506 502
f 2039 2041 2045
f 2046 2042 2040
f 2045 2049 2051
f 2052 2050 2046
f 2059 2061 2065
f 2066 2062 2060
f 2065 2069 2071
f 2072 2070 2066
f 2077 2081 2085
f 2086 2082 2078
f 2085 2089 2091
f 2092 2090 2086
f 2099 2103 2107
f 2108 2104 2100
f 2113 2117 2121
f 2122 2118 2114
f 2129 2131 2135
f 2136 2132 2130
f 2135 2139 2143
f 2144 2140 2136
f 2151 2155 2159
f 2160 2156 2152
f 2167 2171 2175
f 2176 2172 2168
f 2175 2179 2181
f 2182 2180 2176
f 2187 2191 2195
f 2196 2192 2188
f 2205 2209 2213
f 2214 2210 2206
f 2233 1407 1413
f 1414 1410 2234
f 1421 1425 1429
f 1430 1426 1422
f 1433 1435 1439
f 1440 1436 1434
f 1439 1443 1445
f 1446 1444 1440
f 1449 1453 1457
f 1458 1454 1450
f 1465 1469 1471
f 1472 1470 1466
f 1475 1479 1483
f 1484 1480 1476
f 1489 1491 1495
f 1496 1492 1490
f 1507 1511 1515
f 1516 1512 1508
f 1515 1519 1521
f 1522 1520 1516
f 1525 1529 1533
f 1534 1530 1526
f 1543 1547 1551
f 1552 1548 1544
f 1551 1555 1557
f 1558 1556 1552
f 1561 1565 1569
f 1570 1566 1562
f 1575 1579 1583
f 1584 1580 1576
f 1593 1597 1601
f 1602 1598 1594
f 1611 1615 1619
f 1620 1616 1612
f 1631 1635 1639
f 1640 1636 1632
f 1639 1643 1645
f 1646 1644 1640
f 1649 1653 1657
f 1658 1654 1650
f 1739 1743 1747
f 1748 1744 1740
f 1761 1765 1769
f 1770 1766 1762
f 1769 1773 1775
f 1776 1774 1770
f 1787 1791 1795
f 1796 1792 1788
f 1795 1799 1803
f 1804 1800 1796
f 1813 1815 1819
f 1820 1816 1814
f 1819 1823 1827
f 1828 1824 1820
f 1833 1837 1841
f 1842 1838 1834
f 1847 1851 1855
f 1856 1852 1848
f 1861 1863 1867
f 1868 1864 1862
f 1867 1871 1873
f 1874 1872 1868
f 1877 1881 1885
f 1886 1882 1878
f 1885 1889 1893
f 1894 1890 1886
f 1903 1907 1911
f 1912 1908 1904
f 1911 1915 1919
f 1920 1916 1912
f 1929 1931 1935
f 1936 1932 1930
f 1935 1939 1943
f 1944 1940 1936
f 1955 1959 1963
f 1964 1960 1956
f 1963 1967 1969
f 1970 1968 1964
f 2033 2035 507
f 508 2036 2034
f 515 519 523
f 524 520 516
f 529 533 537
f 538 534 530
f 537 541 545
f 546 542 538
f 545 549 553
f 554 550 546
f 553 557 561
f 562 558 554
f 561 565 569
f 570 566 562
f 569 573 577
f 578 574 570
f 577 581 585
f 586 582 578
f 585 589 593
f 594 590 586
f 593 597 601
f 602 598 594
f 601 605 609
f 610 606 602
f 609 613 617
f 618 614 610
f 617 621 625
f 626 622 618
f 625 629 633
f 634 630 626
f 633 637 641
f 642 638 634
f 641 645 649
f 650 646 642
f 649 653 657
f 658 654 650
f 657 661 665
f 666 662 658
f 665 669 673
f 674 670 666
f 673 677 681
f 682 678 674
f 681 685 689
f 690 686 682
f 689 693 697
f 698 694 690
f 697 701 703
f 704 702 698
f 703 707 709
f 710 708 704
f 713 717 721
f 722 718 714
f 729 733 735
f 736 734 730
f 745 749 751
f 752 750 746
f 761 765 769
f 770 766 762
f 769 773 777
f 778 774 770
f 777 781 783
f 784 782 778
f 793 797 801
f 802 798 794
f 801 805 809
f 810 806 802
f 809 813 815
f 816 814 810
f 819 823 825
f 826 824 820
f 825 829 833
f 834 830 826
f 833 837 839
f 840 838 834
f 841 845 847
f 848 846 842
f 847 851 853
f 854 852 848
f 853 857 861
f 862 858 854
f 867 869 873
f 874 870 868
f 873 877 879
f 880 878 874
f 887 891 895
f 896 892 888
f 895 899 901
f 902 900 896
f 903 905 909
f 910 906 904
f 909 913 915
f 916 914 910
f 919 921 925
f 926 922 920
f 925 929 931
f 932 930 926
f 939 943 947
f 948 944 940
f 955 959 963
f 964 960 956
f 973 977 981
f 982 978 974
f 989 991 995
f 996 992 990
f 995 999 1001
f 1002 1000 996
f 1009 1013 1017
f 1018 1014 1010
f 1017 1021 1023
f 1024 1022 1018
f 1027 1031 1035
f 1036 1032 1028
f 1041 1043 1047
f 1048 1044 1042
f 1047 1051 1053
f 1054 1052 1048
f 1057 1059 1063
f 1064 1060 1058
f 1063 1067 1069
f 1070 1068 1064
f 1077 1081 1085
f 1086 1082 1078
f 1113 1117 1121
f 1122 1118 1114
f 1123 1125 1129
f 1130 1126 1124
f 1143 1147 1151
f 1152 1148 1144
f 1151 1155 1157
f 1158 1156 1152
f 1161 1165 1169
f 1170 1166 1162
f 1177 1181 1185
f 1186 1182 1178
f 1189 1193 1197
f 1198 1194 1190
f 1203 1207 1211
f 1212 1208 1204
f 1211 1215 1219
f 1220 1216 1212
f 1229 1233 1237
f 1238 1234 1230
f 1241 1245 1249
f 1250 1246 1242
f 1255 1259 1263
f 1264 1260 1256
f 1267 1271 1275
f 1276 1272 1268
f 1281 1285 1289
f 1290 1286 1282
f 1291 1295 1299
f 1300 1296 1292
f 1305 1309 1313
f 1314 1310 1306
f 1321 1323 1327
f 1328 1324 1322
f 1327 1331 1333
f 1334 1332 1328
f 1335 1337 1341
f 1342 1338 1336
f 1345 1349 1353
f 1354 1350 1346
f 1357 1359 1363
f 1364 1360 1358
f 1363 1367 1369
f 1370 1368 1364
f 1371 1375 1377
f 1378 1376 1372
f 1381 1385 1389
f 1390 1386 1382
f 1397 1401 1405
f 1406 1402 1398
f 1 5 13
f 14 6 4
f 19 21 29
f 30 22 20
f 35 41 43
f 44 42 36
f 43 45 53
f 54 46 44
f 59 61 69
f 70 62 60
f 75 77 85
f 86 78 76
f 85 87 95
f 96 88 86
f 101 103 111
f 112 104 102
f 111 113 121
f 122 114 112
f 129 135 137
f 138 136 130
f 137 143 149
f 150 144 138
f 153 159 165
f 166 160 154
f 169 171 179
f 180 172 170
f 179 187 189
f 190 188 180
f 193 195 203
f 204 196 194
f 209 211 219
f 220 212 210
f 225 231 233
f 234 232 226
f 233 235 243
f 244 236 234
f 249 255 261
f 262 256 250
f 265 271 277
f 278 272 266
f 299 301 309
f 310 302 300
f 319 327 331
f 332 328 320
f 337 339 347
f 348 340 338
f 353 355 363
f 364 356 354
f 367 373 381
f 382 374 368
f 389 391 399
f 400 392 390
f 405 407 415
f 416 408 406
f 423 425 433
f 434 426 424
f 439 447 453
f 454 448 440
f 461 467 473
f 474 468 462
f 477 483 487
f 488 484 478
f 491 493 501
f 502 494 492
f 501 2037 2039
f 2040 2038 502
f 2039 2045 2051
f 2052 2046 2040
f 2059 2065 2071
f 2072 2066 2060
f 2075 2077 2085
f 2086 2078 2076
f 2099 2107 2109
f 2110 2108 2100
f 2113 2121 2123
f 2124 2122 2114
f 2129 2135 2143
f 2144 2136 2130
f 2151 2159 2161
f 2162 2160 2152
f 2165 2167 2175
f 2176 2168 2166
f 2187 2195 2199
f 2200 2196 2188
f 2203 2205 2213
f 2214 2206 2204
f 2233 1413 1415
f 1416 1414 2234
f 1419 1421 1429
f 1430 1422 1420
f 1433 1439 1445
f 1446 1440 1434
f 1447 1449 1457
f 1458 1450 1448
f 1465 1471 1473
f 1474 1472 1466
f 1475 1483 1485
f 1486 1484 1476
f 1489 1495 1499
f 1500 1496 1490
f 1505 1507 1515
f 1516 1508 1506
f 1523 1525 1533
f 1534 1526 1524
f 1541 1543 1551
f 1552 1544 1542
f 1561 1569 1571
f 1572 1570 1562
f 1573 1575 1583
f 1584 1576 1574
f 1591 1593 1601
f 1602 1594 1592
f 1609 1611 1619
f 1620 1612 1610
f 1629 1631 1639
f 1640 1632 1630
f 1649 1657 1659
f 1660 1658 1650
f 1739 1747 1749
f 1750 1748 1740
f 1759 1761 1769
f 1770 1762 1760
f 1769 1775 1777
f 1778 1776 1770
f 1785 1787 1795
f 1796 1788 1786
f 1795 1803 1805
f 1806 1804 1796
f 1813 1819 1827
f 1828 1820 1814
f 1831 1833 1841
f 1842 1834 1832
f 1845 1847 1855
f 1856 1848 1846
f 1861 1867 1873
f 1874 1868 1862
f 1875 1877 1885
f 1886 1878 1876
f 1885 1893 1895
f 1896 1894 1886
f 1901 1903 1911
f 1912 1904 1902
f 1911 1919 1921
f 1922 1920 1912
f 1929 1935 1943
f 1944 1936 1930
f 1955 1963 1969
f 1970 1964 1956
f 2031 2033 507
f 508 2034 2032
f 513 515 523
f 524 516 514
f 527 529 537
f 538 530 528
f 537 545 553
f 554 546 538
f 553 561 569
f 570 562 554
f 569 577 585
f 586 578 570
f 585 593 601
f 602 594 586
f 601 609 617
f 618 610 602
f 617 625 633
f 634 626 618
f 633 641 649
f 650 642 634
f 649 657 665
f 666 658 650
f 665 673 681
f 682 674 666
f 681 689 697
f 698 690 682
f 697 703 709
f 710 704 698
f 713 721 723
f 724 722 714
f 729 735 737
f 738 736 730
f 745 751 755
f 756 752 746
f 761 769 777
f 778 770 762
f 777 783 787
f 788 784 778
f 793 801 809
f 810 802 794
f 809 815 819
f 820 816 810
f 825 833 839
f 840 834 826
f 841 847 853
f 854 848 842
f 853 861 863
f 864 862 854
f 867 873 879
f 880 874 868
f 885 887 895
f 896 888 886
f 903 909 915
f 916 910 904
f 919 925 931
f 932 926 920
f 937 939 947
f 948 940 938
f 953 955 963
f 964 956 954
f 971 973 981
f 982 974 972
f 989 995 1001
f 1002 996 990
f 1007 1009 1017
f 1018 1010 1008
f 1025 1027 1035
f 1036 1028 1026
f 1041 1047 1053
f 1054 1048 1042
f 1057 1063 1069
f 1070 1064 1058
f 1075 1077 1085
f 1086 1078 1076
f 1111 1113 1121
f 1122 1114 1112
f 1123 1129 1133
f 1134 1130 1124
f 1141 1143 1151
f 1152 1144 1142
f 1159 1161 1169
f 1170 1162 1160
f 1175 1177 1185
f 1186 1178 1176
f 1187 1189 1197
f 1198 1190 1188
f 1201 1203 1211
f 1212 1204 1202
f 1211 1219 1223
f 1224 1220 1212
f 1227 1229 1237
f 1238 1230 1228
f 1241 1249 1251
f 1252 1250 1242
f 1253 1255 1263
f 1264 1256 1254
f 1265 1267 1275
f 1276 1268 1266
f 1279 1281 1289
f 1290 1282 1280
f 1291 1299 1301
f 1302 1300 1292
f 1303 1305 1313
f 1314 1306 1304
f 1321 1327 1333
f 1334 1328 1322
f 1335 1341 1343
f 1344 1342 1336
f 1345 1353 1355
f 1356 1354 1346
f 1357 1363 1369
f 1370 1364 1358
f 1379 1381 1389
f 1390 1382 1380
f 1395 1397 1405
f 1406 1398 1396
f 1 13 15
f 16 14 4
f 19 29 31
f 32 30 20
f 35 43 53
f 54 44 36
f 59 69 71
f 72 70 60
f 85 95 97
f 98 96 86
f 111 121 125
f 126 122 112
f 129 137 149
f 150 138 130
f 151 153 165
f 166 154 152
f 169 179 189
f 190 180 170
f 193 203 205
f 206 204 194
f 209 219 221
f 222 220 210
f 233 243 245
f 246 244 234
f 247 249 261
f 262 250 248
f 263 265 277
f 278 266 264
f 299 309 313
f 314 310 300
f 317 319 331
f 332 320 318
f 337 347 349
f 350 348 338
f 353 363 365
f 366 364 354
f 365 367 381
f 382 368 366
f 389 399 401
f 402 400 390
f 405 415 419
f 420 416 406
f 423 433 435
f 436 434 424
f 437 439 453
f 454 440 438
f 461 473 475
f 476 474 462
f 477 487 489
f 490 488 478
f 491 501 2039
f 2040 502 492
f 2039 2051 2053
f 2054 2052 2040
f 2057 2059 2071
f 2072 2060 2058
f 2075 2085 2091
f 2092 2086 2076
f 2097 2099 2109
f 2110 2100 2098
f 2111 2113 2123
f 2124 2114 2112
f 2127 2129 2143
f 2144 2130 2128
f 2149 2151 2161
f 2162 2152 2150
f 2165 2175 2181
f 2182 2176 2166
f 2185 2187 2199
f 2200 2188 2186
f 2203 2213 2215
f 2216 2214 2204
f 2233 1415 1417
f 1418 1416 2234
f 1417 1419 1429
f 1430 1420 1418
f 1431 1433 1445
f 1446 1434 1432
f 1447 1457 1459
f 1460 1458 1448
f 1463 1465 1473
f 1474 1466 1464
f 1503 1505 1515
f 1516 1506 1504
f 1523 1533 1535
f 1536 1534 1524
f 1541 1551 1557
f 1558 1552 1542
f 1559 1561 1571
f 1572 1562 1560
f 1573 1583 1585
f 1586 1584 1574
f 1589 1591 1601
f 1602 1592 1590
f 1609 1619 1621
f 1622 1620 1610
f 1629 1639 1645
f 1646 1640 1630
f 1647 1649 1659
f 1660 1650 1648
f 1737 1739 1749
f 1750 1740 1738
f 1757 1759 1769
f 1770 1760 1758
f 1785 1795 1805
f 1806 1796 1786
f 1811 1813 1827
f 1828 1814 1812
f 1831 1841 1845
f 1846 1842 1832
f 1845 1855 1859
f 1860 1856 1846
f 1859 1861 1873
f 1874 1862 1860
f 1875 1885 1895
f 1896 1886 1876
f 1901 1911 1921
f 1922 1912 1902
f 1929 1943 1945
f 1946 1944 1930
f 1953 1955 1969
f 1970 1956 1954
f 2029 2031 507
f 508 2032 2030
f 513 523 525
f 526 524 514
f 527 537 553
f 554 538 528
f 553 569 585
f 586 570 554
f 585 601 617
f 618 602 586
f 617 633 649
f 650 634 618
f 649 665 681
f 682 666 650
f 681 697 709
f 710 698 682
f 713 723 727
f 728 724 714
f 729 737 741
f 742 738 730
f 745 755 759
f 760 756 746
f 759 761 777
f 778 762 760
f 777 787 791
f 792 788 778
f 791 793 809
f 810 794 792
f 809 819 825
f 826 820 810
f 825 839 841
f 842 840 826
f 841 853 863
f 864 854 842
f 865 867 879
f 880 868 866
f 885 895 901
f 902 896 886
f 903 915 917
f 918 916 904
f 917 919 931
f 932 920 918
f 937 947 951
f 952 948 938
f 953 963 965
f 966 964 954
f 969 971 981
f 982 972 970
f 987 989 1001
f 1002 990 988
f 1007 1017 1023
f 1024 1018 1008
f 1025 1035 1037
f 1038 1036 1026
f 1039 1041 1053
f 1054 1042 1040
f 1055 1057 1069
f 1070 1058 1056
f 1073 1075 1085
f 1086 1076 1074
f 1121 1123 1133
f 1134 1124 1122
f 1141 1151 1157
f 1158 1152 1142
f 1159 1169 1171
f 1172 1170 1160
f 1175 1185 1187
f 1188 1186 1176
f 1187 1197 1199
f 1200 1198 1188
f 1201 1211 1223
f 1224 1212 1202
f 1227 1237 1239
f 1240 1238 1228
f 1239 1241 1251
f 1252 1242 1240
f 1253 1263 1265
f 1266 1264 1254
f 1265 1275 1277
f 1278 1276 1266
f 1279 1289 1291
f 1292 1290 1280
f 1303 1313 1315
f 1316 1314 1304
f 1319 1321 1333
f 1334 1322 1320
f 1335 1343 1345
f 1346 1344 1336
f 1355 1357 1369
f 1370 1358 1356
f 1379 1389 1393
f 1394 1390 1380
f 1395 1405 2
f 3 1406 1396
f 1 15 17
f 18 16 4
f 19 31 33
f 34 32 20
f 35 53 55
f 56 54 36
f 59 71 73
f 74 72 60
f 75 85 97
f 98 86 76
f 101 111 125
f 126 112 102
f 129 149 151
f 152 150 130
f 151 165 167
f 168 166 152
f 167 169 189
f 190 170 168
f 193 205 207
f 208 206 194
f 209 221 223
f 224 222 210
f 233 245 247
f 248 246 234
f 263 277 279
f 280 278 264
f 299 313 315
f 316 314 300
f 317 331 333
f 334 332 318
f 337 349 351
f 352 350 338
f 365 381 383
f 384 382 366
f 389 401 403
f 404 402 390
f 403 405 419
f 420 406 404
f 423 435 437
f 438 436 424
f 437 453 455
f 456 454 438
f 461 475 477
f 478 476 462
f 489 491 2039
f 2040 492 490
f 2039 2053 2055
f 2056 2054 2040
f 2057 2071 2073
f 2074 2072 2058
f 2075 2091 2093
f 2094 2092 2076
f 2097 2109 2111
f 2112 2110 2098
f 2111 2123 2125
f 2126 2124 2112
f 2127 2143 2145
f 2146 2144 2128
f 2149 2161 2163
f 2164 2162 2150
f 2165 2181 2183
f 2184 2182 2166
f 2185 2199 2201
f 2202 2200 2186
f 2203 2215 2217
f 2218 2216 2204
f 1417 1429 1431
f 1432 1430 1418
f 1431 1445 1447
f 1448 1446 1432
f 1447 1459 1461
f 1462 1460 1448
f 1503 1515 1521
f 1522 1516 1504
f 1523 1535 1537
f 1538 1536 1524
f 1539 1541 1557
f 1558 1542 1540
f 1559 1571 1573
f 1574 1572 1560
f 1573 1585 1587
f 1588 1586 1574
f 1589 1601 1605
f 1606 1602 1590
f 1609 1621 1623
f 1624 1622 1610
f 1627 1629 1645
f 1646 1630 1628
f 1647 1659 1661
f 1662 1660 1648
f 1737 1749 1751
f 1752 1750 1738
f 1757 1769 1777
f 1778 1770 1758
f 1783 1785 1805
f 1806 1786 1784
f 1809 1811 1827
f 1828 1812 1810
f 1829 1831 1845
f 1846 1832 1830
f 1845 1859 1873
f 1874 1860 1846
f 1873 1875 1895
f 1896 1876 1874
f 1899 1901 1921
f 1922 1902 1900
f 1929 1945 1947
f 1948 1946 1930
f 2027 2029 507
f 508 2030 2028
f 513 525 527
f 528 526 514
f 527 553 585
f 586 554 528
f 585 617 649
f 650 618 586
f 649 681 709
f 710 682 650
f 727 729 741
f 742 730 728
f 745 759 777
f 778 760 746
f 777 791 809
f 810 792 778
f 825 841 863
f 864 842 826
f 865 879 881
f 882 880 866
f 883 885 901
f 902 886 884
f 917 931 933
f 934 932 918
f 935 937 951
f 952 938 936
f 953 965 967
f 968 966 954
f 969 981 985
f 986 982 970
f 1005 1007 1023
f 1024 1008 1006
f 1025 1037 1039
f 1040 1038 1026
f 1053 1055 1069
f 1070 1056 1054
f 1073 1085 1089
f 1090 1086 1074
f 1111 1121 1133
f 1134 1122 1112
f 1139 1141 1157
f 1158 1142 1140
f 1159 1171 1173
f 1174 1172 1160
f 1175 1187 1199
f 1200 1188 1176
f 1199 1201 1223
f 1224 1202 1200
f 1225 1227 1239
f 1240 1228 1226
f 1253 1265 1277
f 1278 1266 1254
f 1279 1291 1301
f 1302 1292 1280
f 1301 1303 1315
f 1316 1304 1302
f 1319 1333 1335
f 1336 1334 1320
f 1335 1345 1355
f 1356 1346 1336
f 1355 1369 1371
f 1372 1370 1356
f 1379 1393 1395
f 1396 1394 1380
f 1395 2 1
f 4 3 1396
f 1 17 19
f 20 18 4
f 35 55 57
f 58 56 36
f 59 73 75
f 76 74 60
f 75 97 99
f 100 98 76
f 101 125 127
f 128 126 102
f 129 151 167
f 168 152 130
f 167 189 191
f 192 190 168
f 207 209 223
f 224 210 208
f 233 247 261
f 262 248 234
f 299 315 317
f 318 316 300
f 317 333 335
f 336 334 318
f 337 351 353
f 354 352 338
f 353 365 383
f 384 366 354
f 389 403 419
f 420 404 390
f 437 455 457
f 458 456 438
f 461 477 489
f 490 478 462
f 489 2039 2055
f 2056 2040 490
f 2057 2073 2075
f 2076 2074 2058
f 2075 2093 2095
f 2096 2094 2076
f 2097 2111 2125
f 2126 2112 2098
f 2127 2145 2147
f 2148 2146 2128
f 2149 2163 2165
f 2166 2164 2150
f 2165 2183 2185
f 2186 2184 2166
f 2185 2201 2203
f 2204 2202 2186
f 2203 2217 2219
f 2220 2218 2204
f 1417 1431 1447
f 1448 1432 1418
f 1447 1461 1463
f 1464 1462 1448
f 1501 1503 1521
f 1522 1504 1502
f 1539 1557 1559
f 1560 1558 1540
f 1559 1573 1587
f 1588 1574 1560
f 1587 1589 1605
f 1606 1590 1588
f 1607 1609 1623
f 1624 1610 1608
f 1625 1627 1645
f 1646 1628 1626
f 1647 1661 1663
f 1664 1662 1648
f 1755 1757 1777
f 1778 1758 1756
f 1781 1783 1805
f 1806 1784 1782
f 1809 1827 1829
f 1830 1828 1810
f 1829 1845 1873
f 1874 1846 1830
f 1873 1895 1897
f 1898 1896 1874
f 1899 1921 1923
f 1924 1922 1900
f 1927 1929 1947
f 1948 1930 1928
f 2025 2027 507
f 508 2028 2026
f 513 527 585
f 586 528 514
f 585 649 709
f 710 650 586
f 727 741 745
f 746 742 728
f 777 809 825
f 826 810 778
f 825 863 865
f 866 864 826
f 881 883 901
f 902 884 882
f 933 935 951
f 952 936 934
f 969 985 987
f 988 986 970
f 1003 1005 1023
f 1024 1006 1004
f 1025 1039 1053
f 1054 1040 1026
f 1053 1069 1071
f 1072 1070 1054
f 1073 1089 1091
f 1092 1090 1074
f 1111 1133 1135
f 1136 1134 1112
f 1139 1157 1159
f 1160 1158 1140
f 1159 1173 1175
f 1176 1174 1160
f 1175 1199 1223
f 1224 1200 1176
f 1225 1239 1251
f 1252 1240 1226
f 1251 1253 1277
f 1278 1254 1252
f 1277 1279 1301
f 1302 1280 1278
f 1301 1315 1317
f 1318 1316 1302
f 1319 1335 1355
f 1356 1336 1320
f 1355 1371 1377
f 1378 1372 1356
f 1377 1379 1395
f 1396 1380 1378
f 1395 1 19
f 20 4 1396
f 33 35 57
f 58 36 34
f 75 99 101
f 102 100 76
f 101 127 129
f 130 128 102
f 129 167 191
f 192 168 130
f 207 223 225
f 226 224 208
f 317 335 337
f 338 336 318
f 337 353 383
f 384 354 338
f 389 419 421
f 422 420 390
f 437 457 459
f 460 458 438
f 459 461 489
f 490 462 460
f 489 2055 2057
f 2058 2056 490
f 2057 2075 2095
f 2096 2076 2058
f 2097 2125 2127
f 2128 2126 2098
f 2127 2147 2149
f 2150 2148 2128
f 2233 1417 1447
f 1448 1418 2234
f 1447 1463 1473
f 1474 1464 1448
f 1501 1521 1523
f 1524 1522 1502
f 1537 1539 1559
f 1560 1540 1538
f 1587 1605 1607
f 1608 1606 1588
f 1607 1623 1625
f 1626 1624 1608
f 1625 1645 1647
f 1648 1646 1626
f 1753 1755 1777
f 1778 1756 1754
f 1779 1781 1805
f 1806 1782 1780
f 1807 1809 1829
f 1830 1810 1808
f 1829 1873 1897
f 1898 1874 1830
f 1899 1923 1925
f 1926 1924 1900
f 1927 1947 1949
f 1950 1948 1928
f 2023 2025 507
f 508 2026 2024
f 511 513 585
f 586 514 512
f 585 709 713
f 714 710 586
f 713 727 745
f 746 728 714
f 745 777 825
f 826 778 746
f 825 865 881
f 882 866 826
f 881 901 903
f 904 902 882
f 933 951 953
f 954 952 934
f 969 987 1001
f 1002 988 970
f 1003 1023 1025
f 1026 1024 1004
f 1053 1071 1073
f 1074 1072 1054
f 1111 1135 1137
f 1138 1136 1112
f 1139 1159 1175
f 1176 1160 1140
f 1175 1223 1225
f 1226 1224 1176
f 1225 1251 1277
f 1278 1252 1226
f 1301 1317 1319
f 1320 1318 1302
f 1319 1355 1377
f 1378 1356 1320
f 1377 1395 19
f 20 1396 1378
f 33 57 59
f 60 58 34
f 75 101 129
f 130 102 76
f 129 191 193
f 194 192 130
f 207 225 233
f 234 226 208
f 337 383 385
f 386 384 338
f 389 421 423
f 424 422 390
f 423 437 459
f 460 438 424
f 459 489 2057
f 2058 490 460
f 2057 2095 2097
f 2098 2096 2058
f 2127 2149 2165
f 2166 2150 2128
f 2231 2233 1447
f 1448 2234 2232
f 1501 1523 1537
f 1538 1524 1502
f 1537 1559 1587
f 1588 1560 1538
f 1587 1607 1625
f 1626 1608 1588
f 1625 1647 1663
f 1664 1648 1626
f 1753 1777 1779
f 1780 1778 1754
f 1779 1805 1807
f 1808 1806 1780
f 1807 1829 1897
f 1898 1830 1808
f 1899 1925 1927
f 1928 1926 1900
f 1927 1949 1951
f 1952 1950 1928
f 2021 2023 507
f 508 2024 2022
f 509 511 585
f 586 512 510
f 585 713 745
f 746 714 586
f 745 825 881
f 882 826 746
f 881 903 917
f 918 904 882
f 933 953 967
f 968 954 934
f 967 969 1001
f 1002 970 968
f 1003 1025 1053
f 1054 1026 1004
f 1053 1073 1091
f 1092 1074 1054
f 1111 1137 1139
f 1140 1138 1112
f 1139 1175 1225
f 1226 1176 1140
f 1225 1277 1301
f 1302 1278 1226
f 1301 1319 1377
f 1378 1320 1302
f 1377 19 33
f 34 20 1378
f 33 59 75
f 76 60 34
f 75 129 193
f 194 130 76
f 207 233 261
f 262 234 208
f 317 337 385
f 386 338 318
f 389 423 459
f 460 424 390
f 459 2057 2097
f 2098 2058 460
f 2097 2127 2165
f 2166 2128 2098
f 2231 1447 1473
f 1474 1448 2232
f 1499 1501 1537
f 1538 1502 1500
f 1537 1587 1625
f 1626 1588 1538
f 1779 1807 1897
f 1898 1808 1780
f 1899 1927 1951
f 1952 1928 1900
f 2019 2021 507
f 508 2022 2020
f 507 509 585
f 586 510 508
f 585 745 881
f 882 746 586
f 881 917 933
f 934 918 882
f 933 967 1001
f 1002 968 934
f 1003 1053 1091
f 1092 1054 1004
f 1111 1139 1225
f 1226 1140 1112
f 1301 1377 33
f 34 1378 1302
f 33 75 193
f 194 76 34
f 317 385 387
f 388 386 318
f 389 459 2097
f 2098 460 390
f 2097 2165 2185
f 2186 2166 2098
f 2229 2231 1473
f 1474 2232 2230
f 1499 1537 1625
f 1626 1538 1500
f 1753 1779 1897
f 1898 1780 1754
f 1899 1951 1953
f 1954 1952 1900
f 2017 2019 507
f 508 2020 2018
f 507 585 881
f 882 586 508
f 933 1001 1003
f 1004 1002 934
f 1111 1225 1301
f 1302 1226 1112
f 1301 33 193
f 194 34 1302
f 317 387 389
f 390 388 318
f 389 2097 2185
f 2186 2098 390
f 2229 1473 1475
f 1476 1474 2230
f 1751 1753 1897
f 1898 1754 1752
f 2015 2017 507
f 508 2018 2016
f 933 1003 1091
f 1092 1004 934
f 1109 1111 1301
f 1302 1112 1110
f 1301 193 207
f 208 194 1302
f 299 317 389
f 390 318 300
f 389 2185 2203
f 2204 2186 390
f 2229 1475 1485
f 1486 1476 2230
f 1737 1751 1897
f 1898 1752 1738
f 2013 2015 507
f 508 2016 2014
f 1107 1109 1301
f 1302 1110 1108
f 1301 207 261
f 262 208 1302
f 299 389 2203
f 2204 390 300
f 2229 1485 1487
f 1488 1486 2230
f 1737 1897 1899
f 1900 1898 1738
f 2013 507 881
f 882 508 2014
f 1107 1301 261
f 262 1302 1108
f 297 299 2203
f 2204 300 298
f 1737 1899 1953
f 1954 1900 1738
f 2011 2013 881
f 882 2014 2012
f 1105 1107 261
f 262 1108 1106
f 295 297 2203
f 2204 298 296
f 1737 1953 1969
f 1970 1954 1738
f 2009 2011 881
f 882 2012 2010
f 1103 1105 261
f 262 1106 1104
f 293 295 2203
f 2204 296 294
f 1737 1969 1971
f 1972 1970 1738
f 2007 2009 881
f 882 2010 2008
f 1101 1103 261
f 262 1104 1102
f 291 293 2203
f 2204 294 292
f 2005 2007 881
f 882 2008 2006
f 1099 1101 261
f 262 1102 1100
f 289 291 2203
f 2204 292 290
f 2003 2005 881
f 882 2006 2004
f 1097 1099 261
f 262 1100 1098
f 287 289 2203
f 2204 290 288
f 2001 2003 881
f 882 2004 2002
f 1095 1097 261
f 262 1098 1096
f 285 287 2203
f 2204 288 286
f 1999 2001 881
f 882 2002 2000
f 1093 1095 261
f 262 1096 1094
f 283 285 2203
f 2204 286 284
f 1997 1999 881
f 882 2000 1998
f 1091 1093 261
f 262 1094 1092
f 281 283 2203
f 2204 284 282
f 1995 1997 881
f 882 1998 1996
f 1091 261 263
f 264 262 1092
f 281 2203 2219
f 2220 2204 282
f 1993 1995 881
f 882 1996 1994
f 1091 263 279
f 280 264 1092
f 279 281 2219
f 2220 282 280
f 1991 1993 881
f 882 1994 1992
f 279 2219 2221
f 2222 2220 280
f 1989 1991 881
f 882 1992 1990
f 279 2221 2223
f 2224 2222 280
f 1987 1989 881
f 882 1990 1988
f 279 2223 2225
f 2226 2224 280
f 1985 1987 881
f 882 1988 1986
f 1091 279 2225
f 2226 280 1092
f 1983 1985 881
f 882 1986 1984
f 1091 2225 2227
f 2228 2226 1092
f 1981 1983 881
f 882 1984 1982
f 1091 2227 2229
f 2230 2228 1092
f 1979 1981 881
f 882 1982 1980
f 1091 2229 1487
f 1488 2230 1092
f 1977 1979 881
f 882 1980 1978
f 1091 1487 1489
f 1490 1488 1092
f 1975 1977 881
f 882 1978 1976
f 933 1091 1489
f 1490 1092 934
f 1973 1975 881
f 882 1976 1974
f 881 933 1489
f 1490 934 882
f 1971 1973 881
f 882 1974 1972
f 881 1489 1499
f 1500 1490 882
f 1737 1971 881
f 882 1972 1738
f 881 1499 1625
f 1626 1500 882
f 1735 1737 881
f 882 1738 1736
f 881 1625 1663
f 1664 1626 882
f 1733 1735 881
f 882 1736 1734
f 881 1663 1665
f 1666 1664 882
f 1731 1733 881
f 882 1734 1732
f 881 1665 1667
f 1668 1666 882
f 1729 1731 881
f 882 1732 1730
f 881 1667 1669
f 1670 1668 882
f 1727 1729 881
f 882 1730 1728
f 881 1669 1671
f 1672 1670 882
f 1725 1727 881
f 882 1728 1726
f 881 1671 1673
f 1674 1672 882
f 1723 1725 881
f 882 1726 1724
f 881 1673 1675
f 1676 1674 882
f 1721 1723 881
f 882 1724 1722
f 881 1675 1677
f 1678 1676 882
f 1719 1721 881
f 882 1722 1720
f 881 1677 1679
f 1680 1678 882
f 1717 1719 881
f 882 1720 1718
f 881 1679 1681
f 1682 1680 882
f 1715 1717 881
f 882 1718 1716
f 881 1681 1683
f 1684 1682 882
f 1713 1715 881
f 882 1716 1714
f 881 1683 1685
f 1686 1684 882
f 1711 1713 881
f 882 1714 1712
f 881 1685 1687
f 1688 1686 882
f 1709 1711 881
f 882 1712 1710
f 881 1687 1689
f 1690 1688 882
f 1707 1709 881
f 882 1710 1708
f 881 1689 1691
f 1692 1690 882
f 1705 1707 881
f 882 1708 1706
f 881 1691 1693
f 1694 1692 882
f 1703 1705 881
f 882 1706 1704
f 881 1693 1695
f 1696 1694 882
f 1701 1703 881
f 882 1704 1702
f 881 1695 1697
f 1698 1696 882
f 1699 1701 881
f 882 1702 1700
f 881 1697 1699
f 1700 1698 882
f 2235 2236 2237
f 2237 2238 2235
f 2239 2235 2238
f 2238 2240 2239
f 2241 2239 2240
f 2240 2242 2241
f 2243 2241 2242
f 2242 2244 2243
f 2245 2243 2244
f 2244 2246 2245
f 2247 2245 2246
f 2246 2248 2247
f 2249 2247 2248
f 2248 2250 2249
f 2251 2249 2250
f 2250 2252 2251
f 2253 2251 2252
f 2252 2254 2253
f 2255 2253 2254
f 2254 2256 2255
f 2257 2255 2256
f 2256 2258 2257
f 2259 2257 2258
f 2258 2260 2259
f 2261 2259 2260
f 2260 2262 2261
f 2263 2261 2262
f 2262 2264 2263
f 2265 2263 2264
f 2264 2266 2265
f 2267 2265 2266
f 2266 2268 2267
f 2269 2267 2268
f 2268 2270 2269
f 2271 2269 2270
f 2270 2272 2271
f 2273 2271 2272
f 2272 2274 2273
f 2275 2273 2274
f 2274 2276 2275
f 2277 2275 2276
f 2276 2278 2277
f 2279 2277 2278
f 2278 2280 2279
f 2281 2279 2280
f 2280 2282 2281
f 2283 2281 2282
f 2282 2284 2283
f 2285 2283 2284
f 2284 2286 2285
f 2287 2285 2286
f 2286 2288 2287
f 2289 2287 2288
f 2288 2290 2289
f 2291 2289 2290
f 2290 2292 2291
f 2293 2291 2292
f 2292 2294 2293
f 2295 2293 2294
f 2294 2296 2295
f 2297 2295 2296
f 2296 2298 2297
f 2299 2297 2298
f 2298 2300 2299
f 2301 2299 2300
f 2300 2302 2301
f 2303 2301 2302
f 2302 2304 2303
f 2305 2303 2304
f 2304 2306 2305
f 2307 2305 2306
f 2306 2308 2307
f 2309 2307 2308
f 2308 2310 2309
f 2311 2309 2310
f 2310 2312 2311
f 2313 2311 2312
f 2312 2314 2313
f 2315 2313 2314
f 2314 2316 2315
f 2317 2315 2316
f 2316 2318 2317
f 2319 2317 2318
f 2318 2320 2319
f 2321 2319 2320
f 2320 2322 2321
f 2323 2321 2322
f 2322 2324 2323
f 2325 2323 2324
f 2324 2326 2325
f 2327 2325 2326
f 2326 2328 2327
f 2329 2327 2328
f 2328 2330 2329
f 2331 2329 2330
f 2330 2332 2331
f 2333 2331 2332
f 2332 2334 2333
f 2335 2333 2334
f 2334 2336 2335
f 2337 2335 2336
f 2336 2338 2337
f 2339 2337 2338
f 2338 2340 2339
f 2341 2339 2340
f 2340 2342 2341
f 2343 2341 2342
f 2342 2344 2343
f 2345 2343 2344
f 2344 2346 2345
f 2347 2345 2346
f 2346 2348 2347
f 2349 2347 2348
f 2348 2350 2349
f 2351 2349 2350
f 2350 2352 2351
f 2353 2351 2352
f 2352 2354 2353
f 2355 2353 2354
f 2354 2356 2355
f 2357 2355 2356
f 2356 2358 2357
f 2359 2357 2358
f 2358 2360 2359
f 2361 2359 2360
f 2360 2362 2361
f 2363 2361 2362
f 2362 2364 2363
f 2365 2363 2364
f 2364 2366 2365
f 2367 2365 2366
f 2366 2368 2367
f 2369 2367 2368
f 2368 2370 2369
f 2371 2369 2370
f 2370 2372 2371
f 2373 2371 2372
f 2372 2374 2373
f 2375 2373 2374
f 2374 2376 2375
f 2377 2375 2376
f 2376 2378 2377
f 2379 2377 2378
f 2378 2380 2379
f 2381 2379 2380
f 2380 2382 2381
f 2383 2381 2382
f 2382 2384 2383
f 2385 2383 2384
f 2384 2386 2385
f 2387 2385 2386
f 2386 2388 2387
f 2389 2387 2388
f 2388 2390 2389
f 2391 2389 2390
f 2390 2392 2391
f 2393 2391 2392
f 2392 2394 2393
f 2395 2393 2394
f 2394 2396 2395
f 2397 2395 2396
f 2396 2398 2397
f 2399 2397 2398
f 2398 2400 2399
f 2401 2399 2400
f 2400 2402 2401
f 2403 2401 2402
f 2402 2404 2403
f 2405 2403 2404
f 2404 2406 2405
f 2407 2405 2406
f 2406 2408 2407
f 2409 2407 2408
f 2408 2410 2409
f 2411 2409 2410
f 2410 2412 2411
f 2413 2411 2412
f 2412 2414 2413
f 2415 2413 2414
f 2414 2416 2415
f 2417 2415 2416
f 2416 2418 2417
f 2419 2417 2418
f 2418 2420 2419
f 2421 2419 2420
f 2420 2422 2421
f 2423 2421 2422
f 2422 2424 2423
f 2425 2423 2424
f 2424 2426 2425
f 2427 2425 2426
f 2426 2428 2427
f 2429 2427 2428
f 2428 2430 2429
f 2431 2429 2430
f 2430 2432 2431
f 2433 2431 2432
f 2432 2434 2433
f 2435 2433 2434
f 2434 2436 2435
f 2437 2435 2436
f 2436 2438 2437
f 2439 2437 2438
f 2438 2440 2439
f 2441 2439 2440
f 2440 2442 2441
f 2443 2441 2442
f 2442 2444 2443
f 2445 2443 2444
f 2444 2446 2445
f 2447 2445 2446
f 2446 2448 2447
f 2449 2447 2448
f 2448 2450 2449
f 2451 2449 2450
f 2450 2452 2451
f 2453 2451 2452
f 2452 2454 2453
f 2455 2453 2454
f 2454 2456 2455
f 2457 2455 2456
f 2456 2458 2457
f 2459 2457 2458
f 2458 2460 2459
f 2461 2459 2460
f 2460 2462 2461
f 2463 2461 2462
f 2462 2464 2463
f 2465 2463 2464
f 2464 2466 2465
f 2467 2465 2466
f 2466 2468 2467
f 2469 2467 2468
f 2468 2470 2469
f 2471 2469 2470
f 2470 2472 2471
f 2473 2471 2472
f 2472 2474 2473
f 2475 2473 2474
f 2474 2476 2475
f 2477 2475 2476
f 2476 2478 2477
f 2479 2477 2478
f 2478 2480 2479
f 2481 2479 2480
f 2480 2482 2481
f 2483 2481 2482
f 2482 2484 2483
f 2485 2483 2484
f 2484 2486 2485
f 2487 2485 2486
f 2486 2488 2487
f 2489 2487 2488
f 2488 2490 2489
f 2491 2489 2490
f 2490 2492 2491
f 2493 2491 2492
f 2492 2494 2493
f 2495 2493 2494
f 2494 2496 2495
f 2497 2495 2496
f 2496 2498 2497
f 2499 2497 2498
f 2498 2500 2499
f 2501 2499 2500
f 2500 2502 2501
f 2503 2501 2502
f 2502 2504 2503
f 2505 2503 2504
f 2504 2506 2505
f 2507 2505 2506
f 2506 2508 2507
f 2509 2507 2508
f 2508 2510 2509
f 2511 2509 2510
f 2510 2512 2511
f 2513 2511 2512
f 2512 2514 2513
f 2515 2513 2514
f 2514 2516 2515
f 2517 2515 2516
f 2516 2518 2517
f 2519 2517 2518
f 2518 2520 2519
f 2521 2519 2520
f 2520 2522 2521
f 2523 2521 2522
f 2522 2524 2523
f 2525 2523 2524
f 2524 2526 2525
f 2527 2525 2526
f 2526 2528 2527
f 2529 2527 2528
f 2528 2530 2529
f 2531 2529 2530
f 2530 2532 2531
f 2533 2531 2532
f 2532 2534 2533
f 2535 2533 2534
f 2534 2536 2535
f 2537 2535 2536
f 2536 2538 2537
f 2539 2537 2538
f 2538 2540 2539
f 2541 2539 2540
f 2540 2542 2541
f 2543 2541 2542
f 2542 2544 2543
f 2545 2543 2544
f 2544 2546 2545
f 2547 2545 2546
f 2546 2548 2547
f 2549 2547 2548
f 2548 2550 2549
f 2551 2549 2550
f 2550 2552 2551
f 2553 2551 2552
f 2552 2554 2553
f 2555 2553 2554
f 2554 2556 2555
f 2557 2555 2556
f 2556 2558 2557
f 2559 2557 2558
f 2558 2560 2559
f 2561 2559 2560
f 2560 2562 2561
f 2563 2561 2562
f 2562 2564 2563
f 2565 2563 2564
f 2564 2566 2565
f 2567 2565 2566
f 2566 2568 2567
f 2569 2567 2568
f 2568 2570 2569
f 2571 2569 2570
f 2570 2572 2571
f 2573 2571 2572
f 2572 2574 2573
f 2575 2573 2574
f 2574 2576 2575
f 2577 2575 2576
f 2576 2578 2577
f 2579 2577 2578
f 2578 2580 2579
f 2581 2579 2580
f 2580 2582 2581
f 2583 2581 2582
f 2582 2584 2583
f 2585 2583 2584
f 2584 2586 2585
f 2587 2585 2586
f 2586 2588 2587
f 2589 2587 2588
f 2588 2590 2589
f 2591 2589 2590
f 2590 2592 2591
f 2593 2591 2592
f 2592 2594 2593
f 2595 2593 2594
f 2594 2596 2595
f 2597 2595 2596
f 2596 2598 2597
f 2599 2597 2598
f 2598 2600 2599
f 2601 2599 2600
f 2600 2602 2601
f 2603 2601 2602
f 2602 2604 2603
f 2605 2603 2604
f 2604 2606 2605
f 2607 2605 2606
f 2606 2608 2607
f 2609 2607 2608
f 2608 2610 2609
f 2611 2609 2610
f 2610 2612 2611
f 2613 2611 2612
f 2612 2614 2613
f 2615 2613 2614
f 2614 2616 2615
f 2617 2615 2616
f 2616 2618 2617
f 2619 2617 2618
f 2618 2620 2619
f 2621 2619 2620
f 2620 2622 2621
f 2623 2621 2622
f 2622 2624 2623
f 2625 2623 2624
f 2624 2626 2625
f 2627 2625 2626
f 2626 2628 2627
f 2629 2627 2628
f 2628 2630 2629
f 2631 2629 2630
f 2630 2632 2631
f 2633 2631 2632
f 2632 2634 2633
f 2635 2633 2634
f 2634 2636 2635
f 2637 2635 2636
f 2636 2638 2637
f 2639 2637 2638
f 2638 2640 2639
f 2641 2639 2640
f 2640 2642 2641
f 2643 2641 2642
f 2642 2644 2643
f 2645 2643 2644
f 2644 2646 2645
f 2647 2645 2646
f 2646 2648 2647
f 2649 2647 2648
f 2648 2650 2649
f 2651 2649 2650
f 2650 2652 2651
f 2653 2651 2652
f 2652 2654 2653
f 2655 2653 2654
f 2654 2656 2655
f 2657 2655 2656
f 2656 2658 2657
f 2659 2657 2658
f 2658 2660 2659
f 2661 2659 2660
f 2660 2662 2661
f 2663 2661 2662
f 2662 2664 2663
f 2665 2663 2664
f 2664 2666 2665
f 2667 2665 2666
f 2666 2668 2667
f 2669 2667 2668
f 2668 2670 2669
f 2671 2669 2670
f 2670 2672 2671
f 2673 2671 2672
f 2672 2674 2673
f 2675 2673 2674
f 2674 2676 2675
f 2677 2675 2676
f 2676 2678 2677
f 2679 2677 2678
f 2678 2680 2679
f 2681 2679 2680
f 2680 2682 2681
f 2683 2681 2682
f 2682 2684 2683
f 2685 2683 2684
f 2684 2686 2685
f 2687 2685 2686
f 2686 2688 2687
f 2689 2687 2688
f 2688 2690 2689
f 2691 2689 2690
f 2690 2692 2691
f 2693 2691 2692
f 2692 2694 2693
f 2695 2693 2694
f 2694 2696 2695
f 2697 2695 2696
f 2696 2698 2697
f 2699 2697 2698
f 2698 2700 2699
f 2701 2699 2700
f 2700 2702 2701
f 2703 2701 2702
f 2702 2704 2703
f 2705 2703 2704
f 2704 2706 2705
f 2707 2705 2706
f 2706 2708 2707
f 2709 2707 2708
f 2708 2710 2709
f 2711 2709 2710
f 2710 2712 2711
f 2713 2711 2712
f 2712 2714 2713
f 2715 2713 2714
f 2714 2716 2715
f 2717 2715 2716
f 2716 2718 2717
f 2719 2717 2718
f 2718 2720 2719
f 2721 2719 2720
f 2720 2722 2721
f 2723 2721 2722
f 2722 2724 2723
f 2725 2723 2724
f 2724 2726 2725
f 2727 2725 2726
f 2726 2728 2727
f 2729 2727 2728
f 2728 2730 2729
f 2731 2729 2730
f 2730 2732 2731
f 2733 2731 2732
f 2732 2734 2733
f 2735 2733 2734
f 2734 2736 2735
f 2737 2735 2736
f 2736 2738 2737
f 2739 2737 2738
f 2738 2740 2739
f 2741 2739 2740
f 2740 2742 2741
f 2743 2741 2742
f 2742 2744 2743
f 2745 2743 2744
f 2744 2746 2745
f 2747 2745 2746
f 2746 2748 2747
f 2749 2747 2748
f 2748 2750 2749
f 2751 2749 2750
f 2750 2752 2751
f 2753 2751 2752
f 2752 2754 2753
f 2755 2753 2754
f 2754 2756 2755
f 2757 2755 2756
f 2756 2758 2757
f 2759 2757 2758
f 2758 2760 2759
f 2761 2759 2760
f 2760 2762 2761
f 2763 2761 2762
f 2762 2764 2763
f 2765 2763 2764
f 2764 2766 2765
f 2767 2765 2766
f 2766 2768 2767
f 2769 2767 2768
f 2768 2770 2769
f 2771 2769 2770
f 2770 2772 2771
f 2773 2771 2772
f 2772 2774 2773
f 2775 2773 2774
f 2774 2776 2775
f 2777 2775 2776
f 2776 2778 2777
f 2779 2777 2778
f 2778 2780 2779
f 2781 2779 2780
f 2780 2782 2781
f 2783 2781 2782
f 2782 2784 2783
f 2785 2783 2784
f 2784 2786 2785
f 2787 2785 2786
f 2786 2788 2787
f 2789 2787 2788
f 2788 2790 2789
f 2791 2789 2790
f 2790 2792 2791
f 2793 2791 2792
f 2792 2794 2793
f 2795 2793 2794
f 2794 2796 2795
f 2797 2795 2796
f 2796 2798 2797
f 2799 2797 2798
f 2798 2800 2799
f 2801 2799 2800
f 2800 2802 2801
f 2803 2801 2802
f 2802 2804 2803
f 2805 2803 2804
f 2804 2806 2805
f 2807 2805 2806
f 2806 2808 2807
f 2809 2807 2808
f 2808 2810 2809
f 2811 2809 2810
f 2810 2812 2811
f 2813 2811 2812
f 2812 2814 2813
f 2815 2813 2814
f 2814 2816 2815
f 2817 2815 2816
f 2816 2818 2817
f 2819 2817 2818
f 2818 2820 2819
f 2821 2819 2820
f 2820 2822 2821
f 2823 2821 2822
f 2822 2824 2823
f 2825 2823 2824
f 2824 2826 2825
f 2827 2825 2826
f 2826 2828 2827
f 2829 2827 2828
f 2828 2830 2829
f 2831 2829 2830
f 2830 2832 2831
f 2833 2831 2832
f 2832 2834 2833
f 2835 2833 2834
f 2834 2836 2835
f 2837 2835 2836
f 2836 2838 2837
f 2839 2837 2838
f 2838 2840 2839
f 2841 2839 2840
f 2840 2842 2841
f 2843 2841 2842
f 2842 2844 2843
f 2845 2843 2844
f 2844 2846 2845
f 2847 2845 2846
f 2846 2848 2847
f 2849 2847 2848
f 2848 2850 2849
f 2851 2849 2850
f 2850 2852 2851
f 2853 2851 2852
f 2852 2854 2853
f 2855 2853 2854
f 2854 2856 2855
f 2857 2855 2856
f 2856 2858 2857
f 2859 2857 2858
f 2858 2860 2859
f 2861 2859 2860
f 2860 2862 2861
f 2863 2861 2862
f 2862 2864 2863
f 2865 2863 2864
f 2864 2866 2865
f 2867 2865 2866
f 2866 2868 2867
f 2869 2867 2868
f 2868 2870 2869
f 2871 2869 2870
f 2870 2872 2871
f 2873 2871 2872
f 2872 2874 2873
f 2875 2873 2874
f 2874 2876 2875
f 2877 2875 2876
f 2876 2878 2877
f 2879 2877 2878
f 2878 2880 2879
f 2881 2879 2880
f 2880 2882 2881
f 2883 2881 2882
f 2882 2884 2883
f 2885 2883 2884
f 2884 2886 2885
f 2887 2885 2886
f 2886 2888 2887
f 2889 2887 2888
f 2888 2890 2889
f 2891 2889 2890
f 2890 2892 2891
f 2893 2891 2892
f 2892 2894 2893
f 2895 2893 2894
f 2894 2896 2895
f 2897 2895 2896
f 2896 2898 2897
f 2899 2897 2898
f 2898 2900 2899
f 2901 2899 2900
f 2900 2902 2901
f 2903 2901 2902
f 2902 2904 2903
f 2905 2903 2904
f 2904 2906 2905
f 2907 2905 2906
f 2906 2908 2907
f 2909 2907 2908
f 2908 2910 2909
f 2911 2909 2910
f 2910 2912 2911
f 2913 2911 2912
f 2912 2914 2913
f 2915 2913 2914
f 2914 2916 2915
f 2917 2915 2916
f 2916 2918 2917
f 2919 2917 2918
f 2918 2920 2919
f 2921 2919 2920
f 2920 2922 2921
f 2923 2921 2922
f 2922 2924 2923
f 2925 2923 2924
f 2924 2926 2925
f 2927 2925 2926
f 2926 2928 2927
f 2929 2927 2928
f 2928 2930 2929
f 2931 2929 2930
f 2930 2932 2931
f 2933 2931 2932
f 2932 2934 2933
f 2935 2933 2934
f 2934 2936 2935
f 2937 2935 2936
f 2936 2938 2937
f 2939 2937 2938
f 2938 2940 2939
f 2941 2939 2940
f 2940 2942 2941
f 2943 2941 2942
f 2942 2944 2943
f 2945 2943 2944
f 2944 2946 2945
f 2947 2945 2946
f 2946 2948 2947
f 2949 2947 2948
f 2948 2950 2949
f 2951 2949 2950
f 2950 2952 2951
f 2953 2951 2952
f 2952 2954 2953
f 2955 2953 2954
f 2954 2956 2955
f 2957 2955 2956
f 2956 2958 2957
f 2959 2957 2958
f 2958 2960 2959
f 2961 2959 2960
f 2960 2962 2961
f 2963 2961 2962
f 2962 2964 2963
f 2965 2963 2964
f 2964 2966 2965
f 2967 2965 2966
f 2966 2968 2967
f 2969 2967 2968
f 2968 2970 2969
f 2971 2969 2970
f 2970 2972 2971
f 2973 2971 2972
f 2972 2974 2973
f 2975 2973 2974
f 2974 2976 2975
f 2977 2975 2976
f 2976 2978 2977
f 2979 2977 2978
f 2978 2980 2979
f 2981 2979 2980
f 2980 2982 2981
f 2983 2981 2982
f 2982 2984 2983
f 2985 2983 2984
f 2984 2986 2985
f 2987 2985 2986
f 2986 2988 2987
f 2989 2987 2988
f 2988 2990 2989
f 2991 2989 2990
f 2990 2992 2991
f 2993 2991 2992
f 2992 2994 2993
f 2995 2993 2994
f 2994 2996 2995
f 2997 2995 2996
f 2996 2998 2997
f 2999 2997 2998
f 2998 3000 2999
f 3001 2999 3000
f 3000 3002 3001
f 3003 3001 3002
f 3002 3004 3003
f 3005 3003 3004
f 3004 3006 3005
f 3007 3005 3006
f 3006 3008 3007
f 3009 3007 3008
f 3008 3010 3009
f 3011 3009 3010
f 3010 3012 3011
f 3013 3011 3012
f 3012 3014 3013
f 3015 3013 3014
f 3014 3016 3015
f 3017 3015 3016
f 3016 3018 3017
f 3019 3017 3018
f 3018 3020 3019
f 3021 3019 3020
f 3020 3022 3021
f 3023 3021 3022
f 3022 3024 3023
f 3025 3023 3024
f 3024 3026 3025
f 3027 3025 3026
f 3026 3028 3027
f 3029 3027 3028
f 3028 3030 3029
f 3031 3029 3030
f 3030 3032 3031
f 3033 3031 3032
f 3032 3034 3033
f 3035 3033 3034
f 3034 3036 3035
f 3037 3035 3036
f 3036 3038 3037
f 3039 3037 3038
f 3038 3040 3039
f 3041 3039 3040
f 3040 3042 3041
f 3043 3041 3042
f 3042 3044 3043
f 3045 3043 3044
f 3044 3046 3045
f 3047 3045 3046
f 3046 3048 3047
f 3049 3047 3048
f 3048 3050 3049
f 3051 3049 3050
f 3050 3052 3051
f 3053 3051 3052
f 3052 3054 3053
f 3055 3053 3054
f 3054 3056 3055
f 3057 3055 3056
f 3056 3058 3057
f 3059 3057 3058
f 3058 3060 3059
f 3061 3059 3060
f 3060 3062 3061
f 3063 3061 3062
f 3062 3064 3063
f 3065 3063 3064
f 3064 3066 3065
f 3067 3065 3066
f 3066 3068 3067
f 3069 3067 3068
f 3068 3070 3069
f 3071 3069 3070
f 3070 3072 3071
f 3073 3071 3072
f 3072 3074 3073
f 3075 3073 3074
f 3074 3076 3075
f 3077 3075 3076
f 3076 3078 3077
f 3079 3077 3078
f 3078 3080 3079
f 3081 3079 3080
f 3080 3082 3081
f 3083 3081 3082
f 3082 3084 3083
f 3085 3083 3084
f 3084 3086 3085
f 3087 3085 3086
f 3086 3088 3087
f 3089 3087 3088
f 3088 3090 3089
f 3091 3089 3090
f 3090 3092 3091
f 3093 3091 3092
f 3092 3094 3093
f 3095 3093 3094
f 3094 3096 3095
f 3097 3095 3096
f 3096 3098 3097
f 3099 3097 3098
f 3098 3100 3099
f 3101 3099 3100
f 3100 3102 3101
f 3103 3101 3102
f 3102 3104 3103
f 3105 3103 3104
f 3104 3106 3105
f 3107 3105 3106
f 3106 3108 3107
f 3109 3107 3108
f 3108 3110 3109
f 3111 3109 3110
f 3110 3112 3111
f 3113 3111 3112
f 3112 3114 3113
f 3115 3113 3114
f 3114 3116 3115
f 3117 3115 3116
f 3116 3118 3117
f 3119 3117 3118
f 3118 3120 3119
f 3121 3119 3120
f 3120 3122 3121
f 3123 3121 3122
f 3122 3124 3123
f 3125 3123 3124
f 3124 3126 3125
f 3127 3125 3126
f 3126 3128 3127
f 3129 3127 3128
f 3128 3130 3129
f 3131 3129 3130
f 3130 3132 3131
f 3133 3131 3132
f 3132 3134 3133
f 3135 3133 3134
f 3134 3136 3135
f 3137 3135 3136
f 3136 3138 3137
f 3139 3137 3138
f 3138 3140 3139
f 3141 3139 3140
f 3140 3142 3141
f 3143 3141 3142
f 3142 3144 3143
f 3145 3143 3144
f 3144 3146 3145
f 3147 3145 3146
f 3146 3148 3147
f 3149 3147 3148
f 3148 3150 3149
f 3151 3149 3150
f 3150 3152 3151
f 3153 3151 3152
f 3152 3154 3153
f 3155 3153 3154
f 3154 3156 3155
f 3157 3155 3156
f 3156 3158 3157
f 3159 3157 3158
f 3158 3160 3159
f 3161 3159 3160
f 3160 3162 3161
f 3163 3161 3162
f 3162 3164 3163
f 3165 3163 3164
f 3164 3166 3165
f 3167 3165 3166
f 3166 3168 3167
f 3169 3167 3168
f 3168 3170 3169
f 3171 3169 3170
f 3170 3172 3171
f 3173 3171 3172
f 3172 3174 3173
f 3175 3173 3174
f 3174 3176 3175
f 3177 3175 3176
f 3176 3178 3177
f 3179 3177 3178
f 3178 3180 3179
f 3181 3179 3180
f 3180 3182 3181
f 3183 3181 3182
f 3182 3184 3183
f 3185 3183 3184
f 3184 3186 3185
f 3187 3185 3186
f 3186 3188 3187
f 3189 3187 3188
f 3188 3190 3189
f 3191 3189 3190
f 3190 3192 3191
f 3193 3191 3192
f 3192 3194 3193
f 3195 3193 3194
f 3194 3196 3195
f 3197 3195 3196
f 3196 3198 3197
f 3199 3197 3198
f 3198 3200 3199
f 3201 3199 3200
f 3200 3202 3201
f 3203 3201 3202
f 3202 3204 3203
f 3205 3203 3204
f 3204 3206 3205
f 3207 3205 3206
f 3206 3208 3207
f 3209 3207 3208
f 3208 3210 3209
f 3211 3209 3210
f 3210 3212 3211
f 3213 3211 3212
f 3212 3214 3213
f 3215 3213 3214
f 3214 3216 3215
f 3217 3215 3216
f 3216 3218 3217
f 3219 3217 3218
f 3218 3220 3219
f 3221 3219 3220
f 3220 3222 3221
f 3223 3221 3222
f 3222 3224 3223
f 3225 3223 3224
f 3224 3226 3225
f 3227 3225 3226
f 3226 3228 3227
f 3229 3227 3228
f 3228 3230 3229
f 3231 3229 3230
f 3230 3232 3231
f 3233 3231 3232
f 3232 3234 3233
f 3235 3233 3234
f 3234 3236 3235
f 3237 3235 3236
f 3236 3238 3237
f 3239 3237 3238
f 3238 3240 3239
f 3241 3239 3240
f 3240 3242 3241
f 3243 3241 3242
f 3242 3244 3243
f 3245 3243 3244
f 3244 3246 3245
f 3247 3245 3246
f 3246 3248 3247
f 3249 3247 3248
f 3248 3250 3249
f 3251 3249 3250
f 3250 3252 3251
f 3253 3251 3252
f 3252 3254 3253
f 3255 3253 3254
f 3254 3256 3255
f 3257 3255 3256
f 3256 3258 3257
f 3259 3257 3258
f 3258 3260 3259
f 3261 3259 3260
f 3260 3262 3261
f 3263 3261 3262
f 3262 3264 3263
f 3265 3263 3264
f 3264 3266 3265
f 3267 3265 3266
f 3266 3268 3267
f 3269 3267 3268
f 3268 3270 3269
f 3271 3269 3270
f 3270 3272 3271
f 3273 3271 3272
f 3272 3274 3273
f 3275 3273 3274
f 3274 3276 3275
f 3277 3275 3276
f 3276 3278 3277
f 3279 3277 3278
f 3278 3280 3279
f 3281 3279 3280
f 3280 3282 3281
f 3283 3281 3282
f 3282 3284 3283
f 3285 3283 3284
f 3284 3286 3285
f 3287 3285 3286
f 3286 3288 3287
f 3289 3287 3288
f 3288 3290 3289
f 3291 3289 3290
f 3290 3292 3291
f 3293 3291 3292
f 3292 3294 3293
f 3295 3293 3294
f 3294 3296 3295
f 3297 3295 3296
f 3296 3298 3297
f 3299 3297 3298
f 3298 3300 3299
f 3301 3299 3300
f 3300 3302 3301
f 3303 3301 3302
f 3302 3304 3303
f 3305 3303 3304
f 3304 3306 3305
f 3307 3305 3306
f 3306 3308 3307
f 3309 3307 3308
f 3308 3310 3309
f 3311 3309 3310
f 3310 3312 3311
f 3313 3311 3312
f 3312 3314 3313
f 3315 3313 3314
f 3314 3316 3315
f 3317 3315 3316
f 3316 3318 3317
f 3319 3317 3318
f 3318 3320 3319
f 3321 3319 3320
f 3320 3322 3321
f 3323 3321 3322
f 3322 3324 3323
f 3325 3323 3324
f 3324 3326 3325
f 3327 3325 3326
f 3326 3328 3327
f 3329 3327 3328
f 3328 3330 3329
f 3331 3329 3330
f 3330 3332 3331
f 3333 3331 3332
f 3332 3334 3333
f 3335 3333 3334
f 3334 3336 3335
f 3337 3335 3336
f 3336 3338 3337
f 3339 3337 3338
f 3338 3340 3339
f 3341 3339 3340
f 3340 3342 3341
f 3343 3341 3342
f 3342 3344 3343
f 3345 3343 3344
f 3344 3346 3345
f 3347 3345 3346
f 3346 3348 3347
f 3349 3347 3348
f 3348 3350 3349
f 3351 3349 3350
f 3350 3352 3351
f 3353 3351 3352
f 3352 3354 3353
f 3355 3353 3354
f 3354 3356 3355
f 3357 3355 3356
f 3356 3358 3357
f 3359 3357 3358
f 3358 3360 3359
f 3361 3359 3360
f 3360 3362 3361
f 3363 3361 3362
f 3362 3364 3363
f 3365 3363 3364
f 3364 3366 3365
f 3367 3365 3366
f 3366 3368 3367
f 3369 3367 3368
f 3368 3370 3369
f 3371 3369 3370
f 3370 3372 3371
f 3373 3371 3372
f 3372 3374 3373
f 3375 3373 3374
f 3374 3376 3375
f 3377 3375 3376
f 3376 3378 3377
f 3379 3377 3378
f 3378 3380 3379
f 3381 3379 3380
f 3380 3382 3381
f 3383 3381 3382
f 3382 3384 3383
f 3385 3383 3384
f 3384 3386 3385
f 3387 3385 3386
f 3386 3388 3387
f 3389 3387 3388
f 3388 3390 3389
f 3391 3389 3390
f 3390 3392 3391
f 3393 3391 3392
f 3392 3394 3393
f 3395 3393 3394
f 3394 3396 3395
f 3397 3395 3396
f 3396 3398 3397
f 3399 3397 3398
f 3398 3400 3399
f 3401 3399 3400
f 3400 3402 3401
f 3403 3401 3402
f 3402 3404 3403
f 3405 3403 3404
f 3404 3406 3405
f 3407 3405 3406
f 3406 3408 3407
f 3409 3407 3408
f 3408 3410 3409
f 3411 3409 3410
f 3410 3412 3411
f 3413 3411 3412
f 3412 3414 3413
f 3415 3413 3414
f 3414 3416 3415
f 3417 3415 3416
f 3416 3418 3417
f 3419 3417 3418
f 3418 3420 3419
f 3421 3419 3420
f 3420 3422 3421
f 3423 3421 3422
f 3422 3424 3423
f 3425 3423 3424
f 3424 3426 3425
f 3427 3425 3426
f 3426 3428 3427
f 3429 3427 3428
f 3428 3430 3429
f 3431 3429 3430
f 3430 3432 3431
f 3433 3431 3432
f 3432 3434 3433
f 3435 3433 3434
f 3434 3436 3435
f 3437 3435 3436
f 3436 3438 3437
f 3439 3437 3438
f 3438 3440 3439
f 3441 3439 3440
f 3440 3442 3441
f 3443 3441 3442
f 3442 3444 3443
f 3445 3443 3444
f 3444 3446 3445
f 3447 3445 3446
f 3446 3448 3447
f 3449 3447 3448
f 3448 3450 3449
f 3451 3449 3450
f 3450 3452 3451
f 3453 3451 3452
f 3452 3454 3453
f 3455 3453 3454
f 3454 3456 3455
f 3457 3455 3456
f 3456 3458 3457
f 3459 3457 3458
f 3458 3460 3459
f 3461 3459 3460
f 3460 3462 3461
f 3463 3461 3462
f 3462 3464 3463
f 3465 3463 3464
f 3464 3466 3465
f 3467 3465 3466
f 3466 3468 3467
f 3469 3467 3468
f 3468 3470 3469
f 3471 3469 3470
f 3470 3472 3471
f 3473 3471 3472
f 3472 3474 3473
f 3475 3473 3474
f 3474 3476 3475
f 3477 3475 3476
f 3476 3478 3477
f 3479 3477 3478
f 3478 3480 3479
f 3481 3479 3480
f 3480 3482 3481
f 3483 3481 3482
f 3482 3484 3483
f 3485 3483 3484
f 3484 3486 3485
f 3487 3485 3486
f 3486 3488 3487
f 3489 3487 3488
f 3488 3490 3489
f 3491 3489 3490
f 3490 3492 3491
f 3493 3491 3492
f 3492 3494 3493
f 3495 3493 3494
f 3494 3496 3495
f 3497 3495 3496
f 3496 3498 3497
f 3499 3497 3498
f 3498 3500 3499
f 3501 3499 3500
f 3500 3502 3501
f 3503 3501 3502
f 3502 3504 3503
f 3505 3503 3504
f 3504 3506 3505
f 3507 3505 3506
f 3506 3508 3507
f 3509 3507 3508
f 3508 3510 3509
f 3511 3509 3510
f 3510 3512 3511
f 3513 3511 3512
f 3512 3514 3513
f 3515 3513 3514
f 3514 3516 3515
f 3517 3515 3516
f 3516 3518 3517
f 3519 3517 3518
f 3518 3520 3519
f 3521 3519 3520
f 3520 3522 3521
f 3523 3521 3522
f 3522 3524 3523
f 3525 3523 3524
f 3524 3526 3525
f 3527 3525 3526
f 3526 3528 3527
f 3529 3527 3528
f 3528 3530 3529
f 3531 3529 3530
f 3530 3532 3531
f 3533 3531 3532
f 3532 3534 3533
f 3535 3533 3534
f 3534 3536 3535
f 3537 3535 3536
f 3536 3538 3537
f 3539 3537 3538
f 3538 3540 3539
f 3541 3539 3540
f 3540 3542 3541
f 3543 3541 3542
f 3542 3544 3543
f 3545 3543 3544
f 3544 3546 3545
f 3547 3545 3546
f 3546 3548 3547
f 3549 3547 3548
f 3548 3550 3549
f 3551 3549 3550
f 3550 3552 3551
f 3553 3551 3552
f 3552 3554 3553
f 3555 3553 3554
f 3554 3556 3555
f 3557 3555 3556
f 3556 3558 3557
f 3559 3557 3558
f 3558 3560 3559
f 3561 3559 3560
f 3560 3562 3561
f 3563 3561 3562
f 3562 3564 3563
f 3565 3563 3564
f 3564 3566 3565
f 3567 3565 3566
f 3566 3568 3567
f 3569 3567 3568
f 3568 3570 3569
f 3571 3569 3570
f 3570 3572 3571
f 3573 3571 3572
f 3572 3574 3573
f 3575 3573 3574
f 3574 3576 3575
f 3577 3575 3576
f 3576 3578 3577
f 3579 3577 3578
f 3578 3580 3579
f 3581 3579 3580
f 3580 3582 3581
f 3583 3581 3582
f 3582 3584 3583
f 3585 3583 3584
f 3584 3586 3585
f 3587 3585 3586
f 3586 3588 3587
f 3589 3587 3588
f 3588 3590 3589
f 3591 3589 3590
f 3590 3592 3591
f 3593 3591 3592
f 3592 3594 3593
f 3595 3593 3594
f 3594 3596 3595
f 3597 3595 3596
f 3596 3598 3597
f 3599 3597 3598
f 3598 3600 3599
f 3601 3599 3600
f 3600 3602 3601
f 3603 3601 3602
f 3602 3604 3603
f 3605 3603 3604
f 3604 3606 3605
f 3607 3605 3606
f 3606 3608 3607
f 3609 3607 3608
f 3608 3610 3609
f 3611 3609 3610
f 3610 3612 3611
f 3613 3611 3612
f 3612 3614 3613
f 3615 3613 3614
f 3614 3616 3615
f 3617 3615 3616
f 3616 3618 3617
f 3619 3617 3618
f 3618 3620 3619
f 3621 3619 3620
f 3620 3622 3621
f 3623 3621 3622
f 3622 3624 3623
f 3625 3623 3624
f 3624 3626 3625
f 3627 3625 3626
f 3626 3628 3627
f 3629 3627 3628
f 3628 3630 3629
f 3631 3629 3630
f 3630 3632 3631
f 3633 3631 3632
f 3632 3634 3633
f 3635 3633 3634
f 3634 3636 3635
f 3637 3635 3636
f 3636 3638 3637
f 3639 3637 3638
f 3638 3640 3639
f 3641 3639 3640
f 3640 3642 3641
f 2236 3641 3642
f 3642 2237 2236
f 3643 3644 3645
f 3645 3646 3643
f 3647 3643 3646
f 3646 3648 3647
f 3649 3647 3648
f 3648 3650 3649
f 3651 3649 3650
f 3650 3652 3651
f 3653 3651 3652
f 3652 3654 3653
f 3655 3653 3654
f 3654 3656 3655
f 3657 3655 3656
f 3656 3658 3657
f 3659 3657 3658
f 3658 3660 3659
f 3661 3659 3660
f 3660 3662 3661
f 3663 3661 3662
f 3662 3664 3663
f 3665 3663 3664
f 3664 3666 3665
f 3667 3665 3666
f 3666 3668 3667
f 3669 3667 3668
f 3668 3670 3669
f 3671 3669 3670
f 3670 3672 3671
f 3673 3671 3672
f 3672 3674 3673
f 3675 3673 3674
f 3674 3676 3675
f 3677 3675 3676
f 3676 3678 3677
f 3679 3677 3678
f 3678 3680 3679
f 3681 3679 3680
f 3680 3682 3681
f 3683 3681 3682
f 3682 3684 3683
f 3685 3683 3684
f 3684 3686 3685
f 3687 3685 3686
f 3686 3688 3687
f 3689 3687 3688
f 3688 3690 3689
f 3691 3689 3690
f 3690 3692 3691
f 3693 3691 3692
f 3692 3694 3693
f 3695 3693 3694
f 3694 3696 3695
f 3697 3695 3696
f 3696 3698 3697
f 3699 3697 3698
f 3698 3700 3699
f 3701 3699 3700
f 3700 3702 3701
f 3703 3701 3702
f 3702 3704 3703
f 3705 3703 3704
f 3704 3706 3705
f 3707 3705 3706
f 3706 3708 3707
f 3709 3707 3708
f 3708 3710 3709
f 3711 3709 3710
f 3710 3712 3711
f 3713 3711 3712
f 3712 3714 3713
f 3715 3713 3714
f 3714 3716 3715
f 3717 3715 3716
f 3716 3718 3717
f 3719 3717 3718
f 3718 3720 3719
f 3721 3719 3720
f 3720 3722 3721
f 3723 3721 3722
f 3722 3724 3723
f 3725 3723 3724
f 3724 3726 3725
f 3727 3725 3726
f 3726 3728 3727
f 3729 3727 3728
f 3728 3730 3729
f 3731 3729 3730
f 3730 3732 3731
f 3733 3731 3732
f 3732 3734 3733
f 3735 3733 3734
f 3734 3736 3735
f 3737 3735 3736
f 3736 3738 3737
f 3739 3737 3738
f 3738 3740 3739
f 3741 3739 3740
f 3740 3742 3741
f 3743 3741 3742
f 3742 3744 3743
f 3745 3743 3744
f 3744 3746 3745
f 3747 3745 3746
f 3746 3748 3747
f 3749 3747 3748
f 3748 3750 3749
f 3751 3749 3750
f 3750 3752 3751
f 3753 3751 3752
f 3752 3754 3753
f 3755 3753 3754
f 3754 3756 3755
f 3757 3755 3756
f 3756 3758 3757
f 3759 3757 3758
f 3758 3760 3759
f 3761 3759 3760
f 3760 3762 3761
f 3763 3761 3762
f 3762 3764 3763
f 3765 3763 3764
f 3764 3766 3765
f 3767 3765 3766
f 3766 3768 3767
f 3769 3767 3768
f 3768 3770 3769
f 3771 3769 3770
f 3770 3772 3771
f 3773 3771 3772
f 3772 3774 3773
f 3775 3773 3774
f 3774 3776 3775
f 3777 3775 3776
f 3776 3778 3777
f 3779 3777 3778
f 3778 3780 3779
f 3781 3779 3780
f 3780 3782 3781
f 3783 3781 3782
f 3782 3784 3783
f 3785 3783 3784
f 3784 3786 3785
f 3787 3785 3786
f 3786 3788 3787
f 3789 3787 3788
f 3788 3790 3789
f 3791 3789 3790
f 3790 3792 3791
f 3793 3791 3792
f 3792 3794 3793
f 3795 3793 3794
f 3794 3796 3795
f 3797 3795 3796
f 3796 3798 3797
f 3799 3797 3798
f 3798 3800 3799
f 3801 3799 3800
f 3800 3802 3801
f 3803 3801 3802
f 3802 3804 3803
f 3805 3803 3804
f 3804 3806 3805
f 3807 3805 3806
f 3806 3808 3807
f 3809 3807 3808
f 3808 3810 3809
f 3811 3809 3810
f 3810 3812 3811
f 3813 3811 3812
f 3812 3814 3813
f 3815 3813 3814
f 3814 3816 3815
f 3817 3815 3816
f 3816 3818 3817
f 3819 3817 3818
f 3818 3820 3819
f 3821 3819 3820
f 3820 3822 3821
f 3823 3821 3822
f 3822 3824 3823
f 3825 3823 3824
f 3824 3826 3825
f 3827 3825 3826
f 3826 3828 3827
f 3829 3827 3828
f 3828 3830 3829
f 3831 3829 3830
f 3830 3832 3831
f 3833 3831 3832
f 3832 3834 3833
f 3835 3833 3834
f 3834 3836 3835
f 3837 3835 3836
f 3836 3838 3837
f 3839 3837 3838
f 3838 3840 3839
f 3841 3839 3840
f 3840 3842 3841
f 3843 3841 3842
f 3842 3844 3843
f 3845 3843 3844
f 3844 3846 3845
f 3847 3845 3846
f 3846 3848 3847
f 3849 3847 3848
f 3848 3850 3849
f 3851 3849 3850
f 3850 3852 3851
f 3853 3851 3852
f 3852 3854 3853
f 3855 3853 3854
f 3854 3856 3855
f 3857 3855 3856
f 3856 3858 3857
f 3859 3857 3858
f 3858 3860 3859
f 3861 3859 3860
f 3860 3862 3861
f 3863 3861 3862
f 3862 3864 3863
f 3865 3863 3864
f 3864 3866 3865
f 3867 3865 3866
f 3866 3868 3867
f 3869 3867 3868
f 3868 3870 3869
f 3871 3869 3870
f 3870 3872 3871
f 3873 3871 3872
f 3872 3874 3873
f 3875 3873 3874
f 3874 3876 3875
f 3877 3875 3876
f 3876 3878 3877
f 3879 3877 3878
f 3878 3880 3879
f 3881 3879 3880
f 3880 3882 3881
f 3883 3881 3882
f 3882 3884 3883
f 3885 3883 3884
f 3884 3886 3885
f 3887 3885 3886
f 3886 3888 3887
f 3889 3887 3888
f 3888 3890 3889
f 3891 3889 3890
f 3890 3892 3891
f 3893 3891 3892
f 3892 3894 3893
f 3895 3893 3894
f 3894 3896 3895
f 3897 3895 3896
f 3896 3898 3897
f 3899 3897 3898
f 3898 3900 3899
f 3901 3899 3900
f 3900 3902 3901
f 3903 3901 3902
f 3902 3904 3903
f 3905 3903 3904
f 3904 3906 3905
f 3907 3905 3906
f 3906 3908 3907
f 3909 3907 3908
f 3908 3910 3909
f 3911 3909 3910
f 3910 3912 3911
f 3913 3911 3912
f 3912 3914 3913
f 3915 3913 3914
f 3914 3916 3915
f 3917 3915 3916
f 3916 3918 3917
f 3919 3917 3918
f 3918 3920 3919
f 3921 3919 3920
f 3920 3922 3921
f 3923 3921 3922
f 3922 3924 3923
f 3925 3923 3924
f 3924 3926 3925
f 3927 3925 3926
f 3926 3928 3927
f 3929 3927 3928
f 3928 3930 3929
f 3931 3929 3930
f 3930 3932 3931
f 3933 3931 3932
f 3932 3934 3933
f 3935 3933 3934
f 3934 3936 3935
f 3937 3935 3936
f 3936 3938 3937
f 3939 3937 3938
f 3938 3940 3939
f 3941 3939 3940
f 3940 3942 3941
f 3943 3941 3942
f 3942 3944 3943
f 3945 3943 3944
f 3944 3946 3945
f 3947 3945 3946
f 3946 3948 3947
f 3949 3947 3948
f 3948 3950 3949
f 3951 3949 3950
f 3950 3952 3951
f 3953 3951 3952
f 3952 3954 3953
f 3955 3953 3954
f 3954 3956 3955
f 3957 3955 3956
f 3956 3958 3957
f 3959 3957 3958
f 3958 3960 3959
f 3961 3959 3960
f 3960 3962 3961
f 3963 3961 3962
f 3962 3964 3963
f 3965 3963 3964
f 3964 3966 3965
f 3967 3965 3966
f 3966 3968 3967
f 3969 3967 3968
f 3968 3970 3969
f 3971 3969 3970
f 3970 3972 3971
f 3973 3971 3972
f 3972 3974 3973
f 3975 3973 3974
f 3974 3976 3975
f 3977 3975 3976
f 3976 3978 3977
f 3979 3977 3978
f 3978 3980 3979
f 3981 3979 3980
f 3980 3982 3981
f 3983 3981 3982
f 3982 3984 3983
f 3985 3983 3984
f 3984 3986 3985
f 3987 3985 3986
f 3986 3988 3987
f 3989 3987 3988
f 3988 3990 3989
f 3991 3989 3990
f 3990 3992 3991
f 3993 3991 3992
f 3992 3994 3993
f 3995 3993 3994
f 3994 3996 3995
f 3997 3995 3996
f 3996 3998 3997
f 3999 3997 3998
f 3998 4000 3999
f 4001 3999 4000
f 4000 4002 4001
f 4003 4001 4002
f 4002 4004 4003
f 4005 4003 4004
f 4004 4006 4005
f 4007 4005 4006
f 4006 4008 4007
f 4009 4007 4008
f 4008 4010 4009
f 4011 4009 4010
f 4010 4012 4011
f 4013 4011 4012
f 4012 4014 4013
f 4015 4013 4014
f 4014 4016 4015
f 4017 4015 4016
f 4016 4018 4017
f 4019 4017 4018
f 4018 4020 4019
f 4021 4019 4020
f 4020 4022 4021
f 4023 4021 4022
f 4022 4024 4023
f 4025 4023 4024
f 4024 4026 4025
f 4027 4025 4026
f 4026 4028 4027
f 4029 4027 4028
f 4028 4030 4029
f 4031 4029 4030
f 4030 4032 4031
f 4033 4031 4032
f 4032 4034 4033
f 4035 4033 4034
f 4034 4036 4035
f 4037 4035 4036
f 4036 4038 4037
f 4039 4037 4038
f 4038 4040 4039
f 4041 4039 4040
f 4040 4042 4041
f 4043 4041 4042
f 4042 4044 4043
f 4045 4043 4044
f 4044 4046 4045
f 4047 4045 4046
f 4046 4048 4047
f 4049 4047 4048
f 4048 4050 4049
f 4051 4049 4050
f 4050 4052 4051
f 4053 4051 4052
f 4052 4054 4053
f 4055 4053 4054
f 4054 4056 4055
f 4057 4055 4056
f 4056 4058 4057
f 4059 4057 4058
f 4058 4060 4059
f 4061 4059 4060
f 4060 4062 4061
f 4063 4061 4062
f 4062 4064 4063
f 4065 4063 4064
f 4064 4066 4065
f 4067 4065 4066
f 4066 4068 4067
f 4069 4067 4068
f 4068 4070 4069
f 4071 4069 4070
f 4070 4072 4071
f 4073 4071 4072
f 4072 4074 4073
f 4075 4073 4074
f 4074 4076 4075
f 4077 4075 4076
f 4076 4078 4077
f 4079 4077 4078
f 4078 4080 4079
f 4081 4079 4080
f 4080 4082 4081
f 4083 4081 4082
f 4082 4084 4083
f 4085 4083 4084
f 4084 4086 4085
f 4087 4085 4086
f 4086 4088 4087
f 4089 4087 4088
f 4088 4090 4089
f 4091 4089 4090
f 4090 4092 4091
f 4093 4091 4092
f 4092 4094 4093
f 4095 4093 4094
f 4094 4096 4095
f 4097 4095 4096
f 4096 4098 4097
f 4099 4097 4098
f 4098 4100 4099
f 4101 4099 4100
f 4100 4102 4101
f 4103 4101 4102
f 4102 4104 4103
f 4105 4103 4104
f 4104 4106 4105
f 4107 4105 4106
f 4106 4108 4107
f 4109 4107 4108
f 4108 4110 4109
f 4111 4109 4110
f 4110 4112 4111
f 4113 4111 4112
f 4112 4114 4113
f 4115 4113 4114
f 4114 4116 4115
f 4117 4115 4116
f 4116 4118 4117
f 4119 4117 4118
f 4118 4120 4119
f 4121 4119 4120
f 4120 4122 4121
f 4123 4121 4122
f 4122 4124 4123
f 4125 4123 4124
f 4124 4126 4125
f 4127 4125 4126
f 4126 4128 4127
f 4129 4127 4128
f 4128 4130 4129
f 4131 4129 4130
f 4130 4132 4131
f 4133 4131 4132
f 4132 4134 4133
f 4135 4133 4134
f 4134 4136 4135
f 4137 4135 4136
f 4136 4138 4137
f 4139 4137 4138
f 4138 4140 4139
f 4141 4139 4140
f 4140 4142 4141
f 4143 4141 4142
f 4142 4144 4143
f 4145 4143 4144
f 4144 4146 4145
f 4147 4145 4146
f 4146 4148 4147
f 4149 4147 4148
f 4148 4150 4149
f 4151 4149 4150
f 4150 4152 4151
f 4153 4151 4152
f 4152 4154 4153
f 4155 4153 4154
f 4154 4156 4155
f 4157 4155 4156
f 4156 4158 4157
f 4159 4157 4158
f 4158 4160 4159
f 4161 4159 4160
f 4160 4162 4161
f 4163 4161 4162
f 4162 4164 4163
f 4165 4163 4164
f 4164 4166 4165
f 4167 4165 4166
f 4166 4168 4167
f 4169 4167 4168
f 4168 4170 4169
f 4171 4169 4170
f 4170 4172 4171
f 4173 4171 4172
f 4172 4174 4173
f 4175 4173 4174
f 4174 4176 4175
f 4177 4175 4176
f 4176 4178 4177
f 4179 4177 4178
f 4178 4180 4179
f 4181 4179 4180
f 4180 4182 4181
f 4183 4181 4182
f 4182 4184 4183
f 4185 4183 4184
f 4184 4186 4185
f 4187 4185 4186
f 4186 4188 4187
f 4189 4187 4188
f 4188 4190 4189
f 4191 4189 4190
f 4190 4192 4191
f 4193 4191 4192
f 4192 4194 4193
f 4195 4193 4194
f 4194 4196 4195
f 4197 4195 4196
f 4196 4198 4197
f 4199 4197 4198
f 4198 4200 4199
f 4201 4199 4200
f 4200 4202 4201
f 4203 4201 4202
f 4202 4204 4203
f 4205 4203 4204
f 4204 4206 4205
f 4207 4205 4206
f 4206 4208 4207
f 4209 4207 4208
f 4208 4210 4209
f 4211 4209 4210
f 4210 4212 4211
f 4213 4211 4212
f 4212 4214 4213
f 4215 4213 4214
f 4214 4216 4215
f 4217 4215 4216
f 4216 4218 4217
f 4219 4217 4218
f 4218 4220 4219
f 4221 4219 4220
f 4220 4222 4221
f 4223 4221 4222
f 4222 4224 4223
f 4225 4223 4224
f 4224 4226 4225
f 4227 4225 4226
f 4226 4228 4227
f 4229 4227 4228
f 4228 4230 4229
f 4231 4229 4230
f 4230 4232 4231
f 4233 4231 4232
f 4232 4234 4233
f 4235 4233 4234
f 4234 4236 4235
f 4237 4235 4236
f 4236 4238 4237
f 4239 4237 4238
f 4238 4240 4239
f 4241 4239 4240
f 4240 4242 4241
f 4243 4241 4242
f 4242 4244 4243
f 4245 4243 4244
f 4244 4246 4245
f 4247 4245 4246
f 4246 4248 4247
f 4249 4247 4248
f 4248 4250 4249
f 4251 4249 4250
f 4250 4252 4251
f 4253 4251 4252
f 4252 4254 4253
f 4255 4253 4254
f 4254 4256 4255
f 4257 4255 4256
f 4256 4258 4257
f 4259 4257 4258
f 4258 4260 4259
f 4261 4259 4260
f 4260 4262 4261
f 4263 4261 4262
f 4262 4264 4263
f 4265 4263 4264
f 4264 4266 4265
f 4267 4265 4266
f 4266 4268 4267
f 4269 4267 4268
f 4268 4270 4269
f 4271 4269 4270
f 4270 4272 4271
f 4273 4271 4272
f 4272 4274 4273
f 4275 4273 4274
f 4274 4276 4275
f 4277 4275 4276
f 4276 4278 4277
f 4279 4277 4278
f 4278 4280 4279
f 4281 4279 4280
f 4280 4282 4281
f 4283 4281 4282
f 4282 4284 4283
f 4285 4283 4284
f 4284 4286 4285
f 4287 4285 4286
f 4286 4288 4287
f 4289 4287 4288
f 4288 4290 4289
f 4291 4289 4290
f 4290 4292 4291
f 4293 4291 4292
f 4292 4294 4293
f 4295 4293 4294
f 4294 4296 4295
f 4297 4295 4296
f 4296 4298 4297
f 4299 4297 4298
f 4298 4300 4299
f 4301 4299 4300
f 4300 4302 4301
f 4303 4301 4302
f 4302 4304 4303
f 4305 4303 4304
f 4304 4306 4305
f 4307 4305 4306
f 4306 4308 4307
f 4309 4307 4308
f 4308 4310 4309
f 4311 4309 4310
f 4310 4312 4311
f 4313 4311 4312
f 4312 4314 4313
f 4315 4313 4314
f 4314 4316 4315
f 4317 4315 4316
f 4316 4318 4317
f 4319 4317 4318
f 4318 4320 4319
f 4321 4319 4320
f 4320 4322 4321
f 4323 4321 4322
f 4322 4324 4323
f 4325 4323 4324
f 4324 4326 4325
f 4327 4325 4326
f 4326 4328 4327
f 4329 4327 4328
f 4328 4330 4329
f 4331 4329 4330
f 4330 4332 4331
f 4333 4331 4332
f 4332 4334 4333
f 4335 4333 4334
f 4334 4336 4335
f 4337 4335 4336
f 4336 4338 4337
f 4339 4337 4338
f 4338 4340 4339
f 4341 4339 4340
f 4340 4342 4341
f 4343 4341 4342
f 4342 4344 4343
f 4345 4343 4344
f 4344 4346 4345
f 4347 4345 4346
f 4346 4348 4347
f 4349 4347 4348
f 4348 4350 4349
f 4351 4349 4350
f 4350 4352 4351
f 4353 4351 4352
f 4352 4354 4353
f 4355 4353 4354
f 4354 4356 4355
f 4357 4355 4356
f 4356 4358 4357
f 4359 4357 4358
f 4358 4360 4359
f 4361 4359 4360
f 4360 4362 4361
f 4363 4361 4362
f 4362 4364 4363
f 4365 4363 4364
f 4364 4366 4365
f 4367 4365 4366
f 4366 4368 4367
f 4369 4367 4368
f 4368 4370 4369
f 4371 4369 4370
f 4370 4372 4371
f 4373 4371 4372
f 4372 4374 4373
f 4375 4373 4374
f 4374 4376 4375
f 4377 4375 4376
f 4376 4378 4377
f 4379 4377 4378
f 4378 4380 4379
f 4381 4379 4380
f 4380 4382 4381
f 4383 4381 4382
f 4382 4384 4383
f 4385 4383 4384
f 4384 4386 4385
f 4387 4385 4386
f 4386 4388 4387
f 4389 4387 4388
f 4388 4390 4389
f 4391 4389 4390
f 4390 4392 4391
f 4393 4391 4392
f 4392 4394 4393
f 4395 4393 4394
f 4394 4396 4395
f 4397 4395 4396
f 4396 4398 4397
f 4399 4397 4398
f 4398 4400 4399
f 4401 4399 4400
f 4400 4402 4401
f 4403 4401 4402
f 4402 4404 4403
f 4405 4403 4404
f 4404 4406 4405
f 4407 4405 4406
f 4406 4408 4407
f 4409 4407 4408
f 4408 4410 4409
f 4411 4409 4410
f 4410 4412 4411
f 4413 4411 4412
f 4412 4414 4413
f 4415 4413 4414
f 4414 4416 4415
f 4417 4415 4416
f 4416 4418 4417
f 4419 4417 4418
f 4418 4420 4419
f 4421 4419 4420
f 4420 4422 4421
f 4423 4421 4422
f 4422 4424 4423
f 4425 4423 4424
f 4424 4426 4425
f 4427 4425 4426
f 4426 4428 4427
f 4429 4427 4428
f 4428 4430 4429
f 4431 4429 4430
f 4430 4432 4431
f 4433 4431 4432
f 4432 4434 4433
f 4435 4433 4434
f 4434 4436 4435
f 4437 4435 4436
f 4436 4438 4437
f 4439 4437 4438
f 4438 4440 4439
f 4441 4439 4440
f 4440 4442 4441
f 4443 4441 4442
f 4442 4444 4443
f 4445 4443 4444
f 4444 4446 4445
f 4447 4445 4446
f 4446 4448 4447
f 4449 4447 4448
f 4448 4450 4449
f 4451 4449 4450
f 4450 4452 4451
f 4453 4451 4452
f 4452 4454 4453
f 4455 4453 4454
f 4454 4456 4455
f 4457 4455 4456
f 4456 4458 4457
f 3644 4457 4458
f 4458 3645 3644
f 2239 2241 2243
f 2244 2242 2240
f 2243 2245 2247
f 2248 2246 2244
f 2257 2259 2261
f 2262 2260 2258
f 2261 2263 2265
f 2266 2264 2262
f 2271 2273 2275
f 2276 2274 2272
f 2275 2277 2279
f 2280 2278 2276
f 2279 2281 2283
f 2284 2282 2280
f 2283 2285 2287
f 2288 2286 2284
f 2295 2297 2299
f 2300 2298 2296
f 2299 2301 2303
f 2304 2302 2300
f 2303 2305 2307
f 2308 2306 2304
f 2313 2315 2317
f 2318 2316 2314
f 2317 2319 2321
f 2322 2320 2318
f 2323 2325 2327
f 2328 2326 2324
f 2327 2329 2331
f 2332 2330 2328
f 2351 2353 2355
f 2356 2354 2352
f 2355 2357 2359
f 2360 2358 2356
f 2363 2365 2367
f 2368 2366 2364
f 2373 2375 2377
f 2378 2376 2374
f 2377 2379 2381
f 2382 2380 2378
f 2389 2391 2393
f 2394 2392 2390
f 2393 2395 2397
f 2398 2396 2394
f 2407 2409 2411
f 2412 2410 2408
f 2411 2413 2415
f 2416 2414 2412
f 2415 2417 2419
f 2420 2418 2416
f 2419 2421 2423
f 2424 2422 2420
f 2431 2433 2435
f 2436 2434 2432
f 2435 2437 2439
f 2440 2438 2436
f 2447 2449 2451
f 2452 2450 2448
f 2451 2453 2455
f 2456 2454 2452
f 2461 2463 2465
f 2466 2464 2462
f 2471 2473 2475
f 2476 2474 2472
f 2475 2477 2479
f 2480 2478 2476
f 2487 2489 2491
f 2492 2490 2488
f 2491 2493 2495
f 2496 2494 2492
f 2501 2503 2505
f 2506 2504 2502
f 2505 2507 2509
f 2510 2508 2506
f 2537 2539 2541
f 2542 2540 2538
f 2541 2543 2545
f 2546 2544 2542
f 2545 2547 2549
f 2550 2548 2546
f 2553 2555 2557
f 2558 2556 2554
f 2557 2559 2561
f 2562 2560 2558
f 2561 2563 2565
f 2566 2564 2562
f 2573 2575 2577
f 2578 2576 2574
f 2577 2579 2581
f 2582 2580 2578
f 2589 2591 2593
f 2594 2592 2590
f 2593 2595 2597
f 2598 2596 2594
f 2605 2607 2609
f 2610 2608 2606
f 2609 2611 2613
f 2614 2612 2610
f 2613 2615 2617
f 2618 2616 2614
f 2627 2629 2631
f 2632 2630 2628
f 2631 2633 2635
f 2636 2634 2632
f 2641 2643 2645
f 2646 2644 2642
f 2645 2647 2649
f 2650 2648 2646
f 2649 2651 2653
f 2654 2652 2650
f 2661 2663 2665
f 2666 2664 2662
f 2665 2667 2669
f 2670 2668 2666
f 2675 2677 2679
f 2680 2678 2676
f 2679 2681 2683
f 2684 2682 2680
f 2697 2699 2701
f 2702 2700 2698
f 2701 2703 2705
f 2706 2704 2702
f 2713 2715 2717
f 2718 2716 2714
f 2717 2719 2721
f 2722 2720 2718
f 2729 2731 2733
f 2734 2732 2730
f 2733 2735 2737
f 2738 2736 2734
f 2737 2739 4267
f 4268 2740 2738
f 4269 4271 4273
f 4274 4272 4270
f 4273 4275 4277
f 4278 4276 4274
f 4277 4279 4281
f 4282 4280 4278
f 4289 4291 4293
f 4294 4292 4290
f 4293 4295 4297
f 4298 4296 4294
f 4307 4309 4311
f 4312 4310 4308
f 4311 4313 4315
f 4316 4314 4312
f 4315 4317 4319
f 4320 4318 4316
f 4329 4331 4333
f 4334 4332 4330
f 4333 4335 4337
f 4338 4336 4334
f 4343 4345 4347
f 4348 4346 4344
f 4347 4349 4351
f 4352 4350 4348
f 4359 4361 4363
f 4364 4362 4360
f 4363 4365 4367
f 4368 4366 4364
f 4367 4369 4371
f 4372 4370 4368
f 4377 4379 4381
f 4382 4380 4378
f 4381 4383 4385
f 4386 4384 4382
f 4393 4395 4397
f 4398 4396 4394
f 4397 4399 4401
f 4402 4400 4398
f 4401 4403 4405
f 4406 4404 4402
f 4413 4415 4417
f 4418 4416 4414
f 4417 4419 4421
f 4422 4420 4418
f 4429 4431 4433
f 4434 4432 4430
f 4433 4435 4437
f 4438 4436 4434
f 4457 3644 3643
f 3646 3645 4458
f 3643 3647 3649
f 3650 3648 3646
f 3657 3659 3661
f 3662 3660 3658
f 3661 3663 3665
f 3666 3664 3662
f 3669 3671 3673
f 3674 3672 3670
f 3673 3675 3677
f 3678 3676 3674
f 3677 3679 3681
f 3682 3680 3678
f 3685 3687 3689
f 3690 3688 3686
f 3689 3691 3693
f 3694 3692 3690
f 3725 3727 3729
f 3730 3728 3726
f 3729 3731 3733
f 3734 3732 3730
f 3741 3743 3745
f 3746 3744 3742
f 3745 3747 3749
f 3750 3748 3746
f 3749 3751 3753
f 3754 3752 3750
f 3761 3763 3765
f 3766 3764 3762
f 3765 3767 3769
f 3770 3768 3766
f 3781 3783 3785
f 3786 3784 3782
f 3785 3787 3789
f 3790 3788 3786
f 3789 3791 3793
f 3794 3792 3790
f 3799 3801 3803
f 3804 3802 3800
f 3803 3805 3807
f 3808 3806 3804
f 3813 3815 3817
f 3818 3816 3814
f 3817 3819 3821
f 3822 3820 3818
f 3829 3831 3833
f 3834 3832 3830
f 3833 3835 3837
f 3838 3836 3834
f 3837 3839 3841
f 3842 3840 3838
f 3847 3849 3851
f 3852 3850 3848
f 3851 3853 3855
f 3856 3854 3852
f 3867 3869 3871
f 3872 3870 3868
f 3871 3873 3875
f 3876 3874 3872
f 3875 3877 3879
f 3880 3878 3876
f 3885 3887 3889
f 3890 3888 3886
f 3889 3891 3893
f 3894 3892 3890
f 3975 3977 3979
f 3980 3978 3976
f 3979 3981 3983
f 3984 3982 3980
f 3995 3997 3999
f 4000 3998 3996
f 3999 4001 4003
f 4004 4002 4000
f 4003 4005 4007
f 4008 4006 4004
f 4021 4023 4025
f 4026 4024 4022
f 4025 4027 4029
f 4030 4028 4026
f 4029 4031 4033
f 4034 4032 4030
f 4047 4049 4051
f 4052 4050 4048
f 4051 4053 4055
f 4056 4054 4052
f 4055 4057 4059
f 4060 4058 4056
f 4065 4067 4069
f 4070 4068 4066
f 4069 4071 4073
f 4074 4072 4070
f 4081 4083 4085
f 4086 4084 4082
f 4085 4087 4089
f 4090 4088 4086
f 4095 4097 4099
f 4100 4098 4096
f 4099 4101 4103
f 4104 4102 4100
f 4111 4113 4115
f 4116 4114 4112
f 4115 4117 4119
f 4120 4118 4116
f 4119 4121 4123
f 4124 4122 4120
f 4137 4139 4141
f 4142 4140 4138
f 4141 4143 4145
f 4146 4144 4142
f 4145 4147 4149
f 4150 4148 4146
f 4149 4151 4153
f 4154 4152 4150
f 4163 4165 4167
f 4168 4166 4164
f 4167 4169 4171
f 4172 4170 4168
f 4171 4173 4175
f 4176 4174 4172
f 4189 4191 4193
f 4194 4192 4190
f 4193 4195 4197
f 4198 4196 4194
f 4265 4267 2739
f 2740 4268 4266
f 2749 2751 2753
f 2754 2752 2750
f 2753 2755 2757
f 2758 2756 2754
f 2763 2765 2767
f 2768 2766 2764
f 2767 2769 2771
f 2772 2770 2768
f 2771 2773 2775
f 2776 2774 2772
f 2775 2777 2779
f 2780 2778 2776
f 3085 3087 3089
f 3090 3088 3086
f 3091 3093 3095
f 3096 3094 3092
f 3095 3097 3099
f 3100 3098 3096
f 3107 3109 3111
f 3112 3110 3108
f 3111 3113 3115
f 3116 3114 3112
f 3123 3125 3127
f 3128 3126 3124
f 3127 3129 3131
f 3132 3130 3128
f 3131 3133 3135
f 3136 3134 3132
f 3141 3143 3145
f 3146 3144 3142
f 3145 3147 3149
f 3150 3148 3146
f 3155 3157 3159
f 3160 3158 3156
f 3159 3161 3163
f 3164 3162 3160
f 3175 3177 3179
f 3180 3178 3176
f 3179 3181 3183
f 3184 3182 3180
f 3183 3185 3187
f 3188 3186 3184
f 3193 3195 3197
f 3198 3196 3194
f 3197 3199 3201
f 3202 3200 3198
f 3211 3213 3215
f 3216 3214 3212
f 3215 3217 3219
f 3220 3218 3216
f 3219 3221 3223
f 3224 3222 3220
f 3229 3231 3233
f 3234 3232 3230
f 3233 3235 3237
f 3238 3236 3234
f 3247 3249 3251
f 3252 3250 3248
f 3251 3253 3255
f 3256 3254 3252
f 3255 3257 3259
f 3260 3258 3256
f 3265 3267 3269
f 3270 3268 3266
f 3269 3271 3273
f 3274 3272 3270
f 3279 3281 3283
f 3284 3282 3280
f 3283 3285 3287
f 3288 3286 3284
f 3297 3299 3301
f 3302 3300 3298
f 3301 3303 3305
f 3306 3304 3302
f 3305 3307 3309
f 3310 3308 3306
f 3315 3317 3319
f 3320 3318 3316
f 3319 3321 3323
f 3324 3322 3320
f 3323 3325 3327
f 3328 3326 3324
f 3351 3353 3355
f 3356 3354 3352
f 3361 3363 3365
f 3366 3364 3362
f 3365 3367 3369
f 3370 3368 3366
f 3385 3387 3389
f 3390 3388 3386
f 3389 3391 3393
f 3394 3392 3390
f 3399 3401 3403
f 3404 3402 3400
f 3403 3405 3407
f 3408 3406 3404
f 3415 3417 3419
f 3420 3418 3416
f 3425 3427 3429
f 3430 3428 3426
f 3429 3431 3433
f 3434 3432 3430
f 3441 3443 3445
f 3446 3444 3442
f 3445 3447 3449
f 3450 3448 3446
f 3449 3451 3453
f 3454 3452 3450
f 3453 3455 3457
f 3458 3456 3454
f 3465 3467 3469
f 3470 3468 3466
f 3469 3471 3473
f 3474 3472 3470
f 3479 3481 3483
f 3484 3482 3480
f 3483 3485 3487
f 3488 3486 3484
f 3493 3495 3497
f 3498 3496 3494
f 3497 3499 3501
f 3502 3500 3498
f 3501 3503 3505
f 3506 3504 3502
f 3515 3517 3519
f 3520 3518 3516
f 3519 3521 3523
f 3524 3522 3520
f 3523 3525 3527
f 3528 3526 3524
f 3527 3529 3531
f 3532 3530 3528
f 3531 3533 3535
f 3536 3534 3532
f 3541 3543 3545
f 3546 3544 3542
f 3545 3547 3549
f 3550 3548 3546
f 3559 3561 3563
f 3564 3562 3560
f 3563 3565 3567
f 3568 3566 3564
f 3573 3575 3577
f 3578 3576 3574
f 3581 3583 3585
f 3586 3584 3582
f 3585 3587 3589
f 3590 3588 3586
f 3595 3597 3599
f 3600 3598 3596
f 3599 3601 3603
f 3604 3602 3600
f 3607 3609 3611
f 3612 3610 3608
f 3619 3621 3623
f 3624 3622 3620
f 3623 3625 3627
f 3628 3626 3624
f 3633 3635 3637
f 3638 3636 3634
f 3637 3639 3641
f 3642 3640 3638
f 2239 2243 2247
f 2248 2244 2240
f 2255 2257 2261
f 2262 2258 2256
f 2261 2265 2267
f 2268 2266 2262
f 2271 2275 2279
f 2280 2276 2272
f 2279 2283 2287
f 2288 2284 2280
f 2295 2299 2303
f 2304 2300 2296
f 2313 2317 2321
f 2322 2318 2314
f 2323 2327 2331
f 2332 2328 2324
f 2349 2351 2355
f 2356 2352 2350
f 2363 2367 2369
f 2370 2368 2364
f 2371 2373 2377
f 2378 2374 2372
f 2377 2381 2383
f 2384 2382 2378
f 2389 2393 2397
f 2398 2394 2390
f 2405 2407 2411
f 2412 2408 2406
f 2411 2415 2419
f 2420 2416 2412
f 2419 2423 2425
f 2426 2424 2420
f 2429 2431 2435
f 2436 2432 2430
f 2435 2439 2441
f 2442 2440 2436
f 2445 2447 2451
f 2452 2448 2446
f 2451 2455 2457
f 2458 2456 2452
f 2461 2465 2467
f 2468 2466 2462
f 2471 2475 2479
f 2480 2476 2472
f 2487 2491 2495
f 2496 2492 2488
f 2501 2505 2509
f 2510 2506 2502
f 2537 2541 2545
f 2546 2542 2538
f 2553 2557 2561
f 2562 2558 2554
f 2571 2573 2577
f 2578 2574 2572
f 2577 2581 2583
f 2584 2582 2578
f 2589 2593 2597
f 2598 2594 2590
f 2605 2609 2613
f 2614 2610 2606
f 2625 2627 2631
f 2632 2628 2626
f 2631 2635 2637
f 2638 2636 2632
f 2641 2645 2649
f 2650 2646 2642
f 2649 2653 2655
f 2656 2654 2650
f 2661 2665 2669
f 2670 2666 2662
f 2675 2679 2683
f 2684 2680 2676
f 2697 2701 2705
f 2706 2702 2698
f 2711 2713 2717
f 2718 2714 2712
f 2717 2721 2723
f 2724 2722 2718
f 2727 2729 2733
f 2734 2730 2728
f 2733 2737 4267
f 4268 2738 2734
f 4269 4273 4277
f 4278 4274 4270
f 4289 4293 4297
f 4298 4294 4290
f 4305 4307 4311
f 4312 4308 4306
f 4311 4315 4319
f 4320 4316 4312
f 4329 4333 4337
f 4338 4334 4330
f 4343 4347 4351
f 4352 4348 4344
f 4359 4363 4367
f 4368 4364 4360
f 4377 4381 4385
f 4386 4382 4378
f 4393 4397 4401
f 4402 4398 4394
f 4413 4417 4421
f 4422 4418 4414
f 4429 4433 4437
f 4438 4434 4430
f 4457 3643 3649
f 3650 3646 4458
f 3657 3661 3665
f 3666 3662 3658
f 3669 3673 3677
f 3678 3674 3670
f 3685 3689 3693
f 3694 3690 3686
f 3725 3729 3733
f 3734 3730 3726
f 3741 3745 3749
f 3750 3746 3742
f 3749 3753 3755
f 3756 3754 3750
f 3759 3761 3765
f 3766 3762 3760
f 3765 3769 3771
f 3772 3770 3766
f 3779 3781 3785
f 3786 3782 3780
f 3785 3789 3793
f 3794 3790 3786
f 3797 3799 3803
f 3804 3800 3798
f 3803 3807 3809
f 3810 3808 3804
f 3813 3817 3821
f 3822 3818 3814
f 3827 3829 3833
f 3834 3830 3828
f 3833 3837 3841
f 3842 3838 3834
f 3847 3851 3855
f 3856 3852 3848
f 3865 3867 3871
f 3872 3868 3866
f 3871 3875 3879
f 3880 3876 3872
f 3883 3885 3889
f 3890 3886 3884
f 3889 3893 3895
f 3896 3894 3890
f 3975 3979 3983
f 3984 3980 3976
f 3993 3995 3999
f 4000 3996 3994
f 3999 4003 4007
f 4008 4004 4000
f 4019 4021 4025
f 4026 4022 4020
f 4025 4029 4033
f 4034 4030 4026
f 4047 4051 4055
f 4056 4052 4048
f 4055 4059 4061
f 4062 4060 4056
f 4065 4069 4073
f 4074 4070 4066
f 4081 4085 4089
f 4090 4086 4082
f 4095 4099 4103
f 4104 4100 4096
f 4111 4115 4119
f 4120 4116 4112
f 4119 4123 4125
f 4126 4124 4120
f 4135 4137 4141
f 4142 4138 4136
f 4141 4145 4149
f 4150 4146 4142
f 4161 4163 4167
f 4168 4164 4162
f 4167 4171 4175
f 4176 4172 4168
f 4189 4193 4197
f 4198 4194 4190
f 4263 4265 2739
f 2740 4266 4264
f 2747 2749 2753
f 2754 2750 2748
f 2761 2763 2767
f 2768 2764 2762
f 2767 2771 2775
f 2776 2772 2768
f 2775 2779 2781
f 2782 2780 2776
f 3083 3085 3089
f 3090 3086 3084
f 3089 3091 3095
f 3096 3092 3090
f 3095 3099 3101
f 3102 3100 3096
f 3105 3107 3111
f 3112 3108 3106
f 3111 3115 3117
f 3118 3116 3112
f 3123 3127 3131
f 3132 3128 3124
f 3141 3145 3149
f 3150 3146 3142
f 3155 3159 3163
f 3164 3160 3156
f 3175 3179 3183
f 3184 3180 3176
f 3183 3187 3189
f 3190 3188 3184
f 3193 3197 3201
f 3202 3198 3194
f 3211 3215 3219
f 3220 3216 3212
f 3229 3233 3237
f 3238 3234 3230
f 3247 3251 3255
f 3256 3252 3248
f 3255 3259 3261
f 3262 3260 3256
f 3265 3269 3273
f 3274 3270 3266
f 3279 3283 3287
f 3288 3284 3280
f 3295 3297 3301
f 3302 3298 3296
f 3301 3305 3309
f 3310 3306 3302
f 3315 3319 3323
f 3324 3320 3316
f 3351 3355 3357
f 3358 3356 3352
f 3359 3361 3365
f 3366 3362 3360
f 3365 3369 3371
f 3372 3370 3366
f 3383 3385 3389
f 3390 3386 3384
f 3397 3399 3403
f 3404 3400 3398
f 3403 3407 3409
f 3410 3408 3404
f 3413 3415 3419
f 3420 3416 3414
f 3425 3429 3433
f 3434 3430 3426
f 3439 3441 3445
f 3446 3442 3440
f 3445 3449 3453
f 3454 3450 3446
f 3453 3457 3459
f 3460 3458 3454
f 3465 3469 3473
f 3474 3470 3466
f 3479 3483 3487
f 3488 3484 3480
f 3491 3493 3497
f 3498 3494 3492
f 3497 3501 3505
f 3506 3502 3498
f 3513 3515 3519
f 3520 3516 3514
f 3519 3523 3527
f 3528 3524 3520
f 3527 3531 3535
f 3536 3532 3528
f 3541 3545 3549
f 3550 3546 3542
f 3557 3559 3563
f 3564 3560 3558
f 3563 3567 3569
f 3570 3568 3564
f 3571 3573 3577
f 3578 3574 3572
f 3581 3585 3589
f 3590 3586 3582
f 3593 3595 3599
f 3600 3596 3594
f 3599 3603 3605
f 3606 3604 3600
f 3607 3611 3613
f 3614 3612 3608
f 3617 3619 3623
f 3624 3620 3618
f 3623 3627 3629
f 3630 3628 3624
f 3633 3637 3641
f 3642 3638 3634
f 2235 2239 2247
f 2248 2240 2238
f 2255 2261 2267
f 2268 2262 2256
f 2269 2271 2279
f 2280 2272 2270
f 2279 2287 2289
f 2290 2288 2280
f 2295 2303 2307
f 2308 2304 2296
f 2311 2313 2321
f 2322 2314 2312
f 2323 2331 2333
f 2334 2332 2324
f 2349 2355 2359
f 2360 2356 2350
f 2363 2369 2371
f 2372 2370 2364
f 2371 2377 2383
f 2384 2378 2372
f 2387 2389 2397
f 2398 2390 2388
f 2405 2411 2419
f 2420 2412 2406
f 2419 2425 2427
f 2428 2426 2420
f 2429 2435 2441
f 2442 2436 2430
f 2445 2451 2457
f 2458 2452 2446
f 2459 2461 2467
f 2468 2462 2460
f 2469 2471 2479
f 2480 2472 2470
f 2485 2487 2495
f 2496 2488 2486
f 2499 2501 2509
f 2510 2502 2500
f 2537 2545 2549
f 2550 2546 2538
f 2553 2561 2565
f 2566 2562 2554
f 2571 2577 2583
f 2584 2578 2572
f 2589 2597 2599
f 2600 2598 2590
f 2603 2605 2613
f 2614 2606 2604
f 2625 2631 2637
f 2638 2632 2626
f 2641 2649 2655
f 2656 2650 2642
f 2661 2669 2671
f 2672 2670 2662
f 2673 2675 2683
f 2684 2676 2674
f 2695 2697 2705
f 2706 2698 2696
f 2711 2717 2723
f 2724 2718 2712
f 2727 2733 4267
f 4268 2734 2728
f 4269 4277 4281
f 4282 4278 4270
f 4287 4289 4297
f 4298 4290 4288
f 4305 4311 4319
f 4320 4312 4306
f 4327 4329 4337
f 4338 4330 4328
f 4341 4343 4351
f 4352 4344 4342
f 4357 4359 4367
f 4368 4360 4358
f 4375 4377 4385
f 4386 4378 4376
f 4391 4393 4401
f 4402 4394 4392
f 4411 4413 4421
f 4422 4414 4412
f 4429 4437 4439
f 4440 4438 4430
f 4457 3649 3651
f 3652 3650 4458
f 3655 3657 3665
f 3666 3658 3656
f 3667 3669 3677
f 3678 3670 3668
f 3683 3685 3693
f 3694 3686 3684
f 3723 3725 3733
f 3734 3726 3724
f 3739 3741 3749
f 3750 3742 3740
f 3759 3765 3771
f 3772 3766 3760
f 3779 3785 3793
f 3794 3786 3780
f 3797 3803 3809
f 3810 3804 3798
f 3811 3813 3821
f 3822 3814 3812
f 3827 3833 3841
f 3842 3834 3828
f 3845 3847 3855
f 3856 3848 3846
f 3865 3871 3879
f 3880 3872 3866
f 3883 3889 3895
f 3896 3890 3884
f 3973 3975 3983
f 3984 3976 3974
f 3993 3999 4007
f 4008 4000 3994
f 4019 4025 4033
f 4034 4026 4020
f 4045 4047 4055
f 4056 4048 4046
f 4063 4065 4073
f 4074 4066 4064
f 4079 4081 4089
f 4090 4082 4080
f 4093 4095 4103
f 4104 4096 4094
f 4109 4111 4119
f 4120 4112 4110
f 4119 4125 4127
f 4128 4126 4120
f 4135 4141 4149
f 4150 4142 4136
f 4161 4167 4175
f 4176 4168 4162
f 4187 4189 4197
f 4198 4190 4188
f 4261 4263 2739
f 2740 4264 4262
f 2747 2753 2757
f 2758 2754 2748
f 2761 2767 2775
f 2776 2768 2762
f 2775 2781 2783
f 2784 2782 2776
f 3081 3083 3089
f 3090 3084 3082
f 3089 3095 3101
f 3102 3096 3090
f 3105 3111 3117
f 3118 3112 3106
f 3121 3123 3131
f 3132 3124 3122
f 3139 3141 3149
f 3150 3142 3140
f 3153 3155 3163
f 3164 3156 3154
f 3173 3175 3183
f 3184 3176 3174
f 3191 3193 3201
f 3202 3194 3192
f 3209 3211 3219
f 3220 3212 3210
f 3227 3229 3237
f 3238 3230 3228
f 3245 3247 3255
f 3256 3248 3246
f 3263 3265 3273
f 3274 3266 3264
f 3277 3279 3287
f 3288 3280 3278
f 3295 3301 3309
f 3310 3302 3296
f 3313 3315 3323
f 3324 3316 3314
f 3349 3351 3357
f 3358 3352 3350
f 3359 3365 3371
f 3372 3366 3360
f 3383 3389 3393
f 3394 3390 3384
f 3397 3403 3409
f 3410 3404 3398
f 3413 3419 3421
f 3422 3420 3414
f 3423 3425 3433
f 3434 3426 3424
f 3439 3445 3453
f 3454 3446 3440
f 3453 3459 3461
f 3462 3460 3454
f 3463 3465 3473
f 3474 3466 3464
f 3479 3487 3489
f 3490 3488 3480
f 3491 3497 3505
f 3506 3498 3492
f 3513 3519 3527
f 3528 3520 3514
f 3539 3541 3549
f 3550 3542 3540
f 3557 3563 3569
f 3570 3564 3558
f 3571 3577 3579
f 3580 3578 3572
f 3579 3581 3589
f 3590 3582 3580
f 3593 3599 3605
f 3606 3600 3594
f 3617 3623 3629
f 3630 3624 3618
f 3633 3641 2236
f 2237 3642 3634
f 2235 2247 2249
f 2250 2248 2238
f 2255 2267 2269
f 2270 2268 2256
f 2269 2279 2289
f 2290 2280 2270
f 2293 2295 2307
f 2308 2296 2294
f 2321 2323 2333
f 2334 2324 2322
f 2347 2349 2359
f 2360 2350 2348
f 2363 2371 2383
f 2384 2372 2364
f 2387 2397 2399
f 2400 2398 2388
f 2403 2405 2419
f 2420 2406 2404
f 2427 2429 2441
f 2442 2430 2428
f 2443 2445 2457
f 2458 2446 2444
f 2459 2467 2469
f 2470 2468 2460
f 2469 2479 2481
f 2482 2480 2470
f 2485 2495 2497
f 2498 2496 2486
f 2499 2509 2511
f 2512 2510 2500
f 2535 2537 2549
f 2550 2538 2536
f 2551 2553 2565
f 2566 2554 2552
f 2569 2571 2583
f 2584 2572 2570
f 2587 2589 2599
f 2600 2590 2588
f 2603 2613 2617
f 2618 2614 2604
f 2623 2625 2637
f 2638 2626 2624
f 2639 2641 2655
f 2656 2642 2640
f 2661 2671 2673
f 2674 2672 2662
f 2673 2683 2685
f 2686 2684 2674
f 2695 2705 2707
f 2708 2706 2696
f 2711 2723 2725
f 2726 2724 2712
f 2725 2727 4267
f 4268 2728 2726
f 4267 4269 4281
f 4282 4270 4268
f 4287 4297 4299
f 4300 4298 4288
f 4303 4305 4319
f 4320 4306 4304
f 4327 4337 4339
f 4340 4338 4328
f 4341 4351 4353
f 4354 4352 4342
f 4357 4367 4371
f 4372 4368 4358
f 4375 4385 4387
f 4388 4386 4376
f 4391 4401 4405
f 4406 4402 4392
f 4411 4421 4423
f 4424 4422 4412
f 4427 4429 4439
f 4440 4430 4428
f 4457 3651 3653
f 3654 3652 4458
f 3655 3665 3667
f 3668 3666 3656
f 3667 3677 3681
f 3682 3678 3668
f 3683 3693 3695
f 3696 3694 3684
f 3723 3733 3735
f 3736 3734 3724
f 3739 3749 3755
f 3756 3750 3740
f 3757 3759 3771
f 3772 3760 3758
f 3777 3779 3793
f 3794 3780 3778
f 3797 3809 3811
f 3812 3810 3798
f 3811 3821 3823
f 3824 3822 3812
f 3825 3827 3841
f 3842 3828 3826
f 3845 3855 3857
f 3858 3856 3846
f 3863 3865 3879
f 3880 3866 3864
f 3881 3883 3895
f 3896 3884 3882
f 3991 3993 4007
f 4008 3994 3992
f 4017 4019 4033
f 4034 4020 4018
f 4043 4045 4055
f 4056 4046 4044
f 4063 4073 4075
f 4076 4074 4064
f 4077 4079 4089
f 4090 4080 4078
f 4093 4103 4105
f 4106 4104 4094
f 4109 4119 4127
f 4128 4120 4110
f 4135 4149 4153
f 4154 4150 4136
f 4161 4175 4177
f 4178 4176 4162
f 4187 4197 4199
f 4200 4198 4188
f 4259 4261 2739
f 2740 4262 4260
f 2747 2757 2759
f 2760 2758 2748
f 2759 2761 2775
f 2776 2762 2760
f 2775 2783 2785
f 2786 2784 2776
f 3079 3081 3089
f 3090 3082 3080
f 3089 3101 3103
f 3104 3102 3090
f 3103 3105 3117
f 3118 3106 3104
f 3121 3131 3135
f 3136 3132 3122
f 3139 3149 3151
f 3152 3150 3140
f 3153 3163 3165
f 3166 3164 3154
f 3171 3173 3183
f 3184 3174 3172
f 3191 3201 3203
f 3204 3202 3192
f 3207 3209 3219
f 3220 3210 3208
f 3227 3237 3239
f 3240 3238 3228
f 3245 3255 3261
f 3262 3256 3246
f 3263 3273 3275
f 3276 3274 3264
f 3277 3287 3289
f 3290 3288 3278
f 3293 3295 3309
f 3310 3296 3294
f 3313 3323 3327
f 3328 3324 3314
f 3349 3357 3359
f 3360 3358 3350
f 3359 3371 3373
f 3374 3372 3360
f 3381 3383 3393
f 3394 3384 3382
f 3395 3397 3409
f 3410 3398 3396
f 3413 3421 3423
f 3424 3422 3414
f 3423 3433 3435
f 3436 3434 3424
f 3437 3439 3453
f 3454 3440 3438
f 3463 3473 3475
f 3476 3474 3464
f 3477 3479 3489
f 3490 3480 3478
f 3489 3491 3505
f 3506 3492 3490
f 3513 3527 3535
f 3536 3528 3514
f 3539 3549 3551
f 3552 3550 3540
f 3555 3557 3569
f 3570 3558 3556
f 3571 3579 3589
f 3590 3580 3572
f 3591 3593 3605
f 3606 3594 3592
f 3615 3617 3629
f 3630 3618 3616
f 3631 3633 2236
f 2237 3634 3632
f 2235 2249 2251
f 2252 2250 2238
f 2253 2255 2269
f 2270 2256 2254
f 2269 2289 2291
f 2292 2290 2270
f 2293 2307 2309
f 2310 2308 2294
f 2311 2321 2333
f 2334 2322 2312
f 2345 2347 2359
f 2360 2348 2346
f 2363 2383 2385
f 2386 2384 2364
f 2387 2399 2401
f 2402 2400 2388
f 2403 2419 2427
f 2428 2420 2404
f 2427 2441 2443
f 2444 2442 2428
f 2443 2457 2459
f 2460 2458 2444
f 2469 2481 2483
f 2484 2482 2470
f 2485 2497 2499
f 2500 2498 2486
f 2499 2511 2513
f 2514 2512 2500
f 2535 2549 2551
f 2552 2550 2536
f 2551 2565 2567
f 2568 2566 2552
f 2569 2583 2585
f 2586 2584 2570
f 2587 2599 2601
f 2602 2600 2588
f 2603 2617 2619
f 2620 2618 2604
f 2623 2637 2639
f 2640 2638 2624
f 2639 2655 2657
f 2658 2656 2640
f 2673 2685 2687
f 2688 2686 2674
f 2693 2695 2707
f 2708 2696 2694
f 2711 2725 4267
f 4268 2726 2712
f 4267 4281 4283
f 4284 4282 4268
f 4287 4299 4301
f 4302 4300 4288
f 4303 4319 4321
f 4322 4320 4304
f 4327 4339 4341
f 4342 4340 4328
f 4341 4353 4355
f 4356 4354 4342
f 4357 4371 4373
f 4374 4372 4358
f 4375 4387 4389
f 4390 4388 4376
f 4391 4405 4407
f 4408 4406 4392
f 4411 4423 4425
f 4426 4424 4412
f 4427 4439 4441
f 4442 4440 4428
f 4455 4457 3653
f 3654 4458 4456
f 3653 3655 3667
f 3668 3656 3654
f 3667 3681 3683
f 3684 3682 3668
f 3683 3695 3697
f 3698 3696 3684
f 3737 3739 3755
f 3756 3740 3738
f 3757 3771 3773
f 3774 3772 3758
f 3775 3777 3793
f 3794 3778 3776
f 3823 3825 3841
f 3842 3826 3824
f 3845 3857 3859
f 3860 3858 3846
f 3861 3863 3879
f 3880 3864 3862
f 3881 3895 3897
f 3898 3896 3882
f 3989 3991 4007
f 4008 3992 3990
f 4015 4017 4033
f 4034 4018 4016
f 4043 4055 4061
f 4062 4056 4044
f 4063 4075 4077
f 4078 4076 4064
f 4077 4089 4091
f 4092 4090 4078
f 4093 4105 4107
f 4108 4106 4094
f 4109 4127 4129
f 4130 4128 4110
f 4133 4135 4153
f 4154 4136 4134
f 4161 4177 4179
f 4180 4178 4162
f 4257 4259 2739
f 2740 4260 4258
f 2759 2775 2785
f 2786 2776 2760
f 3077 3079 3089
f 3090 3080 3078
f 3089 3103 3117
f 3118 3104 3090
f 3119 3121 3135
f 3136 3122 3120
f 3151 3153 3165
f 3166 3154 3152
f 3171 3183 3189
f 3190 3184 3172
f 3191 3203 3205
f 3206 3204 3192
f 3207 3219 3223
f 3224 3220 3208
f 3227 3239 3241
f 3242 3240 3228
f 3243 3245 3261
f 3262 3246 3244
f 3263 3275 3277
f 3278 3276 3264
f 3277 3289 3291
f 3292 3290 3278
f 3291 3293 3309
f 3310 3294 3292
f 3313 3327 3329
f 3330 3328 3314
f 3349 3359 3373
f 3374 3360 3350
f 3381 3393 3395
f 3396 3394 3382
f 3395 3409 3411
f 3412 3410 3396
f 3413 3423 3435
f 3436 3424 3414
f 3437 3453 3461
f 3462 3454 3438
f 3463 3475 3477
f 3478 3476 3464
f 3489 3505 3507
f 3508 3506 3490
f 3511 3513 3535
f 3536 3514 3512
f 3537 3539 3551
f 3552 3540 3538
f 3555 3569 3571
f 3572 3570 3556
f 3571 3589 3591
f 3592 3590 3572
f 3591 3605 3607
f 3608 3606 3592
f 3615 3629 3631
f 3632 3630 3616
f 3631 2236 2235
f 2238 2237 3632
f 2235 2251 2253
f 2254 2252 2238
f 2269 2291 2293
f 2294 2292 2270
f 2293 2309 2311
f 2312 2310 2294
f 2311 2333 2335
f 2336 2334 2312
f 2343 2345 2359
f 2360 2346 2344
f 2363 2385 2387
f 2388 2386 2364
f 2387 2401 2403
f 2404 2402 2388
f 2403 2427 2443
f 2444 2428 2404
f 2443 2459 2469
f 2470 2460 2444
f 2485 2499 2513
f 2514 2500 2486
f 2535 2551 2567
f 2568 2552 2536
f 2569 2585 2587
f 2588 2586 2570
f 2587 2601 2603
f 2604 2602 2588
f 2603 2619 2621
f 2622 2620 2604
f 2623 2639 2657
f 2658 2640 2624
f 2661 2673 2687
f 2688 2674 2662
f 2693 2707 2709
f 2710 2708 2694
f 2709 2711 4267
f 4268 2712 2710
f 4267 4283 4285
f 4286 4284 4268
f 4287 4301 4303
f 4304 4302 4288
f 4303 4321 4323
f 4324 4322 4304
f 4327 4341 4355
f 4356 4342 4328
f 4355 4357 4373
f 4374 4358 4356
f 4391 4407 4409
f 4410 4408 4392
f 4411 4425 4427
f 4428 4426 4412
f 4427 4441 4443
f 4444 4442 4428
f 4455 3653 3667
f 3668 3654 4456
f 3667 3683 3697
f 3698 3684 3668
f 3735 3737 3755
f 3756 3738 3736
f 3775 3793 3795
f 3796 3794 3776
f 3823 3841 3843
f 3844 3842 3824
f 3843 3845 3859
f 3860 3846 3844
f 3861 3879 3881
f 3882 3880 3862
f 3987 3989 4007
f 4008 3990 3988
f 4015 4033 4035
f 4036 4034 4016
f 4041 4043 4061
f 4062 4044 4042
f 4061 4063 4077
f 4078 4064 4062
f 4077 4091 4093
f 4094 4092 4078
f 4093 4107 4109
f 4110 4108 4094
f 4109 4129 4131
f 4132 4130 4110
f 4133 4153 4155
f 4156 4154 4134
f 4159 4161 4179
f 4180 4162 4160
f 4255 4257 2739
f 2740 4258 4256
f 2747 2759 2785
f 2786 2760 2748
f 3075 3077 3089
f 3090 3078 3076
f 3089 3117 3119
f 3120 3118 3090
f 3119 3135 3137
f 3138 3136 3120
f 3139 3151 3165
f 3166 3152 3140
f 3169 3171 3189
f 3190 3172 3170
f 3205 3207 3223
f 3224 3208 3206
f 3243 3261 3263
f 3264 3262 3244
f 3277 3291 3309
f 3310 3292 3278
f 3349 3373 3375
f 3376 3374 3350
f 3379 3381 3395
f 3396 3382 3380
f 3413 3435 3437
f 3438 3436 3414
f 3437 3461 3463
f 3464 3462 3438
f 3463 3477 3489
f 3490 3478 3464
f 3489 3507 3509
f 3510 3508 3490
f 3511 3535 3537
f 3538 3536 3512
f 3537 3551 3553
f 3554 3552 3538
f 3555 3571 3591
f 3592 3572 3556
f 3591 3607 3613
f 3614 3608 3592
f 3615 3631 2235
f 2238 3632 3616
f 2269 2293 2311
f 2312 2294 2270
f 2311 2335 2337
f 2338 2336 2312
f 2343 2359 2361
f 2362 2360 2344
f 2363 2387 2403
f 2404 2388 2364
f 2403 2443 2469
f 2470 2444 2404
f 2535 2567 2569
f 2570 2568 2536
f 2569 2587 2603
f 2604 2588 2570
f 2603 2621 2623
f 2624 2622 2604
f 2623 2657 2659
f 2660 2658 2624
f 2659 2661 2687
f 2688 2662 2660
f 2693 2709 4267
f 4268 2710 2694
f 4267 4285 4287
f 4288 4286 4268
f 4287 4303 4323
f 4324 4304 4288
f 4327 4355 4373
f 4374 4356 4328
f 4389 4391 4409
f 4410 4392 4390
f 4455 3667 3697
f 3698 3668 4456
f 3735 3755 3757
f 3758 3756 3736
f 3773 3775 3795
f 3796 3776 3774
f 3823 3843 3859
f 3860 3844 3824
f 3861 3881 3897
f 3898 3882 3862
f 3987 4007 4009
f 4010 4008 3988
f 4013 4015 4035
f 4036 4016 4014
f 4039 4041 4061
f 4062 4042 4040
f 4061 4077 4093
f 4094 4078 4062
f 4093 4109 4131
f 4132 4110 4094
f 4133 4155 4157
f 4158 4156 4134
f 4159 4179 4181
f 4182 4180 4160
f 4253 4255 2739
f 2740 4256 4254
f 2745 2747 2785
f 2786 2748 2746
f 3073 3075 3089
f 3090 3076 3074
f 3119 3137 3139
f 3140 3138 3120
f 3139 3165 3167
f 3168 3166 3140
f 3169 3189 3191
f 3192 3190 3170
f 3205 3223 3225
f 3226 3224 3206
f 3243 3263 3277
f 3278 3264 3244
f 3277 3309 3311
f 3312 3310 3278
f 3349 3375 3377
f 3378 3376 3350
f 3379 3395 3411
f 3412 3396 3380
f 3413 3437 3463
f 3464 3438 3414
f 3463 3489 3509
f 3510 3490 3464
f 3537 3553 3555
f 3556 3554 3538
f 3555 3591 3613
f 3614 3592 3556
f 3613 3615 2235
f 2238 3616 3614
f 2311 2337 2339
f 2340 2338 2312
f 2341 2343 2361
f 2362 2344 2342
f 2363 2403 2469
f 2470 2404 2364
f 2569 2603 2623
f 2624 2604 2570
f 2623 2659 2687
f 2688 2660 2624
f 2691 2693 4267
f 4268 2694 2692
f 4287 4323 4325
f 4326 4324 4288
f 4327 4373 4375
f 4376 4374 4328
f 4375 4389 4409
f 4410 4390 4376
f 4455 3697 3699
f 3700 3698 4456
f 3735 3757 3773
f 3774 3758 3736
f 3773 3795 3797
f 3798 3796 3774
f 3823 3859 3861
f 3862 3860 3824
f 3861 3897 3899
f 3900 3898 3862
f 3985 3987 4009
f 4010 3988 3986
f 4013 4035 4037
f 4038 4036 4014
f 4039 4061 4093
f 4094 4062 4040
f 4093 4131 4133
f 4134 4132 4094
f 4133 4157 4159
f 4160 4158 4134
f 4159 4181 4183
f 4184 4182 4160
f 4253 2739 2741
f 2742 2740 4254
f 2745 2785 2787
f 2788 2786 2746
f 3071 3073 3089
f 3090 3074 3072
f 3119 3139 3167
f 3168 3140 3120
f 3167 3169 3191
f 3192 3170 3168
f 3205 3225 3227
f 3228 3226 3206
f 3243 3277 3311
f 3312 3278 3244
f 3349 3377 3379
f 3380 3378 3350
f 3411 3413 3463
f 3464 3414 3412
f 3463 3509 3511
f 3512 3510 3464
f 3537 3555 3613
f 3614 3556 3538
f 3613 2235 2253
f 2254 2238 3614
f 2311 2339 2341
f 2342 2340 2312
f 2341 2361 2363
f 2364 2362 2342
f 2363 2469 2483
f 2484 2470 2364
f 2569 2623 2687
f 2688 2624 2570
f 2689 2691 4267
f 4268 2692 2690
f 4287 4325 4327
f 4328 4326 4288
f 4327 4375 4409
f 4410 4376 4328
f 4455 3699 3701
f 3702 3700 4456
f 3773 3797 3811
f 3812 3798 3774
f 3823 3861 3899
f 3900 3862 3824
f 3985 4009 4011
f 4012 4010 3986
f 4013 4037 4039
f 4040 4038 4014
f 4039 4093 4133
f 4134 4094 4040
f 4133 4159 4183
f 4184 4160 4134
f 4251 4253 2741
f 2742 4254 4252
f 2745 2787 2789
f 2790 2788 2746
f 3069 3071 3089
f 3090 3072 3070
f 3089 3119 3167
f 3168 3120 3090
f 3167 3191 3205
f 3206 3192 3168
f 3205 3227 3241
f 3242 3228 3206
f 3241 3243 3311
f 3312 3244 3242
f 3349 3379 3411
f 3412 3380 3350
f 3411 3463 3511
f 3512 3464 3412
f 3537 3613 2253
f 2254 3614 3538
f 2311 2341 2363
f 2364 2342 2312
f 2363 2483 2485
f 2486 2484 2364
f 2569 2687 2689
f 2690 2688 2570
f 2689 4267 4287
f 4288 4268 2690
f 4327 4409 4411
f 4412 4410 4328
f 4455 3701 3703
f 3704 3702 4456
f 3773 3811 3823
f 3824 3812 3774
f 3985 4011 4013
f 4014 4012 3986
f 4013 4039 4133
f 4134 4040 4014
f 4133 4183 4185
f 4186 4184 4134
f 4249 4251 2741
f 2742 4252 4250
f 2743 2745 2789
f 2790 2746 2744
f 3067 3069 3089
f 3090 3070 3068
f 3089 3167 3205
f 3206 3168 3090
f 3241 3311 3313
f 3314 3312 3242
f 3349 3411 3511
f 3512 3412 3350
f 3511 3537 2253
f 2254 3538 3512
f 2311 2363 2485
f 2486 2364 2312
f 2569 2689 4287
f 4288 2690 2570
f 4327 4411 4427
f 4428 4412 4328
f 4455 3703 3705
f 3706 3704 4456
f 3735 3773 3823
f 3824 3774 3736
f 3985 4013 4133
f 4134 4014 3986
f 4247 4249 2741
f 2742 4250 4248
f 2743 2789 2791
f 2792 2790 2744
f 3065 3067 3089
f 3090 3068 3066
f 3205 3241 3313
f 3314 3242 3206
f 3347 3349 3511
f 3512 3350 3348
f 3511 2253 2269
f 2270 2254 3512
f 2269 2311 2485
f 2486 2312 2270
f 2535 2569 4287
f 4288 2570 2536
f 4455 3705 3707
f 3708 3706 4456
f 3983 3985 4133
f 4134 3986 3984
f 4245 4247 2741
f 2742 4248 4246
f 2741 2743 2791
f 2792 2744 2742
f 3063 3065 3089
f 3090 3066 3064
f 3205 3313 3329
f 3330 3314 3206
f 3345 3347 3511
f 3512 3348 3346
f 3511 2269 2485
f 2486 2270 3512
f 2535 4287 4327
f 4328 4288 2536
f 4455 3707 3709
f 3710 3708 4456
f 3973 3983 4133
f 4134 3984 3974
f 4243 4245 2741
f 2742 4246 4244
f 2741 2791 2793
f 2794 2792 2742
f 3061 3063 3089
f 3090 3064 3062
f 3345 3511 2485
f 2486 3512 3346
f 2535 4327 4427
f 4428 4328 2536
f 4453 4455 3709
f 3710 4456 4454
f 3973 4133 4185
f 4186 4134 3974
f 4241 4243 2741
f 2742 4244 4242
f 2741 2793 2795
f 2796 2794 2742
f 3059 3061 3089
f 3090 3062 3060
f 3343 3345 2485
f 2486 3346 3344
f 2533 2535 4427
f 4428 2536 2534
f 4453 3709 3711
f 3712 3710 4454
f 3971 3973 4185
f 4186 3974 3972
f 4239 4241 2741
f 2742 4242 4240
f 2741 2795 2797
f 2798 2796 2742
f 3057 3059 3089
f 3090 3060 3058
f 3341 3343 2485
f 2486 3344 3342
f 2531 2533 4427
f 4428 2534 2532
f 4453 3711 3713
f 3714 3712 4454
f 3969 3971 4185
f 4186 3972 3970
f 4237 4239 2741
f 2742 4240 4238
f 2741 2797 2799
f 2800 2798 2742
f 3055 3057 3089
f 3090 3058 3056
f 3339 3341 2485
f 2486 3342 3340
f 2529 2531 4427
f 4428 2532 2530
f 4453 3713 3715
f 3716 3714 4454
f 3969 4185 4187
f 4188 4186 3970
f 4235 4237 2741
f 2742 4238 4236
f 2741 2799 2801
f 2802 2800 2742
f 3053 3055 3089
f 3090 3056 3054
f 3337 3339 2485
f 2486 3340 3338
f 2527 2529 4427
f 4428 2530 2528
f 4453 3715 3717
f 3718 3716 4454
f 3967 3969 4187
f 4188 3970 3968
f 4233 4235 2741
f 2742 4236 4234
f 2741 2801 2803
f 2804 2802 2742
f 3051 3053 3089
f 3090 3054 3052
f 3335 3337 2485
f 2486 3338 3336
f 2525 2527 4427
f 4428 2528 2526
f 4453 3717 3719
f 3720 3718 4454
f 3967 4187 4199
f 4200 4188 3968
f 4231 4233 2741
f 2742 4234 4232
f 2741 2803 2805
f 2806 2804 2742
f 3049 3051 3089
f 3090 3052 3050
f 3333 3335 2485
f 2486 3336 3334
f 2523 2525 4427
f 4428 2526 2524
f 3965 3967 4199
f 4200 3968 3966
f 4229 4231 2741
f 2742 4232 4230
f 2741 2805 2807
f 2808 2806 2742
f 3047 3049 3089
f 3090 3050 3048
f 3331 3333 2485
f 2486 3334 3332
f 2521 2523 4427
f 4428 2524 2522
f 3963 3965 4199
f 4200 3966 3964
f 4229 2741 2807
f 2808 2742 4230
f 3045 3047 3089
f 3090 3048 3046
f 3329 3331 2485
f 2486 3332 3330
f 2519 2521 4427
f 4428 2522 2520
f 3961 3963 4199
f 4200 3964 3962
f 4227 4229 2807
f 2808 4230 4228
f 3043 3045 3089
f 3090 3046 3044
f 3329 2485 2513
f 2514 2486 3330
f 2517 2519 4427
f 4428 2520 2518
f 3959 3961 4199
f 4200 3962 3960
f 4225 4227 2807
f 2808 4228 4226
f 3041 3043 3089
f 3090 3044 3042
f 3329 2513 2515
f 2516 2514 3330
f 2515 2517 4427
f 4428 2518 2516
f 3957 3959 4199
f 4200 3960 3958
f 4223 4225 2807
f 2808 4226 4224
f 3039 3041 3089
f 3090 3042 3040
f 2515 4427 4443
f 4444 4428 2516
f 3955 3957 4199
f 4200 3958 3956
f 4221 4223 2807
f 2808 4224 4222
f 3037 3039 3089
f 3090 3040 3038
f 2515 4443 4445
f 4446 4444 2516
f 3955 4199 4201
f 4202 4200 3956
f 4219 4221 2807
f 2808 4222 4220
f 3035 3037 3089
f 3090 3038 3036
f 2515 4445 4447
f 4448 4446 2516
f 3953 3955 4201
f 4202 3956 3954
f 4217 4219 2807
f 2808 4220 4218
f 3033 3035 3089
f 3090 3036 3034
f 2515 4447 4449
f 4450 4448 2516
f 3951 3953 4201
f 4202 3954 3952
f 4215 4217 2807
f 2808 4218 4216
f 3031 3033 3089
f 3090 3034 3032
f 2515 4449 4451
f 4452 4450 2516
f 3949 3951 4201
f 4202 3952 3950
f 4213 4215 2807
f 2808 4216 4214
f 3029 3031 3089
f 3090 3032 3030
f 2515 4451 4453
f 4454 4452 2516
f 3947 3949 4201
f 4202 3950 3948
f 4211 4213 2807
f 2808 4214 4212
f 3027 3029 3089
f 3090 3030 3028
f 3329 2515 4453
f 4454 2516 3330
f 3947 4201 4203
f 4204 4202 3948
f 4209 4211 2807
f 2808 4212 4210
f 3025 3027 3089
f 3090 3028 3026
f 3329 4453 3719
f 3720 4454 3330
f 3945 3947 4203
f 4204 3948 3946
f 4207 4209 2807
f 2808 4210 4208
f 3023 3025 3089
f 3090 3026 3024
f 3329 3719 3721
f 3722 3720 3330
f 3943 3945 4203
f 4204 3946 3944
f 4205 4207 2807
f 2808 4208 4206
f 3021 3023 3089
f 3090 3024 3022
f 3329 3721 3723
f 3724 3722 3330
f 3943 4203 4205
f 4206 4204 3944
f 4205 2807 2809
f 2810 2808 4206
f 3019 3021 3089
f 3090 3022 3020
f 3205 3329 3723
f 3724 3330 3206
f 3943 4205 2809
f 2810 4206 3944
f 3017 3019 3089
f 3090 3020 3018
f 3089 3205 3723
f 3724 3206 3090
f 3941 3943 2809
f 2810 3944 3942
f 3015 3017 3089
f 3090 3018 3016
f 3089 3723 3735
f 3736 3724 3090
f 3939 3941 2809
f 2810 3942 3940
f 3013 3015 3089
f 3090 3016 3014
f 3089 3735 3823
f 3824 3736 3090
f 3937 3939 2809
f 2810 3940 3938
f 3011 3013 3089
f 3090 3014 3012
f 3089 3823 3899
f 3900 3824 3090
f 3935 3937 2809
f 2810 3938 3936
f 3009 3011 3089
f 3090 3012 3010
f 3089 3899 3901
f 3902 3900 3090
f 3933 3935 2809
f 2810 3936 3934
f 3007 3009 3089
f 3090 3010 3008
f 3089 3901 3903
f 3904 3902 3090
f 3931 3933 2809
f 2810 3934 3932
f 3005 3007 3089
f 3090 3008 3006
f 3089 3903 3905
f 3906 3904 3090
f 3929 3931 2809
f 2810 3932 3930
f 3003 3005 3089
f 3090 3006 3004
f 3089 3905 3907
f 3908 3906 3090
f 3927 3929 2809
f 2810 3930 3928
f 3001 3003 3089
f 3090 3004 3002
f 3089 3907 3909
f 3910 3908 3090
f 3925 3927 2809
f 2810 3928 3926
f 2999 3001 3089
f 3090 3002 3000
f 3089 3909 3911
f 3912 3910 3090
f 3923 3925 2809
f 2810 3926 3924
f 2997 2999 3089
f 3090 3000 2998
f 3089 3911 3913
f 3914 3912 3090
f 3921 3923 2809
f 2810 3924 3922
f 2995 2997 3089
f 3090 2998 2996
f 3089 3913 3915
f 3916 3914 3090
f 3919 3921 2809
f 2810 3922 3920
f 2993 2995 3089
f 3090 2996 2994
f 3089 3915 3917
f 3918 3916 3090
f 3917 3919 2809
f 2810 3920 3918
f 2991 2993 3089
f 3090 2994 2992
f 3089 3917 2809
f 2810 3918 3090
f 2989 2991 3089
f 3090 2992 2990
f 3089 2809 2811
f 2812 2810 3090
f 2987 2989 3089
f 3090 2990 2988
f 3089 2811 2813
f 2814 2812 3090
f 2985 2987 3089
f 3090 2988 2986
f 3089 2813 2815
f 2816 2814 3090
f 2983 2985 3089
f 3090 2986 2984
f 3089 2815 2817
f 2818 2816 3090
f 2981 2983 3089
f 3090 2984 2982
f 3089 2817 2819
f 2820 2818 3090
f 2979 2981 3089
f 3090 2982 2980
f 3089 2819 2821
f 2822 2820 3090
f 2977 2979 3089
f 3090 2980 2978
f 3089 2821 2823
f 2824 2822 3090
f 2975 2977 3089
f 3090 2978 2976
f 3089 2823 2825
f 2826 2824 3090
f 2973 2975 3089
f 3090 2976 2974
f 3089 2825 2827
f 2828 2826 3090
f 2971 2973 3089
f 3090 2974 2972
f 3089 2827 2829
f 2830 2828 3090
f 2969 2971 3089
f 3090 2972 2970
f 3089 2829 2831
f 2832 2830 3090
f 2967 2969 3089
f 3090 2970 2968
f 3089 2831 2833
f 2834 2832 3090
f 2965 2967 3089
f 3090 2968 2966
f 3089 2833 2835
f 2836 2834 3090
f 2963 2965 3089
f 3090 2966 2964
f 3089 2835 2837
f 2838 2836 3090
f 2961 2963 3089
f 3090 2964 2962
f 3089 2837 2839
f 2840 2838 3090
f 2959 2961 3089
f 3090 2962 2960
f 3089 2839 2841
f 2842 2840 3090
f 2957 2959 3089
f 3090 2960 2958
f 3089 2841 2843
f 2844 2842 3090
f 2955 2957 3089
f 3090 2958 2956
f 3089 2843 2845
f 2846 2844 3090
f 2953 2955 3089
f 3090 2956 2954
f 3089 2845 2847
f 2848 2846 3090
f 2951 2953 3089
f 3090 2954 2952
f 3089 2847 2849
f 2850 2848 3090
f 2949 2951 3089
f 3090 2952 2950
f 3089 2849 2851
f 2852 2850 3090
f 2947 2949 3089
f 3090 2950 2948
f 3089 2851 2853
f 2854 2852 3090
f 2945 2947 3089
f 3090 2948 2946
f 3089 2853 2855
f 2856 2854 3090
f 2943 2945 3089
f 3090 2946 2944
f 3089 2855 2857
f 2858 2856 3090
f 2941 2943 3089
f 3090 2944 2942
f 3089 2857 2859
f 2860 2858 3090
f 2939 2941 3089
f 3090 2942 2940
f 3089 2859 2861
f 2862 2860 3090
f 2937 2939 3089
f 3090 2940 2938
f 3089 2861 2863
f 2864 2862 3090
f 2935 2937 3089
f 3090 2938 2936
f 3089 2863 2865
f 2866 2864 3090
f 2933 2935 3089
f 3090 2936 2934
f 3089 2865 2867
f 2868 2866 3090
f 2931 2933 3089
f 3090 2934 2932
f 3089 2867 2869
f 2870 2868 3090
f 2929 2931 3089
f 3090 2932 2930
f 3089 2869 2871
f 2872 2870 3090
f 2927 2929 3089
f 3090 2930 2928
f 3089 2871 2873
f 2874 2872 3090
f 2925 2927 3089
f 3090 2928 2926
f 3089 2873 2875
f 2876 2874 3090
f 2923 2925 3089
f 3090 2926 2924
f 3089 2875 2877
f 2878 2876 3090
f 2921 2923 3089
f 3090 2924 2922
f 3089 2877 2879
f 2880 2878 3090
f 2919 2921 3089
f 3090 2922 2920
f 3089 2879 2881
f 2882 2880 3090
f 2917 2919 3089
f 3090 2920 2918
f 3089 2881 2883
f 2884 2882 3090
f 2915 2917 3089
f 3090 2918 2916
f 3089 2883 2885
f 2886 2884 3090
f 2913 2915 3089
f 3090 2916 2914
f 3089 2885 2887
f 2888 2886 3090
f 2911 2913 3089
f 3090 2914 2912
f 3089 2887 2889
f 2890 2888 3090
f 2909 2911 3089
f 3090 2912 2910
f 3089 2889 2891
f 2892 2890 3090
f 2907 2909 3089
f 3090 2910 2908
f 3089 2891 2893
f 2894 2892 3090
f 2905 2907 3089
f 3090 2908 2906
f 3089 2893 2895
f 2896 2894 3090
f 2903 2905 3089
f 3090 2906 2904
f 3089 2895 2897
f 2898 2896 3090
f 2901 2903 3089
f 3090 2904 2902
f 3089 2897 2899
f 2900 2898 3090
f 2899 2901 3089
f 3090 2902 2900
f 4459 4460 4461
f 4461 4462 4459
f 4463 4459 4462
f 4462 4464 4463
f 4465 4463 4464
f 4464 4466 4465
f 4467 4465 4466
f 4466 4468 4467
f 4469 4467 4468
f 4468 4470 4469
f 4471 4469 4470
f 4470 4472 4471
f 4473 4471 4472
f 4472 4474 4473
f 4475 4473 4474
f 4474 4476 4475
f 4477 4475 4476
f 4476 4478 4477
f 4479 4477 4478
f 4478 4480 4479
f 4481 4479 4480
f 4480 4482 4481
f 4483 4481 4482
f 4482 4484 4483
f 4485 4483 4484
f 4484 4486 4485
f 4487 4485 4486
f 4486 4488 4487
f 4489 4487 4488
f 4488 4490 4489
f 4491 4489 4490
f 4490 4492 4491
f 4493 4491 4492
f 4492 4494 4493
f 4495 4493 4494
f 4494 4496 4495
f 4497 4495 4496
f 4496 4498 4497
f 4499 4497 4498
f 4498 4500 4499
f 4501 4499 4500
f 4500 4502 4501
f 4503 4501 4502
f 4502 4504 4503
f 4505 4503 4504
f 4504 4506 4505
f 4507 4505 4506
f 4506 4508 4507
f 4509 4507 4508
f 4508 4510 4509
f 4511 4509 4510
f 4510 4512 4511
f 4513 4511 4512
f 4512 4514 4513
f 4515 4513 4514
f 4514 4516 4515
f 4517 4515 4516
f 4516 4518 4517
f 4519 4517 4518
f 4518 4520 4519
f 4521 4519 4520
f 4520 4522 4521
f 4523 4521 4522
f 4522 4524 4523
f 4525 4523 4524
f 4524 4526 4525
f 4527 4525 4526
f 4526 4528 4527
f 4529 4527 4528
f 4528 4530 4529
f 4531 4529 4530
f 4530 4532 4531
f 4533 4531 4532
f 4532 4534 4533
f 4535 4533 4534
f 4534 4536 4535
f 4537 4535 4536
f 4536 4538 4537
f 4539 4537 4538
f 4538 4540 4539
f 4541 4539 4540
f 4540 4542 4541
f 4543 4541 4542
f 4542 4544 4543
f 4545 4543 4544
f 4544 4546 4545
f 4547 4545 4546
f 4546 4548 4547
f 4549 4547 4548
f 4548 4550 4549
f 4551 4549 4550
f 4550 4552 4551
f 4553 4551 4552
f 4552 4554 4553
f 4555 4553 4554
f 4554 4556 4555
f 4557 4555 4556
f 4556 4558 4557
f 4559 4557 4558
f 4558 4560 4559
f 4561 4559 4560
f 4560 4562 4561
f 4563 4561 4562
f 4562 4564 4563
f 4565 4563 4564
f 4564 4566 4565
f 4567 4565 4566
f 4566 4568 4567
f 4569 4567 4568
f 4568 4570 4569
f 4571 4569 4570
f 4570 4572 4571
f 4573 4571 4572
f 4572 4574 4573
f 4575 4573 4574
f 4574 4576 4575
f 4577 4575 4576
f 4576 4578 4577
f 4579 4577 4578
f 4578 4580 4579
f 4581 4579 4580
f 4580 4582 4581
f 4583 4581 4582
f 4582 4584 4583
f 4585 4583 4584
f 4584 4586 4585
f 4587 4585 4586
f 4586 4588 4587
f 4589 4587 4588
f 4588 4590 4589
f 4591 4589 4590
f 4590 4592 4591
f 4593 4591 4592
f 4592 4594 4593
f 4595 4593 4594
f 4594 4596 4595
f 4597 4595 4596
f 4596 4598 4597
f 4599 4597 4598
f 4598 4600 4599
f 4601 4599 4600
f 4600 4602 4601
f 4603 4601 4602
f 4602 4604 4603
f 4605 4603 4604
f 4604 4606 4605
f 4607 4605 4606
f 4606 4608 4607
f 4609 4607 4608
f 4608 4610 4609
f 4611 4609 4610
f 4610 4612 4611
f 4613 4611 4612
f 4612 4614 4613
f 4615 4613 4614
f 4614 4616 4615
f 4617 4615 4616
f 4616 4618 4617
f 4619 4617 4618
f 4618 4620 4619
f 4621 4619 4620
f 4620 4622 4621
f 4623 4621 4622
f 4622 4624 4623
f 4625 4623 4624
f 4624 4626 4625
f 4627 4625 4626
f 4626 4628 4627
f 4629 4627 4628
f 4628 4630 4629
f 4631 4629 4630
f 4630 4632 4631
f 4633 4631 4632
f 4632 4634 4633
f 4635 4633 4634
f 4634 4636 4635
f 4637 4635 4636
f 4636 4638 4637
f 4639 4637 4638
f 4638 4640 4639
f 4641 4639 4640
f 4640 4642 4641
f 4643 4641 4642
f 4642 4644 4643
f 4645 4643 4644
f 4644 4646 4645
f 4647 4645 4646
f 4646 4648 4647
f 4649 4647 4648
f 4648 4650 4649
f 4651 4649 4650
f 4650 4652 4651
f 4653 4651 4652
f 4652 4654 4653
f 4655 4653 4654
f 4654 4656 4655
f 4657 4655 4656
f 4656 4658 4657
f 4659 4657 4658
f 4658 4660 4659
f 4661 4659 4660
f 4660 4662 4661
f 4663 4661 4662
f 4662 4664 4663
f 4665 4663 4664
f 4664 4666 4665
f 4667 4665 4666
f 4666 4668 4667
f 4669 4667 4668
f 4668 4670 4669
f 4671 4669 4670
f 4670 4672 4671
f 4673 4671 4672
f 4672 4674 4673
f 4675 4673 4674
f 4674 4676 4675
f 4677 4675 4676
f 4676 4678 4677
f 4679 4677 4678
f 4678 4680 4679
f 4681 4679 4680
f 4680 4682 4681
f 4683 4681 4682
f 4682 4684 4683
f 4685 4683 4684
f 4684 4686 4685
f 4687 4685 4686
f 4686 4688 4687
f 4689 4687 4688
f 4688 4690 4689
f 4691 4689 4690
f 4690 4692 4691
f 4693 4691 4692
f 4692 4694 4693
f 4695 4693 4694
f 4694 4696 4695
f 4697 4695 4696
f 4696 4698 4697
f 4699 4697 4698
f 4698 4700 4699
f 4701 4699 4700
f 4700 4702 4701
f 4703 4701 4702
f 4702 4704 4703
f 4705 4703 4704
f 4704 4706 4705
f 4707 4705 4706
f 4706 4708 4707
f 4709 4707 4708
f 4708 4710 4709
f 4711 4709 4710
f 4710 4712 4711
f 4713 4711 4712
f 4712 4714 4713
f 4715 4713 4714
f 4714 4716 4715
f 4717 4715 4716
f 4716 4718 4717
f 4719 4717 4718
f 4718 4720 4719
f 4721 4719 4720
f 4720 4722 4721
f 4723 4721 4722
f 4722 4724 4723
f 4725 4723 4724
f 4724 4726 4725
f 4727 4725 4726
f 4726 4728 4727
f 4729 4727 4728
f 4728 4730 4729
f 4731 4729 4730
f 4730 4732 4731
f 4733 4731 4732
f 4732 4734 4733
f 4735 4733 4734
f 4734 4736 4735
f 4737 4735 4736
f 4736 4738 4737
f 4739 4737 4738
f 4738 4740 4739
f 4741 4739 4740
f 4740 4742 4741
f 4743 4741 4742
f 4742 4744 4743
f 4745 4743 4744
f 4744 4746 4745
f 4747 4745 4746
f 4746 4748 4747
f 4749 4747 4748
f 4748 4750 4749
f 4751 4749 4750
f 4750 4752 4751
f 4753 4751 4752
f 4752 4754 4753
f 4755 4753 4754
f 4754 4756 4755
f 4757 4755 4756
f 4756 4758 4757
f 4759 4757 4758
f 4758 4760 4759
f 4761 4759 4760
f 4760 4762 4761
f 4763 4761 4762
f 4762 4764 4763
f 4765 4763 4764
f 4764 4766 4765
f 4767 4765 4766
f 4766 4768 4767
f 4769 4767 4768
f 4768 4770 4769
f 4771 4769 4770
f 4770 4772 4771
f 4773 4771 4772
f 4772 4774 4773
f 4775 4773 4774
f 4774 4776 4775
f 4777 4775 4776
f 4776 4778 4777
f 4779 4777 4778
f 4778 4780 4779
f 4781 4779 4780
f 4780 4782 4781
f 4783 4781 4782
f 4782 4784 4783
f 4785 4783 4784
f 4784 4786 4785
f 4787 4785 4786
f 4786 4788 4787
f 4789 4787 4788
f 4788 4790 4789
f 4791 4789 4790
f 4790 4792 4791
f 4793 4791 4792
f 4792 4794 4793
f 4795 4793 4794
f 4794 4796 4795
f 4797 4795 4796
f 4796 4798 4797
f 4799 4797 4798
f 4798 4800 4799
f 4801 4799 4800
f 4800 4802 4801
f 4803 4801 4802
f 4802 4804 4803
f 4805 4803 4804
f 4804 4806 4805
f 4807 4805 4806
f 4806 4808 4807
f 4809 4807 4808
f 4808 4810 4809
f 4811 4809 4810
f 4810 4812 4811
f 4813 4811 4812
f 4812 4814 4813
f 4815 4813 4814
f 4814 4816 4815
f 4817 4815 4816
f 4816 4818 4817
f 4819 4817 4818
f 4818 4820 4819
f 4821 4819 4820
f 4820 4822 4821
f 4823 4821 4822
f 4822 4824 4823
f 4825 4823 4824
f 4824 4826 4825
f 4827 4825 4826
f 4826 4828 4827
f 4829 4827 4828
f 4828 4830 4829
f 4831 4829 4830
f 4830 4832 4831
f 4833 4831 4832
f 4832 4834 4833
f 4835 4833 4834
f 4834 4836 4835
f 4837 4835 4836
f 4836 4838 4837
f 4839 4837 4838
f 4838 4840 4839
f 4841 4839 4840
f 4840 4842 4841
f 4843 4841 4842
f 4842 4844 4843
f 4845 4843 4844
f 4844 4846 4845
f 4847 4845 4846
f 4846 4848 4847
f 4849 4847 4848
f 4848 4850 4849
f 4851 4849 4850
f 4850 4852 4851
f 4853 4851 4852
f 4852 4854 4853
f 4855 4853 4854
f 4854 4856 4855
f 4857 4855 4856
f 4856 4858 4857
f 4859 4857 4858
f 4858 4860 4859
f 4861 4859 4860
f 4860 4862 4861
f 4863 4861 4862
f 4862 4864 4863
f 4865 4863 4864
f 4864 4866 4865
f 4867 4865 4866
f 4866 4868 4867
f 4869 4867 4868
f 4868 4870 4869
f 4871 4869 4870
f 4870 4872 4871
f 4873 4871 4872
f 4872 4874 4873
f 4875 4873 4874
f 4874 4876 4875
f 4877 4875 4876
f 4876 4878 4877
f 4879 4877 4878
f 4878 4880 4879
f 4881 4879 4880
f 4880 4882 4881
f 4883 4881 4882
f 4882 4884 4883
f 4885 4883 4884
f 4884 4886 4885
f 4887 4885 4886
f 4886 4888 4887
f 4889 4887 4888
f 4888 4890 4889
f 4891 4889 4890
f 4890 4892 4891
f 4893 4891 4892
f 4892 4894 4893
f 4895 4893 4894
f 4894 4896 4895
f 4897 4895 4896
f 4896 4898 4897
f 4899 4897 4898
f 4898 4900 4899
f 4901 4899 4900
f 4900 4902 4901
f 4903 4901 4902
f 4902 4904 4903
f 4905 4903 4904
f 4904 4906 4905
f 4907 4905 4906
f 4906 4908 4907
f 4909 4907 4908
f 4908 4910 4909
f 4911 4909 4910
f 4910 4912 4911
f 4913 4911 4912
f 4912 4914 4913
f 4915 4913 4914
f 4914 4916 4915
f 4917 4915 4916
f 4916 4918 4917
f 4919 4917 4918
f 4918 4920 4919
f 4921 4919 4920
f 4920 4922 4921
f 4923 4921 4922
f 4922 4924 4923
f 4925 4923 4924
f 4924 4926 4925
f 4927 4925 4926
f 4926 4928 4927
f 4929 4927 4928
f 4928 4930 4929
f 4931 4929 4930
f 4930 4932 4931
f 4933 4931 4932
f 4932 4934 4933
f 4935 4933 4934
f 4934 4936 4935
f 4937 4935 4936
f 4936 4938 4937
f 4939 4937 4938
f 4938 4940 4939
f 4941 4939 4940
f 4940 4942 4941
f 4943 4941 4942
f 4942 4944 4943
f 4945 4943 4944
f 4944 4946 4945
f 4947 4945 4946
f 4946 4948 4947
f 4949 4947 4948
f 4948 4950 4949
f 4951 4949 4950
f 4950 4952 4951
f 4953 4951 4952
f 4952 4954 4953
f 4955 4953 4954
f 4954 4956 4955
f 4957 4955 4956
f 4956 4958 4957
f 4959 4957 4958
f 4958 4960 4959
f 4961 4959 4960
f 4960 4962 4961
f 4963 4961 4962
f 4962 4964 4963
f 4965 4963 4964
f 4964 4966 4965
f 4967 4965 4966
f 4966 4968 4967
f 4969 4967 4968
f 4968 4970 4969
f 4971 4969 4970
f 4970 4972 4971
f 4973 4971 4972
f 4972 4974 4973
f 4975 4973 4974
f 4974 4976 4975
f 4977 4975 4976
f 4976 4978 4977
f 4979 4977 4978
f 4978 4980 4979
f 4981 4979 4980
f 4980 4982 4981
f 4983 4981 4982
f 4982 4984 4983
f 4985 4983 4984
f 4984 4986 4985
f 4987 4985 4986
f 4986 4988 4987
f 4989 4987 4988
f 4988 4990 4989
f 4991 4989 4990
f 4990 4992 4991
f 4993 4991 4992
f 4992 4994 4993
f 4995 4993 4994
f 4994 4996 4995
f 4997 4995 4996
f 4996 4998 4997
f 4999 4997 4998
f 4998 5000 4999
f 5001 4999 5000
f 5000 5002 5001
f 5003 5001 5002
f 5002 5004 5003
f 5005 5003 5004
f 5004 5006 5005
f 5007 5005 5006
f 5006 5008 5007
f 5009 5007 5008
f 5008 5010 5009
f 5011 5009 5010
f 5010 5012 5011
f 5013 5011 5012
f 5012 5014 5013
f 5015 5013 5014
f 5014 5016 5015
f 5017 5015 5016
f 5016 5018 5017
f 5019 5017 5018
f 5018 5020 5019
f 5021 5019 5020
f 5020 5022 5021
f 5023 5021 5022
f 5022 5024 5023
f 5025 5023 5024
f 5024 5026 5025
f 5027 5025 5026
f 5026 5028 5027
f 5029 5027 5028
f 5028 5030 5029
f 5031 5029 5030
f 5030 5032 5031
f 5033 5031 5032
f 5032 5034 5033
f 5035 5033 5034
f 5034 5036 5035
f 5037 5035 5036
f 5036 5038 5037
f 5039 5037 5038
f 5038 5040 5039
f 5041 5039 5040
f 5040 5042 5041
f 5043 5041 5042
f 5042 5044 5043
f 5045 5043 5044
f 5044 5046 5045
f 5047 5045 5046
f 5046 5048 5047
f 5049 5047 5048
f 5048 5050 5049
f 5051 5049 5050
f 5050 5052 5051
f 5053 5051 5052
f 5052 5054 5053
f 5055 5053 5054
f 5054 5056 5055
f 5057 5055 5056
f 5056 5058 5057
f 5059 5057 5058
f 5058 5060 5059
f 5061 5059 5060
f 5060 5062 5061
f 5063 5061 5062
f 5062 5064 5063
f 5065 5063 5064
f 5064 5066 5065
f 5067 5065 5066
f 5066 5068 5067
f 5069 5067 5068
f 5068 5070 5069
f 5071 5069 5070
f 5070 5072 5071
f 5073 5071 5072
f 5072 5074 5073
f 5075 5073 5074
f 5074 5076 5075
f 5077 5075 5076
f 5076 5078 5077
f 5079 5077 5078
f 5078 5080 5079
f 5081 5079 5080
f 5080 5082 5081
f 5083 5081 5082
f 5082 5084 5083
f 5085 5083 5084
f 5084 5086 5085
f 5087 5085 5086
f 5086 5088 5087
f 5089 5087 5088
f 5088 5090 5089
f 5091 5089 5090
f 5090 5092 5091
f 5093 5091 5092
f 5092 5094 5093
f 5095 5093 5094
f 5094 5096 5095
f 5097 5095 5096
f 5096 5098 5097
f 5099 5097 5098
f 5098 5100 5099
f 5101 5099 5100
f 5100 5102 5101
f 5103 5101 5102
f 5102 5104 5103
f 5105 5103 5104
f 5104 5106 5105
f 5107 5105 5106
f 5106 5108 5107
f 5109 5107 5108
f 5108 5110 5109
f 5111 5109 5110
f 5110 5112 5111
f 5113 5111 5112
f 5112 5114 5113
f 5115 5113 5114
f 5114 5116 5115
f 5117 5115 5116
f 5116 5118 5117
f 5119 5117 5118
f 5118 5120 5119
f 5121 5119 5120
f 5120 5122 5121
f 5123 5121 5122
f 5122 5124 5123
f 5125 5123 5124
f 5124 5126 5125
f 5127 5125 5126
f 5126 5128 5127
f 5129 5127 5128
f 5128 5130 5129
f 5131 5129 5130
f 5130 5132 5131
f 5133 5131 5132
f 5132 5134 5133
f 5135 5133 5134
f 5134 5136 5135
f 5137 5135 5136
f 5136 5138 5137
f 5139 5137 5138
f 5138 5140 5139
f 5141 5139 5140
f 5140 5142 5141
f 5143 5141 5142
f 5142 5144 5143
f 5145 5143 5144
f 5144 5146 5145
f 5147 5145 5146
f 5146 5148 5147
f 5149 5147 5148
f 5148 5150 5149
f 5151 5149 5150
f 5150 5152 5151
f 5153 5151 5152
f 5152 5154 5153
f 5155 5153 5154
f 5154 5156 5155
f 5157 5155 5156
f 5156 5158 5157
f 5159 5157 5158
f 5158 5160 5159
f 5161 5159 5160
f 5160 5162 5161
f 5163 5161 5162
f 5162 5164 5163
f 5165 5163 5164
f 5164 5166 5165
f 5167 5165 5166
f 5166 5168 5167
f 5169 5167 5168
f 5168 5170 5169
f 5171 5169 5170
f 5170 5172 5171
f 5173 5171 5172
f 5172 5174 5173
f 5175 5173 5174
f 5174 5176 5175
f 5177 5175 5176
f 5176 5178 5177
f 5179 5177 5178
f 5178 5180 5179
f 5181 5179 5180
f 5180 5182 5181
f 5183 5181 5182
f 5182 5184 5183
f 5185 5183 5184
f 5184 5186 5185
f 5187 5185 5186
f 5186 5188 5187
f 5189 5187 5188
f 5188 5190 5189
f 5191 5189 5190
f 5190 5192 5191
f 5193 5191 5192
f 5192 5194 5193
f 5195 5193 5194
f 5194 5196 5195
f 5197 5195 5196
f 5196 5198 5197
f 5199 5197 5198
f 5198 5200 5199
f 5201 5199 5200
f 5200 5202 5201
f 5203 5201 5202
f 5202 5204 5203
f 5205 5203 5204
f 5204 5206 5205
f 5207 5205 5206
f 5206 5208 5207
f 5209 5207 5208
f 5208 5210 5209
f 5211 5209 5210
f 5210 5212 5211
f 5213 5211 5212
f 5212 5214 5213
f 5215 5213 5214
f 5214 5216 5215
f 5217 5215 5216
f 5216 5218 5217
f 5219 5217 5218
f 5218 5220 5219
f 5221 5219 5220
f 5220 5222 5221
f 5223 5221 5222
f 5222 5224 5223
f 5225 5223 5224
f 5224 5226 5225
f 5227 5225 5226
f 5226 5228 5227
f 5229 5227 5228
f 5228 5230 5229
f 5231 5229 5230
f 5230 5232 5231
f 5233 5231 5232
f 5232 5234 5233
f 5235 5233 5234
f 5234 5236 5235
f 5237 5235 5236
f 5236 5238 5237
f 5239 5237 5238
f 5238 5240 5239
f 5241 5239 5240
f 5240 5242 5241
f 5243 5241 5242
f 5242 5244 5243
f 5245 5243 5244
f 5244 5246 5245
f 5247 5245 5246
f 5246 5248 5247
f 5249 5247 5248
f 5248 5250 5249
f 5251 5249 5250
f 5250 5252 5251
f 5253 5251 5252
f 5252 5254 5253
f 5255 5253 5254
f 5254 5256 5255
f 5257 5255 5256
f 5256 5258 5257
f 5259 5257 5258
f 5258 5260 5259
f 5261 5259 5260
f 5260 5262 5261
f 5263 5261 5262
f 5262 5264 5263
f 5265 5263 5264
f 5264 5266 5265
f 5267 5265 5266
f 5266 5268 5267
f 5269 5267 5268
f 5268 5270 5269
f 5271 5269 5270
f 5270 5272 5271
f 5273 5271 5272
f 5272 5274 5273
f 5275 5273 5274
f 5274 5276 5275
f 5277 5275 5276
f 5276 5278 5277
f 5279 5277 5278
f 5278 5280 5279
f 5281 5279 5280
f 5280 5282 5281
f 5283 5281 5282
f 5282 5284 5283
f 5285 5283 5284
f 5284 5286 5285
f 5287 5285 5286
f 5286 5288 5287
f 5289 5287 5288
f 5288 5290 5289
f 5291 5289 5290
f 5290 5292 5291
f 5293 5291 5292
f 5292 5294 5293
f 5295 5293 5294
f 5294 5296 5295
f 5297 5295 5296
f 5296 5298 5297
f 5299 5297 5298
f 5298 5300 5299
f 5301 5299 5300
f 5300 5302 5301
f 5303 5301 5302
f 5302 5304 5303
f 5305 5303 5304
f 5304 5306 5305
f 5307 5305 5306
f 5306 5308 5307
f 5309 5307 5308
f 5308 5310 5309
f 5311 5309 5310
f 5310 5312 5311
f 5313 5311 5312
f 5312 5314 5313
f 5315 5313 5314
f 5314 5316 5315
f 5317 5315 5316
f 5316 5318 5317
f 5319 5317 5318
f 5318 5320 5319
f 5321 5319 5320
f 5320 5322 5321
f 5323 5321 5322
f 5322 5324 5323
f 5325 5323 5324
f 5324 5326 5325
f 5327 5325 5326
f 5326 5328 5327
f 5329 5327 5328
f 5328 5330 5329
f 5331 5329 5330
f 5330 5332 5331
f 5333 5331 5332
f 5332 5334 5333
f 5335 5333 5334
f 5334 5336 5335
f 5337 5335 5336
f 5336 5338 5337
f 5339 5337 5338
f 5338 5340 5339
f 5341 5339 5340
f 5340 5342 5341
f 5343 5341 5342
f 5342 5344 5343
f 5345 5343 5344
f 5344 5346 5345
f 5347 5345 5346
f 5346 5348 5347
f 5349 5347 5348
f 5348 5350 5349
f 5351 5349 5350
f 5350 5352 5351
f 5353 5351 5352
f 5352 5354 5353
f 5355 5353 5354
f 5354 5356 5355
f 5357 5355 5356
f 5356 5358 5357
f 5359 5357 5358
f 5358 5360 5359
f 5361 5359 5360
f 5360 5362 5361
f 5363 5361 5362
f 5362 5364 5363
f 5365 5363 5364
f 5364 5366 5365
f 5367 5365 5366
f 5366 5368 5367
f 5369 5367 5368
f 5368 5370 5369
f 5371 5369 5370
f 5370 5372 5371
f 5373 5371 5372
f 5372 5374 5373
f 5375 5373 5374
f 5374 5376 5375
f 5377 5375 5376
f 5376 5378 5377
f 5379 5377 5378
f 5378 5380 5379
f 5381 5379 5380
f 5380 5382 5381
f 5383 5381 5382
f 5382 5384 5383
f 5385 5383 5384
f 5384 5386 5385
f 5387 5385 5386
f 5386 5388 5387
f 5389 5387 5388
f 5388 5390 5389
f 5391 5389 5390
f 5390 5392 5391
f 5393 5391 5392
f 5392 5394 5393
f 5395 5393 5394
f 5394 5396 5395
f 5397 5395 5396
f 5396 5398 5397
f 5399 5397 5398
f 5398 5400 5399
f 5401 5399 5400
f 5400 5402 5401
f 5403 5401 5402
f 5402 5404 5403
f 5405 5403 5404
f 5404 5406 5405
f 5407 5405 5406
f 5406 5408 5407
f 5409 5407 5408
f 5408 5410 5409
f 5411 5409 5410
f 5410 5412 5411
f 5413 5411 5412
f 5412 5414 5413
f 5415 5413 5414
f 5414 5416 5415
f 5417 5415 5416
f 5416 5418 5417
f 5419 5417 5418
f 5418 5420 5419
f 5421 5419 5420
f 5420 5422 5421
f 5423 5421 5422
f 5422 5424 5423
f 5425 5423 5424
f 5424 5426 5425
f 5427 5425 5426
f 5426 5428 5427
f 5429 5427 5428
f 5428 5430 5429
f 5431 5429 5430
f 5430 5432 5431
f 5433 5431 5432
f 5432 5434 5433
f 5435 5433 5434
f 5434 5436 5435
f 5437 5435 5436
f 5436 5438 5437
f 5439 5437 5438
f 5438 5440 5439
f 5441 5439 5440
f 5440 5442 5441
f 5443 5441 5442
f 5442 5444 5443
f 5445 5443 5444
f 5444 5446 5445
f 5447 5445 5446
f 5446 5448 5447
f 5449 5447 5448
f 5448 5450 5449
f 5451 5449 5450
f 5450 5452 5451
f 5453 5451 5452
f 5452 5454 5453
f 5455 5453 5454
f 5454 5456 5455
f 5457 5455 5456
f 5456 5458 5457
f 5459 5457 5458
f 5458 5460 5459
f 5461 5459 5460
f 5460 5462 5461
f 5463 5461 5462
f 5462 5464 5463
f 5465 5463 5464
f 5464 5466 5465
f 5467 5465 5466
f 5466 5468 5467
f 5469 5467 5468
f 5468 5470 5469
f 5471 5469 5470
f 5470 5472 5471
f 5473 5471 5472
f 5472 5474 5473
f 5475 5473 5474
f 5474 5476 5475
f 5477 5475 5476
f 5476 5478 5477
f 5479 5477 5478
f 5478 5480 5479
f 5481 5479 5480
f 5480 5482 5481
f 5483 5481 5482
f 5482 5484 5483
f 5485 5483 5484
f 5484 5486 5485
f 5487 5485 5486
f 5486 5488 5487
f 5489 5487 5488
f 5488 5490 5489
f 5491 5489 5490
f 5490 5492 5491
f 5493 5491 5492
f 5492 5494 5493
f 5495 5493 5494
f 5494 5496 5495
f 5497 5495 5496
f 5496 5498 5497
f 5499 5497 5498
f 5498 5500 5499
f 5501 5499 5500
f 5500 5502 5501
f 5503 5501 5502
f 5502 5504 5503
f 5505 5503 5504
f 5504 5506 5505
f 5507 5505 5506
f 5506 5508 5507
f 5509 5507 5508
f 5508 5510 5509
f 5511 5509 5510
f 5510 5512 5511
f 5513 5511 5512
f 5512 5514 5513
f 5515 5513 5514
f 5514 5516 5515
f 5517 5515 5516
f 5516 5518 5517
f 5519 5517 5518
f 5518 5520 5519
f 5521 5519 5520
f 5520 5522 5521
f 5523 5521 5522
f 5522 5524 5523
f 5525 5523 5524
f 5524 5526 5525
f 5527 5525 5526
f 5526 5528 5527
f 5529 5527 5528
f 5528 5530 5529
f 5531 5529 5530
f 5530 5532 5531
f 5533 5531 5532
f 5532 5534 5533
f 5535 5533 5534
f 5534 5536 5535
f 5537 5535 5536
f 5536 5538 5537
f 5539 5537 5538
f 5538 5540 5539
f 5541 5539 5540
f 5540 5542 5541
f 5543 5541 5542
f 5542 5544 5543
f 5545 5543 5544
f 5544 5546 5545
f 5547 5545 5546
f 5546 5548 5547
f 5549 5547 5548
f 5548 5550 5549
f 5551 5549 5550
f 5550 5552 5551
f 5553 5551 5552
f 5552 5554 5553
f 5555 5553 5554
f 5554 5556 5555
f 5557 5555 5556
f 5556 5558 5557
f 5559 5557 5558
f 5558 5560 5559
f 5561 5559 5560
f 5560 5562 5561
f 5563 5561 5562
f 5562 5564 5563
f 5565 5563 5564
f 5564 5566 5565
f 5567 5565 5566
f 5566 5568 5567
f 5569 5567 5568
f 5568 5570 5569
f 5571 5569 5570
f 5570 5572 5571
f 5573 5571 5572
f 5572 5574 5573
f 5575 5573 5574
f 5574 5576 5575
f 5577 5575 5576
f 5576 5578 5577
f 5579 5577 5578
f 5578 5580 5579
f 5581 5579 5580
f 5580 5582 5581
f 5583 5581 5582
f 5582 5584 5583
f 5585 5583 5584
f 5584 5586 5585
f 5587 5585 5586
f 5586 5588 5587
f 5589 5587 5588
f 5588 5590 5589
f 5591 5589 5590
f 5590 5592 5591
f 5593 5591 5592
f 5592 5594 5593
f 5595 5593 5594
f 5594 5596 5595
f 5597 5595 5596
f 5596 5598 5597
f 5599 5597 5598
f 5598 5600 5599
f 5601 5599 5600
f 5600 5602 5601
f 5603 5601 5602
f 5602 5604 5603
f 5605 5603 5604
f 5604 5606 5605
f 5607 5605 5606
f 5606 5608 5607
f 5609 5607 5608
f 5608 5610 5609
f 5611 5609 5610
f 5610 5612 5611
f 5613 5611 5612
f 5612 5614 5613
f 5615 5613 5614
f 5614 5616 5615
f 5617 5615 5616
f 5616 5618 5617
f 5619 5617 5618
f 5618 5620 5619
f 5621 5619 5620
f 5620 5622 5621
f 5623 5621 5622
f 5622 5624 5623
f 5625 5623 5624
f 5624 5626 5625
f 5627 5625 5626
f 5626 5628 5627
f 5629 5627 5628
f 5628 5630 5629
f 5631 5629 5630
f 5630 5632 5631
f 5633 5631 5632
f 5632 5634 5633
f 5635 5633 5634
f 5634 5636 5635
f 5637 5635 5636
f 5636 5638 5637
f 5639 5637 5638
f 5638 5640 5639
f 5641 5639 5640
f 5640 5642 5641
f 5643 5641 5642
f 5642 5644 5643
f 5645 5643 5644
f 5644 5646 5645
f 5647 5645 5646
f 5646 5648 5647
f 5649 5647 5648
f 5648 5650 5649
f 5651 5649 5650
f 5650 5652 5651
f 5653 5651 5652
f 5652 5654 5653
f 5655 5653 5654
f 5654 5656 5655
f 5657 5655 5656
f 5656 5658 5657
f 5659 5657 5658
f 5658 5660 5659
f 5661 5659 5660
f 5660 5662 5661
f 5663 5661 5662
f 5662 5664 5663
f 5665 5663 5664
f 5664 5666 5665
f 5667 5665 5666
f 5666 5668 5667
f 5669 5667 5668
f 5668 5670 5669
f 5671 5669 5670
f 5670 5672 5671
f 5673 5671 5672
f 5672 5674 5673
f 5675 5673 5674
f 5674 5676 5675
f 5677 5675 5676
f 5676 5678 5677
f 5679 5677 5678
f 5678 5680 5679
f 5681 5679 5680
f 5680 5682 5681
f 5683 5681 5682
f 5682 5684 5683
f 5685 5683 5684
f 5684 5686 5685
f 5687 5685 5686
f 5686 5688 5687
f 5689 5687 5688
f 5688 5690 5689
f 5691 5689 5690
f 5690 5692 5691
f 5693 5691 5692
f 5692 5694 5693
f 5695 5693 5694
f 5694 5696 5695
f 5697 5695 5696
f 5696 5698 5697
f 5699 5697 5698
f 5698 5700 5699
f 5701 5699 5700
f 5700 5702 5701
f 5703 5701 5702
f 5702 5704 5703
f 5705 5703 5704
f 5704 5706 5705
f 5707 5705 5706
f 5706 5708 5707
f 5709 5707 5708
f 5708 5710 5709
f 5711 5709 5710
f 5710 5712 5711
f 5713 5711 5712
f 5712 5714 5713
f 5715 5713 5714
f 5714 5716 5715
f 5717 5715 5716
f 5716 5718 5717
f 5719 5717 5718
f 5718 5720 5719
f 5721 5719 5720
f 5720 5722 5721
f 5723 5721 5722
f 5722 5724 5723
f 5725 5723 5724
f 5724 5726 5725
f 5727 5725 5726
f 5726 5728 5727
f 5729 5727 5728
f 5728 5730 5729
f 5731 5729 5730
f 5730 5732 5731
f 5733 5731 5732
f 5732 5734 5733
f 5735 5733 5734
f 5734 5736 5735
f 5737 5735 5736
f 5736 5738 5737
f 5739 5737 5738
f 5738 5740 5739
f 5741 5739 5740
f 5740 5742 5741
f 5743 5741 5742
f 5742 5744 5743
f 5745 5743 5744
f 5744 5746 5745
f 5747 5745 5746
f 5746 5748 5747
f 5749 5747 5748
f 5748 5750 5749
f 5751 5749 5750
f 5750 5752 5751
f 5753 5751 5752
f 5752 5754 5753
f 5755 5753 5754
f 5754 5756 5755
f 5757 5755 5756
f 5756 5758 5757
f 5759 5757 5758
f 5758 5760 5759
f 5761 5759 5760
f 5760 5762 5761
f 5763 5761 5762
f 5762 5764 5763
f 5765 5763 5764
f 5764 5766 5765
f 5767 5765 5766
f 5766 5768 5767
f 5769 5767 5768
f 5768 5770 5769
f 5771 5769 5770
f 5770 5772 5771
f 5773 5771 5772
f 5772 5774 5773
f 5775 5773 5774
f 5774 5776 5775
f 5777 5775 5776
f 5776 5778 5777
f 5779 5777 5778
f 5778 5780 5779
f 5781 5779 5780
f 5780 5782 5781
f 5783 5781 5782
f 5782 5784 5783
f 5785 5783 5784
f 5784 5786 5785
f 5787 5785 5786
f 5786 5788 5787
f 5789 5787 5788
f 5788 5790 5789
f 5791 5789 5790
f 5790 5792 5791
f 5793 5791 5792
f 5792 5794 5793
f 5795 5793 5794
f 5794 5796 5795
f 5797 5795 5796
f 5796 5798 5797
f 5799 5797 5798
f 5798 5800 5799
f 5801 5799 5800
f 5800 5802 5801
f 5803 5801 5802
f 5802 5804 5803
f 5805 5803 5804
f 5804 5806 5805
f 5807 5805 5806
f 5806 5808 5807
f 5809 5807 5808
f 5808 5810 5809
f 5811 5809 5810
f 5810 5812 5811
f 5813 5811 5812
f 5812 5814 5813
f 5815 5813 5814
f 5814 5816 5815
f 5817 5815 5816
f 5816 5818 5817
f 5819 5817 5818
f 5818 5820 5819
f 5821 5819 5820
f 5820 5822 5821
f 5823 5821 5822
f 5822 5824 5823
f 5825 5823 5824
f 5824 5826 5825
f 5827 5825 5826
f 5826 5828 5827
f 5829 5827 5828
f 5828 5830 5829
f 5831 5829 5830
f 5830 5832 5831
f 5833 5831 5832
f 5832 5834 5833
f 5835 5833 5834
f 5834 5836 5835
f 5837 5835 5836
f 5836 5838 5837
f 5839 5837 5838
f 5838 5840 5839
f 5841 5839 5840
f 5840 5842 5841
f 5843 5841 5842
f 5842 5844 5843
f 5845 5843 5844
f 5844 5846 5845
f 5847 5845 5846
f 5846 5848 5847
f 5849 5847 5848
f 5848 5850 5849
f 4460 5849 5850
f 5850 4461 4460
f 5851 5852 5853
f 5853 5854 5851
f 5855 5851 5854
f 5854 5856 5855
f 5857 5855 5856
f 5856 5858 5857
f 5859 5857 5858
f 5858 5860 5859
f 5861 5859 5860
f 5860 5862 5861
f 5863 5861 5862
f 5862 5864 5863
f 5865 5863 5864
f 5864 5866 5865
f 5867 5865 5866
f 5866 5868 5867
f 5869 5867 5868
f 5868 5870 5869
f 5871 5869 5870
f 5870 5872 5871
f 5873 5871 5872
f 5872 5874 5873
f 5875 5873 5874
f 5874 5876 5875
f 5877 5875 5876
f 5876 5878 5877
f 5879 5877 5878
f 5878 5880 5879
f 5881 5879 5880
f 5880 5882 5881
f 5883 5881 5882
f 5882 5884 5883
f 5885 5883 5884
f 5884 5886 5885
f 5887 5885 5886
f 5886 5888 5887
f 5889 5887 5888
f 5888 5890 5889
f 5891 5889 5890
f 5890 5892 5891
f 5893 5891 5892
f 5892 5894 5893
f 5895 5893 5894
f 5894 5896 5895
f 5897 5895 5896
f 5896 5898 5897
f 5899 5897 5898
f 5898 5900 5899
f 5901 5899 5900
f 5900 5902 5901
f 5903 5901 5902
f 5902 5904 5903
f 5905 5903 5904
f 5904 5906 5905
f 5907 5905 5906
f 5906 5908 5907
f 5909 5907 5908
f 5908 5910 5909
f 5911 5909 5910
f 5910 5912 5911
f 5913 5911 5912
f 5912 5914 5913
f 5915 5913 5914
f 5914 5916 5915
f 5917 5915 5916
f 5916 5918 5917
f 5919 5917 5918
f 5918 5920 5919
f 5921 5919 5920
f 5920 5922 5921
f 5923 5921 5922
f 5922 5924 5923
f 5925 5923 5924
f 5924 5926 5925
f 5927 5925 5926
f 5926 5928 5927
f 5929 5927 5928
f 5928 5930 5929
f 5931 5929 5930
f 5930 5932 5931
f 5933 5931 5932
f 5932 5934 5933
f 5935 5933 5934
f 5934 5936 5935
f 5937 5935 5936
f 5936 5938 5937
f 5939 5937 5938
f 5938 5940 5939
f 5941 5939 5940
f 5940 5942 5941
f 5943 5941 5942
f 5942 5944 5943
f 5945 5943 5944
f 5944 5946 5945
f 5947 5945 5946
f 5946 5948 5947
f 5949 5947 5948
f 5948 5950 5949
f 5951 5949 5950
f 5950 5952 5951
f 5953 5951 5952
f 5952 5954 5953
f 5955 5953 5954
f 5954 5956 5955
f 5957 5955 5956
f 5956 5958 5957
f 5959 5957 5958
f 5958 5960 5959
f 5961 5959 5960
f 5960 5962 5961
f 5963 5961 5962
f 5962 5964 5963
f 5965 5963 5964
f 5964 5966 5965
f 5967 5965 5966
f 5966 5968 5967
f 5969 5967 5968
f 5968 5970 5969
f 5971 5969 5970
f 5970 5972 5971
f 5973 5971 5972
f 5972 5974 5973
f 5975 5973 5974
f 5974 5976 5975
f 5977 5975 5976
f 5976 5978 5977
f 5979 5977 5978
f 5978 5980 5979
f 5981 5979 5980
f 5980 5982 5981
f 5983 5981 5982
f 5982 5984 5983
f 5985 5983 5984
f 5984 5986 5985
f 5987 5985 5986
f 5986 5988 5987
f 5989 5987 5988
f 5988 5990 5989
f 5991 5989 5990
f 5990 5992 5991
f 5993 5991 5992
f 5992 5994 5993
f 5995 5993 5994
f 5994 5996 5995
f 5997 5995 5996
f 5996 5998 5997
f 5999 5997 5998
f 5998 6000 5999
f 6001 5999 6000
f 6000 6002 6001
f 6003 6001 6002
f 6002 6004 6003
f 6005 6003 6004
f 6004 6006 6005
f 6007 6005 6006
f 6006 6008 6007
f 6009 6007 6008
f 6008 6010 6009
f 6011 6009 6010
f 6010 6012 6011
f 6013 6011 6012
f 6012 6014 6013
f 6015 6013 6014
f 6014 6016 6015
f 6017 6015 6016
f 6016 6018 6017
f 6019 6017 6018
f 6018 6020 6019
f 6021 6019 6020
f 6020 6022 6021
f 6023 6021 6022
f 6022 6024 6023
f 6025 6023 6024
f 6024 6026 6025
f 6027 6025 6026
f 6026 6028 6027
f 6029 6027 6028
f 6028 6030 6029
f 6031 6029 6030
f 6030 6032 6031
f 6033 6031 6032
f 6032 6034 6033
f 6035 6033 6034
f 6034 6036 6035
f 6037 6035 6036
f 6036 6038 6037
f 6039 6037 6038
f 6038 6040 6039
f 6041 6039 6040
f 6040 6042 6041
f 6043 6041 6042
f 6042 6044 6043
f 6045 6043 6044
f 6044 6046 6045
f 6047 6045 6046
f 6046 6048 6047
f 6049 6047 6048
f 6048 6050 6049
f 6051 6049 6050
f 6050 6052 6051
f 6053 6051 6052
f 6052 6054 6053
f 6055 6053 6054
f 6054 6056 6055
f 6057 6055 6056
f 6056 6058 6057
f 6059 6057 6058
f 6058 6060 6059
f 6061 6059 6060
f 6060 6062 6061
f 6063 6061 6062
f 6062 6064 6063
f 6065 6063 6064
f 6064 6066 6065
f 6067 6065 6066
f 6066 6068 6067
f 6069 6067 6068
f 6068 6070 6069
f 6071 6069 6070
f 6070 6072 6071
f 6073 6071 6072
f 6072 6074 6073
f 6075 6073 6074
f 6074 6076 6075
f 6077 6075 6076
f 6076 6078 6077
f 6079 6077 6078
f 6078 6080 6079
f 6081 6079 6080
f 6080 6082 6081
f 6083 6081 6082
f 6082 6084 6083
f 6085 6083 6084
f 6084 6086 6085
f 6087 6085 6086
f 6086 6088 6087
f 6089 6087 6088
f 6088 6090 6089
f 6091 6089 6090
f 6090 6092 6091
f 6093 6091 6092
f 6092 6094 6093
f 6095 6093 6094
f 6094 6096 6095
f 6097 6095 6096
f 6096 6098 6097
f 6099 6097 6098
f 6098 6100 6099
f 6101 6099 6100
f 6100 6102 6101
f 6103 6101 6102
f 6102 6104 6103
f 6105 6103 6104
f 6104 6106 6105
f 6107 6105 6106
f 6106 6108 6107
f 6109 6107 6108
f 6108 6110 6109
f 6111 6109 6110
f 6110 6112 6111
f 6113 6111 6112
f 6112 6114 6113
f 6115 6113 6114
f 6114 6116 6115
f 6117 6115 6116
f 6116 6118 6117
f 6119 6117 6118
f 6118 6120 6119
f 6121 6119 6120
f 6120 6122 6121
f 6123 6121 6122
f 6122 6124 6123
f 6125 6123 6124
f 6124 6126 6125
f 6127 6125 6126
f 6126 6128 6127
f 6129 6127 6128
f 6128 6130 6129
f 6131 6129 6130
f 6130 6132 6131
f 6133 6131 6132
f 6132 6134 6133
f 6135 6133 6134
f 6134 6136 6135
f 6137 6135 6136
f 6136 6138 6137
f 6139 6137 6138
f 6138 6140 6139
f 6141 6139 6140
f 6140 6142 6141
f 6143 6141 6142
f 6142 6144 6143
f 6145 6143 6144
f 6144 6146 6145
f 6147 6145 6146
f 6146 6148 6147
f 6149 6147 6148
f 6148 6150 6149
f 6151 6149 6150
f 6150 6152 6151
f 6153 6151 6152
f 6152 6154 6153
f 6155 6153 6154
f 6154 6156 6155
f 6157 6155 6156
f 6156 6158 6157
f 6159 6157 6158
f 6158 6160 6159
f 6161 6159 6160
f 6160 6162 6161
f 6163 6161 6162
f 6162 6164 6163
f 6165 6163 6164
f 6164 6166 6165
f 6167 6165 6166
f 6166 6168 6167
f 6169 6167 6168
f 6168 6170 6169
f 6171 6169 6170
f 6170 6172 6171
f 6173 6171 6172
f 6172 6174 6173
f 6175 6173 6174
f 6174 6176 6175
f 6177 6175 6176
f 6176 6178 6177
f 6179 6177 6178
f 6178 6180 6179
f 6181 6179 6180
f 6180 6182 6181
f 6183 6181 6182
f 6182 6184 6183
f 6185 6183 6184
f 6184 6186 6185
f 6187 6185 6186
f 6186 6188 6187
f 6189 6187 6188
f 6188 6190 6189
f 6191 6189 6190
f 6190 6192 6191
f 6193 6191 6192
f 6192 6194 6193
f 6195 6193 6194
f 6194 6196 6195
f 6197 6195 6196
f 6196 6198 6197
f 6199 6197 6198
f 6198 6200 6199
f 6201 6199 6200
f 6200 6202 6201
f 6203 6201 6202
f 6202 6204 6203
f 6205 6203 6204
f 6204 6206 6205
f 6207 6205 6206
f 6206 6208 6207
f 6209 6207 6208
f 6208 6210 6209
f 6211 6209 6210
f 6210 6212 6211
f 6213 6211 6212
f 6212 6214 6213
f 6215 6213 6214
f 6214 6216 6215
f 6217 6215 6216
f 6216 6218 6217
f 6219 6217 6218
f 6218 6220 6219
f 6221 6219 6220
f 6220 6222 6221
f 6223 6221 6222
f 6222 6224 6223
f 6225 6223 6224
f 6224 6226 6225
f 6227 6225 6226
f 6226 6228 6227
f 6229 6227 6228
f 6228 6230 6229
f 6231 6229 6230
f 6230 6232 6231
f 6233 6231 6232
f 6232 6234 6233
f 6235 6233 6234
f 6234 6236 6235
f 6237 6235 6236
f 6236 6238 6237
f 6239 6237 6238
f 6238 6240 6239
f 6241 6239 6240
f 6240 6242 6241
f 6243 6241 6242
f 6242 6244 6243
f 6245 6243 6244
f 6244 6246 6245
f 6247 6245 6246
f 6246 6248 6247
f 6249 6247 6248
f 6248 6250 6249
f 6251 6249 6250
f 6250 6252 6251
f 6253 6251 6252
f 6252 6254 6253
f 6255 6253 6254
f 6254 6256 6255
f 6257 6255 6256
f 6256 6258 6257
f 6259 6257 6258
f 6258 6260 6259
f 6261 6259 6260
f 6260 6262 6261
f 6263 6261 6262
f 6262 6264 6263
f 6265 6263 6264
f 6264 6266 6265
f 6267 6265 6266
f 6266 6268 6267
f 6269 6267 6268
f 6268 6270 6269
f 6271 6269 6270
f 6270 6272 6271
f 6273 6271 6272
f 6272 6274 6273
f 6275 6273 6274
f 6274 6276 6275
f 6277 6275 6276
f 6276 6278 6277
f 6279 6277 6278
f 6278 6280 6279
f 6281 6279 6280
f 6280 6282 6281
f 6283 6281 6282
f 6282 6284 6283
f 6285 6283 6284
f 6284 6286 6285
f 6287 6285 6286
f 6286 6288 6287
f 6289 6287 6288
f 6288 6290 6289
f 6291 6289 6290
f 6290 6292 6291
f 6293 6291 6292
f 6292 6294 6293
f 6295 6293 6294
f 6294 6296 6295
f 6297 6295 6296
f 6296 6298 6297
f 6299 6297 6298
f 6298 6300 6299
f 6301 6299 6300
f 6300 6302 6301
f 6303 6301 6302
f 6302 6304 6303
f 6305 6303 6304
f 6304 6306 6305
f 6307 6305 6306
f 6306 6308 6307
f 6309 6307 6308
f 6308 6310 6309
f 6311 6309 6310
f 6310 6312 6311
f 6313 6311 6312
f 6312 6314 6313
f 6315 6313 6314
f 6314 6316 6315
f 6317 6315 6316
f 6316 6318 6317
f 6319 6317 6318
f 6318 6320 6319
f 6321 6319 6320
f 6320 6322 6321
f 6323 6321 6322
f 6322 6324 6323
f 6325 6323 6324
f 6324 6326 6325
f 6327 6325 6326
f 6326 6328 6327
f 6329 6327 6328
f 6328 6330 6329
f 6331 6329 6330
f 6330 6332 6331
f 6333 6331 6332
f 6332 6334 6333
f 6335 6333 6334
f 6334 6336 6335
f 6337 6335 6336
f 6336 6338 6337
f 6339 6337 6338
f 6338 6340 6339
f 6341 6339 6340
f 6340 6342 6341
f 6343 6341 6342
f 6342 6344 6343
f 6345 6343 6344
f 6344 6346 6345
f 6347 6345 6346
f 6346 6348 6347
f 6349 6347 6348
f 6348 6350 6349
f 6351 6349 6350
f 6350 6352 6351
f 6353 6351 6352
f 6352 6354 6353
f 6355 6353 6354
f 6354 6356 6355
f 6357 6355 6356
f 6356 6358 6357
f 6359 6357 6358
f 6358 6360 6359
f 6361 6359 6360
f 6360 6362 6361
f 6363 6361 6362
f 6362 6364 6363
f 6365 6363 6364
f 6364 6366 6365
f 6367 6365 6366
f 6366 6368 6367
f 6369 6367 6368
f 6368 6370 6369
f 6371 6369 6370
f 6370 6372 6371
f 6373 6371 6372
f 6372 6374 6373
f 6375 6373 6374
f 6374 6376 6375
f 6377 6375 6376
f 6376 6378 6377
f 6379 6377 6378
f 6378 6380 6379
f 6381 6379 6380
f 6380 6382 6381
f 6383 6381 6382
f 6382 6384 6383
f 6385 6383 6384
f 6384 6386 6385
f 6387 6385 6386
f 6386 6388 6387
f 6389 6387 6388
f 6388 6390 6389
f 6391 6389 6390
f 6390 6392 6391
f 6393 6391 6392
f 6392 6394 6393
f 6395 6393 6394
f 6394 6396 6395
f 6397 6395 6396
f 6396 6398 6397
f 6399 6397 6398
f 6398 6400 6399
f 6401 6399 6400
f 6400 6402 6401
f 6403 6401 6402
f 6402 6404 6403
f 6405 6403 6404
f 6404 6406 6405
f 6407 6405 6406
f 6406 6408 6407
f 6409 6407 6408
f 6408 6410 6409
f 6411 6409 6410
f 6410 6412 6411
f 6413 6411 6412
f 6412 6414 6413
f 6415 6413 6414
f 6414 6416 6415
f 6417 6415 6416
f 6416 6418 6417
f 6419 6417 6418
f 6418 6420 6419
f 6421 6419 6420
f 6420 6422 6421
f 6423 6421 6422
f 6422 6424 6423
f 6425 6423 6424
f 6424 6426 6425
f 6427 6425 6426
f 6426 6428 6427
f 6429 6427 6428
f 6428 6430 6429
f 6431 6429 6430
f 6430 6432 6431
f 6433 6431 6432
f 6432 6434 6433
f 6435 6433 6434
f 6434 6436 6435
f 6437 6435 6436
f 6436 6438 6437
f 6439 6437 6438
f 6438 6440 6439
f 6441 6439 6440
f 6440 6442 6441
f 6443 6441 6442
f 6442 6444 6443
f 6445 6443 6444
f 6444 6446 6445
f 6447 6445 6446
f 6446 6448 6447
f 6449 6447 6448
f 6448 6450 6449
f 6451 6449 6450
f 6450 6452 6451
f 6453 6451 6452
f 6452 6454 6453
f 6455 6453 6454
f 6454 6456 6455
f 6457 6455 6456
f 6456 6458 6457
f 6459 6457 6458
f 6458 6460 6459
f 6461 6459 6460
f 6460 6462 6461
f 6463 6461 6462
f 6462 6464 6463
f 6465 6463 6464
f 6464 6466 6465
f 6467 6465 6466
f 6466 6468 6467
f 6469 6467 6468
f 6468 6470 6469
f 6471 6469 6470
f 6470 6472 6471
f 6473 6471 6472
f 6472 6474 6473
f 6475 6473 6474
f 6474 6476 6475
f 6477 6475 6476
f 6476 6478 6477
f 6479 6477 6478
f 6478 6480 6479
f 6481 6479 6480
f 6480 6482 6481
f 6483 6481 6482
f 6482 6484 6483
f 6485 6483 6484
f 6484 6486 6485
f 6487 6485 6486
f 6486 6488 6487
f 6489 6487 6488
f 6488 6490 6489
f 6491 6489 6490
f 6490 6492 6491
f 6493 6491 6492
f 6492 6494 6493
f 6495 6493 6494
f 6494 6496 6495
f 6497 6495 6496
f 6496 6498 6497
f 6499 6497 6498
f 6498 6500 6499
f 6501 6499 6500
f 6500 6502 6501
f 6503 6501 6502
f 6502 6504 6503
f 6505 6503 6504
f 6504 6506 6505
f 6507 6505 6506
f 6506 6508 6507
f 6509 6507 6508
f 6508 6510 6509
f 6511 6509 6510
f 6510 6512 6511
f 6513 6511 6512
f 6512 6514 6513
f 6515 6513 6514
f 6514 6516 6515
f 6517 6515 6516
f 6516 6518 6517
f 6519 6517 6518
f 6518 6520 6519
f 6521 6519 6520
f 6520 6522 6521
f 6523 6521 6522
f 6522 6524 6523
f 6525 6523 6524
f 6524 6526 6525
f 6527 6525 6526
f 6526 6528 6527
f 6529 6527 6528
f 6528 6530 6529
f 6531 6529 6530
f 6530 6532 6531
f 6533 6531 6532
f 6532 6534 6533
f 6535 6533 6534
f 6534 6536 6535
f 6537 6535 6536
f 6536 6538 6537
f 6539 6537 6538
f 6538 6540 6539
f 6541 6539 6540
f 6540 6542 6541
f 6543 6541 6542
f 6542 6544 6543
f 6545 6543 6544
f 6544 6546 6545
f 6547 6545 6546
f 6546 6548 6547
f 6549 6547 6548
f 6548 6550 6549
f 6551 6549 6550
f 6550 6552 6551
f 6553 6551 6552
f 6552 6554 6553
f 6555 6553 6554
f 6554 6556 6555
f 6557 6555 6556
f 6556 6558 6557
f 6559 6557 6558
f 6558 6560 6559
f 6561 6559 6560
f 6560 6562 6561
f 6563 6561 6562
f 6562 6564 6563
f 6565 6563 6564
f 6564 6566 6565
f 6567 6565 6566
f 6566 6568 6567
f 6569 6567 6568
f 6568 6570 6569
f 6571 6569 6570
f 6570 6572 6571
f 6573 6571 6572
f 6572 6574 6573
f 6575 6573 6574
f 6574 6576 6575
f 6577 6575 6576
f 6576 6578 6577
f 6579 6577 6578
f 6578 6580 6579
f 6581 6579 6580
f 6580 6582 6581
f 6583 6581 6582
f 6582 6584 6583
f 6585 6583 6584
f 6584 6586 6585
f 6587 6585 6586
f 6586 6588 6587
f 6589 6587 6588
f 6588 6590 6589
f 6591 6589 6590
f 6590 6592 6591
f 6593 6591 6592
f 6592 6594 6593
f 6595 6593 6594
f 6594 6596 6595
f 6597 6595 6596
f 6596 6598 6597
f 6599 6597 6598
f 6598 6600 6599
f 6601 6599 6600
f 6600 6602 6601
f 6603 6601 6602
f 6602 6604 6603
f 6605 6603 6604
f 6604 6606 6605
f 6607 6605 6606
f 6606 6608 6607
f 6609 6607 6608
f 6608 6610 6609
f 6611 6609 6610
f 6610 6612 6611
f 6613 6611 6612
f 6612 6614 6613
f 6615 6613 6614
f 6614 6616 6615
f 6617 6615 6616
f 6616 6618 6617
f 6619 6617 6618
f 6618 6620 6619
f 6621 6619 6620
f 6620 6622 6621
f 6623 6621 6622
f 6622 6624 6623
f 6625 6623 6624
f 6624 6626 6625
f 6627 6625 6626
f 6626 6628 6627
f 6629 6627 6628
f 6628 6630 6629
f 6631 6629 6630
f 6630 6632 6631
f 6633 6631 6632
f 6632 6634 6633
f 6635 6633 6634
f 6634 6636 6635
f 6637 6635 6636
f 6636 6638 6637
f 6639 6637 6638
f 6638 6640 6639
f 6641 6639 6640
f 6640 6642 6641
f 6643 6641 6642
f 6642 6644 6643
f 6645 6643 6644
f 6644 6646 6645
f 6647 6645 6646
f 6646 6648 6647
f 6649 6647 6648
f 6648 6650 6649
f 6651 6649 6650
f 6650 6652 6651
f 6653 6651 6652
f 6652 6654 6653
f 6655 6653 6654
f 6654 6656 6655
f 6657 6655 6656
f 6656 6658 6657
f 6659 6657 6658
f 6658 6660 6659
f 6661 6659 6660
f 6660 6662 6661
f 6663 6661 6662
f 6662 6664 6663
f 6665 6663 6664
f 6664 6666 6665
f 6667 6665 6666
f 6666 6668 6667
f 6669 6667 6668
f 6668 6670 6669
f 6671 6669 6670
f 6670 6672 6671
f 6673 6671 6672
f 6672 6674 6673
f 6675 6673 6674
f 6674 6676 6675
f 6677 6675 6676
f 6676 6678 6677
f 6679 6677 6678
f 6678 6680 6679
f 6681 6679 6680
f 6680 6682 6681
f 6683 6681 6682
f 6682 6684 6683
f 6685 6683 6684
f 6684 6686 6685
f 6687 6685 6686
f 6686 6688 6687
f 6689 6687 6688
f 6688 6690 6689
f 6691 6689 6690
f 6690 6692 6691
f 6693 6691 6692
f 6692 6694 6693
f 6695 6693 6694
f 6694 6696 6695
f 6697 6695 6696
f 6696 6698 6697
f 6699 6697 6698
f 6698 6700 6699
f 6701 6699 6700
f 6700 6702 6701
f 6703 6701 6702
f 6702 6704 6703
f 6705 6703 6704
f 6704 6706 6705
f 6707 6705 6706
f 6706 6708 6707
f 6709 6707 6708
f 6708 6710 6709
f 6711 6709 6710
f 6710 6712 6711
f 6713 6711 6712
f 6712 6714 6713
f 6715 6713 6714
f 6714 6716 6715
f 6717 6715 6716
f 6716 6718 6717
f 6719 6717 6718
f 6718 6720 6719
f 6721 6719 6720
f 6720 6722 6721
f 6723 6721 6722
f 6722 6724 6723
f 6725 6723 6724
f 6724 6726 6725
f 6727 6725 6726
f 6726 6728 6727
f 6729 6727 6728
f 6728 6730 6729
f 6731 6729 6730
f 6730 6732 6731
f 6733 6731 6732
f 6732 6734 6733
f 6735 6733 6734
f 6734 6736 6735
f 6737 6735 6736
f 6736 6738 6737
f 6739 6737 6738
f 6738 6740 6739
f 6741 6739 6740
f 6740 6742 6741
f 6743 6741 6742
f 6742 6744 6743
f 6745 6743 6744
f 6744 6746 6745
f 6747 6745 6746
f 6746 6748 6747
f 6749 6747 6748
f 6748 6750 6749
f 6751 6749 6750
f 6750 6752 6751
f 6753 6751 6752
f 6752 6754 6753
f 6755 6753 6754
f 6754 6756 6755
f 6757 6755 6756
f 6756 6758 6757
f 6759 6757 6758
f 6758 6760 6759
f 6761 6759 6760
f 6760 6762 6761
f 6763 6761 6762
f 6762 6764 6763
f 6765 6763 6764
f 6764 6766 6765
f 6767 6765 6766
f 6766 6768 6767
f 6769 6767 6768
f 6768 6770 6769
f 6771 6769 6770
f 6770 6772 6771
f 6773 6771 6772
f 6772 6774 6773
f 6775 6773 6774
f 6774 6776 6775
f 6777 6775 6776
f 6776 6778 6777
f 6779 6777 6778
f 6778 6780 6779
f 6781 6779 6780
f 6780 6782 6781
f 6783 6781 6782
f 6782 6784 6783
f 6785 6783 6784
f 6784 6786 6785
f 6787 6785 6786
f 6786 6788 6787
f 6789 6787 6788
f 6788 6790 6789
f 6791 6789 6790
f 6790 6792 6791
f 6793 6791 6792
f 6792 6794 6793
f 6795 6793 6794
f 6794 6796 6795
f 6797 6795 6796
f 6796 6798 6797
f 6799 6797 6798
f 6798 6800 6799
f 6801 6799 6800
f 6800 6802 6801
f 6803 6801 6802
f 6802 6804 6803
f 6805 6803 6804
f 6804 6806 6805
f 6807 6805 6806
f 6806 6808 6807
f 6809 6807 6808
f 6808 6810 6809
f 6811 6809 6810
f 6810 6812 6811
f 6813 6811 6812
f 6812 6814 6813
f 6815 6813 6814
f 6814 6816 6815
f 6817 6815 6816
f 6816 6818 6817
f 6819 6817 6818
f 6818 6820 6819
f 6821 6819 6820
f 6820 6822 6821
f 6823 6821 6822
f 6822 6824 6823
f 6825 6823 6824
f 6824 6826 6825
f 6827 6825 6826
f 6826 6828 6827
f 6829 6827 6828
f 6828 6830 6829
f 6831 6829 6830
f 6830 6832 6831
f 6833 6831 6832
f 6832 6834 6833
f 6835 6833 6834
f 6834 6836 6835
f 6837 6835 6836
f 6836 6838 6837
f 6839 6837 6838
f 6838 6840 6839
f 6841 6839 6840
f 6840 6842 6841
f 6843 6841 6842
f 6842 6844 6843
f 6845 6843 6844
f 6844 6846 6845
f 6847 6845 6846
f 6846 6848 6847
f 6849 6847 6848
f 6848 6850 6849
f 6851 6849 6850
f 6850 6852 6851
f 6853 6851 6852
f 6852 6854 6853
f 6855 6853 6854
f 6854 6856 6855
f 6857 6855 6856
f 6856 6858 6857
f 6859 6857 6858
f 6858 6860 6859
f 6861 6859 6860
f 6860 6862 6861
f 6863 6861 6862
f 6862 6864 6863
f 6865 6863 6864
f 6864 6866 6865
f 6867 6865 6866
f 6866 6868 6867
f 6869 6867 6868
f 6868 6870 6869
f 6871 6869 6870
f 6870 6872 6871
f 6873 6871 6872
f 6872 6874 6873
f 6875 6873 6874
f 6874 6876 6875
f 6877 6875 6876
f 6876 6878 6877
f 6879 6877 6878
f 6878 6880 6879
f 6881 6879 6880
f 6880 6882 6881
f 6883 6881 6882
f 6882 6884 6883
f 6885 6883 6884
f 6884 6886 6885
f 6887 6885 6886
f 6886 6888 6887
f 6889 6887 6888
f 6888 6890 6889
f 6891 6889 6890
f 6890 6892 6891
f 6893 6891 6892
f 6892 6894 6893
f 6895 6893 6894
f 6894 6896 6895
f 6897 6895 6896
f 6896 6898 6897
f 6899 6897 6898
f 6898 6900 6899
f 6901 6899 6900
f 6900 6902 6901
f 6903 6901 6902
f 6902 6904 6903
f 6905 6903 6904
f 6904 6906 6905
f 6907 6905 6906
f 6906 6908 6907
f 6909 6907 6908
f 6908 6910 6909
f 6911 6909 6910
f 6910 6912 6911
f 6913 6911 6912
f 6912 6914 6913
f 6915 6913 6914
f 6914 6916 6915
f 6917 6915 6916
f 6916 6918 6917
f 6919 6917 6918
f 6918 6920 6919
f 6921 6919 6920
f 6920 6922 6921
f 6923 6921 6922
f 6922 6924 6923
f 6925 6923 6924
f 6924 6926 6925
f 6927 6925 6926
f 6926 6928 6927
f 6929 6927 6928
f 6928 6930 6929
f 6931 6929 6930
f 6930 6932 6931
f 6933 6931 6932
f 6932 6934 6933
f 6935 6933 6934
f 6934 6936 6935
f 6937 6935 6936
f 6936 6938 6937
f 6939 6937 6938
f 6938 6940 6939
f 6941 6939 6940
f 6940 6942 6941
f 6943 6941 6942
f 6942 6944 6943
f 6945 6943 6944
f 6944 6946 6945
f 6947 6945 6946
f 6946 6948 6947
f 6949 6947 6948
f 6948 6950 6949
f 6951 6949 6950
f 6950 6952 6951
f 6953 6951 6952
f 6952 6954 6953
f 6955 6953 6954
f 6954 6956 6955
f 6957 6955 6956
f 6956 6958 6957
f 6959 6957 6958
f 6958 6960 6959
f 6961 6959 6960
f 6960 6962 6961
f 6963 6961 6962
f 6962 6964 6963
f 6965 6963 6964
f 6964 6966 6965
f 6967 6965 6966
f 6966 6968 6967
f 6969 6967 6968
f 6968 6970 6969
f 6971 6969 6970
f 6970 6972 6971
f 6973 6971 6972
f 6972 6974 6973
f 6975 6973 6974
f 6974 6976 6975
f 6977 6975 6976
f 6976 6978 6977
f 6979 6977 6978
f 6978 6980 6979
f 6981 6979 6980
f 6980 6982 6981
f 6983 6981 6982
f 6982 6984 6983
f 6985 6983 6984
f 6984 6986 6985
f 6987 6985 6986
f 6986 6988 6987
f 6989 6987 6988
f 6988 6990 6989
f 6991 6989 6990
f 6990 6992 6991
f 6993 6991 6992
f 6992 6994 6993
f 6995 6993 6994
f 6994 6996 6995
f 6997 6995 6996
f 6996 6998 6997
f 6999 6997 6998
f 6998 7000 6999
f 7001 6999 7000
f 7000 7002 7001
f 7003 7001 7002
f 7002 7004 7003
f 7005 7003 7004
f 7004 7006 7005
f 7007 7005 7006
f 7006 7008 7007
f 7009 7007 7008
f 7008 7010 7009
f 7011 7009 7010
f 7010 7012 7011
f 7013 7011 7012
f 7012 7014 7013
f 7015 7013 7014
f 7014 7016 7015
f 7017 7015 7016
f 7016 7018 7017
f 7019 7017 7018
f 7018 7020 7019
f 7021 7019 7020
f 7020 7022 7021
f 7023 7021 7022
f 7022 7024 7023
f 7025 7023 7024
f 7024 7026 7025
f 7027 7025 7026
f 7026 7028 7027
f 7029 7027 7028
f 7028 7030 7029
f 7031 7029 7030
f 7030 7032 7031
f 7033 7031 7032
f 7032 7034 7033
f 7035 7033 7034
f 7034 7036 7035
f 7037 7035 7036
f 7036 7038 7037
f 7039 7037 7038
f 7038 7040 7039
f 7041 7039 7040
f 7040 7042 7041
f 7043 7041 7042
f 7042 7044 7043
f 7045 7043 7044
f 7044 7046 7045
f 7047 7045 7046
f 7046 7048 7047
f 7049 7047 7048
f 7048 7050 7049
f 7051 7049 7050
f 7050 7052 7051
f 7053 7051 7052
f 7052 7054 7053
f 7055 7053 7054
f 7054 7056 7055
f 7057 7055 7056
f 7056 7058 7057
f 7059 7057 7058
f 7058 7060 7059
f 7061 7059 7060
f 7060 7062 7061
f 7063 7061 7062
f 7062 7064 7063
f 7065 7063 7064
f 7064 7066 7065
f 7067 7065 7066
f 7066 7068 7067
f 7069 7067 7068
f 7068 7070 7069
f 7071 7069 7070
f 7070 7072 7071
f 7073 7071 7072
f 7072 7074 7073
f 7075 7073 7074
f 7074 7076 7075
f 7077 7075 7076
f 7076 7078 7077
f 5852 7077 7078
f 7078 5853 5852
f 5849 4460 4459
f 4462 4461 5850
f 4465 4467 4469
f 4470 4468 4466
f 4469 4471 4473
f 4474 4472 4470
f 4473 4475 4477
f 4478 4476 4474
f 4491 4493 4495
f 4496 4494 4492
f 4519 4521 4523
f 4524 4522 4520
f 4523 4525 4527
f 4528 4526 4524
f 4527 4529 4531
f 4532 4530 4528
f 4531 4533 4535
f 4536 4534 4532
f 4549 4551 4553
f 4554 4552 4550
f 4553 4555 4557
f 4558 4556 4554
f 4557 4559 4561
f 4562 4560 4558
f 4571 4573 4575
f 4576 4574 4572
f 4575 4577 4579
f 4580 4578 4576
f 4579 4581 4583
f 4584 4582 4580
f 4583 4585 4587
f 4588 4586 4584
f 4601 4603 4605
f 4606 4604 4602
f 4605 4607 4609
f 4610 4608 4606
f 4609 4611 4613
f 4614 4612 4610
f 4613 4615 4617
f 4618 4616 4614
f 4631 4633 4635
f 4636 4634 4632
f 4635 4637 4639
f 4640 4638 4636
f 4639 4641 4643
f 4644 4642 4640
f 4655 4657 4659
f 4660 4658 4656
f 4659 4661 4663
f 4664 4662 4660
f 4663 4665 4667
f 4668 4666 4664
f 4667 4669 4671
f 4672 4670 4668
f 4685 4687 4689
f 4690 4688 4686
f 4689 4691 4693
f 4694 4692 4690
f 4693 4695 4697
f 4698 4696 4694
f 4697 4699 4701
f 4702 4700 4698
f 4715 4717 4719
f 4720 4718 4716
f 4719 4721 4723
f 4724 4722 4720
f 4723 4725 4727
f 4728 4726 4724
f 4737 4739 4741
f 4742 4740 4738
f 4741 4743 4745
f 4746 4744 4742
f 4745 4747 4749
f 4750 4748 4746
f 4749 4751 4753
f 4754 4752 4750
f 4767 4769 4771
f 4772 4770 4768
f 4771 4773 4775
f 4776 4774 4772
f 4775 4777 4779
f 4780 4778 4776
f 4779 4781 4783
f 4784 4782 4780
f 4797 4799 4801
f 4802 4800 4798
f 4801 4803 4805
f 4806 4804 4802
f 4805 4807 4809
f 4810 4808 4806
f 4821 4823 4825
f 4826 4824 4822
f 4825 4827 4829
f 4830 4828 4826
f 4829 4831 4833
f 4834 4832 4830
f 4833 4835 4837
f 4838 4836 4834
f 4849 4851 4853
f 4854 4852 4850
f 4853 4855 4857
f 4858 4856 4854
f 4857 4859 4861
f 4862 4860 4858
f 4861 4863 4865
f 4866 4864 4862
f 4879 4881 4883
f 4884 4882 4880
f 4883 4885 4887
f 4888 4886 4884
f 4887 4889 4891
f 4892 4890 4888
f 4903 4905 4907
f 4908 4906 4904
f 4907 4909 4911
f 4912 4910 4908
f 4911 4913 4915
f 4916 4914 4912
f 4915 4917 4919
f 4920 4918 4916
f 4921 4923 6605
f 6606 4924 4922
f 6629 6631 6633
f 6634 6632 6630
f 6633 6635 6637
f 6638 6636 6634
f 6637 6639 6641
f 6642 6640 6638
f 6641 6643 6645
f 6646 6644 6642
f 6659 6661 6663
f 6664 6662 6660
f 6663 6665 6667
f 6668 6666 6664
f 6667 6669 6671
f 6672 6670 6668
f 6681 6683 6685
f 6686 6684 6682
f 6685 6687 6689
f 6690 6688 6686
f 6689 6691 6693
f 6694 6692 6690
f 6693 6695 6697
f 6698 6696 6694
f 6713 6715 6717
f 6718 6716 6714
f 6717 6719 6721
f 6722 6720 6718
f 6721 6723 6725
f 6726 6724 6722
f 6725 6727 6729
f 6730 6728 6726
f 6743 6745 6747
f 6748 6746 6744
f 6747 6749 6751
f 6752 6750 6748
f 6751 6753 6755
f 6756 6754 6752
f 6765 6767 6769
f 6770 6768 6766
f 6769 6771 6773
f 6774 6772 6770
f 6773 6775 6777
f 6778 6776 6774
f 6777 6779 6781
f 6782 6780 6778
f 6797 6799 6801
f 6802 6800 6798
f 6801 6803 6805
f 6806 6804 6802
f 6805 6807 6809
f 6810 6808 6806
f 6809 6811 6813
f 6814 6812 6810
f 6827 6829 6831
f 6832 6830 6828
f 6831 6833 6835
f 6836 6834 6832
f 6835 6837 6839
f 6840 6838 6836
f 6849 6851 6853
f 6854 6852 6850
f 6853 6855 6857
f 6858 6856 6854
f 6857 6859 6861
f 6862 6860 6858
f 6861 6863 6865
f 6866 6864 6862
f 6879 6881 6883
f 6884 6882 6880
f 6883 6885 6887
f 6888 6886 6884
f 6887 6889 6891
f 6892 6890 6888
f 6899 6901 6903
f 6904 6902 6900
f 6903 6905 6907
f 6908 6906 6904
f 6907 6909 6911
f 6912 6910 6908
f 6911 6913 6915
f 6916 6914 6912
f 6929 6931 6933
f 6934 6932 6930
f 6933 6935 6937
f 6938 6936 6934
f 6937 6939 6941
f 6942 6940 6938
f 6941 6943 6945
f 6946 6944 6942
f 6959 6961 6963
f 6964 6962 6960
f 6963 6965 6967
f 6968 6966 6964
f 6967 6969 6971
f 6972 6970 6968
f 6981 6983 6985
f 6986 6984 6982
f 6985 6987 6989
f 6990 6988 6986
f 6989 6991 6993
f 6994 6992 6990
f 6993 6995 6997
f 6998 6996 6994
f 7011 7013 7015
f 7016 7014 7012
f 7015 7017 7019
f 7020 7018 7016
f 7019 7021 7023
f 7024 7022 7020
f 7031 7033 7035
f 7036 7034 7032
f 7035 7037 7039
f 7040 7038 7036
f 7077 5852 5851
f 5854 5853 7078
f 5851 5855 5857
f 5858 5856 5854
f 5857 5859 5861
f 5862 5860 5858
f 5871 5873 5875
f 5876 5874 5872
f 5875 5877 5879
f 5880 5878 5876
f 5879 5881 5883
f 5884 5882 5880
f 5899 5901 5903
f 5904 5902 5900
f 5903 5905 5907
f 5908 5906 5904
f 5907 5909 5911
f 5912 5910 5908
f 5911 5913 5915
f 5916 5914 5912
f 5915 5917 5919
f 5920 5918 5916
f 5937 5939 5941
f 5942 5940 5938
f 5941 5943 5945
f 5946 5944 5942
f 5945 5947 5949
f 5950 5948 5946
f 5949 5951 5953
f 5954 5952 5950
f 5953 5955 5957
f 5958 5956 5954
f 5957 5959 5961
f 5962 5960 5958
f 5969 5971 5973
f 5974 5972 5970
f 5973 5975 5977
f 5978 5976 5974
f 5991 5993 5995
f 5996 5994 5992
f 5995 5997 5999
f 6000 5998 5996
f 5999 6001 6003
f 6004 6002 6000
f 6019 6021 6023
f 6024 6022 6020
f 6023 6025 6027
f 6028 6026 6024
f 6027 6029 6031
f 6032 6030 6028
f 6031 6033 6035
f 6036 6034 6032
f 6051 6053 6055
f 6056 6054 6052
f 6055 6057 6059
f 6060 6058 6056
f 6059 6061 6063
f 6064 6062 6060
f 6063 6065 6067
f 6068 6066 6064
f 6081 6083 6085
f 6086 6084 6082
f 6085 6087 6089
f 6090 6088 6086
f 6089 6091 6093
f 6094 6092 6090
f 6093 6095 6097
f 6098 6096 6094
f 6111 6113 6115
f 6116 6114 6112
f 6115 6117 6119
f 6120 6118 6116
f 6119 6121 6123
f 6124 6122 6120
f 6123 6125 6127
f 6128 6126 6124
f 6235 6237 6239
f 6240 6238 6236
f 6239 6241 6243
f 6244 6242 6240
f 6243 6245 6247
f 6248 6246 6244
f 6259 6261 6263
f 6264 6262 6260
f 6263 6265 6267
f 6268 6266 6264
f 6267 6269 6271
f 6272 6270 6268
f 6271 6273 6275
f 6276 6274 6272
f 6287 6289 6291
f 6292 6290 6288
f 6291 6293 6295
f 6296 6294 6292
f 6329 6331 6333
f 6334 6332 6330
f 6335 6337 6339
f 6340 6338 6336
f 6349 6351 6353
f 6354 6352 6350
f 6353 6355 6357
f 6358 6356 6354
f 6357 6359 6361
f 6362 6360 6358
f 6361 6363 6365
f 6366 6364 6362
f 6381 6383 6385
f 6386 6384 6382
f 6411 6413 6415
f 6416 6414 6412
f 6415 6417 6419
f 6420 6418 6416
f 6419 6421 6423
f 6424 6422 6420
f 6433 6435 6437
f 6438 6436 6434
f 6437 6439 6441
f 6442 6440 6438
f 6441 6443 6445
f 6446 6444 6442
f 6445 6447 6449
f 6450 6448 6446
f 6463 6465 6467
f 6468 6466 6464
f 6467 6469 6471
f 6472 6470 6468
f 6471 6473 6475
f 6476 6474 6472
f 6475 6477 6479
f 6480 6478 6476
f 6493 6495 6497
f 6498 6496 6494
f 6497 6499 6501
f 6502 6500 6498
f 6501 6503 6505
f 6506 6504 6502
f 6505 6507 6509
f 6510 6508 6506
f 6603 6605 4923
f 4924 6606 6604
f 4933 4935 4937
f 4938 4936 4934
f 4937 4939 4941
f 4942 4940 4938
f 4941 4943 4945
f 4946 4944 4942
f 4945 4947 4949
f 4950 4948 4946
f 4949 4951 4953
f 4954 4952 4950
f 4953 4955 4957
f 4958 4956 4954
f 4957 4959 4961
f 4962 4960 4958
f 4961 4963 4965
f 4966 4964 4962
f 4965 4967 4969
f 4970 4968 4966
f 4969 4971 4973
f 4974 4972 4970
f 4973 4975 4977
f 4978 4976 4974
f 4977 4979 4981
f 4982 4980 4978
f 4981 4983 4985
f 4986 4984 4982
f 4985 4987 4989
f 4990 4988 4986
f 4989 4991 4993
f 4994 4992 4990
f 4993 4995 4997
f 4998 4996 4994
f 4997 4999 5001
f 5002 5000 4998
f 5001 5003 5005
f 5006 5004 5002
f 5005 5007 5009
f 5010 5008 5006
f 5067 5069 5071
f 5072 5070 5068
f 5097 5099 5101
f 5102 5100 5098
f 5101 5103 5105
f 5106 5104 5102
f 5105 5107 5109
f 5110 5108 5106
f 5109 5111 5113
f 5114 5112 5110
f 5127 5129 5131
f 5132 5130 5128
f 5131 5133 5135
f 5136 5134 5132
f 5135 5137 5139
f 5140 5138 5136
f 5147 5149 5151
f 5152 5150 5148
f 5151 5153 5155
f 5156 5154 5152
f 5155 5157 5159
f 5160 5158 5156
f 5159 5161 5163
f 5164 5162 5160
f 5177 5179 5181
f 5182 5180 5178
f 5181 5183 5185
f 5186 5184 5182
f 5185 5187 5189
f 5190 5188 5186
f 5189 5191 5193
f 5194 5192 5190
f 5193 5195 5197
f 5198 5196 5194
f 5211 5213 5215
f 5216 5214 5212
f 5215 5217 5219
f 5220 5218 5216
f 5219 5221 5223
f 5224 5222 5220
f 5223 5225 5227
f 5228 5226 5224
f 5239 5241 5243
f 5244 5242 5240
f 5243 5245 5247
f 5248 5246 5244
f 5271 5273 5275
f 5276 5274 5272
f 5275 5277 5279
f 5280 5278 5276
f 5293 5295 5297
f 5298 5296 5294
f 5297 5299 5301
f 5302 5300 5298
f 5301 5303 5305
f 5306 5304 5302
f 5305 5307 5309
f 5310 5308 5306
f 5325 5327 5329
f 5330 5328 5326
f 5383 5385 5387
f 5388 5386 5384
f 5387 5389 5391
f 5392 5390 5388
f 5391 5393 5395
f 5396 5394 5392
f 5395 5397 5399
f 5400 5398 5396
f 5399 5401 5403
f 5404 5402 5400
f 5403 5405 5407
f 5408 5406 5404
f 5407 5409 5411
f 5412 5410 5408
f 5411 5413 5415
f 5416 5414 5412
f 5415 5417 5419
f 5420 5418 5416
f 5419 5421 5423
f 5424 5422 5420
f 5423 5425 5427
f 5428 5426 5424
f 5427 5429 5431
f 5432 5430 5428
f 5431 5433 5435
f 5436 5434 5432
f 5435 5437 5439
f 5440 5438 5436
f 5439 5441 5443
f 5444 5442 5440
f 5443 5445 5447
f 5448 5446 5444
f 5447 5449 5451
f 5452 5450 5448
f 5451 5453 5455
f 5456 5454 5452
f 5469 5471 5473
f 5474 5472 5470
f 5473 5475 5477
f 5478 5476 5474
f 5477 5479 5481
f 5482 5480 5478
f 5481 5483 5485
f 5486 5484 5482
f 5499 5501 5503
f 5504 5502 5500
f 5503 5505 5507
f 5508 5506 5504
f 5507 5509 5511
f 5512 5510 5508
f 5511 5513 5515
f 5516 5514 5512
f 5529 5531 5533
f 5534 5532 5530
f 5533 5535 5537
f 5538 5536 5534
f 5537 5539 5541
f 5542 5540 5538
f 5541 5543 5545
f 5546 5544 5542
f 5561 5563 5565
f 5566 5564 5562
f 5565 5567 5569
f 5570 5568 5566
f 5569 5571 5573
f 5574 5572 5570
f 5573 5575 5577
f 5578 5576 5574
f 5591 5593 5595
f 5596 5594 5592
f 5595 5597 5599
f 5600 5598 5596
f 5599 5601 5603
f 5604 5602 5600
f 5603 5605 5607
f 5608 5606 5604
f 5617 5619 5621
f 5622 5620 5618
f 5621 5623 5625
f 5626 5624 5622
f 5625 5627 5629
f 5630 5628 5626
f 5643 5645 5647
f 5648 5646 5644
f 5647 5649 5651
f 5652 5650 5648
f 5651 5653 5655
f 5656 5654 5652
f 5655 5657 5659
f 5660 5658 5656
f 5675 5677 5679
f 5680 5678 5676
f 5679 5681 5683
f 5684 5682 5680
f 5683 5685 5687
f 5688 5686 5684
f 5687 5689 5691
f 5692 5690 5688
f 5703 5705 5707
f 5708 5706 5704
f 5707 5709 5711
f 5712 5710 5708
f 5711 5713 5715
f 5716 5714 5712
f 5715 5717 5719
f 5720 5718 5716
f 5731 5733 5735
f 5736 5734 5732
f 5735 5737 5739
f 5740 5738 5736
f 5739 5741 5743
f 5744 5742 5740
f 5743 5745 5747
f 5748 5746 5744
f 5761 5763 5765
f 5766 5764 5762
f 5765 5767 5769
f 5770 5768 5766
f 5769 5771 5773
f 5774 5772 5770
f 5773 5775 5777
f 5778 5776 5774
f 5793 5795 5797
f 5798 5796 5794
f 5819 5821 5823
f 5824 5822 5820
f 5823 5825 5827
f 5828 5826 5824
f 5827 5829 5831
f 5832 5830 5828
f 5831 5833 5835
f 5836 5834 5832
f 5835 5837 5839
f 5840 5838 5836
f 5839 5841 5843
f 5844 5842 5840
f 5843 5845 5847
f 5848 5846 5844
f 5847 5849 4459
f 4462 5850 5848
f 4463 4465 4469
f 4470 4466 4464
f 4469 4473 4477
f 4478 4474 4470
f 4489 4491 4495
f 4496 4492 4490
f 4519 4523 4527
f 4528 4524 4520
f 4527 4531 4535
f 4536 4532 4528
f 4549 4553 4557
f 4558 4554 4550
f 4557 4561 4563
f 4564 4562 4558
f 4571 4575 4579
f 4580 4576 4572
f 4579 4583 4587
f 4588 4584 4580
f 4601 4605 4609
f 4610 4606 4602
f 4609 4613 4617
f 4618 4614 4610
f 4631 4635 4639
f 4640 4636 4632
f 4639 4643 4645
f 4646 4644 4640
f 4653 4655 4659
f 4660 4656 4654
f 4659 4663 4667
f 4668 4664 4660
f 4667 4671 4673
f 4674 4672 4668
f 4685 4689 4693
f 4694 4690 4686
f 4693 4697 4701
f 4702 4698 4694
f 4715 4719 4723
f 4724 4720 4716
f 4723 4727 4729
f 4730 4728 4724
f 4737 4741 4745
f 4746 4742 4738
f 4745 4749 4753
f 4754 4750 4746
f 4767 4771 4775
f 4776 4772 4768
f 4775 4779 4783
f 4784 4780 4776
f 4797 4801 4805
f 4806 4802 4798
f 4805 4809 4811
f 4812 4810 4806
f 4819 4821 4825
f 4826 4822 4820
f 4825 4829 4833
f 4834 4830 4826
f 4847 4849 4853
f 4854 4850 4848
f 4853 4857 4861
f 4862 4858 4854
f 4861 4865 4867
f 4868 4866 4862
f 4879 4883 4887
f 4888 4884 4880
f 4887 4891 4893
f 4894 4892 4888
f 4901 4903 4907
f 4908 4904 4902
f 4907 4911 4915
f 4916 4912 4908
f 4915 4919 4921
f 4922 4920 4916
f 4921 6605 6607
f 6608 6606 4922
f 6629 6633 6637
f 6638 6634 6630
f 6637 6641 6645
f 6646 6642 6638
f 6657 6659 6663
f 6664 6660 6658
f 6663 6667 6671
f 6672 6668 6664
f 6681 6685 6689
f 6690 6686 6682
f 6689 6693 6697
f 6698 6694 6690
f 6711 6713 6717
f 6718 6714 6712
f 6717 6721 6725
f 6726 6722 6718
f 6725 6729 6731
f 6732 6730 6726
f 6741 6743 6747
f 6748 6744 6742
f 6747 6751 6755
f 6756 6752 6748
f 6765 6769 6773
f 6774 6770 6766
f 6773 6777 6781
f 6782 6778 6774
f 6795 6797 6801
f 6802 6798 6796
f 6801 6805 6809
f 6810 6806 6802
f 6825 6827 6831
f 6832 6828 6826
f 6831 6835 6839
f 6840 6836 6832
f 6847 6849 6853
f 6854 6850 6848
f 6853 6857 6861
f 6862 6858 6854
f 6861 6865 6867
f 6868 6866 6862
f 6879 6883 6887
f 6888 6884 6880
f 6899 6903 6907
f 6908 6904 6900
f 6907 6911 6915
f 6916 6912 6908
f 6929 6933 6937
f 6938 6934 6930
f 6937 6941 6945
f 6946 6942 6938
f 6959 6963 6967
f 6968 6964 6960
f 6967 6971 6973
f 6974 6972 6968
f 6981 6985 6989
f 6990 6986 6982
f 6989 6993 6997
f 6998 6994 6990
f 7011 7015 7019
f 7020 7016 7012
f 7019 7023 7025
f 7026 7024 7020
f 7031 7035 7039
f 7040 7036 7032
f 7075 7077 5851
f 5854 7078 7076
f 5851 5857 5861
f 5862 5858 5854
f 5871 5875 5879
f 5880 5876 5872
f 5879 5883 5885
f 5886 5884 5880
f 5899 5903 5907
f 5908 5904 5900
f 5907 5911 5915
f 5916 5912 5908
f 5935 5937 5941
f 5942 5938 5936
f 5941 5945 5949
f 5950 5946 5942
f 5949 5953 5957
f 5958 5954 5950
f 5957 5961 5963
f 5964 5962 5958
f 5967 5969 5973
f 5974 5970 5968
f 5973 5977 5979
f 5980 5978 5974
f 5989 5991 5995
f 5996 5992 5990
f 5995 5999 6003
f 6004 6000 5996
f 6019 6023 6027
f 6028 6024 6020
f 6027 6031 6035
f 6036 6032 6028
f 6049 6051 6055
f 6056 6052 6050
f 6055 6059 6063
f 6064 6060 6056
f 6081 6085 6089
f 6090 6086 6082
f 6089 6093 6097
f 6098 6094 6090
f 6111 6115 6119
f 6120 6116 6112
f 6119 6123 6127
f 6128 6124 6120
f 6233 6235 6239
f 6240 6236 6234
f 6239 6243 6247
f 6248 6244 6240
f 6259 6263 6267
f 6268 6264 6260
f 6267 6271 6275
f 6276 6272 6268
f 6287 6291 6295
f 6296 6292 6288
f 6327 6329 6333
f 6334 6330 6328
f 6349 6353 6357
f 6358 6354 6350
f 6357 6361 6365
f 6366 6362 6358
f 6379 6381 6385
f 6386 6382 6380
f 6411 6415 6419
f 6420 6416 6412
f 6419 6423 6425
f 6426 6424 6420
f 6431 6433 6437
f 6438 6434 6432
f 6437 6441 6445
f 6446 6442 6438
f 6445 6449 6451
f 6452 6450 6446
f 6461 6463 6467
f 6468 6464 6462
f 6467 6471 6475
f 6476 6472 6468
f 6475 6479 6481
f 6482 6480 6476
f 6493 6497 6501
f 6502 6498 6494
f 6501 6505 6509
f 6510 6506 6502
f 6601 6603 4923
f 4924 6604 6602
f 4931 4933 4937
f 4938 4934 4932
f 4937 4941 4945
f 4946 4942 4938
f 4945 4949 4953
f 4954 4950 4946
f 4953 4957 4961
f 4962 4958 4954
f 4961 4965 4969
f 4970 4966 4962
f 4969 4973 4977
f 4978 4974 4970
f 4977 4981 4985
f 4986 4982 4978
f 4985 4989 4993
f 4994 4990 4986
f 4993 4997 5001
f 5002 4998 4994
f 5001 5005 5009
f 5010 5006 5002
f 5065 5067 5071
f 5072 5068 5066
f 5097 5101 5105
f 5106 5102 5098
f 5105 5109 5113
f 5114 5110 5106
f 5125 5127 5131
f 5132 5128 5126
f 5131 5135 5139
f 5140 5136 5132
f 5145 5147 5151
f 5152 5148 5146
f 5151 5155 5159
f 5160 5156 5152
f 5159 5163 5165
f 5166 5164 5160
f 5175 5177 5181
f 5182 5178 5176
f 5181 5185 5189
f 5190 5186 5182
f 5189 5193 5197
f 5198 5194 5190
f 5209 5211 5215
f 5216 5212 5210
f 5215 5219 5223
f 5224 5220 5216
f 5239 5243 5247
f 5248 5244 5240
f 5269 5271 5275
f 5276 5272 5270
f 5275 5279 5281
f 5282 5280 5276
f 5291 5293 5297
f 5298 5294 5292
f 5297 5301 5305
f 5306 5302 5298
f 5305 5309 5311
f 5312 5310 5306
f 5323 5325 5329
f 5330 5326 5324
f 5381 5383 5387
f 5388 5384 5382
f 5387 5391 5395
f 5396 5392 5388
f 5395 5399 5403
f 5404 5400 5396
f 5403 5407 5411
f 5412 5408 5404
f 5411 5415 5419
f 5420 5416 5412
f 5419 5423 5427
f 5428 5424 5420
f 5427 5431 5435
f 5436 5432 5428
f 5435 5439 5443
f 5444 5440 5436
f 5443 5447 5451
f 5452 5448 5444
f 5467 5469 5473
f 5474 5470 5468
f 5473 5477 5481
f 5482 5478 5474
f 5481 5485 5487
f 5488 5486 5482
f 5499 5503 5507
f 5508 5504 5500
f 5507 5511 5515
f 5516 5512 5508
f 5529 5533 5537
f 5538 5534 5530
f 5537 5541 5545
f 5546 5542 5538
f 5559 5561 5565
f 5566 5562 5560
f 5565 5569 5573
f 5574 5570 5566
f 5573 5577 5579
f 5580 5578 5574
f 5591 5595 5599
f 5600 5596 5592
f 5599 5603 5607
f 5608 5604 5600
f 5617 5621 5625
f 5626 5622 5618
f 5625 5629 5631
f 5632 5630 5626
f 5643 5647 5651
f 5652 5648 5644
f 5651 5655 5659
f 5660 5656 5652
f 5673 5675 5679
f 5680 5676 5674
f 5679 5683 5687
f 5688 5684 5680
f 5703 5707 5711
f 5712 5708 5704
f 5711 5715 5719
f 5720 5716 5712
f 5731 5735 5739
f 5740 5736 5732
f 5739 5743 5747
f 5748 5744 5740
f 5761 5765 5769
f 5770 5766 5762
f 5769 5773 5777
f 5778 5774 5770
f 5791 5793 5797
f 5798 5794 5792
f 5817 5819 5823
f 5824 5820 5818
f 5823 5827 5831
f 5832 5828 5824
f 5831 5835 5839
f 5840 5836 5832
f 5839 5843 5847
f 5848 5844 5840
f 4463 4469 4477
f 4478 4470 4464
f 4487 4489 4495
f 4496 4490 4488
f 4517 4519 4527
f 4528 4520 4518
f 4527 4535 4537
f 4538 4536 4528
f 4547 4549 4557
f 4558 4550 4548
f 4569 4571 4579
f 4580 4572 4570
f 4579 4587 4589
f 4590 4588 4580
f 4599 4601 4609
f 4610 4602 4600
f 4609 4617 4619
f 4620 4618 4610
f 4629 4631 4639
f 4640 4632 4630
f 4639 4645 4647
f 4648 4646 4640
f 4653 4659 4667
f 4668 4660 4654
f 4683 4685 4693
f 4694 4686 4684
f 4693 4701 4703
f 4704 4702 4694
f 4713 4715 4723
f 4724 4716 4714
f 4735 4737 4745
f 4746 4738 4736
f 4745 4753 4755
f 4756 4754 4746
f 4765 4767 4775
f 4776 4768 4766
f 4775 4783 4785
f 4786 4784 4776
f 4795 4797 4805
f 4806 4798 4796
f 4805 4811 4813
f 4814 4812 4806
f 4819 4825 4833
f 4834 4826 4820
f 4847 4853 4861
f 4862 4854 4848
f 4877 4879 4887
f 4888 4880 4878
f 4887 4893 4895
f 4896 4894 4888
f 4901 4907 4915
f 4916 4908 4902
f 4915 4921 6607
f 6608 4922 4916
f 6627 6629 6637
f 6638 6630 6628
f 6637 6645 6647
f 6648 6646 6638
f 6657 6663 6671
f 6672 6664 6658
f 6679 6681 6689
f 6690 6682 6680
f 6689 6697 6699
f 6700 6698 6690
f 6711 6717 6725
f 6726 6718 6712
f 6741 6747 6755
f 6756 6748 6742
f 6763 6765 6773
f 6774 6766 6764
f 6773 6781 6783
f 6784 6782 6774
f 6795 6801 6809
f 6810 6802 6796
f 6825 6831 6839
f 6840 6832 6826
f 6847 6853 6861
f 6862 6854 6848
f 6877 6879 6887
f 6888 6880 6878
f 6897 6899 6907
f 6908 6900 6898
f 6907 6915 6917
f 6918 6916 6908
f 6927 6929 6937
f 6938 6930 6928
f 6937 6945 6947
f 6948 6946 6938
f 6957 6959 6967
f 6968 6960 6958
f 6979 6981 6989
f 6990 6982 6980
f 6989 6997 6999
f 7000 6998 6990
f 7009 7011 7019
f 7020 7012 7010
f 7031 7039 7041
f 7042 7040 7032
f 7073 7075 5851
f 5854 7076 7074
f 5851 5861 5863
f 5864 5862 5854
f 5869 5871 5879
f 5880 5872 5870
f 5879 5885 5887
f 5888 5886 5880
f 5897 5899 5907
f 5908 5900 5898
f 5907 5915 5919
f 5920 5916 5908
f 5933 5935 5941
f 5942 5936 5934
f 5941 5949 5957
f 5958 5950 5942
f 5957 5963 5965
f 5966 5964 5958
f 5967 5973 5979
f 5980 5974 5968
f 5989 5995 6003
f 6004 5996 5990
f 6017 6019 6027
f 6028 6020 6018
f 6027 6035 6037
f 6038 6036 6028
f 6049 6055 6063
f 6064 6056 6050
f 6079 6081 6089
f 6090 6082 6080
f 6089 6097 6099
f 6100 6098 6090
f 6109 6111 6119
f 6120 6112 6110
f 6119 6127 6129
f 6130 6128 6120
f 6233 6239 6247
f 6248 6240 6234
f 6257 6259 6267
f 6268 6260 6258
f 6267 6275 6277
f 6278 6276 6268
f 6285 6287 6295
f 6296 6288 6286
f 6325 6327 6333
f 6334 6328 6326
f 6347 6349 6357
f 6358 6350 6348
f 6357 6365 6367
f 6368 6366 6358
f 6377 6379 6385
f 6386 6380 6378
f 6411 6419 6425
f 6426 6420 6412
f 6431 6437 6445
f 6446 6438 6432
f 6461 6467 6475
f 6476 6468 6462
f 6491 6493 6501
f 6502 6494 6492
f 6501 6509 6511
f 6512 6510 6502
f 6599 6601 4923
f 4924 6602 6600
f 4931 4937 4945
f 4946 4938 4932
f 4945 4953 4961
f 4962 4954 4946
f 4961 4969 4977
f 4978 4970 4962
f 4977 4985 4993
f 4994 4986 4978
f 4993 5001 5009
f 5010 5002 4994
f 5063 5065 5071
f 5072 5066 5064
f 5095 5097 5105
f 5106 5098 5096
f 5105 5113 5115
f 5116 5114 5106
f 5125 5131 5139
f 5140 5132 5126
f 5145 5151 5159
f 5160 5152 5146
f 5159 5165 5167
f 5168 5166 5160
f 5175 5181 5189
f 5190 5182 5176
f 5189 5197 5199
f 5200 5198 5190
f 5209 5215 5223
f 5224 5216 5210
f 5237 5239 5247
f 5248 5240 5238
f 5269 5275 5281
f 5282 5276 5270
f 5291 5297 5305
f 5306 5298 5292
f 5321 5323 5329
f 5330 5324 5322
f 5379 5381 5387
f 5388 5382 5380
f 5387 5395 5403
f 5404 5396 5388
f 5403 5411 5419
f 5420 5412 5404
f 5419 5427 5435
f 5436 5428 5420
f 5435 5443 5451
f 5452 5444 5436
f 5467 5473 5481
f 5482 5474 5468
f 5497 5499 5507
f 5508 5500 5498
f 5507 5515 5517
f 5518 5516 5508
f 5527 5529 5537
f 5538 5530 5528
f 5537 5545 5547
f 5548 5546 5538
f 5559 5565 5573
f 5574 5566 5560
f 5589 5591 5599
f 5600 5592 5590
f 5599 5607 5609
f 5610 5608 5600
f 5615 5617 5625
f 5626 5618 5616
f 5625 5631 5633
f 5634 5632 5626
f 5641 5643 5651
f 5652 5644 5642
f 5651 5659 5661
f 5662 5660 5652
f 5673 5679 5687
f 5688 5680 5674
f 5701 5703 5711
f 5712 5704 5702
f 5711 5719 5721
f 5722 5720 5712
f 5729 5731 5739
f 5740 5732 5730
f 5739 5747 5749
f 5750 5748 5740
f 5759 5761 5769
f 5770 5762 5760
f 5769 5777 5779
f 5780 5778 5770
f 5789 5791 5797
f 5798 5792 5790
f 5815 5817 5823
f 5824 5818 5816
f 5823 5831 5839
f 5840 5832 5824
f 5839 5847 4459
f 4462 5848 5840
f 4459 4463 4477
f 4478 4464 4462
f 4485 4487 4495
f 4496 4488 4486
f 4517 4527 4537
f 4538 4528 4518
f 4547 4557 4563
f 4564 4558 4548
f 4569 4579 4589
f 4590 4580 4570
f 4599 4609 4619
f 4620 4610 4600
f 4629 4639 4647
f 4648 4640 4630
f 4651 4653 4667
f 4668 4654 4652
f 4683 4693 4703
f 4704 4694 4684
f 4713 4723 4729
f 4730 4724 4714
f 4735 4745 4755
f 4756 4746 4736
f 4765 4775 4785
f 4786 4776 4766
f 4795 4805 4813
f 4814 4806 4796
f 4817 4819 4833
f 4834 4820 4818
f 4845 4847 4861
f 4862 4848 4846
f 4877 4887 4895
f 4896 4888 4878
f 4899 4901 4915
f 4916 4902 4900
f 4915 6607 6609
f 6610 6608 4916
f 6627 6637 6647
f 6648 6638 6628
f 6655 6657 6671
f 6672 6658 6656
f 6679 6689 6699
f 6700 6690 6680
f 6709 6711 6725
f 6726 6712 6710
f 6739 6741 6755
f 6756 6742 6740
f 6763 6773 6783
f 6784 6774 6764
f 6793 6795 6809
f 6810 6796 6794
f 6823 6825 6839
f 6840 6826 6824
f 6845 6847 6861
f 6862 6848 6846
f 6877 6887 6891
f 6892 6888 6878
f 6897 6907 6917
f 6918 6908 6898
f 6927 6937 6947
f 6948 6938 6928
f 6957 6967 6973
f 6974 6968 6958
f 6979 6989 6999
f 7000 6990 6980
f 7009 7019 7025
f 7026 7020 7010
f 7031 7041 7043
f 7044 7042 7032
f 7073 5851 5863
f 5864 5854 7074
f 5869 5879 5887
f 5888 5880 5870
f 5895 5897 5907
f 5908 5898 5896
f 5931 5933 5941
f 5942 5934 5932
f 5941 5957 5965
f 5966 5958 5942
f 5965 5967 5979
f 5980 5968 5966
f 5987 5989 6003
f 6004 5990 5988
f 6017 6027 6037
f 6038 6028 6018
f 6047 6049 6063
f 6064 6050 6048
f 6079 6089 6099
f 6100 6090 6080
f 6109 6119 6129
f 6130 6120 6110
f 6233 6247 6249
f 6250 6248 6234
f 6257 6267 6277
f 6278 6268 6258
f 6283 6285 6295
f 6296 6286 6284
f 6323 6325 6333
f 6334 6326 6324
f 6347 6357 6367
f 6368 6358 6348
f 6377 6385 6387
f 6388 6386 6378
f 6409 6411 6425
f 6426 6412 6410
f 6429 6431 6445
f 6446 6432 6430
f 6459 6461 6475
f 6476 6462 6460
f 6491 6501 6511
f 6512 6502 6492
f 6597 6599 4923
f 4924 6600 6598
f 4929 4931 4945
f 4946 4932 4930
f 4945 4961 4977
f 4978 4962 4946
f 4977 4993 5009
f 5010 4994 4978
f 5061 5063 5071
f 5072 5064 5062
f 5095 5105 5115
f 5116 5106 5096
f 5123 5125 5139
f 5140 5126 5124
f 5143 5145 5159
f 5160 5146 5144
f 5159 5167 5169
f 5170 5168 5160
f 5175 5189 5199
f 5200 5190 5176
f 5207 5209 5223
f 5224 5210 5208
f 5237 5247 5249
f 5250 5248 5238
f 5267 5269 5281
f 5282 5270 5268
f 5289 5291 5305
f 5306 5292 5290
f 5319 5321 5329
f 5330 5322 5320
f 5377 5379 5387
f 5388 5380 5378
f 5387 5403 5419
f 5420 5404 5388
f 5419 5435 5451
f 5452 5436 5420
f 5465 5467 5481
f 5482 5468 5466
f 5495 5497 5507
f 5508 5498 5496
f 5507 5517 5519
f 5520 5518 5508
f 5527 5537 5547
f 5548 5538 5528
f 5557 5559 5573
f 5574 5560 5558
f 5587 5589 5599
f 5600 5590 5588
f 5599 5609 5611
f 5612 5610 5600
f 5615 5625 5633
f 5634 5626 5616
f 5641 5651 5661
f 5662 5652 5642
f 5671 5673 5687
f 5688 5674 5672
f 5701 5711 5721
f 5722 5712 5702
f 5729 5739 5749
f 5750 5740 5730
f 5759 5769 5779
f 5780 5770 5760
f 5789 5797 5799
f 5800 5798 5790
f 5813 5815 5823
f 5824 5816 5814
f 5823 5839 4459
f 4462 5840 5824
f 4459 4477 4479
f 4480 4478 4462
f 4485 4495 4497
f 4498 4496 4486
f 4517 4537 4539
f 4540 4538 4518
f 4545 4547 4563
f 4564 4548 4546
f 4569 4589 4591
f 4592 4590 4570
f 4597 4599 4619
f 4620 4600 4598
f 4627 4629 4647
f 4648 4630 4628
f 4651 4667 4673
f 4674 4668 4652
f 4681 4683 4703
f 4704 4684 4682
f 4713 4729 4731
f 4732 4730 4714
f 4735 4755 4757
f 4758 4756 4736
f 4763 4765 4785
f 4786 4766 4764
f 4795 4813 4815
f 4816 4814 4796
f 4817 4833 4837
f 4838 4834 4818
f 4845 4861 4867
f 4868 4862 4846
f 4877 4895 4897
f 4898 4896 4878
f 4899 4915 6609
f 6610 4916 4900
f 6627 6647 6649
f 6650 6648 6628
f 6655 6671 6673
f 6674 6672 6656
f 6677 6679 6699
f 6700 6680 6678
f 6709 6725 6731
f 6732 6726 6710
f 6739 6755 6757
f 6758 6756 6740
f 6761 6763 6783
f 6784 6764 6762
f 6793 6809 6813
f 6814 6810 6794
f 6823 6839 6841
f 6842 6840 6824
f 6845 6861 6867
f 6868 6862 6846
f 6877 6891 6893
f 6894 6892 6878
f 6895 6897 6917
f 6918 6898 6896
f 6927 6947 6949
f 6950 6948 6928
f 6957 6973 6975
f 6976 6974 6958
f 6977 6979 6999
f 7000 6980 6978
f 7009 7025 7027
f 7028 7026 7010
f 7073 5863 5865
f 5866 5864 7074
f 5867 5869 5887
f 5888 5870 5868
f 5895 5907 5919
f 5920 5908 5896
f 5929 5931 5941
f 5942 5932 5930
f 5941 5965 5979
f 5980 5966 5942
f 5985 5987 6003
f 6004 5988 5986
f 6015 6017 6037
f 6038 6018 6016
f 6045 6047 6063
f 6064 6048 6046
f 6077 6079 6099
f 6100 6080 6078
f 6107 6109 6129
f 6130 6110 6108
f 6233 6249 6251
f 6252 6250 6234
f 6255 6257 6277
f 6278 6258 6256
f 6281 6283 6295
f 6296 6284 6282
f 6321 6323 6333
f 6334 6324 6322
f 6345 6347 6367
f 6368 6348 6346
f 6375 6377 6387
f 6388 6378 6376
f 6409 6425 6427
f 6428 6426 6410
f 6429 6445 6451
f 6452 6446 6430
f 6459 6475 6481
f 6482 6476 6460
f 6489 6491 6511
f 6512 6492 6490
f 6595 6597 4923
f 4924 6598 6596
f 4929 4945 4977
f 4978 4946 4930
f 4977 5009 5011
f 5012 5010 4978
f 5059 5061 5071
f 5072 5062 5060
f 5093 5095 5115
f 5116 5096 5094
f 5123 5139 5141
f 5142 5140 5124
f 5143 5159 5169
f 5170 5160 5144
f 5175 5199 5201
f 5202 5200 5176
f 5207 5223 5227
f 5228 5224 5208
f 5267 5281 5283
f 5284 5282 5268
f 5287 5289 5305
f 5306 5290 5288
f 5317 5319 5329
f 5330 5320 5318
f 5375 5377 5387
f 5388 5378 5376
f 5387 5419 5451
f 5452 5420 5388
f 5463 5465 5481
f 5482 5466 5464
f 5495 5507 5519
f 5520 5508 5496
f 5525 5527 5547
f 5548 5528 5526
f 5555 5557 5573
f 5574 5558 5556
f 5587 5599 5611
f 5612 5600 5588
f 5613 5615 5633
f 5634 5616 5614
f 5639 5641 5661
f 5662 5642 5640
f 5669 5671 5687
f 5688 5672 5670
f 5699 5701 5721
f 5722 5702 5700
f 5727 5729 5749
f 5750 5730 5728
f 5757 5759 5779
f 5780 5760 5758
f 5787 5789 5799
f 5800 5790 5788
f 5811 5813 5823
f 5824 5814 5812
f 5823 4459 4479
f 4480 4462 5824
f 4485 4497 4499
f 4500 4498 4486
f 4517 4539 4541
f 4542 4540 4518
f 4545 4563 4565
f 4566 4564 4546
f 4569 4591 4593
f 4594 4592 4570
f 4597 4619 4621
f 4622 4620 4598
f 4627 4647 4649
f 4650 4648 4628
f 4651 4673 4675
f 4676 4674 4652
f 4681 4703 4705
f 4706 4704 4682
f 4713 4731 4733
f 4734 4732 4714
f 4735 4757 4759
f 4760 4758 4736
f 4763 4785 4787
f 4788 4786 4764
f 4795 4815 4817
f 4818 4816 4796
f 4817 4837 4839
f 4840 4838 4818
f 4845 4867 4869
f 4870 4868 4846
f 4877 4897 4899
f 4900 4898 4878
f 4899 6609 6611
f 6612 6610 4900
f 6625 6627 6649
f 6650 6628 6626
f 6655 6673 6675
f 6676 6674 6656
f 6677 6699 6701
f 6702 6700 6678
f 6709 6731 6733
f 6734 6732 6710
f 6739 6757 6759
f 6760 6758 6740
f 6761 6783 6785
f 6786 6784 6762
f 6793 6813 6815
f 6816 6814 6794
f 6823 6841 6843
f 6844 6842 6824
f 6845 6867 6869
f 6870 6868 6846
f 6875 6877 6893
f 6894 6878 6876
f 6895 6917 6919
f 6920 6918 6896
f 6927 6949 6951
f 6952 6950 6928
f 6957 6975 6977
f 6978 6976 6958
f 6977 6999 7001
f 7002 7000 6978
f 7009 7027 7029
f 7030 7028 7010
f 5865 5867 5887
f 5888 5868 5866
f 5893 5895 5919
f 5920 5896 5894
f 5927 5929 5941
f 5942 5930 5928
f 5941 5979 5981
f 5982 5980 5942
f 5985 6003 6005
f 6006 6004 5986
f 6013 6015 6037
f 6038 6016 6014
f 6045 6063 6067
f 6068 6064 6046
f 6075 6077 6099
f 6100 6078 6076
f 6105 6107 6129
f 6130 6108 6106
f 6253 6255 6277
f 6278 6256 6254
f 6281 6295 6297
f 6298 6296 6282
f 6319 6321 6333
f 6334 6322 6320
f 6345 6367 6369
f 6370 6368 6346
f 6375 6387 6389
f 6390 6388 6376
f 6409 6427 6429
f 6430 6428 6410
f 6429 6451 6453
f 6454 6452 6430
f 6459 6481 6483
f 6484 6482 6460
f 6489 6511 6513
f 6514 6512 6490
f 6593 6595 4923
f 4924 6596 6594
f 4927 4929 4977
f 4978 4930 4928
f 4977 5011 5013
f 5014 5012 4978
f 5057 5059 5071
f 5072 5060 5058
f 5093 5115 5117
f 5118 5116 5094
f 5123 5141 5143
f 5144 5142 5124
f 5143 5169 5171
f 5172 5170 5144
f 5173 5175 5201
f 5202 5176 5174
f 5207 5227 5229
f 5230 5228 5208
f 5287 5305 5311
f 5312 5306 5288
f 5315 5317 5329
f 5330 5318 5316
f 5373 5375 5387
f 5388 5376 5374
f 5387 5451 5455
f 5456 5452 5388
f 5461 5463 5481
f 5482 5464 5462
f 5493 5495 5519
f 5520 5496 5494
f 5523 5525 5547
f 5548 5526 5524
f 5553 5555 5573
f 5574 5556 5554
f 5585 5587 5611
f 5612 5588 5586
f 5611 5613 5633
f 5634 5614 5612
f 5637 5639 5661
f 5662 5640 5638
f 5667 5669 5687
f 5688 5670 5668
f 5697 5699 5721
f 5722 5700 5698
f 5725 5727 5749
f 5750 5728 5726
f 5755 5757 5779
f 5780 5758 5756
f 5785 5787 5799
f 5800 5788 5786
f 5809 5811 5823
f 5824 5812 5810
f 5823 4479 4481
f 4482 4480 5824
f 4483 4485 4499
f 4500 4486 4484
f 4517 4541 4543
f 4544 4542 4518
f 4545 4565 4567
f 4568 4566 4546
f 4569 4593 4595
f 4596 4594 4570
f 4597 4621 4623
f 4624 4622 4598
f 4627 4649 4651
f 4652 4650 4628
f 4651 4675 4677
f 4678 4676 4652
f 4681 4705 4707
f 4708 4706 4682
f 4711 4713 4733
f 4734 4714 4712
f 4733 4735 4759
f 4760 4736 4734
f 4763 4787 4789
f 4790 4788 4764
f 4795 4817 4839
f 4840 4818 4796
f 4845 4869 4871
f 4872 4870 4846
f 4877 4899 6611
f 6612 4900 4878
f 6625 6649 6651
f 6652 6650 6626
f 6655 6675 6677
f 6678 6676 6656
f 6677 6701 6703
f 6704 6702 6678
f 6709 6733 6735
f 6736 6734 6710
f 6739 6759 6761
f 6762 6760 6740
f 6761 6785 6787
f 6788 6786 6762
f 6793 6815 6817
f 6818 6816 6794
f 6823 6843 6845
f 6846 6844 6824
f 6845 6869 6871
f 6872 6870 6846
f 6875 6893 6895
f 6896 6894 6876
f 6895 6919 6921
f 6922 6920 6896
f 6925 6927 6951
f 6952 6928 6926
f 6977 7001 7003
f 7004 7002 6978
f 7073 5865 5887
f 5888 5866 7074
f 5891 5893 5919
f 5920 5894 5892
f 5925 5927 5941
f 5942 5928 5926
f 5941 5981 5983
f 5984 5982 5942
f 5983 5985 6005
f 6006 5986 5984
f 6011 6013 6037
f 6038 6014 6012
f 6043 6045 6067
f 6068 6046 6044
f 6073 6075 6099
f 6100 6076 6074
f 6103 6105 6129
f 6130 6106 6104
f 6251 6253 6277
f 6278 6254 6252
f 6279 6281 6297
f 6298 6282 6280
f 6317 6319 6333
f 6334 6320 6318
f 6345 6369 6371
f 6372 6370 6346
f 6375 6389 6391
f 6392 6390 6376
f 6409 6429 6453
f 6454 6430 6410
f 6459 6483 6485
f 6486 6484 6460
f 6591 6593 4923
f 4924 6594 6592
f 4925 4927 4977
f 4978 4928 4926
f 4977 5013 5015
f 5016 5014 4978
f 5055 5057 5071
f 5072 5058 5056
f 5093 5117 5119
f 5120 5118 5094
f 5123 5143 5171
f 5172 5144 5124
f 5173 5201 5203
f 5204 5202 5174
f 5207 5229 5231
f 5232 5230 5208
f 5285 5287 5311
f 5312 5288 5286
f 5315 5329 5331
f 5332 5330 5316
f 5371 5373 5387
f 5388 5374 5372
f 5387 5455 5457
f 5458 5456 5388
f 5461 5481 5487
f 5488 5482 5462
f 5491 5493 5519
f 5520 5494 5492
f 5521 5523 5547
f 5548 5524 5522
f 5553 5573 5579
f 5580 5574 5554
f 5583 5585 5611
f 5612 5586 5584
f 5611 5633 5635
f 5636 5634 5612
f 5635 5637 5661
f 5662 5638 5636
f 5667 5687 5691
f 5692 5688 5668
f 5695 5697 5721
f 5722 5698 5696
f 5723 5725 5749
f 5750 5726 5724
f 5753 5755 5779
f 5780 5756 5754
f 5785 5799 5801
f 5802 5800 5786
f 5807 5809 5823
f 5824 5810 5808
f 5823 4481 4483
f 4484 4482 5824
f 4483 4499 4501
f 4502 4500 4484
f 4517 4543 4545
f 4546 4544 4518
f 4545 4567 4569
f 4570 4568 4546
f 4569 4595 4597
f 4598 4596 4570
f 4597 4623 4625
f 4626 4624 4598
f 4627 4651 4677
f 4678 4652 4628
f 4681 4707 4709
f 4710 4708 4682
f 4711 4733 4759
f 4760 4734 4712
f 4763 4789 4791
f 4792 4790 4764
f 4793 4795 4839
f 4840 4796 4794
f 4845 4871 4873
f 4874 4872 4846
f 4875 4877 6611
f 6612 4878 4876
f 6625 6651 6653
f 6654 6652 6626
f 6655 6677 6703
f 6704 6678 6656
f 6709 6735 6737
f 6738 6736 6710
f 6739 6761 6787
f 6788 6762 6740
f 6793 6817 6819
f 6820 6818 6794
f 6823 6845 6871
f 6872 6846 6824
f 6875 6895 6921
f 6922 6896 6876
f 6925 6951 6953
f 6954 6952 6926
f 6977 7003 7005
f 7006 7004 6978
f 7073 5887 5889
f 5890 5888 7074
f 5889 5891 5919
f 5920 5892 5890
f 5923 5925 5941
f 5942 5926 5924
f 5983 6005 6007
f 6008 6006 5984
f 6011 6037 6039
f 6040 6038 6012
f 6041 6043 6067
f 6068 6044 6042
f 6071 6073 6099
f 6100 6074 6072
f 6103 6129 6131
f 6132 6130 6104
f 6251 6277 6279
f 6280 6278 6252
f 6279 6297 6299
f 6300 6298 6280
f 6315 6317 6333
f 6334 6318 6316
f 6345 6371 6373
f 6374 6372 6346
f 6375 6391 6393
f 6394 6392 6376
f 6409 6453 6455
f 6456 6454 6410
f 6459 6485 6487
f 6488 6486 6460
f 6589 6591 4923
f 4924 6592 6590
f 4923 4925 4977
f 4978 4926 4924
f 4977 5015 5017
f 5018 5016 4978
f 5053 5055 5071
f 5072 5056 5054
f 5093 5119 5121
f 5122 5120 5094
f 5123 5171 5173
f 5174 5172 5124
f 5173 5203 5205
f 5206 5204 5174
f 5207 5231 5233
f 5234 5232 5208
f 5285 5311 5313
f 5314 5312 5286
f 5313 5315 5331
f 5332 5316 5314
f 5369 5371 5387
f 5388 5372 5370
f 5387 5457 5459
f 5460 5458 5388
f 5459 5461 5487
f 5488 5462 5460
f 5489 5491 5519
f 5520 5492 5490
f 5521 5547 5549
f 5550 5548 5522
f 5551 5553 5579
f 5580 5554 5552
f 5581 5583 5611
f 5612 5584 5582
f 5635 5661 5663
f 5664 5662 5636
f 5667 5691 5693
f 5694 5692 5668
f 5695 5721 5723
f 5724 5722 5696
f 5723 5749 5751
f 5752 5750 5724
f 5753 5779 5781
f 5782 5780 5754
f 5783 5785 5801
f 5802 5786 5784
f 5805 5807 5823
f 5824 5808 5806
f 5823 4483 4501
f 4502 4484 5824
f 4545 4569 4597
f 4598 4570 4546
f 4597 4625 4627
f 4628 4626 4598
f 4627 4677 4679
f 4680 4678 4628
f 4681 4709 4711
f 4712 4710 4682
f 4711 4759 4761
f 4762 4760 4712
f 4763 4791 4793
f 4794 4792 4764
f 4793 4839 4841
f 4842 4840 4794
f 4845 4873 4875
f 4876 4874 4846
f 4875 6611 6613
f 6614 6612 4876
f 6625 6653 6655
f 6656 6654 6626
f 6655 6703 6705
f 6706 6704 6656
f 6709 6737 6739
f 6740 6738 6710
f 6739 6787 6789
f 6790 6788 6740
f 6793 6819 6821
f 6822 6820 6794
f 6823 6871 6873
f 6874 6872 6824
f 6875 6921 6923
f 6924 6922 6876
f 6925 6953 6955
f 6956 6954 6926
f 6977 7005 7007
f 7008 7006 6978
f 5889 5919 5921
f 5922 5920 5890
f 5921 5923 5941
f 5942 5924 5922
f 5983 6007 6009
f 6010 6008 5984
f 6011 6039 6041
f 6042 6040 6012
f 6041 6067 6069
f 6070 6068 6042
f 6071 6099 6101
f 6102 6100 6072
f 6103 6131 6133
f 6134 6132 6104
f 6251 6279 6299
f 6300 6280 6252
f 6313 6315 6333
f 6334 6316 6314
f 6373 6375 6393
f 6394 6376 6374
f 6409 6455 6457
f 6458 6456 6410
f 6459 6487 6489
f 6490 6488 6460
f 6587 6589 4923
f 4924 6590 6588
f 4923 4977 5017
f 5018 4978 4924
f 5051 5053 5071
f 5072 5054 5052
f 5093 5121 5123
f 5124 5122 5094
f 5173 5205 5207
f 5208 5206 5174
f 5207 5233 5235
f 5236 5234 5208
f 5283 5285 5313
f 5314 5286 5284
f 5313 5331 5333
f 5334 5332 5314
f 5367 5369 5387
f 5388 5370 5368
f 5459 5487 5489
f 5490 5488 5460
f 5489 5519 5521
f 5522 5520 5490
f 5521 5549 5551
f 5552 5550 5522
f 5551 5579 5581
f 5582 5580 5552
f 5581 5611 5635
f 5636 5612 5582
f 5635 5663 5665
f 5666 5664 5636
f 5665 5667 5693
f 5694 5668 5666
f 5695 5723 5751
f 5752 5724 5696
f 5753 5781 5783
f 5784 5782 5754
f 5783 5801 5803
f 5804 5802 5784
f 5803 5805 5823
f 5824 5806 5804
f 5823 4501 4503
f 4504 4502 5824
f 4545 4597 4627
f 4628 4598 4546
f 4627 4679 4681
f 4682 4680 4628
f 4711 4761 4763
f 4764 4762 4712
f 4793 4841 4843
f 4844 4842 4794
f 4875 6613 6615
f 6616 6614 4876
f 6655 6705 6707
f 6708 6706 6656
f 6707 6709 6739
f 6740 6710 6708
f 6739 6789 6791
f 6792 6790 6740
f 6793 6821 6823
f 6824 6822 6794
f 6823 6873 6875
f 6876 6874 6824
f 6875 6923 6925
f 6926 6924 6876
f 6925 6955 6957
f 6958 6956 6926
f 6977 7007 7009
f 7010 7008 6978
f 5921 5941 5983
f 5984 5942 5922
f 6011 6041 6069
f 6070 6042 6012
f 6071 6101 6103
f 6104 6102 6072
f 6251 6299 6301
f 6302 6300 6252
f 6311 6313 6333
f 6334 6314 6312
f 6373 6393 6395
f 6396 6394 6374
f 6409 6457 6459
f 6460 6458 6410
f 6585 6587 4923
f 4924 6588 6586
f 4923 5017 5019
f 5020 5018 4924
f 5049 5051 5071
f 5072 5052 5050
f 5093 5123 5173
f 5174 5124 5094
f 5173 5207 5235
f 5236 5208 5174
f 5283 5313 5333
f 5334 5314 5284
f 5365 5367 5387
f 5388 5368 5366
f 5489 5521 5551
f 5552 5522 5490
f 5551 5581 5635
f 5636 5582 5552
f 5635 5665 5693
f 5694 5666 5636
f 5695 5751 5753
f 5754 5752 5696
f 5753 5783 5803
f 5804 5784 5754
f 5803 5823 4503
f 4504 5824 5804
f 4627 4681 4711
f 4712 4682 4628
f 4711 4763 4793
f 4794 4764 4712
f 4793 4843 4845
f 4846 4844 4794
f 4875 6615 6617
f 6618 6616 4876
f 6655 6707 6739
f 6740 6708 6656
f 6739 6791 6793
f 6794 6792 6740
f 6823 6875 6925
f 6926 6876 6824
f 5921 5983 6009
f 6010 5984 5922
f 6009 6011 6069
f 6070 6012 6010
f 6071 6103 6133
f 6134 6104 6072
f 6251 6301 6303
f 6304 6302 6252
f 6309 6311 6333
f 6334 6312 6310
f 6373 6395 6397
f 6398 6396 6374
f 6409 6459 6489
f 6490 6460 6410
f 6583 6585 4923
f 4924 6586 6584
f 4923 5019 5021
f 5022 5020 4924
f 5047 5049 5071
f 5072 5050 5048
f 5283 5333 5335
f 5336 5334 5284
f 5363 5365 5387
f 5388 5366 5364
f 5459 5489 5551
f 5552 5490 5460
f 5635 5693 5695
f 5696 5694 5636
f 5695 5753 5803
f 5804 5754 5696
f 4545 4627 4711
f 4712 4628 4546
f 4793 4845 4875
f 4876 4846 4794
f 4875 6617 6619
f 6620 6618 4876
f 6625 6655 6739
f 6740 6656 6626
f 6739 6793 6823
f 6824 6794 6740
f 6823 6925 6957
f 6958 6926 6824
f 5921 6009 6069
f 6070 6010 5922
f 6251 6303 6305
f 6306 6304 6252
f 6307 6309 6333
f 6334 6310 6308
f 6373 6397 6399
f 6400 6398 6374
f 6581 6583 4923
f 4924 6584 6582
f 4923 5021 5023
f 5024 5022 4924
f 5045 5047 5071
f 5072 5048 5046
f 5283 5335 5337
f 5338 5336 5284
f 5361 5363 5387
f 5388 5364 5362
f 5459 5551 5635
f 5636 5552 5460
f 5635 5695 5803
f 5804 5696 5636
f 4875 6619 6621
f 6622 6620 4876
f 5921 6069 6071
f 6072 6070 5922
f 6251 6305 6307
f 6308 6306 6252
f 6307 6333 6335
f 6336 6334 6308
f 6373 6399 6401
f 6402 6400 6374
f 6579 6581 4923
f 4924 6582 6580
f 4923 5023 5025
f 5026 5024 4924
f 5043 5045 5071
f 5072 5046 5044
f 5283 5337 5339
f 5340 5338 5284
f 5359 5361 5387
f 5388 5362 5360
f 4875 6621 6623
f 6624 6622 4876
f 5921 6071 6133
f 6134 6072 5922
f 6307 6335 6339
f 6340 6336 6308
f 6373 6401 6403
f 6404 6402 6374
f 6577 6579 4923
f 4924 6580 6578
f 4923 5025 5027
f 5028 5026 4924
f 5041 5043 5071
f 5072 5044 5042
f 5283 5339 5341
f 5342 5340 5284
f 5357 5359 5387
f 5388 5360 5358
f 4875 6623 6625
f 6626 6624 4876
f 6307 6339 6341
f 6342 6340 6308
f 6373 6403 6405
f 6406 6404 6374
f 6575 6577 4923
f 4924 6578 6576
f 4923 5027 5029
f 5030 5028 4924
f 5039 5041 5071
f 5072 5042 5040
f 5283 5341 5343
f 5344 5342 5284
f 5355 5357 5387
f 5388 5358 5356
f 4793 4875 6625
f 6626 4876 4794
f 6307 6341 6343
f 6344 6342 6308
f 6373 6405 6407
f 6408 6406 6374
f 6573 6575 4923
f 4924 6576 6574
f 4923 5029 5031
f 5032 5030 4924
f 5037 5039 5071
f 5072 5040 5038
f 5283 5343 5345
f 5346 5344 5284
f 5353 5355 5387
f 5388 5356 5354
f 4711 4793 6625
f 6626 4794 4712
f 6307 6343 6345
f 6346 6344 6308
f 6373 6407 6409
f 6410 6408 6374
f 6571 6573 4923
f 4924 6574 6572
f 4923 5031 5033
f 5034 5032 4924
f 5035 5037 5071
f 5072 5038 5036
f 5283 5345 5347
f 5348 5346 5284
f 5351 5353 5387
f 5388 5354 5352
f 4545 4711 6625
f 6626 4712 4546
f 6307 6345 6373
f 6374 6346 6308
f 6373 6409 6489
f 6490 6410 6374
f 6569 6571 4923
f 4924 6572 6570
f 4923 5033 5035
f 5036 5034 4924
f 5035 5071 5073
f 5074 5072 5036
f 5283 5347 5349
f 5350 5348 5284
f 5349 5351 5387
f 5388 5352 5350
f 4545 6625 6739
f 6740 6626 4546
f 6567 6569 4923
f 4924 6570 6568
f 4923 5035 5073
f 5074 5036 4924
f 5349 5387 5459
f 5460 5388 5350
f 4545 6739 6823
f 6824 6740 4546
f 6565 6567 4923
f 4924 6568 6566
f 4923 5073 5075
f 5076 5074 4924
f 4545 6823 6957
f 6958 6824 4546
f 6563 6565 4923
f 4924 6566 6564
f 4923 5075 5077
f 5078 5076 4924
f 4517 4545 6957
f 6958 4546 4518
f 6561 6563 4923
f 4924 6564 6562
f 4923 5077 5079
f 5080 5078 4924
f 4515 4517 6957
f 6958 4518 4516
f 6559 6561 4923
f 4924 6562 6560
f 4923 5079 5081
f 5082 5080 4924
f 4515 6957 6977
f 6978 6958 4516
f 6557 6559 4923
f 4924 6560 6558
f 4923 5081 5083
f 5084 5082 4924
f 4513 4515 6977
f 6978 4516 4514
f 6555 6557 4923
f 4924 6558 6556
f 4923 5083 5085
f 5086 5084 4924
f 4511 4513 6977
f 6978 4514 4512
f 6553 6555 4923
f 4924 6556 6554
f 4509 4511 6977
f 6978 4512 4510
f 6551 6553 4923
f 4924 6554 6552
f 4507 4509 6977
f 6978 4510 4508
f 6549 6551 4923
f 4924 6552 6550
f 4505 4507 6977
f 6978 4508 4506
f 6547 6549 4923
f 4924 6550 6548
f 4503 4505 6977
f 6978 4506 4504
f 6545 6547 4923
f 4924 6548 6546
f 4503 6977 7009
f 7010 6978 4504
f 6543 6545 4923
f 4924 6546 6544
f 4503 7009 7029
f 7030 7010 4504
f 6541 6543 4923
f 4924 6544 6542
f 4503 7029 7031
f 7032 7030 4504
f 6539 6541 4923
f 4924 6542 6540
f 4503 7031 7043
f 7044 7032 4504
f 6537 6539 4923
f 4924 6540 6538
f 5803 4503 7043
f 7044 4504 5804
f 6535 6537 4923
f 4924 6538 6536
f 5803 7043 7045
f 7046 7044 5804
f 6533 6535 4923
f 4924 6536 6534
f 5803 7045 7047
f 7048 7046 5804
f 6531 6533 4923
f 4924 6534 6532
f 5803 7047 7049
f 7050 7048 5804
f 6529 6531 4923
f 4924 6532 6530
f 5803 7049 7051
f 7052 7050 5804
f 6527 6529 4923
f 4924 6530 6528
f 5803 7051 7053
f 7054 7052 5804
f 6525 6527 4923
f 4924 6528 6526
f 5803 7053 7055
f 7056 7054 5804
f 6523 6525 4923
f 4924 6526 6524
f 5803 7055 7057
f 7058 7056 5804
f 6521 6523 4923
f 4924 6524 6522
f 5803 7057 7059
f 7060 7058 5804
f 6519 6521 4923
f 4924 6522 6520
f 5803 7059 7061
f 7062 7060 5804
f 6517 6519 4923
f 4924 6520 6518
f 5803 7061 7063
f 7064 7062 5804
f 6515 6517 4923
f 4924 6518 6516
f 5803 7063 7065
f 7066 7064 5804
f 6515 4923 5085
f 5086 4924 6516
f 5803 7065 7067
f 7068 7066 5804
f 6513 6515 5085
f 5086 6516 6514
f 5803 7067 7069
f 7070 7068 5804
f 6489 6513 5085
f 5086 6514 6490
f 5803 7069 7071
f 7072 7070 5804
f 6489 5085 5087
f 5088 5086 6490
f 5803 7071 7073
f 7074 7072 5804
f 6489 5087 5089
f 5090 5088 6490
f 5803 7073 5889
f 5890 7074 5804
f 6489 5089 5091
f 5092 5090 6490
f 5635 5803 5889
f 5890 5804 5636
f 6489 5091 5093
f 5094 5092 6490
f 5635 5889 5921
f 5922 5890 5636
f 6373 6489 5093
f 5094 6490 6374
f 5459 5635 5921
f 5922 5636 5460
f 6373 5093 5173
f 5174 5094 6374
f 5459 5921 6133
f 6134 5922 5460
f 6373 5173 5235
f 5236 5174 6374
f 5459 6133 6135
f 6136 6134 5460
f 6373 5235 5237
f 5238 5236 6374
f 5459 6135 6137
f 6138 6136 5460
f 6307 6373 5237
f 5238 6374 6308
f 5459 6137 6139
f 6140 6138 5460
f 6307 5237 5249
f 5250 5238 6308
f 5459 6139 6141
f 6142 6140 5460
f 6307 5249 5251
f 5252 5250 6308
f 5459 6141 6143
f 6144 6142 5460
f 6307 5251 5253
f 5254 5252 6308
f 5459 6143 6145
f 6146 6144 5460
f 6307 5253 5255
f 5256 5254 6308
f 5459 6145 6147
f 6148 6146 5460
f 6307 5255 5257
f 5258 5256 6308
f 5459 6147 6149
f 6150 6148 5460
f 6307 5257 5259
f 5260 5258 6308
f 5459 6149 6151
f 6152 6150 5460
f 6307 5259 5261
f 5262 5260 6308
f 5459 6151 6153
f 6154 6152 5460
f 6307 5261 5263
f 5264 5262 6308
f 5459 6153 6155
f 6156 6154 5460
f 6307 5263 5265
f 5266 5264 6308
f 5349 5459 6155
f 6156 5460 5350
f 6307 5265 5267
f 5268 5266 6308
f 5349 6155 6157
f 6158 6156 5350
f 6307 5267 5283
f 5284 5268 6308
f 5349 6157 6159
f 6160 6158 5350
f 6251 6307 5283
f 5284 6308 6252
f 5349 6159 6161
f 6162 6160 5350
f 6233 6251 5283
f 5284 6252 6234
f 5349 6161 6163
f 6164 6162 5350
f 6233 5283 5349
f 5350 5284 6234
f 5349 6163 6165
f 6166 6164 5350
f 6231 6233 5349
f 5350 6234 6232
f 5349 6165 6167
f 6168 6166 5350
f 6229 6231 5349
f 5350 6232 6230
f 5349 6167 6169
f 6170 6168 5350
f 6227 6229 5349
f 5350 6230 6228
f 5349 6169 6171
f 6172 6170 5350
f 6225 6227 5349
f 5350 6228 6226
f 5349 6171 6173
f 6174 6172 5350
f 6223 6225 5349
f 5350 6226 6224
f 5349 6173 6175
f 6176 6174 5350
f 6221 6223 5349
f 5350 6224 6222
f 5349 6175 6177
f 6178 6176 5350
f 6219 6221 5349
f 5350 6222 6220
f 5349 6177 6179
f 6180 6178 5350
f 6217 6219 5349
f 5350 6220 6218
f 5349 6179 6181
f 6182 6180 5350
f 6215 6217 5349
f 5350 6218 6216
f 5349 6181 6183
f 6184 6182 5350
f 6213 6215 5349
f 5350 6216 6214
f 5349 6183 6185
f 6186 6184 5350
f 6211 6213 5349
f 5350 6214 6212
f 5349 6185 6187
f 6188 6186 5350
f 6209 6211 5349
f 5350 6212 6210
f 5349 6187 6189
f 6190 6188 5350
f 6207 6209 5349
f 5350 6210 6208
f 5349 6189 6191
f 6192 6190 5350
f 6205 6207 5349
f 5350 6208 6206
f 5349 6191 6193
f 6194 6192 5350
f 6203 6205 5349
f 5350 6206 6204
f 5349 6193 6195
f 6196 6194 5350
f 6201 6203 5349
f 5350 6204 6202
f 5349 6195 6197
f 6198 6196 5350
f 6199 6201 5349
f 5350 6202 6200
f 5349 6197 6199
f 6200 6198 5350
f 7079 7080 7081
f 7081 7082 7079
f 7083 7079 7082
f 7082 7084 7083
f 7085 7083 7084
f 7084 7086 7085
f 7087 7085 7086
f 7086 7088 7087
f 7089 7087 7088
f 7088 7090 7089
f 7091 7089 7090
f 7090 7092 7091
f 7093 7091 7092
f 7092 7094 7093
f 7095 7093 7094
f 7094 7096 7095
f 7097 7095 7096
f 7096 7098 7097
f 7099 7097 7098
f 7098 7100 7099
f 7101 7099 7100
f 7100 7102 7101
f 7103 7101 7102
f 7102 7104 7103
f 7105 7103 7104
f 7104 7106 7105
f 7107 7105 7106
f 7106 7108 7107
f 7109 7107 7108
f 7108 7110 7109
f 7111 7109 7110
f 7110 7112 7111
f 7113 7111 7112
f 7112 7114 7113
f 7115 7113 7114
f 7114 7116 7115
f 7117 7115 7116
f 7116 7118 7117
f 7119 7117 7118
f 7118 7120 7119
f 7121 7119 7120
f 7120 7122 7121
f 7123 7121 7122
f 7122 7124 7123
f 7125 7123 7124
f 7124 7126 7125
f 7127 7125 7126
f 7126 7128 7127
f 7129 7127 7128
f 7128 7130 7129
f 7131 7129 7130
f 7130 7132 7131
f 7133 7131 7132
f 7132 7134 7133
f 7135 7133 7134
f 7134 7136 7135
f 7137 7135 7136
f 7136 7138 7137
f 7139 7137 7138
f 7138 7140 7139
f 7141 7139 7140
f 7140 7142 7141
f 7143 7141 7142
f 7142 7144 7143
f 7145 7143 7144
f 7144 7146 7145
f 7147 7145 7146
f 7146 7148 7147
f 7149 7147 7148
f 7148 7150 7149
f 7151 7149 7150
f 7150 7152 7151
f 7153 7151 7152
f 7152 7154 7153
f 7155 7153 7154
f 7154 7156 7155
f 7157 7155 7156
f 7156 7158 7157
f 7159 7157 7158
f 7158 7160 7159
f 7161 7159 7160
f 7160 7162 7161
f 7163 7161 7162
f 7162 7164 7163
f 7165 7163 7164
f 7164 7166 7165
f 7167 7165 7166
f 7166 7168 7167
f 7169 7167 7168
f 7168 7170 7169
f 7171 7169 7170
f 7170 7172 7171
f 7173 7171 7172
f 7172 7174 7173
f 7175 7173 7174
f 7174 7176 7175
f 7177 7175 7176
f 7176 7178 7177
f 7179 7177 7178
f 7178 7180 7179
f 7181 7179 7180
f 7180 7182 7181
f 7183 7181 7182
f 7182 7184 7183
f 7185 7183 7184
f 7184 7186 7185
f 7187 7185 7186
f 7186 7188 7187
f 7189 7187 7188
f 7188 7190 7189
f 7191 7189 7190
f 7190 7192 7191
f 7193 7191 7192
f 7192 7194 7193
f 7195 7193 7194
f 7194 7196 7195
f 7197 7195 7196
f 7196 7198 7197
f 7199 7197 7198
f 7198 7200 7199
f 7201 7199 7200
f 7200 7202 7201
f 7203 7201 7202
f 7202 7204 7203
f 7205 7203 7204
f 7204 7206 7205
f 7207 7205 7206
f 7206 7208 7207
f 7209 7207 7208
f 7208 7210 7209
f 7211 7209 7210
f 7210 7212 7211
f 7213 7211 7212
f 7212 7214 7213
f 7215 7213 7214
f 7214 7216 7215
f 7217 7215 7216
f 7216 7218 7217
f 7219 7217 7218
f 7218 7220 7219
f 7221 7219 7220
f 7220 7222 7221
f 7223 7221 7222
f 7222 7224 7223
f 7225 7223 7224
f 7224 7226 7225
f 7227 7225 7226
f 7226 7228 7227
f 7229 7227 7228
f 7228 7230 7229
f 7231 7229 7230
f 7230 7232 7231
f 7233 7231 7232
f 7232 7234 7233
f 7235 7233 7234
f 7234 7236 7235
f 7237 7235 7236
f 7236 7238 7237
f 7239 7237 7238
f 7238 7240 7239
f 7241 7239 7240
f 7240 7242 7241
f 7243 7241 7242
f 7242 7244 7243
f 7245 7243 7244
f 7244 7246 7245
f 7247 7245 7246
f 7246 7248 7247
f 7249 7247 7248
f 7248 7250 7249
f 7251 7249 7250
f 7250 7252 7251
f 7253 7251 7252
f 7252 7254 7253
f 7255 7253 7254
f 7254 7256 7255
f 7257 7255 7256
f 7256 7258 7257
f 7259 7257 7258
f 7258 7260 7259
f 7261 7259 7260
f 7260 7262 7261
f 7263 7261 7262
f 7262 7264 7263
f 7265 7263 7264
f 7264 7266 7265
f 7267 7265 7266
f 7266 7268 7267
f 7269 7267 7268
f 7268 7270 7269
f 7271 7269 7270
f 7270 7272 7271
f 7273 7271 7272
f 7272 7274 7273
f 7275 7273 7274
f 7274 7276 7275
f 7277 7275 7276
f 7276 7278 7277
f 7279 7277 7278
f 7278 7280 7279
f 7281 7279 7280
f 7280 7282 7281
f 7283 7281 7282
f 7282 7284 7283
f 7285 7283 7284
f 7284 7286 7285
f 7287 7285 7286
f 7286 7288 7287
f 7289 7287 7288
f 7288 7290 7289
f 7291 7289 7290
f 7290 7292 7291
f 7293 7291 7292
f 7292 7294 7293
f 7295 7293 7294
f 7294 7296 7295
f 7297 7295 7296
f 7296 7298 7297
f 7299 7297 7298
f 7298 7300 7299
f 7301 7299 7300
f 7300 7302 7301
f 7303 7301 7302
f 7302 7304 7303
f 7305 7303 7304
f 7304 7306 7305
f 7307 7305 7306
f 7306 7308 7307
f 7309 7307 7308
f 7308 7310 7309
f 7311 7309 7310
f 7310 7312 7311
f 7313 7311 7312
f 7312 7314 7313
f 7315 7313 7314
f 7314 7316 7315
f 7317 7315 7316
f 7316 7318 7317
f 7319 7317 7318
f 7318 7320 7319
f 7321 7319 7320
f 7320 7322 7321
f 7323 7321 7322
f 7322 7324 7323
f 7325 7323 7324
f 7324 7326 7325
f 7327 7325 7326
f 7326 7328 7327
f 7329 7327 7328
f 7328 7330 7329
f 7331 7329 7330
f 7330 7332 7331
f 7333 7331 7332
f 7332 7334 7333
f 7335 7333 7334
f 7334 7336 7335
f 7337 7335 7336
f 7336 7338 7337
f 7339 7337 7338
f 7338 7340 7339
f 7341 7339 7340
f 7340 7342 7341
f 7343 7341 7342
f 7342 7344 7343
f 7345 7343 7344
f 7344 7346 7345
f 7347 7345 7346
f 7346 7348 7347
f 7349 7347 7348
f 7348 7350 7349
f 7351 7349 7350
f 7350 7352 7351
f 7353 7351 7352
f 7352 7354 7353
f 7355 7353 7354
f 7354 7356 7355
f 7357 7355 7356
f 7356 7358 7357
f 7359 7357 7358
f 7358 7360 7359
f 7361 7359 7360
f 7360 7362 7361
f 7363 7361 7362
f 7362 7364 7363
f 7365 7363 7364
f 7364 7366 7365
f 7367 7365 7366
f 7366 7368 7367
f 7369 7367 7368
f 7368 7370 7369
f 7371 7369 7370
f 7370 7372 7371
f 7373 7371 7372
f 7372 7374 7373
f 7375 7373 7374
f 7374 7376 7375
f 7377 7375 7376
f 7376 7378 7377
f 7379 7377 7378
f 7378 7380 7379
f 7381 7379 7380
f 7380 7382 7381
f 7383 7381 7382
f 7382 7384 7383
f 7385 7383 7384
f 7384 7386 7385
f 7387 7385 7386
f 7386 7388 7387
f 7389 7387 7388
f 7388 7390 7389
f 7391 7389 7390
f 7390 7392 7391
f 7393 7391 7392
f 7392 7394 7393
f 7395 7393 7394
f 7394 7396 7395
f 7397 7395 7396
f 7396 7398 7397
f 7399 7397 7398
f 7398 7400 7399
f 7401 7399 7400
f 7400 7402 7401
f 7403 7401 7402
f 7402 7404 7403
f 7405 7403 7404
f 7404 7406 7405
f 7407 7405 7406
f 7406 7408 7407
f 7409 7407 7408
f 7408 7410 7409
f 7411 7409 7410
f 7410 7412 7411
f 7413 7411 7412
f 7412 7414 7413
f 7415 7413 7414
f 7414 7416 7415
f 7417 7415 7416
f 7416 7418 7417
f 7419 7417 7418
f 7418 7420 7419
f 7421 7419 7420
f 7420 7422 7421
f 7423 7421 7422
f 7422 7424 7423
f 7425 7423 7424
f 7424 7426 7425
f 7427 7425 7426
f 7426 7428 7427
f 7429 7427 7428
f 7428 7430 7429
f 7431 7429 7430
f 7430 7432 7431
f 7433 7431 7432
f 7432 7434 7433
f 7435 7433 7434
f 7434 7436 7435
f 7437 7435 7436
f 7436 7438 7437
f 7439 7437 7438
f 7438 7440 7439
f 7441 7439 7440
f 7440 7442 7441
f 7443 7441 7442
f 7442 7444 7443
f 7445 7443 7444
f 7444 7446 7445
f 7447 7445 7446
f 7446 7448 7447
f 7449 7447 7448
f 7448 7450 7449
f 7451 7449 7450
f 7450 7452 7451
f 7453 7451 7452
f 7452 7454 7453
f 7455 7453 7454
f 7454 7456 7455
f 7457 7455 7456
f 7456 7458 7457
f 7459 7457 7458
f 7458 7460 7459
f 7461 7459 7460
f 7460 7462 7461
f 7463 7461 7462
f 7462 7464 7463
f 7465 7463 7464
f 7464 7466 7465
f 7467 7465 7466
f 7466 7468 7467
f 7469 7467 7468
f 7468 7470 7469
f 7471 7469 7470
f 7470 7472 7471
f 7473 7471 7472
f 7472 7474 7473
f 7475 7473 7474
f 7474 7476 7475
f 7477 7475 7476
f 7476 7478 7477
f 7479 7477 7478
f 7478 7480 7479
f 7481 7479 7480
f 7480 7482 7481
f 7483 7481 7482
f 7482 7484 7483
f 7485 7483 7484
f 7484 7486 7485
f 7487 7485 7486
f 7486 7488 7487
f 7489 7487 7488
f 7488 7490 7489
f 7491 7489 7490
f 7490 7492 7491
f 7493 7491 7492
f 7492 7494 7493
f 7495 7493 7494
f 7494 7496 7495
f 7497 7495 7496
f 7496 7498 7497
f 7499 7497 7498
f 7498 7500 7499
f 7501 7499 7500
f 7500 7502 7501
f 7503 7501 7502
f 7502 7504 7503
f 7505 7503 7504
f 7504 7506 7505
f 7507 7505 7506
f 7506 7508 7507
f 7509 7507 7508
f 7508 7510 7509
f 7511 7509 7510
f 7510 7512 7511
f 7513 7511 7512
f 7512 7514 7513
f 7515 7513 7514
f 7514 7516 7515
f 7517 7515 7516
f 7516 7518 7517
f 7519 7517 7518
f 7518 7520 7519
f 7521 7519 7520
f 7520 7522 7521
f 7523 7521 7522
f 7522 7524 7523
f 7525 7523 7524
f 7524 7526 7525
f 7527 7525 7526
f 7526 7528 7527
f 7529 7527 7528
f 7528 7530 7529
f 7531 7529 7530
f 7530 7532 7531
f 7533 7531 7532
f 7532 7534 7533
f 7535 7533 7534
f 7534 7536 7535
f 7537 7535 7536
f 7536 7538 7537
f 7539 7537 7538
f 7538 7540 7539
f 7541 7539 7540
f 7540 7542 7541
f 7543 7541 7542
f 7542 7544 7543
f 7545 7543 7544
f 7544 7546 7545
f 7547 7545 7546
f 7546 7548 7547
f 7549 7547 7548
f 7548 7550 7549
f 7551 7549 7550
f 7550 7552 7551
f 7553 7551 7552
f 7552 7554 7553
f 7555 7553 7554
f 7554 7556 7555
f 7557 7555 7556
f 7556 7558 7557
f 7559 7557 7558
f 7558 7560 7559
f 7561 7559 7560
f 7560 7562 7561
f 7563 7561 7562
f 7562 7564 7563
f 7565 7563 7564
f 7564 7566 7565
f 7567 7565 7566
f 7566 7568 7567
f 7569 7567 7568
f 7568 7570 7569
f 7571 7569 7570
f 7570 7572 7571
f 7573 7571 7572
f 7572 7574 7573
f 7575 7573 7574
f 7574 7576 7575
f 7577 7575 7576
f 7576 7578 7577
f 7579 7577 7578
f 7578 7580 7579
f 7581 7579 7580
f 7580 7582 7581
f 7583 7581 7582
f 7582 7584 7583
f 7585 7583 7584
f 7584 7586 7585
f 7587 7585 7586
f 7586 7588 7587
f 7589 7587 7588
f 7588 7590 7589
f 7591 7589 7590
f 7590 7592 7591
f 7593 7591 7592
f 7592 7594 7593
f 7595 7593 7594
f 7594 7596 7595
f 7597 7595 7596
f 7596 7598 7597
f 7599 7597 7598
f 7598 7600 7599
f 7601 7599 7600
f 7600 7602 7601
f 7603 7601 7602
f 7602 7604 7603
f 7605 7603 7604
f 7604 7606 7605
f 7607 7605 7606
f 7606 7608 7607
f 7609 7607 7608
f 7608 7610 7609
f 7611 7609 7610
f 7610 7612 7611
f 7613 7611 7612
f 7612 7614 7613
f 7615 7613 7614
f 7614 7616 7615
f 7617 7615 7616
f 7616 7618 7617
f 7619 7617 7618
f 7618 7620 7619
f 7621 7619 7620
f 7620 7622 7621
f 7623 7621 7622
f 7622 7624 7623
f 7625 7623 7624
f 7624 7626 7625
f 7627 7625 7626
f 7626 7628 7627
f 7629 7627 7628
f 7628 7630 7629
f 7631 7629 7630
f 7630 7632 7631
f 7633 7631 7632
f 7632 7634 7633
f 7635 7633 7634
f 7634 7636 7635
f 7637 7635 7636
f 7636 7638 7637
f 7639 7637 7638
f 7638 7640 7639
f 7641 7639 7640
f 7640 7642 7641
f 7643 7641 7642
f 7642 7644 7643
f 7645 7643 7644
f 7644 7646 7645
f 7647 7645 7646
f 7646 7648 7647
f 7649 7647 7648
f 7648 7650 7649
f 7651 7649 7650
f 7650 7652 7651
f 7653 7651 7652
f 7652 7654 7653
f 7655 7653 7654
f 7654 7656 7655
f 7657 7655 7656
f 7656 7658 7657
f 7659 7657 7658
f 7658 7660 7659
f 7661 7659 7660
f 7660 7662 7661
f 7663 7661 7662
f 7662 7664 7663
f 7665 7663 7664
f 7664 7666 7665
f 7667 7665 7666
f 7666 7668 7667
f 7669 7667 7668
f 7668 7670 7669
f 7671 7669 7670
f 7670 7672 7671
f 7673 7671 7672
f 7672 7674 7673
f 7675 7673 7674
f 7674 7676 7675
f 7677 7675 7676
f 7676 7678 7677
f 7679 7677 7678
f 7678 7680 7679
f 7681 7679 7680
f 7680 7682 7681
f 7683 7681 7682
f 7682 7684 7683
f 7685 7683 7684
f 7684 7686 7685
f 7687 7685 7686
f 7686 7688 7687
f 7689 7687 7688
f 7688 7690 7689
f 7691 7689 7690
f 7690 7692 7691
f 7693 7691 7692
f 7692 7694 7693
f 7695 7693 7694
f 7694 7696 7695
f 7697 7695 7696
f 7696 7698 7697
f 7699 7697 7698
f 7698 7700 7699
f 7701 7699 7700
f 7700 7702 7701
f 7703 7701 7702
f 7702 7704 7703
f 7705 7703 7704
f 7704 7706 7705
f 7707 7705 7706
f 7706 7708 7707
f 7709 7707 7708
f 7708 7710 7709
f 7711 7709 7710
f 7710 7712 7711
f 7713 7711 7712
f 7712 7714 7713
f 7715 7713 7714
f 7714 7716 7715
f 7717 7715 7716
f 7716 7718 7717
f 7719 7717 7718
f 7718 7720 7719
f 7721 7719 7720
f 7720 7722 7721
f 7723 7721 7722
f 7722 7724 7723
f 7725 7723 7724
f 7724 7726 7725
f 7727 7725 7726
f 7726 7728 7727
f 7729 7727 7728
f 7728 7730 7729
f 7731 7729 7730
f 7730 7732 7731
f 7733 7731 7732
f 7732 7734 7733
f 7735 7733 7734
f 7734 7736 7735
f 7737 7735 7736
f 7736 7738 7737
f 7739 7737 7738
f 7738 7740 7739
f 7741 7739 7740
f 7740 7742 7741
f 7743 7741 7742
f 7742 7744 7743
f 7745 7743 7744
f 7744 7746 7745
f 7747 7745 7746
f 7746 7748 7747
f 7749 7747 7748
f 7748 7750 7749
f 7751 7749 7750
f 7750 7752 7751
f 7753 7751 7752
f 7752 7754 7753
f 7755 7753 7754
f 7754 7756 7755
f 7757 7755 7756
f 7756 7758 7757
f 7759 7757 7758
f 7758 7760 7759
f 7761 7759 7760
f 7760 7762 7761
f 7763 7761 7762
f 7762 7764 7763
f 7765 7763 7764
f 7764 7766 7765
f 7767 7765 7766
f 7766 7768 7767
f 7769 7767 7768
f 7768 7770 7769
f 7771 7769 7770
f 7770 7772 7771
f 7773 7771 7772
f 7772 7774 7773
f 7775 7773 7774
f 7774 7776 7775
f 7777 7775 7776
f 7776 7778 7777
f 7779 7777 7778
f 7778 7780 7779
f 7781 7779 7780
f 7780 7782 7781
f 7783 7781 7782
f 7782 7784 7783
f 7785 7783 7784
f 7784 7786 7785
f 7787 7785 7786
f 7786 7788 7787
f 7789 7787 7788
f 7788 7790 7789
f 7791 7789 7790
f 7790 7792 7791
f 7793 7791 7792
f 7792 7794 7793
f 7795 7793 7794
f 7794 7796 7795
f 7797 7795 7796
f 7796 7798 7797
f 7799 7797 7798
f 7798 7800 7799
f 7801 7799 7800
f 7800 7802 7801
f 7803 7801 7802
f 7802 7804 7803
f 7805 7803 7804
f 7804 7806 7805
f 7807 7805 7806
f 7806 7808 7807
f 7809 7807 7808
f 7808 7810 7809
f 7811 7809 7810
f 7810 7812 7811
f 7813 7811 7812
f 7812 7814 7813
f 7815 7813 7814
f 7814 7816 7815
f 7817 7815 7816
f 7816 7818 7817
f 7819 7817 7818
f 7818 7820 7819
f 7821 7819 7820
f 7820 7822 7821
f 7823 7821 7822
f 7822 7824 7823
f 7825 7823 7824
f 7824 7826 7825
f 7827 7825 7826
f 7826 7828 7827
f 7829 7827 7828
f 7828 7830 7829
f 7831 7829 7830
f 7830 7832 7831
f 7833 7831 7832
f 7832 7834 7833
f 7835 7833 7834
f 7834 7836 7835
f 7837 7835 7836
f 7836 7838 7837
f 7839 7837 7838
f 7838 7840 7839
f 7841 7839 7840
f 7840 7842 7841
f 7843 7841 7842
f 7842 7844 7843
f 7845 7843 7844
f 7844 7846 7845
f 7847 7845 7846
f 7846 7848 7847
f 7849 7847 7848
f 7848 7850 7849
f 7851 7849 7850
f 7850 7852 7851
f 7853 7851 7852
f 7852 7854 7853
f 7855 7853 7854
f 7854 7856 7855
f 7857 7855 7856
f 7856 7858 7857
f 7859 7857 7858
f 7858 7860 7859
f 7861 7859 7860
f 7860 7862 7861
f 7863 7861 7862
f 7862 7864 7863
f 7865 7863 7864
f 7864 7866 7865
f 7867 7865 7866
f 7866 7868 7867
f 7869 7867 7868
f 7868 7870 7869
f 7871 7869 7870
f 7870 7872 7871
f 7873 7871 7872
f 7872 7874 7873
f 7875 7873 7874
f 7874 7876 7875
f 7877 7875 7876
f 7876 7878 7877
f 7879 7877 7878
f 7878 7880 7879
f 7881 7879 7880
f 7880 7882 7881
f 7883 7881 7882
f 7882 7884 7883
f 7885 7883 7884
f 7884 7886 7885
f 7887 7885 7886
f 7886 7888 7887
f 7889 7887 7888
f 7888 7890 7889
f 7891 7889 7890
f 7890 7892 7891
f 7893 7891 7892
f 7892 7894 7893
f 7895 7893 7894
f 7894 7896 7895
f 7897 7895 7896
f 7896 7898 7897
f 7899 7897 7898
f 7898 7900 7899
f 7901 7899 7900
f 7900 7902 7901
f 7903 7901 7902
f 7902 7904 7903
f 7080 7903 7904
f 7904 7081 7080
f 7113 7115 7117
f 7118 7116 7114
f 7359 7361 7363
f 7364 7362 7360
f 7365 7367 7369
f 7370 7368 7366
f 7369 7371 7373
f 7374 7372 7370
f 7373 7375 7377
f 7378 7376 7374
f 7377 7379 7381
f 7382 7380 7378
f 7391 7393 7395
f 7396 7394 7392
f 7395 7397 7399
f 7400 7398 7396
f 7399 7401 7403
f 7404 7402 7400
f 7409 7411 7413
f 7414 7412 7410
f 7413 7415 7417
f 7418 7416 7414
f 7421 7423 7425
f 7426 7424 7422
f 7425 7427 7429
f 7430 7428 7426
f 7431 7433 7435
f 7436 7434 7432
f 7435 7437 7439
f 7440 7438 7436
f 7439 7441 7443
f 7444 7442 7440
f 7443 7445 7447
f 7448 7446 7444
f 7447 7449 7451
f 7452 7450 7448
f 7451 7453 7455
f 7456 7454 7452
f 7455 7457 7459
f 7460 7458 7456
f 7477 7479 7481
f 7482 7480 7478
f 7481 7483 7485
f 7486 7484 7482
f 7485 7487 7489
f 7490 7488 7486
f 7489 7491 7493
f 7494 7492 7490
f 7493 7495 7497
f 7498 7496 7494
f 7497 7499 7501
f 7502 7500 7498
f 7511 7513 7515
f 7516 7514 7512
f 7515 7517 7519
f 7520 7518 7516
f 7525 7527 7529
f 7530 7528 7526
f 7529 7531 7533
f 7534 7532 7530
f 7555 7557 7559
f 7560 7558 7556
f 7559 7561 7563
f 7564 7562 7560
f 7563 7565 7567
f 7568 7566 7564
f 7575 7577 7579
f 7580 7578 7576
f 7579 7581 7583
f 7584 7582 7580
f 7583 7585 7587
f 7588 7586 7584
f 7587 7589 7591
f 7592 7590 7588
f 7591 7593 7595
f 7596 7594 7592
f 7595 7597 7599
f 7600 7598 7596
f 7599 7601 7603
f 7604 7602 7600
f 7603 7605 7607
f 7608 7606 7604
f 7607 7609 7611
f 7612 7610 7608
f 7611 7613 7615
f 7616 7614 7612
f 7615 7617 7619
f 7620 7618 7616
f 7619 7621 7623
f 7624 7622 7620
f 7623 7625 7627
f 7628 7626 7624
f 7627 7629 7631
f 7632 7630 7628
f 7631 7633 7635
f 7636 7634 7632
f 7635 7637 7639
f 7640 7638 7636
f 7639 7641 7643
f 7644 7642 7640
f 7643 7645 7647
f 7648 7646 7644
f 7647 7649 7651
f 7652 7650 7648
f 7651 7653 7655
f 7656 7654 7652
f 7655 7657 7659
f 7660 7658 7656
f 7659 7661 7663
f 7664 7662 7660
f 7663 7665 7667
f 7668 7666 7664
f 7667 7669 7671
f 7672 7670 7668
f 7671 7673 7675
f 7676 7674 7672
f 7675 7677 7679
f 7680 7678 7676
f 7679 7681 7683
f 7684 7682 7680
f 7683 7685 7687
f 7688 7686 7684
f 7687 7689 7691
f 7692 7690 7688
f 7691 7693 7695
f 7696 7694 7692
f 7695 7697 7699
f 7700 7698 7696
f 7699 7701 7703
f 7704 7702 7700
f 7703 7705 7707
f 7708 7706 7704
f 7707 7709 7711
f 7712 7710 7708
f 7711 7713 7715
f 7716 7714 7712
f 7715 7717 7719
f 7720 7718 7716
f 7719 7721 7723
f 7724 7722 7720
f 7723 7725 7727
f 7728 7726 7724
f 7727 7729 7731
f 7732 7730 7728
f 7865 7867 7869
f 7870 7868 7866
f 7111 7113 7117
f 7118 7114 7112
f 7357 7359 7363
f 7364 7360 7358
f 7363 7365 7369
f 7370 7366 7364
f 7369 7373 7377
f 7378 7374 7370
f 7377 7381 7383
f 7384 7382 7378
f 7389 7391 7395
f 7396 7392 7390
f 7395 7399 7403
f 7404 7400 7396
f 7407 7409 7413
f 7414 7410 7408
f 7413 7417 7419
f 7420 7418 7414
f 7421 7425 7429
f 7430 7426 7422
f 7431 7435 7439
f 7440 7436 7432
f 7439 7443 7447
f 7448 7444 7440
f 7447 7451 7455
f 7456 7452 7448
f 7477 7481 7485
f 7486 7482 7478
f 7485 7489 7493
f 7494 7490 7486
f 7493 7497 7501
f 7502 7498 7494
f 7511 7515 7519
f 7520 7516 7512
f 7525 7529 7533
f 7534 7530 7526
f 7553 7555 7559
f 7560 7556 7554
f 7559 7563 7567
f 7568 7564 7560
f 7575 7579 7583
f 7584 7580 7576
f 7583 7587 7591
f 7592 7588 7584
f 7591 7595 7599
f 7600 7596 7592
f 7599 7603 7607
f 7608 7604 7600
f 7607 7611 7615
f 7616 7612 7608
f 7615 7619 7623
f 7624 7620 7616
f 7623 7627 7631
f 7632 7628 7624
f 7631 7635 7639
f 7640 7636 7632
f 7639 7643 7647
f 7648 7644 7640
f 7647 7651 7655
f 7656 7652 7648
f 7655 7659 7663
f 7664 7660 7656
f 7663 7667 7671
f 7672 7668 7664
f 7671 7675 7679
f 7680 7676 7672
f 7679 7683 7687
f 7688 7684 7680
f 7687 7691 7695
f 7696 7692 7688
f 7695 7699 7703
f 7704 7700 7696
f 7703 7707 7711
f 7712 7708 7704
f 7711 7715 7719
f 7720 7716 7712
f 7719 7723 7727
f 7728 7724 7720
f 7727 7731 7733
f 7734 7732 7728
f 7863 7865 7869
f 7870 7866 7864
f 7109 7111 7117
f 7118 7112 7110
f 7355 7357 7363
f 7364 7358 7356
f 7363 7369 7377
f 7378 7370 7364
f 7387 7389 7395
f 7396 7390 7388
f 7407 7413 7419
f 7420 7414 7408
f 7419 7421 7429
f 7430 7422 7420
f 7431 7439 7447
f 7448 7440 7432
f 7447 7455 7459
f 7460 7456 7448
f 7475 7477 7485
f 7486 7478 7476
f 7485 7493 7501
f 7502 7494 7486
f 7509 7511 7519
f 7520 7512 7510
f 7523 7525 7533
f 7534 7526 7524
f 7551 7553 7559
f 7560 7554 7552
f 7573 7575 7583
f 7584 7576 7574
f 7583 7591 7599
f 7600 7592 7584
f 7599 7607 7615
f 7616 7608 7600
f 7615 7623 7631
f 7632 7624 7616
f 7631 7639 7647
f 7648 7640 7632
f 7647 7655 7663
f 7664 7656 7648
f 7663 7671 7679
f 7680 7672 7664
f 7679 7687 7695
f 7696 7688 7680
f 7695 7703 7711
f 7712 7704 7696
f 7711 7719 7727
f 7728 7720 7712
f 7727 7733 7735
f 7736 7734 7728
f 7861 7863 7869
f 7870 7864 7862
f 7107 7109 7117
f 7118 7110 7108
f 7353 7355 7363
f 7364 7356 7354
f 7363 7377 7383
f 7384 7378 7364
f 7387 7395 7403
f 7404 7396 7388
f 7405 7407 7419
f 7420 7408 7406
f 7419 7429 7431
f 7432 7430 7420
f 7431 7447 7459
f 7460 7448 7432
f 7473 7475 7485
f 7486 7476 7474
f 7485 7501 7503
f 7504 7502 7486
f 7507 7509 7519
f 7520 7510 7508
f 7523 7533 7535
f 7536 7534 7524
f 7551 7559 7567
f 7568 7560 7552
f 7573 7583 7599
f 7600 7584 7574
f 7599 7615 7631
f 7632 7616 7600
f 7631 7647 7663
f 7664 7648 7632
f 7663 7679 7695
f 7696 7680 7664
f 7695 7711 7727
f 7728 7712 7696
f 7727 7735 7737
f 7738 7736 7728
f 7859 7861 7869
f 7870 7862 7860
f 7105 7107 7117
f 7118 7108 7106
f 7351 7353 7363
f 7364 7354 7352
f 7363 7383 7385
f 7386 7384 7364
f 7385 7387 7403
f 7404 7388 7386
f 7405 7419 7431
f 7432 7420 7406
f 7431 7459 7461
f 7462 7460 7432
f 7473 7485 7503
f 7504 7486 7474
f 7505 7507 7519
f 7520 7508 7506
f 7523 7535 7537
f 7538 7536 7524
f 7549 7551 7567
f 7568 7552 7550
f 7571 7573 7599
f 7600 7574 7572
f 7599 7631 7663
f 7664 7632 7600
f 7663 7695 7727
f 7728 7696 7664
f 7727 7737 7739
f 7740 7738 7728
f 7857 7859 7869
f 7870 7860 7858
f 7103 7105 7117
f 7118 7106 7104
f 7349 7351 7363
f 7364 7352 7350
f 7363 7385 7403
f 7404 7386 7364
f 7471 7473 7503
f 7504 7474 7472
f 7505 7519 7521
f 7522 7520 7506
f 7547 7549 7567
f 7568 7550 7548
f 7569 7571 7599
f 7600 7572 7570
f 7599 7663 7727
f 7728 7664 7600
f 7727 7739 7741
f 7742 7740 7728
f 7855 7857 7869
f 7870 7858 7856
f 7101 7103 7117
f 7118 7104 7102
f 7347 7349 7363
f 7364 7350 7348
f 7363 7403 7405
f 7406 7404 7364
f 7469 7471 7503
f 7504 7472 7470
f 7503 7505 7521
f 7522 7506 7504
f 7545 7547 7567
f 7568 7548 7546
f 7567 7569 7599
f 7600 7570 7568
f 7599 7727 7741
f 7742 7728 7600
f 7853 7855 7869
f 7870 7856 7854
f 7099 7101 7117
f 7118 7102 7100
f 7345 7347 7363
f 7364 7348 7346
f 7363 7405 7431
f 7432 7406 7364
f 7467 7469 7503
f 7504 7470 7468
f 7503 7521 7523
f 7524 7522 7504
f 7543 7545 7567
f 7568 7546 7544
f 7567 7599 7741
f 7742 7600 7568
f 7851 7853 7869
f 7870 7854 7852
f 7097 7099 7117
f 7118 7100 7098
f 7343 7345 7363
f 7364 7346 7344
f 7465 7467 7503
f 7504 7468 7466
f 7503 7523 7537
f 7538 7524 7504
f 7541 7543 7567
f 7568 7544 7542
f 7567 7741 7743
f 7744 7742 7568
f 7849 7851 7869
f 7870 7852 7850
f 7095 7097 7117
f 7118 7098 7096
f 7341 7343 7363
f 7364 7344 7342
f 7463 7465 7503
f 7504 7466 7464
f 7539 7541 7567
f 7568 7542 7540
f 7567 7743 7745
f 7746 7744 7568
f 7847 7849 7869
f 7870 7850 7848
f 7093 7095 7117
f 7118 7096 7094
f 7339 7341 7363
f 7364 7342 7340
f 7461 7463 7503
f 7504 7464 7462
f 7539 7567 7745
f 7746 7568 7540
f 7845 7847 7869
f 7870 7848 7846
f 7091 7093 7117
f 7118 7094 7092
f 7337 7339 7363
f 7364 7340 7338
f 7461 7503 7537
f 7538 7504 7462
f 7537 7539 7745
f 7746 7540 7538
f 7843 7845 7869
f 7870 7846 7844
f 7089 7091 7117
f 7118 7092 7090
f 7335 7337 7363
f 7364 7338 7336
f 7431 7461 7537
f 7538 7462 7432
f 7537 7745 7747
f 7748 7746 7538
f 7841 7843 7869
f 7870 7844 7842
f 7087 7089 7117
f 7118 7090 7088
f 7333 7335 7363
f 7364 7336 7334
f 7431 7537 7747
f 7748 7538 7432
f 7839 7841 7869
f 7870 7842 7840
f 7085 7087 7117
f 7118 7088 7086
f 7331 7333 7363
f 7364 7334 7332
f 7431 7747 7749
f 7750 7748 7432
f 7837 7839 7869
f 7870 7840 7838
f 7083 7085 7117
f 7118 7086 7084
f 7329 7331 7363
f 7364 7332 7330
f 7431 7749 7751
f 7752 7750 7432
f 7835 7837 7869
f 7870 7838 7836
f 7079 7083 7117
f 7118 7084 7082
f 7327 7329 7363
f 7364 7330 7328
f 7431 7751 7753
f 7754 7752 7432
f 7833 7835 7869
f 7870 7836 7834
f 7080 7079 7117
f 7118 7082 7081
f 7325 7327 7363
f 7364 7328 7326
f 7431 7753 7755
f 7756 7754 7432
f 7831 7833 7869
f 7870 7834 7832
f 7903 7080 7117
f 7118 7081 7904
f 7323 7325 7363
f 7364 7326 7324
f 7431 7755 7757
f 7758 7756 7432
f 7829 7831 7869
f 7870 7832 7830
f 7901 7903 7117
f 7118 7904 7902
f 7321 7323 7363
f 7364 7324 7322
f 7431 7757 7759
f 7760 7758 7432
f 7827 7829 7869
f 7870 7830 7828
f 7899 7901 7117
f 7118 7902 7900
f 7319 7321 7363
f 7364 7322 7320
f 7431 7759 7761
f 7762 7760 7432
f 7825 7827 7869
f 7870 7828 7826
f 7897 7899 7117
f 7118 7900 7898
f 7317 7319 7363
f 7364 7320 7318
f 7431 7761 7763
f 7764 7762 7432
f 7823 7825 7869
f 7870 7826 7824
f 7895 7897 7117
f 7118 7898 7896
f 7315 7317 7363
f 7364 7318 7316
f 7431 7763 7765
f 7766 7764 7432
f 7821 7823 7869
f 7870 7824 7822
f 7893 7895 7117
f 7118 7896 7894
f 7313 7315 7363
f 7364 7316 7314
f 7431 7765 7767
f 7768 7766 7432
f 7819 7821 7869
f 7870 7822 7820
f 7891 7893 7117
f 7118 7894 7892
f 7311 7313 7363
f 7364 7314 7312
f 7431 7767 7769
f 7770 7768 7432
f 7817 7819 7869
f 7870 7820 7818
f 7889 7891 7117
f 7118 7892 7890
f 7309 7311 7363
f 7364 7312 7310
f 7431 7769 7771
f 7772 7770 7432
f 7815 7817 7869
f 7870 7818 7816
f 7887 7889 7117
f 7118 7890 7888
f 7307 7309 7363
f 7364 7310 7308
f 7431 7771 7773
f 7774 7772 7432
f 7813 7815 7869
f 7870 7816 7814
f 7885 7887 7117
f 7118 7888 7886
f 7305 7307 7363
f 7364 7308 7306
f 7431 7773 7775
f 7776 7774 7432
f 7811 7813 7869
f 7870 7814 7812
f 7883 7885 7117
f 7118 7886 7884
f 7303 7305 7363
f 7364 7306 7304
f 7431 7775 7777
f 7778 7776 7432
f 7809 7811 7869
f 7870 7812 7810
f 7881 7883 7117
f 7118 7884 7882
f 7301 7303 7363
f 7364 7304 7302
f 7431 7777 7779
f 7780 7778 7432
f 7807 7809 7869
f 7870 7810 7808
f 7879 7881 7117
f 7118 7882 7880
f 7299 7301 7363
f 7364 7302 7300
f 7431 7779 7781
f 7782 7780 7432
f 7805 7807 7869
f 7870 7808 7806
f 7877 7879 7117
f 7118 7880 7878
f 7297 7299 7363
f 7364 7300 7298
f 7431 7781 7783
f 7784 7782 7432
f 7803 7805 7869
f 7870 7806 7804
f 7875 7877 7117
f 7118 7878 7876
f 7295 7297 7363
f 7364 7298 7296
f 7431 7783 7785
f 7786 7784 7432
f 7801 7803 7869
f 7870 7804 7802
f 7873 7875 7117
f 7118 7876 7874
f 7293 7295 7363
f 7364 7296 7294
f 7431 7785 7787
f 7788 7786 7432
f 7799 7801 7869
f 7870 7802 7800
f 7871 7873 7117
f 7118 7874 7872
f 7291 7293 7363
f 7364 7294 7292
f 7797 7799 7869
f 7870 7800 7798
f 7869 7871 7117
f 7118 7872 7870
f 7289 7291 7363
f 7364 7292 7290
f 7795 7797 7869
f 7870 7798 7796
f 7869 7117 7119
f 7120 7118 7870
f 7287 7289 7363
f 7364 7290 7288
f 7793 7795 7869
f 7870 7796 7794
f 7869 7119 7121
f 7122 7120 7870
f 7285 7287 7363
f 7364 7288 7286
f 7791 7793 7869
f 7870 7794 7792
f 7869 7121 7123
f 7124 7122 7870
f 7283 7285 7363
f 7364 7286 7284
f 7789 7791 7869
f 7870 7792 7790
f 7869 7123 7125
f 7126 7124 7870
f 7281 7283 7363
f 7364 7284 7282
f 7787 7789 7869
f 7870 7790 7788
f 7869 7125 7127
f 7128 7126 7870
f 7279 7281 7363
f 7364 7282 7280
f 7787 7869 7127
f 7128 7870 7788
f 7277 7279 7363
f 7364 7280 7278
f 7787 7127 7129
f 7130 7128 7788
f 7275 7277 7363
f 7364 7278 7276
f 7787 7129 7131
f 7132 7130 7788
f 7273 7275 7363
f 7364 7276 7274
f 7787 7131 7133
f 7134 7132 7788
f 7271 7273 7363
f 7364 7274 7272
f 7787 7133 7135
f 7136 7134 7788
f 7269 7271 7363
f 7364 7272 7270
f 7787 7135 7137
f 7138 7136 7788
f 7267 7269 7363
f 7364 7270 7268
f 7787 7137 7139
f 7140 7138 7788
f 7265 7267 7363
f 7364 7268 7266
f 7787 7139 7141
f 7142 7140 7788
f 7263 7265 7363
f 7364 7266 7264
f 7787 7141 7143
f 7144 7142 7788
f 7261 7263 7363
f 7364 7264 7262
f 7787 7143 7145
f 7146 7144 7788
f 7261 7363 7431
f 7432 7364 7262
f 7787 7145 7147
f 7148 7146 7788
f 7259 7261 7431
f 7432 7262 7260
f 7787 7147 7149
f 7150 7148 7788
f 7259 7431 7787
f 7788 7432 7260
f 7787 7149 7151
f 7152 7150 7788
f 7257 7259 7787
f 7788 7260 7258
f 7787 7151 7153
f 7154 7152 7788
f 7255 7257 7787
f 7788 7258 7256
f 7787 7153 7155
f 7156 7154 7788
f 7253 7255 7787
f 7788 7256 7254
f 7787 7155 7157
f 7158 7156 7788
f 7251 7253 7787
f 7788 7254 7252
f 7787 7157 7159
f 7160 7158 7788
f 7249 7251 7787
f 7788 7252 7250
f 7787 7159 7161
f 7162 7160 7788
f 7247 7249 7787
f 7788 7250 7248
f 7787 7161 7163
f 7164 7162 7788
f 7245 7247 7787
f 7788 7248 7246
f 7787 7163 7165
f 7166 7164 7788
f 7243 7245 7787
f 7788 7246 7244
f 7787 7165 7167
f 7168 7166 7788
f 7241 7243 7787
f 7788 7244 7242
f 7787 7167 7169
f 7170 7168 7788
f 7239 7241 7787
f 7788 7242 7240
f 7787 7169 7171
f 7172 7170 7788
f 7237 7239 7787
f 7788 7240 7238
f 7787 7171 7173
f 7174 7172 7788
f 7235 7237 7787
f 7788 7238 7236
f 7787 7173 7175
f 7176 7174 7788
f 7233 7235 7787
f 7788 7236 7234
f 7787 7175 7177
f 7178 7176 7788
f 7231 7233 7787
f 7788 7234 7232
f 7787 7177 7179
f 7180 7178 7788
f 7229 7231 7787
f 7788 7232 7230
f 7787 7179 7181
f 7182 7180 7788
f 7227 7229 7787
f 7788 7230 7228
f 7787 7181 7183
f 7184 7182 7788
f 7225 7227 7787
f 7788 7228 7226
f 7787 7183 7185
f 7186 7184 7788
f 7223 7225 7787
f 7788 7226 7224
f 7787 7185 7187
f 7188 7186 7788
f 7221 7223 7787
f 7788 7224 7222
f 7787 7187 7189
f 7190 7188 7788
f 7219 7221 7787
f 7788 7222 7220
f 7787 7189 7191
f 7192 7190 7788
f 7217 7219 7787
f 7788 7220 7218
f 7787 7191 7193
f 7194 7192 7788
f 7215 7217 7787
f 7788 7218 7216
f 7787 7193 7195
f 7196 7194 7788
f 7213 7215 7787
f 7788 7216 7214
f 7787 7195 7197
f 7198 7196 7788
f 7211 7213 7787
f 7788 7214 7212
f 7787 7197 7199
f 7200 7198 7788
f 7209 7211 7787
f 7788 7212 7210
f 7787 7199 7201
f 7202 7200 7788
f 7207 7209 7787
f 7788 7210 7208
f 7787 7201 7203
f 7204 7202 7788
f 7205 7207 7787
f 7788 7208 7206
f 7787 7203 7205
f 7206 7204 7788
f 7905 7906 7907
f 7907 7908 7905
f 7909 7905 7908
f 7908 7910 7909
f 7911 7909 7910
f 7910 7912 7911
f 7913 7911 7912
f 7912 7914 7913
f 7915 7913 7914
f 7914 7916 7915
f 7917 7915 7916
f 7916 7918 7917
f 7919 7917 7918
f 7918 7920 7919
f 7921 7919 7920
f 7920 7922 7921
f 7923 7921 7922
f 7922 7924 7923
f 7925 7923 7924
f 7924 7926 7925
f 7927 7925 7926
f 7926 7928 7927
f 7929 7927 7928
f 7928 7930 7929
f 7931 7929 7930
f 7930 7932 7931
f 7933 7931 7932
f 7932 7934 7933
f 7935 7933 7934
f 7934 7936 7935
f 7937 7935 7936
f 7936 7938 7937
f 7939 7937 7938
f 7938 7940 7939
f 7941 7939 7940
f 7940 7942 7941
f 7943 7941 7942
f 7942 7944 7943
f 7945 7943 7944
f 7944 7946 7945
f 7947 7945 7946
f 7946 7948 7947
f 7949 7947 7948
f 7948 7950 7949
f 7951 7949 7950
f 7950 7952 7951
f 7953 7951 7952
f 7952 7954 7953
f 7955 7953 7954
f 7954 7956 7955
f 7957 7955 7956
f 7956 7958 7957
f 7959 7957 7958
f 7958 7960 7959
f 7961 7959 7960
f 7960 7962 7961
f 7963 7961 7962
f 7962 7964 7963
f 7965 7963 7964
f 7964 7966 7965
f 7967 7965 7966
f 7966 7968 7967
f 7969 7967 7968
f 7968 7970 7969
f 7971 7969 7970
f 7970 7972 7971
f 7973 7971 7972
f 7972 7974 7973
f 7975 7973 7974
f 7974 7976 7975
f 7977 7975 7976
f 7976 7978 7977
f 7979 7977 7978
f 7978 7980 7979
f 7981 7979 7980
f 7980 7982 7981
f 7983 7981 7982
f 7982 7984 7983
f 7985 7983 7984
f 7984 7986 7985
f 7987 7985 7986
f 7986 7988 7987
f 7989 7987 7988
f 7988 7990 7989
f 7991 7989 7990
f 7990 7992 7991
f 7993 7991 7992
f 7992 7994 7993
f 7995 7993 7994
f 7994 7996 7995
f 7997 7995 7996
f 7996 7998 7997
f 7999 7997 7998
f 7998 8000 7999
f 8001 7999 8000
f 8000 8002 8001
f 8003 8001 8002
f 8002 8004 8003
f 8005 8003 8004
f 8004 8006 8005
f 8007 8005 8006
f 8006 8008 8007
f 8009 8007 8008
f 8008 8010 8009
f 8011 8009 8010
f 8010 8012 8011
f 8013 8011 8012
f 8012 8014 8013
f 8015 8013 8014
f 8014 8016 8015
f 8017 8015 8016
f 8016 8018 8017
f 8019 8017 8018
f 8018 8020 8019
f 8021 8019 8020
f 8020 8022 8021
f 8023 8021 8022
f 8022 8024 8023
f 8025 8023 8024
f 8024 8026 8025
f 8027 8025 8026
f 8026 8028 8027
f 8029 8027 8028
f 8028 8030 8029
f 8031 8029 8030
f 8030 8032 8031
f 8033 8031 8032
f 8032 8034 8033
f 8035 8033 8034
f 8034 8036 8035
f 8037 8035 8036
f 8036 8038 8037
f 8039 8037 8038
f 8038 8040 8039
f 8041 8039 8040
f 8040 8042 8041
f 8043 8041 8042
f 8042 8044 8043
f 8045 8043 8044
f 8044 8046 8045
f 8047 8045 8046
f 8046 8048 8047
f 8049 8047 8048
f 8048 8050 8049
f 8051 8049 8050
f 8050 8052 8051
f 8053 8051 8052
f 8052 8054 8053
f 8055 8053 8054
f 8054 8056 8055
f 8057 8055 8056
f 8056 8058 8057
f 8059 8057 8058
f 8058 8060 8059
f 8061 8059 8060
f 8060 8062 8061
f 8063 8061 8062
f 8062 8064 8063
f 8065 8063 8064
f 8064 8066 8065
f 8067 8065 8066
f 8066 8068 8067
f 8069 8067 8068
f 8068 8070 8069
f 8071 8069 8070
f 8070 8072 8071
f 8073 8071 8072
f 8072 8074 8073
f 8075 8073 8074
f 8074 8076 8075
f 8077 8075 8076
f 8076 8078 8077
f 8079 8077 8078
f 8078 8080 8079
f 8081 8079 8080
f 8080 8082 8081
f 8083 8081 8082
f 8082 8084 8083
f 8085 8083 8084
f 8084 8086 8085
f 8087 8085 8086
f 8086 8088 8087
f 8089 8087 8088
f 8088 8090 8089
f 8091 8089 8090
f 8090 8092 8091
f 8093 8091 8092
f 8092 8094 8093
f 8095 8093 8094
f 8094 8096 8095
f 8097 8095 8096
f 8096 8098 8097
f 8099 8097 8098
f 8098 8100 8099
f 8101 8099 8100
f 8100 8102 8101
f 8103 8101 8102
f 8102 8104 8103
f 8105 8103 8104
f 8104 8106 8105
f 8107 8105 8106
f 8106 8108 8107
f 8109 8107 8108
f 8108 8110 8109
f 8111 8109 8110
f 8110 8112 8111
f 8113 8111 8112
f 8112 8114 8113
f 8115 8113 8114
f 8114 8116 8115
f 8117 8115 8116
f 8116 8118 8117
f 8119 8117 8118
f 8118 8120 8119
f 8121 8119 8120
f 8120 8122 8121
f 8123 8121 8122
f 8122 8124 8123
f 8125 8123 8124
f 8124 8126 8125
f 8127 8125 8126
f 8126 8128 8127
f 8129 8127 8128
f 8128 8130 8129
f 8131 8129 8130
f 8130 8132 8131
f 8133 8131 8132
f 8132 8134 8133
f 8135 8133 8134
f 8134 8136 8135
f 8137 8135 8136
f 8136 8138 8137
f 8139 8137 8138
f 8138 8140 8139
f 8141 8139 8140
f 8140 8142 8141
f 8143 8141 8142
f 8142 8144 8143
f 8145 8143 8144
f 8144 8146 8145
f 8147 8145 8146
f 8146 8148 8147
f 8149 8147 8148
f 8148 8150 8149
f 8151 8149 8150
f 8150 8152 8151
f 8153 8151 8152
f 8152 8154 8153
f 8155 8153 8154
f 8154 8156 8155
f 8157 8155 8156
f 8156 8158 8157
f 8159 8157 8158
f 8158 8160 8159
f 8161 8159 8160
f 8160 8162 8161
f 8163 8161 8162
f 8162 8164 8163
f 8165 8163 8164
f 8164 8166 8165
f 8167 8165 8166
f 8166 8168 8167
f 8169 8167 8168
f 8168 8170 8169
f 8171 8169 8170
f 8170 8172 8171
f 8173 8171 8172
f 8172 8174 8173
f 8175 8173 8174
f 8174 8176 8175
f 8177 8175 8176
f 8176 8178 8177
f 8179 8177 8178
f 8178 8180 8179
f 8181 8179 8180
f 8180 8182 8181
f 8183 8181 8182
f 8182 8184 8183
f 8185 8183 8184
f 8184 8186 8185
f 8187 8185 8186
f 8186 8188 8187
f 8189 8187 8188
f 8188 8190 8189
f 8191 8189 8190
f 8190 8192 8191
f 8193 8191 8192
f 8192 8194 8193
f 8195 8193 8194
f 8194 8196 8195
f 8197 8195 8196
f 8196 8198 8197
f 8199 8197 8198
f 8198 8200 8199
f 8201 8199 8200
f 8200 8202 8201
f 8203 8201 8202
f 8202 8204 8203
f 8205 8203 8204
f 8204 8206 8205
f 8207 8205 8206
f 8206 8208 8207
f 8209 8207 8208
f 8208 8210 8209
f 8211 8209 8210
f 8210 8212 8211
f 8213 8211 8212
f 8212 8214 8213
f 8215 8213 8214
f 8214 8216 8215
f 8217 8215 8216
f 8216 8218 8217
f 8219 8217 8218
f 8218 8220 8219
f 8221 8219 8220
f 8220 8222 8221
f 8223 8221 8222
f 8222 8224 8223
f 8225 8223 8224
f 8224 8226 8225
f 8227 8225 8226
f 8226 8228 8227
f 8229 8227 8228
f 8228 8230 8229
f 8231 8229 8230
f 8230 8232 8231
f 8233 8231 8232
f 8232 8234 8233
f 8235 8233 8234
f 8234 8236 8235
f 8237 8235 8236
f 8236 8238 8237
f 8239 8237 8238
f 8238 8240 8239
f 8241 8239 8240
f 8240 8242 8241
f 8243 8241 8242
f 8242 8244 8243
f 8245 8243 8244
f 8244 8246 8245
f 8247 8245 8246
f 8246 8248 8247
f 8249 8247 8248
f 8248 8250 8249
f 8251 8249 8250
f 8250 8252 8251
f 8253 8251 8252
f 8252 8254 8253
f 8255 8253 8254
f 8254 8256 8255
f 8257 8255 8256
f 8256 8258 8257
f 8259 8257 8258
f 8258 8260 8259
f 8261 8259 8260
f 8260 8262 8261
f 8263 8261 8262
f 8262 8264 8263
f 8265 8263 8264
f 8264 8266 8265
f 8267 8265 8266
f 8266 8268 8267
f 8269 8267 8268
f 8268 8270 8269
f 8271 8269 8270
f 8270 8272 8271
f 8273 8271 8272
f 8272 8274 8273
f 8275 8273 8274
f 8274 8276 8275
f 8277 8275 8276
f 8276 8278 8277
f 8279 8277 8278
f 8278 8280 8279
f 8281 8279 8280
f 8280 8282 8281
f 8283 8281 8282
f 8282 8284 8283
f 8285 8283 8284
f 8284 8286 8285
f 8287 8285 8286
f 8286 8288 8287
f 8289 8287 8288
f 8288 8290 8289
f 8291 8289 8290
f 8290 8292 8291
f 8293 8291 8292
f 8292 8294 8293
f 8295 8293 8294
f 8294 8296 8295
f 8297 8295 8296
f 8296 8298 8297
f 8299 8297 8298
f 8298 8300 8299
f 8301 8299 8300
f 8300 8302 8301
f 8303 8301 8302
f 8302 8304 8303
f 8305 8303 8304
f 8304 8306 8305
f 8307 8305 8306
f 8306 8308 8307
f 8309 8307 8308
f 8308 8310 8309
f 8311 8309 8310
f 8310 8312 8311
f 8313 8311 8312
f 8312 8314 8313
f 8315 8313 8314
f 8314 8316 8315
f 8317 8315 8316
f 8316 8318 8317
f 8319 8317 8318
f 8318 8320 8319
f 8321 8319 8320
f 8320 8322 8321
f 8323 8321 8322
f 8322 8324 8323
f 8325 8323 8324
f 8324 8326 8325
f 8327 8325 8326
f 8326 8328 8327
f 8329 8327 8328
f 8328 8330 8329
f 8331 8329 8330
f 8330 8332 8331
f 8333 8331 8332
f 8332 8334 8333
f 8335 8333 8334
f 8334 8336 8335
f 8337 8335 8336
f 8336 8338 8337
f 8339 8337 8338
f 8338 8340 8339
f 8341 8339 8340
f 8340 8342 8341
f 8343 8341 8342
f 8342 8344 8343
f 8345 8343 8344
f 8344 8346 8345
f 8347 8345 8346
f 8346 8348 8347
f 8349 8347 8348
f 8348 8350 8349
f 8351 8349 8350
f 8350 8352 8351
f 8353 8351 8352
f 8352 8354 8353
f 8355 8353 8354
f 8354 8356 8355
f 8357 8355 8356
f 8356 8358 8357
f 8359 8357 8358
f 8358 8360 8359
f 8361 8359 8360
f 8360 8362 8361
f 8363 8361 8362
f 8362 8364 8363
f 8365 8363 8364
f 8364 8366 8365
f 8367 8365 8366
f 8366 8368 8367
f 8369 8367 8368
f 8368 8370 8369
f 8371 8369 8370
f 8370 8372 8371
f 8373 8371 8372
f 8372 8374 8373
f 8375 8373 8374
f 8374 8376 8375
f 8377 8375 8376
f 8376 8378 8377
f 8379 8377 8378
f 8378 8380 8379
f 8381 8379 8380
f 8380 8382 8381
f 8383 8381 8382
f 8382 8384 8383
f 8385 8383 8384
f 8384 8386 8385
f 8387 8385 8386
f 8386 8388 8387
f 8389 8387 8388
f 8388 8390 8389
f 8391 8389 8390
f 8390 8392 8391
f 8393 8391 8392
f 8392 8394 8393
f 8395 8393 8394
f 8394 8396 8395
f 8397 8395 8396
f 8396 8398 8397
f 8399 8397 8398
f 8398 8400 8399
f 8401 8399 8400
f 8400 8402 8401
f 8403 8401 8402
f 8402 8404 8403
f 8405 8403 8404
f 8404 8406 8405
f 8407 8405 8406
f 8406 8408 8407
f 8409 8407 8408
f 8408 8410 8409
f 8411 8409 8410
f 8410 8412 8411
f 8413 8411 8412
f 8412 8414 8413
f 8415 8413 8414
f 8414 8416 8415
f 8417 8415 8416
f 8416 8418 8417
f 8419 8417 8418
f 8418 8420 8419
f 8421 8419 8420
f 8420 8422 8421
f 8423 8421 8422
f 8422 8424 8423
f 8425 8423 8424
f 8424 8426 8425
f 8427 8425 8426
f 8426 8428 8427
f 8429 8427 8428
f 8428 8430 8429
f 8431 8429 8430
f 8430 8432 8431
f 8433 8431 8432
f 8432 8434 8433
f 8435 8433 8434
f 8434 8436 8435
f 8437 8435 8436
f 8436 8438 8437
f 8439 8437 8438
f 8438 8440 8439
f 8441 8439 8440
f 8440 8442 8441
f 8443 8441 8442
f 8442 8444 8443
f 8445 8443 8444
f 8444 8446 8445
f 8447 8445 8446
f 8446 8448 8447
f 8449 8447 8448
f 8448 8450 8449
f 8451 8449 8450
f 8450 8452 8451
f 8453 8451 8452
f 8452 8454 8453
f 8455 8453 8454
f 8454 8456 8455
f 8457 8455 8456
f 8456 8458 8457
f 8459 8457 8458
f 8458 8460 8459
f 8461 8459 8460
f 8460 8462 8461
f 8463 8461 8462
f 8462 8464 8463
f 8465 8463 8464
f 8464 8466 8465
f 8467 8465 8466
f 8466 8468 8467
f 8469 8467 8468
f 8468 8470 8469
f 8471 8469 8470
f 8470 8472 8471
f 8473 8471 8472
f 8472 8474 8473
f 8475 8473 8474
f 8474 8476 8475
f 8477 8475 8476
f 8476 8478 8477
f 8479 8477 8478
f 8478 8480 8479
f 8481 8479 8480
f 8480 8482 8481
f 8483 8481 8482
f 8482 8484 8483
f 8485 8483 8484
f 8484 8486 8485
f 8487 8485 8486
f 8486 8488 8487
f 8489 8487 8488
f 8488 8490 8489
f 8491 8489 8490
f 8490 8492 8491
f 8493 8491 8492
f 8492 8494 8493
f 8495 8493 8494
f 8494 8496 8495
f 8497 8495 8496
f 8496 8498 8497
f 8499 8497 8498
f 8498 8500 8499
f 8501 8499 8500
f 8500 8502 8501
f 8503 8501 8502
f 8502 8504 8503
f 8505 8503 8504
f 8504 8506 8505
f 8507 8505 8506
f 8506 8508 8507
f 8509 8507 8508
f 8508 8510 8509
f 8511 8509 8510
f 8510 8512 8511
f 8513 8511 8512
f 8512 8514 8513
f 8515 8513 8514
f 8514 8516 8515
f 8517 8515 8516
f 8516 8518 8517
f 8519 8517 8518
f 8518 8520 8519
f 8521 8519 8520
f 8520 8522 8521
f 8523 8521 8522
f 8522 8524 8523
f 8525 8523 8524
f 8524 8526 8525
f 8527 8525 8526
f 8526 8528 8527
f 8529 8527 8528
f 8528 8530 8529
f 8531 8529 8530
f 8530 8532 8531
f 8533 8531 8532
f 8532 8534 8533
f 8535 8533 8534
f 8534 8536 8535
f 8537 8535 8536
f 8536 8538 8537
f 8539 8537 8538
f 8538 8540 8539
f 8541 8539 8540
f 8540 8542 8541
f 8543 8541 8542
f 8542 8544 8543
f 8545 8543 8544
f 8544 8546 8545
f 8547 8545 8546
f 8546 8548 8547
f 8549 8547 8548
f 8548 8550 8549
f 8551 8549 8550
f 8550 8552 8551
f 8553 8551 8552
f 8552 8554 8553
f 8555 8553 8554
f 8554 8556 8555
f 8557 8555 8556
f 8556 8558 8557
f 8559 8557 8558
f 8558 8560 8559
f 8561 8559 8560
f 8560 8562 8561
f 8563 8561 8562
f 8562 8564 8563
f 8565 8563 8564
f 8564 8566 8565
f 8567 8565 8566
f 8566 8568 8567
f 8569 8567 8568
f 8568 8570 8569
f 8571 8569 8570
f 8570 8572 8571
f 8573 8571 8572
f 8572 8574 8573
f 8575 8573 8574
f 8574 8576 8575
f 8577 8575 8576
f 8576 8578 8577
f 8579 8577 8578
f 8578 8580 8579
f 8581 8579 8580
f 8580 8582 8581
f 8583 8581 8582
f 8582 8584 8583
f 8585 8583 8584
f 8584 8586 8585
f 8587 8585 8586
f 8586 8588 8587
f 8589 8587 8588
f 8588 8590 8589
f 8591 8589 8590
f 8590 8592 8591
f 8593 8591 8592
f 8592 8594 8593
f 8595 8593 8594
f 8594 8596 8595
f 8597 8595 8596
f 8596 8598 8597
f 8599 8597 8598
f 8598 8600 8599
f 8601 8599 8600
f 8600 8602 8601
f 8603 8601 8602
f 8602 8604 8603
f 8605 8603 8604
f 8604 8606 8605
f 8607 8605 8606
f 8606 8608 8607
f 8609 8607 8608
f 8608 8610 8609
f 8611 8609 8610
f 8610 8612 8611
f 8613 8611 8612
f 8612 8614 8613
f 8615 8613 8614
f 8614 8616 8615
f 8617 8615 8616
f 8616 8618 8617
f 8619 8617 8618
f 8618 8620 8619
f 8621 8619 8620
f 8620 8622 8621
f 8623 8621 8622
f 8622 8624 8623
f 8625 8623 8624
f 8624 8626 8625
f 8627 8625 8626
f 8626 8628 8627
f 8629 8627 8628
f 8628 8630 8629
f 8631 8629 8630
f 8630 8632 8631
f 8633 8631 8632
f 8632 8634 8633
f 8635 8633 8634
f 8634 8636 8635
f 8637 8635 8636
f 8636 8638 8637
f 8639 8637 8638
f 8638 8640 8639
f 8641 8639 8640
f 8640 8642 8641
f 8643 8641 8642
f 8642 8644 8643
f 8645 8643 8644
f 8644 8646 8645
f 8647 8645 8646
f 8646 8648 8647
f 8649 8647 8648
f 8648 8650 8649
f 8651 8649 8650
f 8650 8652 8651
f 8653 8651 8652
f 8652 8654 8653
f 7906 8653 8654
f 8654 7907 7906
f 8651 8653 7906
f 7907 8654 8652
f 7906 7905 7909
f 7910 7908 7907
f 7909 7911 7913
f 7914 7912 7910
f 7913 7915 7917
f 7918 7916 7914
f 7917 7919 7921
f 7922 7920 7918
f 7921 7923 7925
f 7926 7924 7922
f 7925 7927 7929
f 7930 7928 7926
f 7929 7931 7933
f 7934 7932 7930
f 7939 7941 7943
f 7944 7942 7940
f 7943 7945 7947
f 7948 7946 7944
f 7953 7955 7957
f 7958 7956 7954
f 7957 7959 7961
f 7962 7960 7958
f 7961 7963 7965
f 7966 7964 7962
f 7967 7969 7971
f 7972 7970 7968
f 7971 7973 7975
f 7976 7974 7972
f 7975 7977 7979
f 7980 7978 7976
f 7989 7991 7993
f 7994 7992 7990
f 7993 7995 7997
f 7998 7996 7994
f 7997 7999 8001
f 8002 8000 7998
f 8001 8003 8005
f 8006 8004 8002
f 8005 8007 8009
f 8010 8008 8006
f 8023 8025 8027
f 8028 8026 8024
f 8027 8029 8031
f 8032 8030 8028
f 8037 8039 8041
f 8042 8040 8038
f 8041 8043 8045
f 8046 8044 8042
f 8045 8047 8049
f 8050 8048 8046
f 8053 8055 8057
f 8058 8056 8054
f 8057 8059 8061
f 8062 8060 8058
f 8063 8065 8067
f 8068 8066 8064
f 8071 8073 8075
f 8076 8074 8072
f 8079 8081 8083
f 8084 8082 8080
f 8083 8085 8087
f 8088 8086 8084
f 8089 8091 8093
f 8094 8092 8090
f 8093 8095 8097
f 8098 8096 8094
f 8101 8103 8105
f 8106 8104 8102
f 8105 8107 8109
f 8110 8108 8106
f 8109 8111 8113
f 8114 8112 8110
f 8113 8115 8117
f 8118 8116 8114
f 8117 8119 8121
f 8122 8120 8118
f 8121 8123 8125
f 8126 8124 8122
f 8125 8127 8129
f 8130 8128 8126
f 8129 8131 8133
f 8134 8132 8130
f 8133 8135 8137
f 8138 8136 8134
f 8137 8139 8141
f 8142 8140 8138
f 8141 8143 8145
f 8146 8144 8142
f 8145 8147 8149
f 8150 8148 8146
f 8149 8151 8153
f 8154 8152 8150
f 8153 8155 8157
f 8158 8156 8154
f 8157 8159 8161
f 8162 8160 8158
f 8161 8163 8165
f 8166 8164 8162
f 8165 8167 8169
f 8170 8168 8166
f 8169 8171 8173
f 8174 8172 8170
f 8237 8239 8241
f 8242 8240 8238
f 8315 8317 8319
f 8320 8318 8316
f 8447 8449 8451
f 8452 8450 8448
f 8457 8459 8461
f 8462 8460 8458
f 8465 8467 8469
f 8470 8468 8466
f 8503 8505 8507
f 8508 8506 8504
f 8507 8509 8511
f 8512 8510 8508
f 8515 8517 8519
f 8520 8518 8516
f 8531 8533 8535
f 8536 8534 8532
f 8535 8537 8539
f 8540 8538 8536
f 8539 8541 8543
f 8544 8542 8540
f 8565 8567 8569
f 8570 8568 8566
f 8625 8627 8629
f 8630 8628 8626
f 8629 8631 8633
f 8634 8632 8630
f 8635 8637 8639
f 8640 8638 8636
f 8643 8645 8647
f 8648 8646 8644
f 8647 8649 8651
f 8652 8650 8648
f 8651 7906 7909
f 7910 7907 8652
f 7909 7913 7917
f 7918 7914 7910
f 7917 7921 7925
f 7926 7922 7918
f 7925 7929 7933
f 7934 7930 7926
f 7939 7943 7947
f 7948 7944 7940
f 7953 7957 7961
f 7962 7958 7954
f 7967 7971 7975
f 7976 7972 7968
f 7989 7993 7997
f 7998 7994 7990
f 7997 8001 8005
f 8006 8002 7998
f 8005 8009 8011
f 8012 8010 8006
f 8021 8023 8027
f 8028 8024 8022
f 8037 8041 8045
f 8046 8042 8038
f 8053 8057 8061
f 8062 8058 8054
f 8063 8067 8069
f 8070 8068 8064
f 8071 8075 8077
f 8078 8076 8072
f 8079 8083 8087
f 8088 8084 8080
f 8089 8093 8097
f 8098 8094 8090
f 8101 8105 8109
f 8110 8106 8102
f 8109 8113 8117
f 8118 8114 8110
f 8117 8121 8125
f 8126 8122 8118
f 8125 8129 8133
f 8134 8130 8126
f 8133 8137 8141
f 8142 8138 8134
f 8141 8145 8149
f 8150 8146 8142
f 8149 8153 8157
f 8158 8154 8150
f 8157 8161 8165
f 8166 8162 8158
f 8165 8169 8173
f 8174 8170 8166
f 8235 8237 8241
f 8242 8238 8236
f 8313 8315 8319
f 8320 8316 8314
f 8447 8451 8453
f 8454 8452 8448
f 8457 8461 8463
f 8464 8462 8458
f 8465 8469 8471
f 8472 8470 8466
f 8503 8507 8511
f 8512 8508 8504
f 8513 8515 8519
f 8520 8516 8514
f 8531 8535 8539
f 8540 8536 8532
f 8539 8543 8545
f 8546 8544 8540
f 8563 8565 8569
f 8570 8566 8564
f 8623 8625 8629
f 8630 8626 8624
f 8629 8633 8635
f 8636 8634 8630
f 8635 8639 8641
f 8642 8640 8636
f 8643 8647 8651
f 8652 8648 8644
f 8651 7909 7917
f 7918 7910 8652
f 7917 7925 7933
f 7934 7926 7918
f 7937 7939 7947
f 7948 7940 7938
f 7953 7961 7965
f 7966 7962 7954
f 7965 7967 7975
f 7976 7968 7966
f 7987 7989 7997
f 7998 7990 7988
f 7997 8005 8011
f 8012 8006 7998
f 8019 8021 8027
f 8028 8022 8020
f 8037 8045 8049
f 8050 8046 8038
f 8051 8053 8061
f 8062 8054 8052
f 8063 8069 8071
f 8072 8070 8064
f 8071 8077 8079
f 8080 8078 8072
f 8079 8087 8089
f 8090 8088 8080
f 8089 8097 8099
f 8100 8098 8090
f 8101 8109 8117
f 8118 8110 8102
f 8117 8125 8133
f 8134 8126 8118
f 8133 8141 8149
f 8150 8142 8134
f 8149 8157 8165
f 8166 8158 8150
f 8165 8173 8175
f 8176 8174 8166
f 8233 8235 8241
f 8242 8236 8234
f 8311 8313 8319
f 8320 8314 8312
f 8447 8453 8455
f 8456 8454 8448
f 8457 8463 8465
f 8466 8464 8458
f 8465 8471 8473
f 8474 8472 8466
f 8501 8503 8511
f 8512 8504 8502
f 8513 8519 8521
f 8522 8520 8514
f 8529 8531 8539
f 8540 8532 8530
f 8561 8563 8569
f 8570 8564 8562
f 8621 8623 8629
f 8630 8624 8622
f 8635 8641 8643
f 8644 8642 8636
f 8643 8651 7917
f 7918 8652 8644
f 7917 7933 7935
f 7936 7934 7918
f 7935 7937 7947
f 7948 7938 7936
f 7951 7953 7965
f 7966 7954 7952
f 7965 7975 7979
f 7980 7976 7966
f 7987 7997 8011
f 8012 7998 7988
f 8019 8027 8031
f 8032 8028 8020
f 8035 8037 8049
f 8050 8038 8036
f 8051 8061 8063
f 8064 8062 8052
f 8063 8071 8079
f 8080 8072 8064
f 8079 8089 8099
f 8100 8090 8080
f 8099 8101 8117
f 8118 8102 8100
f 8117 8133 8149
f 8150 8134 8118
f 8149 8165 8175
f 8176 8166 8150
f 8231 8233 8241
f 8242 8234 8232
f 8309 8311 8319
f 8320 8312 8310
f 8499 8501 8511
f 8512 8502 8500
f 8513 8521 8523
f 8524 8522 8514
f 8529 8539 8545
f 8546 8540 8530
f 8559 8561 8569
f 8570 8562 8560
f 8619 8621 8629
f 8630 8622 8620
f 8635 8643 7917
f 7918 8644 8636
f 7917 7935 7947
f 7948 7936 7918
f 7949 7951 7965
f 7966 7952 7950
f 7965 7979 7981
f 7982 7980 7966
f 7985 7987 8011
f 8012 7988 7986
f 8017 8019 8031
f 8032 8020 8018
f 8033 8035 8049
f 8050 8036 8034
f 8049 8051 8063
f 8064 8052 8050
f 8063 8079 8099
f 8100 8080 8064
f 8099 8117 8149
f 8150 8118 8100
f 8149 8175 8177
f 8178 8176 8150
f 8229 8231 8241
f 8242 8232 8230
f 8307 8309 8319
f 8320 8310 8308
f 8499 8511 8513
f 8514 8512 8500
f 8527 8529 8545
f 8546 8530 8528
f 8557 8559 8569
f 8570 8560 8558
f 8617 8619 8629
f 8630 8620 8618
f 8629 8635 7917
f 7918 8636 8630
f 7917 7947 7949
f 7950 7948 7918
f 7949 7965 7981
f 7982 7966 7950
f 7985 8011 8013
f 8014 8012 7986
f 8015 8017 8031
f 8032 8018 8016
f 8033 8049 8063
f 8064 8050 8034
f 8063 8099 8149
f 8150 8100 8064
f 8149 8177 8179
f 8180 8178 8150
f 8227 8229 8241
f 8242 8230 8228
f 8305 8307 8319
f 8320 8308 8306
f 8525 8527 8545
f 8546 8528 8526
f 8555 8557 8569
f 8570 8558 8556
f 8615 8617 8629
f 8630 8618 8616
f 8629 7917 7949
f 7950 7918 8630
f 7949 7981 7983
f 7984 7982 7950
f 7983 7985 8013
f 8014 7986 7984
f 8013 8015 8031
f 8032 8016 8014
f 8033 8063 8149
f 8150 8064 8034
f 8149 8179 8181
f 8182 8180 8150
f 8225 8227 8241
f 8242 8228 8226
f 8303 8305 8319
f 8320 8306 8304
f 8553 8555 8569
f 8570 8556 8554
f 8613 8615 8629
f 8630 8616 8614
f 8629 7949 7983
f 7984 7950 8630
f 7983 8013 8031
f 8032 8014 7984
f 8031 8033 8149
f 8150 8034 8032
f 8149 8181 8183
f 8184 8182 8150
f 8223 8225 8241
f 8242 8226 8224
f 8301 8303 8319
f 8320 8304 8302
f 8551 8553 8569
f 8570 8554 8552
f 8611 8613 8629
f 8630 8614 8612
f 8629 7983 8031
f 8032 7984 8630
f 8031 8149 8183
f 8184 8150 8032
f 8221 8223 8241
f 8242 8224 8222
f 8299 8301 8319
f 8320 8302 8300
f 8551 8569 8571
f 8572 8570 8552
f 8609 8611 8629
f 8630 8612 8610
f 8629 8031 8183
f 8184 8032 8630
f 8219 8221 8241
f 8242 8222 8220
f 8297 8299 8319
f 8320 8300 8298
f 8549 8551 8571
f 8572 8552 8550
f 8607 8609 8629
f 8630 8610 8608
f 8629 8183 8185
f 8186 8184 8630
f 8217 8219 8241
f 8242 8220 8218
f 8295 8297 8319
f 8320 8298 8296
f 8547 8549 8571
f 8572 8550 8548
f 8605 8607 8629
f 8630 8608 8606
f 8629 8185 8187
f 8188 8186 8630
f 8215 8217 8241
f 8242 8218 8216
f 8293 8295 8319
f 8320 8296 8294
f 8547 8571 8573
f 8574 8572 8548
f 8603 8605 8629
f 8630 8606 8604
f 8629 8187 8189
f 8190 8188 8630
f 8213 8215 8241
f 8242 8216 8214
f 8291 8293 8319
f 8320 8294 8292
f 8545 8547 8573
f 8574 8548 8546
f 8601 8603 8629
f 8630 8604 8602
f 8211 8213 8241
f 8242 8214 8212
f 8289 8291 8319
f 8320 8292 8290
f 8545 8573 8575
f 8576 8574 8546
f 8599 8601 8629
f 8630 8602 8600
f 8209 8211 8241
f 8242 8212 8210
f 8287 8289 8319
f 8320 8290 8288
f 8525 8545 8575
f 8576 8546 8526
f 8597 8599 8629
f 8630 8600 8598
f 8207 8209 8241
f 8242 8210 8208
f 8285 8287 8319
f 8320 8288 8286
f 8523 8525 8575
f 8576 8526 8524
f 8595 8597 8629
f 8630 8598 8596
f 8205 8207 8241
f 8242 8208 8206
f 8283 8285 8319
f 8320 8286 8284
f 8523 8575 8577
f 8578 8576 8524
f 8593 8595 8629
f 8630 8596 8594
f 8203 8205 8241
f 8242 8206 8204
f 8281 8283 8319
f 8320 8284 8282
f 8523 8577 8579
f 8580 8578 8524
f 8591 8593 8629
f 8630 8594 8592
f 8201 8203 8241
f 8242 8204 8202
f 8279 8281 8319
f 8320 8282 8280
f 8523 8579 8581
f 8582 8580 8524
f 8589 8591 8629
f 8630 8592 8590
f 8199 8201 8241
f 8242 8202 8200
f 8277 8279 8319
f 8320 8280 8278
f 8513 8523 8581
f 8582 8524 8514
f 8587 8589 8629
f 8630 8590 8588
f 8197 8199 8241
f 8242 8200 8198
f 8275 8277 8319
f 8320 8278 8276
f 8513 8581 8583
f 8584 8582 8514
f 8585 8587 8629
f 8630 8588 8586
f 8195 8197 8241
f 8242 8198 8196
f 8273 8275 8319
f 8320 8276 8274
f 8513 8583 8585
f 8586 8584 8514
f 8193 8195 8241
f 8242 8196 8194
f 8271 8273 8319
f 8320 8274 8272
f 8499 8513 8585
f 8586 8514 8500
f 8191 8193 8241
f 8242 8194 8192
f 8269 8271 8319
f 8320 8272 8270
f 8499 8585 8629
f 8630 8586 8500
f 8189 8191 8241
f 8242 8192 8190
f 8267 8269 8319
f 8320 8270 8268
f 8497 8499 8629
f 8630 8500 8498
f 8189 8241 8243
f 8244 8242 8190
f 8265 8267 8319
f 8320 8268 8266
f 8495 8497 8629
f 8630 8498 8496
f 8189 8243 8245
f 8246 8244 8190
f 8263 8265 8319
f 8320 8266 8264
f 8493 8495 8629
f 8630 8496 8494
f 8189 8245 8247
f 8248 8246 8190
f 8261 8263 8319
f 8320 8264 8262
f 8491 8493 8629
f 8630 8494 8492
f 8189 8247 8249
f 8250 8248 8190
f 8259 8261 8319
f 8320 8262 8260
f 8489 8491 8629
f 8630 8492 8490
f 8189 8249 8251
f 8252 8250 8190
f 8257 8259 8319
f 8320 8260 8258
f 8487 8489 8629
f 8630 8490 8488
f 8189 8251 8253
f 8254 8252 8190
f 8255 8257 8319
f 8320 8258 8256
f 8485 8487 8629
f 8630 8488 8486
f 8189 8253 8255
f 8256 8254 8190
f 8255 8319 8321
f 8322 8320 8256
f 8483 8485 8629
f 8630 8486 8484
f 8189 8255 8321
f 8322 8256 8190
f 8481 8483 8629
f 8630 8484 8482
f 8189 8321 8323
f 8324 8322 8190
f 8479 8481 8629
f 8630 8482 8480
f 8189 8323 8325
f 8326 8324 8190
f 8477 8479 8629
f 8630 8480 8478
f 8189 8325 8327
f 8328 8326 8190
f 8475 8477 8629
f 8630 8478 8476
f 8189 8327 8329
f 8330 8328 8190
f 8475 8629 8189
f 8190 8630 8476
f 8189 8329 8331
f 8332 8330 8190
f 8473 8475 8189
f 8190 8476 8474
f 8189 8331 8333
f 8334 8332 8190
f 8465 8473 8189
f 8190 8474 8466
f 8189 8333 8335
f 8336 8334 8190
f 8457 8465 8189
f 8190 8466 8458
f 8189 8335 8337
f 8338 8336 8190
f 8455 8457 8189
f 8190 8458 8456
f 8189 8337 8339
f 8340 8338 8190
f 8447 8455 8189
f 8190 8456 8448
f 8189 8339 8341
f 8342 8340 8190
f 8445 8447 8189
f 8190 8448 8446
f 8189 8341 8343
f 8344 8342 8190
f 8443 8445 8189
f 8190 8446 8444
f 8189 8343 8345
f 8346 8344 8190
f 8441 8443 8189
f 8190 8444 8442
f 8189 8345 8347
f 8348 8346 8190
f 8439 8441 8189
f 8190 8442 8440
f 8189 8347 8349
f 8350 8348 8190
f 8437 8439 8189
f 8190 8440 8438
f 8189 8349 8351
f 8352 8350 8190
f 8435 8437 8189
f 8190 8438 8436
f 8189 8351 8353
f 8354 8352 8190
f 8433 8435 8189
f 8190 8436 8434
f 8189 8353 8355
f 8356 8354 8190
f 8431 8433 8189
f 8190 8434 8432
f 8189 8355 8357
f 8358 8356 8190
f 8429 8431 8189
f 8190 8432 8430
f 8189 8357 8359
f 8360 8358 8190
f 8427 8429 8189
f 8190 8430 8428
f 8189 8359 8361
f 8362 8360 8190
f 8425 8427 8189
f 8190 8428 8426
f 8189 8361 8363
f 8364 8362 8190
f 8423 8425 8189
f 8190 8426 8424
f 8189 8363 8365
f 8366 8364 8190
f 8421 8423 8189
f 8190 8424 8422
f 8189 8365 8367
f 8368 8366 8190
f 8419 8421 8189
f 8190 8422 8420
f 8189 8367 8369
f 8370 8368 8190
f 8417 8419 8189
f 8190 8420 8418
f 8189 8369 8371
f 8372 8370 8190
f 8415 8417 8189
f 8190 8418 8416
f 8189 8371 8373
f 8374 8372 8190
f 8413 8415 8189
f 8190 8416 8414
f 8189 8373 8375
f 8376 8374 8190
f 8411 8413 8189
f 8190 8414 8412
f 8189 8375 8377
f 8378 8376 8190
f 8409 8411 8189
f 8190 8412 8410
f 8189 8377 8379
f 8380 8378 8190
f 8407 8409 8189
f 8190 8410 8408
f 8189 8379 8381
f 8382 8380 8190
f 8405 8407 8189
f 8190 8408 8406
f 8189 8381 8383
f 8384 8382 8190
f 8403 8405 8189
f 8190 8406 8404
f 8189 8383 8385
f 8386 8384 8190
f 8401 8403 8189
f 8190 8404 8402
f 8189 8385 8387
f 8388 8386 8190
f 8399 8401 8189
f 8190 8402 8400
f 8189 8387 8389
f 8390 8388 8190
f 8397 8399 8189
f 8190 8400 8398
f 8189 8389 8391
f 8392 8390 8190
f 8395 8397 8189
f 8190 8398 8396
f 8189 8391 8393
f 8394 8392 8190
f 8393 8395 8189
f 8190 8396 8394
f 8655 8656 8657
f 8657 8658 8655
f 8659 8655 8658
f 8658 8660 8659
f 8661 8659 8660
f 8660 8662 8661
f 8663 8661 8662
f 8662 8664 8663
f 8665 8663 8664
f 8664 8666 8665
f 8667 8665 8666
f 8666 8668 8667
f 8669 8667 8668
f 8668 8670 8669
f 8671 8669 8670
f 8670 8672 8671
f 8673 8671 8672
f 8672 8674 8673
f 8675 8673 8674
f 8674 8676 8675
f 8677 8675 8676
f 8676 8678 8677
f 8679 8677 8678
f 8678 8680 8679
f 8681 8679 8680
f 8680 8682 8681
f 8683 8681 8682
f 8682 8684 8683
f 8685 8683 8684
f 8684 8686 8685
f 8687 8685 8686
f 8686 8688 8687
f 8689 8687 8688
f 8688 8690 8689
f 8691 8689 8690
f 8690 8692 8691
f 8693 8691 8692
f 8692 8694 8693
f 8695 8693 8694
f 8694 8696 8695
f 8697 8695 8696
f 8696 8698 8697
f 8699 8697 8698
f 8698 8700 8699
f 8701 8699 8700
f 8700 8702 8701
f 8703 8701 8702
f 8702 8704 8703
f 8705 8703 8704
f 8704 8706 8705
f 8707 8705 8706
f 8706 8708 8707
f 8709 8707 8708
f 8708 8710 8709
f 8711 8709 8710
f 8710 8712 8711
f 8713 8711 8712
f 8712 8714 8713
f 8715 8713 8714
f 8714 8716 8715
f 8717 8715 8716
f 8716 8718 8717
f 8719 8717 8718
f 8718 8720 8719
f 8721 8719 8720
f 8720 8722 8721
f 8723 8721 8722
f 8722 8724 8723
f 8725 8723 8724
f 8724 8726 8725
f 8727 8725 8726
f 8726 8728 8727
f 8729 8727 8728
f 8728 8730 8729
f 8731 8729 8730
f 8730 8732 8731
f 8733 8731 8732
f 8732 8734 8733
f 8735 8733 8734
f 8734 8736 8735
f 8737 8735 8736
f 8736 8738 8737
f 8739 8737 8738
f 8738 8740 8739
f 8741 8739 8740
f 8740 8742 8741
f 8743 8741 8742
f 8742 8744 8743
f 8745 8743 8744
f 8744 8746 8745
f 8747 8745 8746
f 8746 8748 8747
f 8749 8747 8748
f 8748 8750 8749
f 8751 8749 8750
f 8750 8752 8751
f 8753 8751 8752
f 8752 8754 8753
f 8755 8753 8754
f 8754 8756 8755
f 8757 8755 8756
f 8756 8758 8757
f 8759 8757 8758
f 8758 8760 8759
f 8761 8759 8760
f 8760 8762 8761
f 8763 8761 8762
f 8762 8764 8763
f 8765 8763 8764
f 8764 8766 8765
f 8767 8765 8766
f 8766 8768 8767
f 8769 8767 8768
f 8768 8770 8769
f 8771 8769 8770
f 8770 8772 8771
f 8773 8771 8772
f 8772 8774 8773
f 8775 8773 8774
f 8774 8776 8775
f 8777 8775 8776
f 8776 8778 8777
f 8779 8777 8778
f 8778 8780 8779
f 8781 8779 8780
f 8780 8782 8781
f 8783 8781 8782
f 8782 8784 8783
f 8785 8783 8784
f 8784 8786 8785
f 8787 8785 8786
f 8786 8788 8787
f 8789 8787 8788
f 8788 8790 8789
f 8791 8789 8790
f 8790 8792 8791
f 8793 8791 8792
f 8792 8794 8793
f 8795 8793 8794
f 8794 8796 8795
f 8797 8795 8796
f 8796 8798 8797
f 8799 8797 8798
f 8798 8800 8799
f 8801 8799 8800
f 8800 8802 8801
f 8803 8801 8802
f 8802 8804 8803
f 8805 8803 8804
f 8804 8806 8805
f 8807 8805 8806
f 8806 8808 8807
f 8809 8807 8808
f 8808 8810 8809
f 8811 8809 8810
f 8810 8812 8811
f 8813 8811 8812
f 8812 8814 8813
f 8815 8813 8814
f 8814 8816 8815
f 8817 8815 8816
f 8816 8818 8817
f 8819 8817 8818
f 8818 8820 8819
f 8821 8819 8820
f 8820 8822 8821
f 8823 8821 8822
f 8822 8824 8823
f 8825 8823 8824
f 8824 8826 8825
f 8827 8825 8826
f 8826 8828 8827
f 8829 8827 8828
f 8828 8830 8829
f 8831 8829 8830
f 8830 8832 8831
f 8833 8831 8832
f 8832 8834 8833
f 8835 8833 8834
f 8834 8836 8835
f 8837 8835 8836
f 8836 8838 8837
f 8839 8837 8838
f 8838 8840 8839
f 8841 8839 8840
f 8840 8842 8841
f 8843 8841 8842
f 8842 8844 8843
f 8845 8843 8844
f 8844 8846 8845
f 8847 8845 8846
f 8846 8848 8847
f 8849 8847 8848
f 8848 8850 8849
f 8851 8849 8850
f 8850 8852 8851
f 8853 8851 8852
f 8852 8854 8853
f 8855 8853 8854
f 8854 8856 8855
f 8857 8855 8856
f 8856 8858 8857
f 8859 8857 8858
f 8858 8860 8859
f 8861 8859 8860
f 8860 8862 8861
f 8863 8861 8862
f 8862 8864 8863
f 8865 8863 8864
f 8864 8866 8865
f 8867 8865 8866
f 8866 8868 8867
f 8869 8867 8868
f 8868 8870 8869
f 8871 8869 8870
f 8870 8872 8871
f 8873 8871 8872
f 8872 8874 8873
f 8875 8873 8874
f 8874 8876 8875
f 8877 8875 8876
f 8876 8878 8877
f 8879 8877 8878
f 8878 8880 8879
f 8881 8879 8880
f 8880 8882 8881
f 8883 8881 8882
f 8882 8884 8883
f 8885 8883 8884
f 8884 8886 8885
f 8887 8885 8886
f 8886 8888 8887
f 8889 8887 8888
f 8888 8890 8889
f 8891 8889 8890
f 8890 8892 8891
f 8893 8891 8892
f 8892 8894 8893
f 8895 8893 8894
f 8894 8896 8895
f 8897 8895 8896
f 8896 8898 8897
f 8899 8897 8898
f 8898 8900 8899
f 8901 8899 8900
f 8900 8902 8901
f 8903 8901 8902
f 8902 8904 8903
f 8905 8903 8904
f 8904 8906 8905
f 8907 8905 8906
f 8906 8908 8907
f 8909 8907 8908
f 8908 8910 8909
f 8911 8909 8910
f 8910 8912 8911
f 8913 8911 8912
f 8912 8914 8913
f 8915 8913 8914
f 8914 8916 8915
f 8917 8915 8916
f 8916 8918 8917
f 8919 8917 8918
f 8918 8920 8919
f 8921 8919 8920
f 8920 8922 8921
f 8923 8921 8922
f 8922 8924 8923
f 8925 8923 8924
f 8924 8926 8925
f 8927 8925 8926
f 8926 8928 8927
f 8929 8927 8928
f 8928 8930 8929
f 8931 8929 8930
f 8930 8932 8931
f 8933 8931 8932
f 8932 8934 8933
f 8935 8933 8934
f 8934 8936 8935
f 8937 8935 8936
f 8936 8938 8937
f 8939 8937 8938
f 8938 8940 8939
f 8941 8939 8940
f 8940 8942 8941
f 8943 8941 8942
f 8942 8944 8943
f 8945 8943 8944
f 8944 8946 8945
f 8947 8945 8946
f 8946 8948 8947
f 8949 8947 8948
f 8948 8950 8949
f 8951 8949 8950
f 8950 8952 8951
f 8953 8951 8952
f 8952 8954 8953
f 8955 8953 8954
f 8954 8956 8955
f 8957 8955 8956
f 8956 8958 8957
f 8959 8957 8958
f 8958 8960 8959
f 8961 8959 8960
f 8960 8962 8961
f 8963 8961 8962
f 8962 8964 8963
f 8965 8963 8964
f 8964 8966 8965
f 8967 8965 8966
f 8966 8968 8967
f 8969 8967 8968
f 8968 8970 8969
f 8971 8969 8970
f 8970 8972 8971
f 8973 8971 8972
f 8972 8974 8973
f 8975 8973 8974
f 8974 8976 8975
f 8977 8975 8976
f 8976 8978 8977
f 8979 8977 8978
f 8978 8980 8979
f 8981 8979 8980
f 8980 8982 8981
f 8983 8981 8982
f 8982 8984 8983
f 8985 8983 8984
f 8984 8986 8985
f 8987 8985 8986
f 8986 8988 8987
f 8989 8987 8988
f 8988 8990 8989
f 8991 8989 8990
f 8990 8992 8991
f 8993 8991 8992
f 8992 8994 8993
f 8995 8993 8994
f 8994 8996 8995
f 8997 8995 8996
f 8996 8998 8997
f 8999 8997 8998
f 8998 9000 8999
f 9001 8999 9000
f 9000 9002 9001
f 9003 9001 9002
f 9002 9004 9003
f 9005 9003 9004
f 9004 9006 9005
f 9007 9005 9006
f 9006 9008 9007
f 9009 9007 9008
f 9008 9010 9009
f 9011 9009 9010
f 9010 9012 9011
f 9013 9011 9012
f 9012 9014 9013
f 9015 9013 9014
f 9014 9016 9015
f 9017 9015 9016
f 9016 9018 9017
f 9019 9017 9018
f 9018 9020 9019
f 9021 9019 9020
f 9020 9022 9021
f 9023 9021 9022
f 9022 9024 9023
f 9025 9023 9024
f 9024 9026 9025
f 9027 9025 9026
f 9026 9028 9027
f 9029 9027 9028
f 9028 9030 9029
f 9031 9029 9030
f 9030 9032 9031
f 9033 9031 9032
f 9032 9034 9033
f 9035 9033 9034
f 9034 9036 9035
f 9037 9035 9036
f 9036 9038 9037
f 9039 9037 9038
f 9038 9040 9039
f 9041 9039 9040
f 9040 9042 9041
f 9043 9041 9042
f 9042 9044 9043
f 9045 9043 9044
f 9044 9046 9045
f 9047 9045 9046
f 9046 9048 9047
f 9049 9047 9048
f 9048 9050 9049
f 9051 9049 9050
f 9050 9052 9051
f 9053 9051 9052
f 9052 9054 9053
f 9055 9053 9054
f 9054 9056 9055
f 9057 9055 9056
f 9056 9058 9057
f 9059 9057 9058
f 9058 9060 9059
f 9061 9059 9060
f 9060 9062 9061
f 9063 9061 9062
f 9062 9064 9063
f 9065 9063 9064
f 9064 9066 9065
f 9067 9065 9066
f 9066 9068 9067
f 9069 9067 9068
f 9068 9070 9069
f 9071 9069 9070
f 9070 9072 9071
f 9073 9071 9072
f 9072 9074 9073
f 9075 9073 9074
f 9074 9076 9075
f 9077 9075 9076
f 9076 9078 9077
f 9079 9077 9078
f 9078 9080 9079
f 9081 9079 9080
f 9080 9082 9081
f 9083 9081 9082
f 9082 9084 9083
f 9085 9083 9084
f 9084 9086 9085
f 9087 9085 9086
f 9086 9088 9087
f 9089 9087 9088
f 9088 9090 9089
f 9091 9089 9090
f 9090 9092 9091
f 9093 9091 9092
f 9092 9094 9093
f 9095 9093 9094
f 9094 9096 9095
f 9097 9095 9096
f 9096 9098 9097
f 9099 9097 9098
f 9098 9100 9099
f 9101 9099 9100
f 9100 9102 9101
f 9103 9101 9102
f 9102 9104 9103
f 9105 9103 9104
f 9104 9106 9105
f 9107 9105 9106
f 9106 9108 9107
f 9109 9107 9108
f 9108 9110 9109
f 9111 9109 9110
f 9110 9112 9111
f 9113 9111 9112
f 9112 9114 9113
f 9115 9113 9114
f 9114 9116 9115
f 9117 9115 9116
f 9116 9118 9117
f 9119 9117 9118
f 9118 9120 9119
f 9121 9119 9120
f 9120 9122 9121
f 9123 9121 9122
f 9122 9124 9123
f 9125 9123 9124
f 9124 9126 9125
f 9127 9125 9126
f 9126 9128 9127
f 9129 9127 9128
f 9128 9130 9129
f 9131 9129 9130
f 9130 9132 9131
f 9133 9131 9132
f 9132 9134 9133
f 9135 9133 9134
f 9134 9136 9135
f 9137 9135 9136
f 9136 9138 9137
f 9139 9137 9138
f 9138 9140 9139
f 9141 9139 9140
f 9140 9142 9141
f 9143 9141 9142
f 9142 9144 9143
f 9145 9143 9144
f 9144 9146 9145
f 9147 9145 9146
f 9146 9148 9147
f 9149 9147 9148
f 9148 9150 9149
f 9151 9149 9150
f 9150 9152 9151
f 9153 9151 9152
f 9152 9154 9153
f 9155 9153 9154
f 9154 9156 9155
f 9157 9155 9156
f 9156 9158 9157
f 9159 9157 9158
f 9158 9160 9159
f 9161 9159 9160
f 9160 9162 9161
f 9163 9161 9162
f 9162 9164 9163
f 9165 9163 9164
f 9164 9166 9165
f 9167 9165 9166
f 9166 9168 9167
f 9169 9167 9168
f 9168 9170 9169
f 9171 9169 9170
f 9170 9172 9171
f 9173 9171 9172
f 9172 9174 9173
f 9175 9173 9174
f 9174 9176 9175
f 9177 9175 9176
f 9176 9178 9177
f 9179 9177 9178
f 9178 9180 9179
f 9181 9179 9180
f 9180 9182 9181
f 9183 9181 9182
f 9182 9184 9183
f 9185 9183 9184
f 9184 9186 9185
f 9187 9185 9186
f 9186 9188 9187
f 9189 9187 9188
f 9188 9190 9189
f 9191 9189 9190
f 9190 9192 9191
f 9193 9191 9192
f 9192 9194 9193
f 9195 9193 9194
f 9194 9196 9195
f 9197 9195 9196
f 9196 9198 9197
f 9199 9197 9198
f 9198 9200 9199
f 9201 9199 9200
f 9200 9202 9201
f 9203 9201 9202
f 9202 9204 9203
f 9205 9203 9204
f 9204 9206 9205
f 9207 9205 9206
f 9206 9208 9207
f 9209 9207 9208
f 9208 9210 9209
f 9211 9209 9210
f 9210 9212 9211
f 9213 9211 9212
f 9212 9214 9213
f 9215 9213 9214
f 9214 9216 9215
f 9217 9215 9216
f 9216 9218 9217
f 9219 9217 9218
f 9218 9220 9219
f 8656 9219 9220
f 9220 8657 8656
f 9221 9222 9223
f 9223 9224 9221
f 9225 9221 9224
f 9224 9226 9225
f 9227 9225 9226
f 9226 9228 9227
f 9229 9227 9228
f 9228 9230 9229
f 9231 9229 9230
f 9230 9232 9231
f 9233 9231 9232
f 9232 9234 9233
f 9235 9233 9234
f 9234 9236 9235
f 9237 9235 9236
f 9236 9238 9237
f 9239 9237 9238
f 9238 9240 9239
f 9241 9239 9240
f 9240 9242 9241
f 9243 9241 9242
f 9242 9244 9243
f 9245 9243 9244
f 9244 9246 9245
f 9247 9245 9246
f 9246 9248 9247
f 9249 9247 9248
f 9248 9250 9249
f 9251 9249 9250
f 9250 9252 9251
f 9253 9251 9252
f 9252 9254 9253
f 9255 9253 9254
f 9254 9256 9255
f 9257 9255 9256
f 9256 9258 9257
f 9259 9257 9258
f 9258 9260 9259
f 9261 9259 9260
f 9260 9262 9261
f 9263 9261 9262
f 9262 9264 9263
f 9265 9263 9264
f 9264 9266 9265
f 9267 9265 9266
f 9266 9268 9267
f 9269 9267 9268
f 9268 9270 9269
f 9271 9269 9270
f 9270 9272 9271
f 9273 9271 9272
f 9272 9274 9273
f 9275 9273 9274
f 9274 9276 9275
f 9277 9275 9276
f 9276 9278 9277
f 9279 9277 9278
f 9278 9280 9279
f 9281 9279 9280
f 9280 9282 9281
f 9283 9281 9282
f 9282 9284 9283
f 9285 9283 9284
f 9284 9286 9285
f 9287 9285 9286
f 9286 9288 9287
f 9289 9287 9288
f 9288 9290 9289
f 9291 9289 9290
f 9290 9292 9291
f 9293 9291 9292
f 9292 9294 9293
f 9295 9293 9294
f 9294 9296 9295
f 9297 9295 9296
f 9296 9298 9297
f 9299 9297 9298
f 9298 9300 9299
f 9301 9299 9300
f 9300 9302 9301
f 9303 9301 9302
f 9302 9304 9303
f 9305 9303 9304
f 9304 9306 9305
f 9307 9305 9306
f 9306 9308 9307
f 9309 9307 9308
f 9308 9310 9309
f 9311 9309 9310
f 9310 9312 9311
f 9313 9311 9312
f 9312 9314 9313
f 9315 9313 9314
f 9314 9316 9315
f 9317 9315 9316
f 9316 9318 9317
f 9319 9317 9318
f 9318 9320 9319
f 9321 9319 9320
f 9320 9322 9321
f 9323 9321 9322
f 9322 9324 9323
f 9325 9323 9324
f 9324 9326 9325
f 9327 9325 9326
f 9326 9328 9327
f 9329 9327 9328
f 9328 9330 9329
f 9331 9329 9330
f 9330 9332 9331
f 9333 9331 9332
f 9332 9334 9333
f 9335 9333 9334
f 9334 9336 9335
f 9337 9335 9336
f 9336 9338 9337
f 9339 9337 9338
f 9338 9340 9339
f 9341 9339 9340
f 9340 9342 9341
f 9343 9341 9342
f 9342 9344 9343
f 9345 9343 9344
f 9344 9346 9345
f 9347 9345 9346
f 9346 9348 9347
f 9349 9347 9348
f 9348 9350 9349
f 9351 9349 9350
f 9350 9352 9351
f 9353 9351 9352
f 9352 9354 9353
f 9355 9353 9354
f 9354 9356 9355
f 9357 9355 9356
f 9356 9358 9357
f 9359 9357 9358
f 9358 9360 9359
f 9361 9359 9360
f 9360 9362 9361
f 9363 9361 9362
f 9362 9364 9363
f 9365 9363 9364
f 9364 9366 9365
f 9367 9365 9366
f 9366 9368 9367
f 9369 9367 9368
f 9368 9370 9369
f 9371 9369 9370
f 9370 9372 9371
f 9373 9371 9372
f 9372 9374 9373
f 9375 9373 9374
f 9374 9376 9375
f 9377 9375 9376
f 9376 9378 9377
f 9379 9377 9378
f 9378 9380 9379
f 9381 9379 9380
f 9380 9382 9381
f 9383 9381 9382
f 9382 9384 9383
f 9385 9383 9384
f 9384 9386 9385
f 9387 9385 9386
f 9386 9388 9387
f 9389 9387 9388
f 9388 9390 9389
f 9391 9389 9390
f 9390 9392 9391
f 9393 9391 9392
f 9392 9394 9393
f 9395 9393 9394
f 9394 9396 9395
f 9397 9395 9396
f 9396 9398 9397
f 9399 9397 9398
f 9398 9400 9399
f 9401 9399 9400
f 9400 9402 9401
f 9403 9401 9402
f 9402 9404 9403
f 9405 9403 9404
f 9404 9406 9405
f 9407 9405 9406
f 9406 9408 9407
f 9409 9407 9408
f 9408 9410 9409
f 9411 9409 9410
f 9410 9412 9411
f 9413 9411 9412
f 9412 9414 9413
f 9415 9413 9414
f 9414 9416 9415
f 9417 9415 9416
f 9416 9418 9417
f 9419 9417 9418
f 9418 9420 9419
f 9421 9419 9420
f 9420 9422 9421
f 9423 9421 9422
f 9422 9424 9423
f 9425 9423 9424
f 9424 9426 9425
f 9427 9425 9426
f 9426 9428 9427
f 9429 9427 9428
f 9428 9430 9429
f 9431 9429 9430
f 9430 9432 9431
f 9433 9431 9432
f 9432 9434 9433
f 9435 9433 9434
f 9434 9436 9435
f 9437 9435 9436
f 9436 9438 9437
f 9439 9437 9438
f 9438 9440 9439
f 9441 9439 9440
f 9440 9442 9441
f 9443 9441 9442
f 9442 9444 9443
f 9445 9443 9444
f 9444 9446 9445
f 9447 9445 9446
f 9446 9448 9447
f 9449 9447 9448
f 9448 9450 9449
f 9451 9449 9450
f 9450 9452 9451
f 9453 9451 9452
f 9452 9454 9453
f 9455 9453 9454
f 9454 9456 9455
f 9457 9455 9456
f 9456 9458 9457
f 9459 9457 9458
f 9458 9460 9459
f 9461 9459 9460
f 9460 9462 9461
f 9463 9461 9462
f 9462 9464 9463
f 9465 9463 9464
f 9464 9466 9465
f 9467 9465 9466
f 9466 9468 9467
f 9469 9467 9468
f 9468 9470 9469
f 9471 9469 9470
f 9470 9472 9471
f 9473 9471 9472
f 9472 9474 9473
f 9475 9473 9474
f 9474 9476 9475
f 9477 9475 9476
f 9476 9478 9477
f 9479 9477 9478
f 9478 9480 9479
f 9481 9479 9480
f 9480 9482 9481
f 9483 9481 9482
f 9482 9484 9483
f 9485 9483 9484
f 9484 9486 9485
f 9487 9485 9486
f 9486 9488 9487
f 9489 9487 9488
f 9488 9490 9489
f 9491 9489 9490
f 9490 9492 9491
f 9493 9491 9492
f 9492 9494 9493
f 9495 9493 9494
f 9494 9496 9495
f 9497 9495 9496
f 9496 9498 9497
f 9499 9497 9498
f 9498 9500 9499
f 9501 9499 9500
f 9500 9502 9501
f 9503 9501 9502
f 9502 9504 9503
f 9505 9503 9504
f 9504 9506 9505
f 9507 9505 9506
f 9506 9508 9507
f 9509 9507 9508
f 9508 9510 9509
f 9511 9509 9510
f 9510 9512 9511
f 9513 9511 9512
f 9512 9514 9513
f 9515 9513 9514
f 9514 9516 9515
f 9517 9515 9516
f 9516 9518 9517
f 9519 9517 9518
f 9518 9520 9519
f 9521 9519 9520
f 9520 9522 9521
f 9523 9521 9522
f 9522 9524 9523
f 9525 9523 9524
f 9524 9526 9525
f 9527 9525 9526
f 9526 9528 9527
f 9529 9527 9528
f 9528 9530 9529
f 9531 9529 9530
f 9530 9532 9531
f 9533 9531 9532
f 9532 9534 9533
f 9535 9533 9534
f 9534 9536 9535
f 9537 9535 9536
f 9536 9538 9537
f 9539 9537 9538
f 9538 9540 9539
f 9541 9539 9540
f 9540 9542 9541
f 9543 9541 9542
f 9542 9544 9543
f 9545 9543 9544
f 9544 9546 9545
f 9547 9545 9546
f 9546 9548 9547
f 9549 9547 9548
f 9548 9550 9549
f 9551 9549 9550
f 9550 9552 9551
f 9553 9551 9552
f 9552 9554 9553
f 9555 9553 9554
f 9554 9556 9555
f 9557 9555 9556
f 9556 9558 9557
f 9559 9557 9558
f 9558 9560 9559
f 9561 9559 9560
f 9560 9562 9561
f 9563 9561 9562
f 9562 9564 9563
f 9565 9563 9564
f 9564 9566 9565
f 9567 9565 9566
f 9566 9568 9567
f 9569 9567 9568
f 9568 9570 9569
f 9571 9569 9570
f 9570 9572 9571
f 9573 9571 9572
f 9572 9574 9573
f 9575 9573 9574
f 9574 9576 9575
f 9577 9575 9576
f 9576 9578 9577
f 9579 9577 9578
f 9578 9580 9579
f 9581 9579 9580
f 9580 9582 9581
f 9583 9581 9582
f 9582 9584 9583
f 9585 9583 9584
f 9584 9586 9585
f 9587 9585 9586
f 9586 9588 9587
f 9589 9587 9588
f 9588 9590 9589
f 9591 9589 9590
f 9590 9592 9591
f 9593 9591 9592
f 9592 9594 9593
f 9595 9593 9594
f 9594 9596 9595
f 9597 9595 9596
f 9596 9598 9597
f 9599 9597 9598
f 9598 9600 9599
f 9601 9599 9600
f 9600 9602 9601
f 9603 9601 9602
f 9602 9604 9603
f 9605 9603 9604
f 9604 9606 9605
f 9607 9605 9606
f 9606 9608 9607
f 9609 9607 9608
f 9608 9610 9609
f 9611 9609 9610
f 9610 9612 9611
f 9613 9611 9612
f 9612 9614 9613
f 9615 9613 9614
f 9614 9616 9615
f 9617 9615 9616
f 9616 9618 9617
f 9619 9617 9618
f 9618 9620 9619
f 9621 9619 9620
f 9620 9622 9621
f 9623 9621 9622
f 9622 9624 9623
f 9625 9623 9624
f 9624 9626 9625
f 9627 9625 9626
f 9626 9628 9627
f 9629 9627 9628
f 9628 9630 9629
f 9631 9629 9630
f 9630 9632 9631
f 9633 9631 9632
f 9632 9634 9633
f 9635 9633 9634
f 9634 9636 9635
f 9637 9635 9636
f 9636 9638 9637
f 9639 9637 9638
f 9638 9640 9639
f 9641 9639 9640
f 9640 9642 9641
f 9643 9641 9642
f 9642 9644 9643
f 9645 9643 9644
f 9644 9646 9645
f 9222 9645 9646
f 9646 9223 9222
f 9219 8656 8655
f 8658 8657 9220
f 8655 8659 9483
f 9484 8660 8658
f 9563 9565 9567
f 9568 9566 9564
f 9567 9569 9571
f 9572 9570 9568
f 9575 9577 9579
f 9580 9578 9576
f 9579 9581 9583
f 9584 9582 9580
f 9583 9585 9587
f 9588 9586 9584
f 9587 9589 9591
f 9592 9590 9588
f 9591 9593 9595
f 9596 9594 9592
f 9599 9601 9603
f 9604 9602 9600
f 9603 9605 9607
f 9608 9606 9604
f 9607 9609 9611
f 9612 9610 9608
f 9615 9617 9619
f 9620 9618 9616
f 9621 9623 9625
f 9626 9624 9622
f 9629 9631 9633
f 9634 9632 9630
f 9645 9222 9221
f 9224 9223 9646
f 9221 9225 9227
f 9228 9226 9224
f 9227 9229 9231
f 9232 9230 9228
f 9231 9233 9235
f 9236 9234 9232
f 9247 9249 9251
f 9252 9250 9248
f 9251 9253 9255
f 9256 9254 9252
f 9255 9257 9259
f 9260 9258 9256
f 9397 9399 9401
f 9402 9400 9398
f 9401 9403 9405
f 9406 9404 9402
f 9405 9407 9409
f 9410 9408 9406
f 9409 9411 9413
f 9414 9412 9410
f 9425 9427 9429
f 9430 9428 9426
f 9429 9431 9433
f 9434 9432 9430
f 9439 9441 9443
f 9444 9442 9440
f 9443 9445 9447
f 9448 9446 9444
f 9457 9459 9461
f 9462 9460 9458
f 9461 9463 9465
f 9466 9464 9462
f 9465 9467 9469
f 9470 9468 9466
f 9481 9483 8659
f 8660 9484 9482
f 8659 8661 8663
f 8664 8662 8660
f 8663 8665 8667
f 8668 8666 8664
f 8667 8669 8671
f 8672 8670 8668
f 8671 8673 8675
f 8676 8674 8672
f 8683 8685 8687
f 8688 8686 8684
f 8687 8689 8691
f 8692 8690 8688
f 8691 8693 8695
f 8696 8694 8692
f 8703 8705 8707
f 8708 8706 8704
f 8707 8709 8711
f 8712 8710 8708
f 8717 8719 8721
f 8722 8720 8718
f 8721 8723 8725
f 8726 8724 8722
f 8725 8727 8729
f 8730 8728 8726
f 8741 8743 8745
f 8746 8744 8742
f 8745 8747 8749
f 8750 8748 8746
f 8757 8759 8761
f 8762 8760 8758
f 8761 8763 8765
f 8766 8764 8762
f 8765 8767 8769
f 8770 8768 8766
f 8769 8771 8773
f 8774 8772 8770
f 8773 8775 8777
f 8778 8776 8774
f 8777 8779 8781
f 8782 8780 8778
f 8799 8801 8803
f 8804 8802 8800
f 8803 8805 8807
f 8808 8806 8804
f 8807 8809 8811
f 8812 8810 8808
f 8811 8813 8815
f 8816 8814 8812
f 8815 8817 8819
f 8820 8818 8816
f 8819 8821 8823
f 8824 8822 8820
f 8823 8825 8827
f 8828 8826 8824
f 8827 8829 8831
f 8832 8830 8828
f 8831 8833 8835
f 8836 8834 8832
f 8835 8837 8839
f 8840 8838 8836
f 8839 8841 8843
f 8844 8842 8840
f 8843 8845 8847
f 8848 8846 8844
f 8847 8849 8851
f 8852 8850 8848
f 8851 8853 8855
f 8856 8854 8852
f 8855 8857 8859
f 8860 8858 8856
f 8859 8861 8863
f 8864 8862 8860
f 8863 8865 8867
f 8868 8866 8864
f 8867 8869 8871
f 8872 8870 8868
f 8871 8873 8875
f 8876 8874 8872
f 8875 8877 8879
f 8880 8878 8876
f 8879 8881 8883
f 8884 8882 8880
f 8883 8885 8887
f 8888 8886 8884
f 8887 8889 8891
f 8892 8890 8888
f 8891 8893 8895
f 8896 8894 8892
f 8895 8897 8899
f 8900 8898 8896
f 8899 8901 8903
f 8904 8902 8900
f 8903 8905 8907
f 8908 8906 8904
f 8907 8909 8911
f 8912 8910 8908
f 8911 8913 8915
f 8916 8914 8912
f 8915 8917 8919
f 8920 8918 8916
f 8919 8921 8923
f 8924 8922 8920
f 8923 8925 8927
f 8928 8926 8924
f 8939 8941 8943
f 8944 8942 8940
f 8943 8945 8947
f 8948 8946 8944
f 8947 8949 8951
f 8952 8950 8948
f 8961 8963 8965
f 8966 8964 8962
f 8965 8967 8969
f 8970 8968 8966
f 8969 8971 8973
f 8974 8972 8970
f 8983 8985 8987
f 8988 8986 8984
f 8987 8989 8991
f 8992 8990 8988
f 8991 8993 8995
f 8996 8994 8992
f 9011 9013 9015
f 9016 9014 9012
f 9015 9017 9019
f 9020 9018 9016
f 9019 9021 9023
f 9024 9022 9020
f 9023 9025 9027
f 9028 9026 9024
f 9033 9035 9037
f 9038 9036 9034
f 9037 9039 9041
f 9042 9040 9038
f 9041 9043 9045
f 9046 9044 9042
f 9045 9047 9049
f 9050 9048 9046
f 9049 9051 9053
f 9054 9052 9050
f 9053 9055 9057
f 9058 9056 9054
f 9057 9059 9061
f 9062 9060 9058
f 9061 9063 9065
f 9066 9064 9062
f 9065 9067 9069
f 9070 9068 9066
f 9069 9071 9073
f 9074 9072 9070
f 9073 9075 9077
f 9078 9076 9074
f 9077 9079 9081
f 9082 9080 9078
f 9081 9083 9085
f 9086 9084 9082
f 9085 9087 9089
f 9090 9088 9086
f 9089 9091 9093
f 9094 9092 9090
f 9093 9095 9097
f 9098 9096 9094
f 9097 9099 9101
f 9102 9100 9098
f 9101 9103 9105
f 9106 9104 9102
f 9105 9107 9109
f 9110 9108 9106
f 9109 9111 9113
f 9114 9112 9110
f 9113 9115 9117
f 9118 9116 9114
f 9117 9119 9121
f 9122 9120 9118
f 9203 9205 9207
f 9208 9206 9204
f 9207 9209 9211
f 9212 9210 9208
f 9211 9213 9215
f 9216 9214 9212
f 9217 9219 8655
f 8658 9220 9218
f 8655 9483 9485
f 9486 9484 8658
f 9567 9571 9573
f 9574 9572 9568
f 9579 9583 9587
f 9588 9584 9580
f 9591 9595 9597
f 9598 9596 9592
f 9607 9611 9613
f 9614 9612 9608
f 9613 9615 9619
f 9620 9616 9614
f 9621 9625 9627
f 9628 9626 9622
f 9627 9629 9633
f 9634 9630 9628
f 9643 9645 9221
f 9224 9646 9644
f 9221 9227 9231
f 9232 9228 9224
f 9231 9235 9237
f 9238 9236 9232
f 9245 9247 9251
f 9252 9248 9246
f 9251 9255 9259
f 9260 9256 9252
f 9397 9401 9405
f 9406 9402 9398
f 9405 9409 9413
f 9414 9410 9406
f 9423 9425 9429
f 9430 9426 9424
f 9437 9439 9443
f 9444 9440 9438
f 9443 9447 9449
f 9450 9448 9444
f 9457 9461 9465
f 9466 9462 9458
f 9465 9469 9471
f 9472 9470 9466
f 9479 9481 8659
f 8660 9482 9480
f 8659 8663 8667
f 8668 8664 8660
f 8667 8671 8675
f 8676 8672 8668
f 8683 8687 8691
f 8692 8688 8684
f 8691 8695 8697
f 8698 8696 8692
f 8701 8703 8707
f 8708 8704 8702
f 8707 8711 8713
f 8714 8712 8708
f 8717 8721 8725
f 8726 8722 8718
f 8725 8729 8731
f 8732 8730 8726
f 8741 8745 8749
f 8750 8746 8742
f 8757 8761 8765
f 8766 8762 8758
f 8765 8769 8773
f 8774 8770 8766
f 8773 8777 8781
f 8782 8778 8774
f 8799 8803 8807
f 8808 8804 8800
f 8807 8811 8815
f 8816 8812 8808
f 8815 8819 8823
f 8824 8820 8816
f 8823 8827 8831
f 8832 8828 8824
f 8831 8835 8839
f 8840 8836 8832
f 8839 8843 8847
f 8848 8844 8840
f 8847 8851 8855
f 8856 8852 8848
f 8855 8859 8863
f 8864 8860 8856
f 8863 8867 8871
f 8872 8868 8864
f 8871 8875 8879
f 8880 8876 8872
f 8879 8883 8887
f 8888 8884 8880
f 8887 8891 8895
f 8896 8892 8888
f 8895 8899 8903
f 8904 8900 8896
f 8903 8907 8911
f 8912 8908 8904
f 8911 8915 8919
f 8920 8916 8912
f 8919 8923 8927
f 8928 8924 8920
f 8939 8943 8947
f 8948 8944 8940
f 8947 8951 8953
f 8954 8952 8948
f 8961 8965 8969
f 8970 8966 8962
f 8969 8973 8975
f 8976 8974 8970
f 8983 8987 8991
f 8992 8988 8984
f 8991 8995 8997
f 8998 8996 8992
f 9009 9011 9015
f 9016 9012 9010
f 9015 9019 9023
f 9024 9020 9016
f 9023 9027 9029
f 9030 9028 9024
f 9031 9033 9037
f 9038 9034 9032
f 9037 9041 9045
f 9046 9042 9038
f 9045 9049 9053
f 9054 9050 9046
f 9053 9057 9061
f 9062 9058 9054
f 9061 9065 9069
f 9070 9066 9062
f 9069 9073 9077
f 9078 9074 9070
f 9077 9081 9085
f 9086 9082 9078
f 9085 9089 9093
f 9094 9090 9086
f 9093 9097 9101
f 9102 9098 9094
f 9101 9105 9109
f 9110 9106 9102
f 9109 9113 9117
f 9118 9114 9110
f 9117 9121 9123
f 9124 9122 9118
f 9201 9203 9207
f 9208 9204 9202
f 9207 9211 9215
f 9216 9212 9208
f 9215 9217 8655
f 8658 9218 9216
f 8655 9485 9487
f 9488 9486 8658
f 9567 9573 9575
f 9576 9574 9568
f 9575 9579 9587
f 9588 9580 9576
f 9591 9597 9599
f 9600 9598 9592
f 9603 9607 9613
f 9614 9608 9604
f 9613 9619 9621
f 9622 9620 9614
f 9627 9633 9635
f 9636 9634 9628
f 9641 9643 9221
f 9224 9644 9642
f 9221 9231 9237
f 9238 9232 9224
f 9245 9251 9259
f 9260 9252 9246
f 9397 9405 9413
f 9414 9406 9398
f 9423 9429 9433
f 9434 9430 9424
f 9437 9443 9449
f 9450 9444 9438
f 9455 9457 9465
f 9466 9458 9456
f 9477 9479 8659
f 8660 9480 9478
f 8659 8667 8675
f 8676 8668 8660
f 8681 8683 8691
f 8692 8684 8682
f 8701 8707 8713
f 8714 8708 8702
f 8715 8717 8725
f 8726 8718 8716
f 8725 8731 8733
f 8734 8732 8726
f 8739 8741 8749
f 8750 8742 8740
f 8755 8757 8765
f 8766 8758 8756
f 8765 8773 8781
f 8782 8774 8766
f 8799 8807 8815
f 8816 8808 8800
f 8815 8823 8831
f 8832 8824 8816
f 8831 8839 8847
f 8848 8840 8832
f 8847 8855 8863
f 8864 8856 8848
f 8863 8871 8879
f 8880 8872 8864
f 8879 8887 8895
f 8896 8888 8880
f 8895 8903 8911
f 8912 8904 8896
f 8911 8919 8927
f 8928 8920 8912
f 8937 8939 8947
f 8948 8940 8938
f 8947 8953 8955
f 8956 8954 8948
f 8959 8961 8969
f 8970 8962 8960
f 8981 8983 8991
f 8992 8984 8982
f 8991 8997 8999
f 9000 8998 8992
f 9009 9015 9023
f 9024 9016 9010
f 9031 9037 9045
f 9046 9038 9032
f 9045 9053 9061
f 9062 9054 9046
f 9061 9069 9077
f 9078 9070 9062
f 9077 9085 9093
f 9094 9086 9078
f 9093 9101 9109
f 9110 9102 9094
f 9109 9117 9123
f 9124 9118 9110
f 9199 9201 9207
f 9208 9202 9200
f 9207 9215 8655
f 8658 9216 9208
f 8655 9487 9489
f 9490 9488 8658
f 9575 9587 9591
f 9592 9588 9576
f 9599 9603 9613
f 9614 9604 9600
f 9613 9621 9627
f 9628 9622 9614
f 9639 9641 9221
f 9224 9642 9640
f 9221 9237 9239
f 9240 9238 9224
f 9243 9245 9259
f 9260 9246 9244
f 9395 9397 9413
f 9414 9398 9396
f 9423 9433 9435
f 9436 9434 9424
f 9435 9437 9449
f 9450 9438 9436
f 9453 9455 9465
f 9466 9456 9454
f 9475 9477 8659
f 8660 9478 9476
f 8659 8675 8677
f 8678 8676 8660
f 8681 8691 8697
f 8698 8692 8682
f 8699 8701 8713
f 8714 8702 8700
f 8715 8725 8733
f 8734 8726 8716
f 8739 8749 8751
f 8752 8750 8740
f 8755 8765 8781
f 8782 8766 8756
f 8797 8799 8815
f 8816 8800 8798
f 8815 8831 8847
f 8848 8832 8816
f 8847 8863 8879
f 8880 8864 8848
f 8879 8895 8911
f 8912 8896 8880
f 8911 8927 8929
f 8930 8928 8912
f 8937 8947 8955
f 8956 8948 8938
f 8959 8969 8975
f 8976 8970 8960
f 8981 8991 8999
f 9000 8992 8982
f 9007 9009 9023
f 9024 9010 9008
f 9031 9045 9061
f 9062 9046 9032
f 9061 9077 9093
f 9094 9078 9062
f 9093 9109 9123
f 9124 9110 9094
f 9197 9199 9207
f 9208 9200 9198
f 9207 8655 9489
f 9490 8658 9208
f 9567 9575 9591
f 9592 9576 9568
f 9591 9599 9613
f 9614 9600 9592
f 9637 9639 9221
f 9224 9640 9638
f 9221 9239 9241
f 9242 9240 9224
f 9241 9243 9259
f 9260 9244 9242
f 9395 9413 9415
f 9416 9414 9396
f 9435 9449 9451
f 9452 9450 9436
f 9453 9465 9471
f 9472 9466 9454
f 9473 9475 8659
f 8660 9476 9474
f 8679 8681 8697
f 8698 8682 8680
f 8699 8713 8715
f 8716 8714 8700
f 8715 8733 8735
f 8736 8734 8716
f 8739 8751 8753
f 8754 8752 8740
f 8753 8755 8781
f 8782 8756 8754
f 8797 8815 8847
f 8848 8816 8798
f 8847 8879 8911
f 8912 8880 8848
f 8911 8929 8931
f 8932 8930 8912
f 8935 8937 8955
f 8956 8938 8936
f 8957 8959 8975
f 8976 8960 8958
f 8979 8981 8999
f 9000 8982 8980
f 9005 9007 9023
f 9024 9008 9006
f 9029 9031 9061
f 9062 9032 9030
f 9061 9093 9123
f 9124 9094 9062
f 9195 9197 9207
f 9208 9198 9196
f 9207 9489 9491
f 9492 9490 9208
f 9591 9613 9627
f 9628 9614 9592
f 9637 9221 9241
f 9242 9224 9638
f 9241 9259 9261
f 9262 9260 9242
f 9395 9415 9417
f 9418 9416 9396
f 9451 9453 9471
f 9472 9454 9452
f 9473 8659 8677
f 8678 8660 9474
f 8679 8697 8699
f 8700 8698 8680
f 8699 8715 8735
f 8736 8716 8700
f 8739 8753 8781
f 8782 8754 8740
f 8795 8797 8847
f 8848 8798 8796
f 8847 8911 8931
f 8932 8912 8848
f 8933 8935 8955
f 8956 8936 8934
f 8957 8975 8977
f 8978 8976 8958
f 8977 8979 8999
f 9000 8980 8978
f 9003 9005 9023
f 9024 9006 9004
f 9029 9061 9123
f 9124 9062 9030
f 9193 9195 9207
f 9208 9196 9194
f 9207 9491 9493
f 9494 9492 9208
f 9635 9637 9241
f 9242 9638 9636
f 9241 9261 9263
f 9264 9262 9242
f 9395 9417 9419
f 9420 9418 9396
f 9451 9471 9473
f 9474 9472 9452
f 9473 8677 8679
f 8680 8678 9474
f 8679 8699 8735
f 8736 8700 8680
f 8737 8739 8781
f 8782 8740 8738
f 8795 8847 8931
f 8932 8848 8796
f 8933 8955 8957
f 8958 8956 8934
f 8977 8999 9001
f 9002 9000 8978
f 9003 9023 9029
f 9030 9024 9004
f 9029 9123 9125
f 9126 9124 9030
f 9191 9193 9207
f 9208 9194 9192
f 9207 9493 9495
f 9496 9494 9208
f 9635 9241 9263
f 9264 9242 9636
f 9395 9419 9421
f 9422 9420 9396
f 9451 9473 8679
f 8680 9474 9452
f 8679 8735 8737
f 8738 8736 8680
f 8737 8781 8783
f 8784 8782 8738
f 8793 8795 8931
f 8932 8796 8794
f 8933 8957 8977
f 8978 8958 8934
f 9001 9003 9029
f 9030 9004 9002
f 9029 9125 9127
f 9128 9126 9030
f 9189 9191 9207
f 9208 9192 9190
f 9207 9495 9497
f 9498 9496 9208
f 9395 9421 9423
f 9424 9422 9396
f 9435 9451 8679
f 8680 9452 9436
f 8737 8783 8785
f 8786 8784 8738
f 8791 8793 8931
f 8932 8794 8792
f 9029 9127 9129
f 9130 9128 9030
f 9187 9189 9207
f 9208 9190 9188
f 9207 9497 9499
f 9500 9498 9208
f 9435 8679 8737
f 8738 8680 9436
f 8737 8785 8787
f 8788 8786 8738
f 8789 8791 8931
f 8932 8792 8790
f 9029 9129 9131
f 9132 9130 9030
f 9185 9187 9207
f 9208 9188 9186
f 9207 9499 9501
f 9502 9500 9208
f 9423 9435 8737
f 8738 9436 9424
f 8737 8787 8789
f 8790 8788 8738
f 8789 8931 8933
f 8934 8932 8790
f 9029 9131 9133
f 9134 9132 9030
f 9183 9185 9207
f 9208 9186 9184
f 9207 9501 9503
f 9504 9502 9208
f 9395 9423 8737
f 8738 9424 9396
f 9029 9133 9135
f 9136 9134 9030
f 9181 9183 9207
f 9208 9184 9182
f 9207 9503 9505
f 9506 9504 9208
f 9395 8737 8789
f 8790 8738 9396
f 9029 9135 9137
f 9138 9136 9030
f 9179 9181 9207
f 9208 9182 9180
f 9207 9505 9507
f 9508 9506 9208
f 9393 9395 8789
f 8790 9396 9394
f 9029 9137 9139
f 9140 9138 9030
f 9177 9179 9207
f 9208 9180 9178
f 9207 9507 9509
f 9510 9508 9208
f 9391 9393 8789
f 8790 9394 9392
f 9029 9139 9141
f 9142 9140 9030
f 9175 9177 9207
f 9208 9178 9176
f 9207 9509 9511
f 9512 9510 9208
f 9389 9391 8789
f 8790 9392 9390
f 9029 9141 9143
f 9144 9142 9030
f 9173 9175 9207
f 9208 9176 9174
f 9207 9511 9513
f 9514 9512 9208
f 9387 9389 8789
f 8790 9390 9388
f 9029 9143 9145
f 9146 9144 9030
f 9171 9173 9207
f 9208 9174 9172
f 9207 9513 9515
f 9516 9514 9208
f 9385 9387 8789
f 8790 9388 9386
f 9029 9145 9147
f 9148 9146 9030
f 9169 9171 9207
f 9208 9172 9170
f 9207 9515 9517
f 9518 9516 9208
f 9383 9385 8789
f 8790 9386 9384
f 9029 9147 9149
f 9150 9148 9030
f 9167 9169 9207
f 9208 9170 9168
f 9207 9517 9519
f 9520 9518 9208
f 9381 9383 8789
f 8790 9384 9382
f 9029 9149 9151
f 9152 9150 9030
f 9165 9167 9207
f 9208 9168 9166
f 9207 9519 9521
f 9522 9520 9208
f 9379 9381 8789
f 8790 9382 9380
f 9029 9151 9153
f 9154 9152 9030
f 9163 9165 9207
f 9208 9166 9164
f 9207 9521 9523
f 9524 9522 9208
f 9377 9379 8789
f 8790 9380 9378
f 9029 9153 9155
f 9156 9154 9030
f 9161 9163 9207
f 9208 9164 9162
f 9207 9523 9525
f 9526 9524 9208
f 9375 9377 8789
f 8790 9378 9376
f 9029 9155 9157
f 9158 9156 9030
f 9159 9161 9207
f 9208 9162 9160
f 9207 9525 9527
f 9528 9526 9208
f 9373 9375 8789
f 8790 9376 9374
f 9029 9157 9159
f 9160 9158 9030
f 9159 9207 9527
f 9528 9208 9160
f 9371 9373 8789
f 8790 9374 9372
f 9029 9159 9527
f 9528 9160 9030
f 9369 9371 8789
f 8790 9372 9370
f 9029 9527 9529
f 9530 9528 9030
f 9367 9369 8789
f 8790 9370 9368
f 9029 9529 9531
f 9532 9530 9030
f 9365 9367 8789
f 8790 9368 9366
f 9029 9531 9533
f 9534 9532 9030
f 9363 9365 8789
f 8790 9366 9364
f 9029 9533 9535
f 9536 9534 9030
f 9361 9363 8789
f 8790 9364 9362
f 9029 9535 9537
f 9538 9536 9030
f 9359 9361 8789
f 8790 9362 9360
f 9029 9537 9539
f 9540 9538 9030
f 9357 9359 8789
f 8790 9360 9358
f 9029 9539 9541
f 9542 9540 9030
f 9355 9357 8789
f 8790 9358 9356
f 9029 9541 9543
f 9544 9542 9030
f 9353 9355 8789
f 8790 9356 9354
f 9029 9543 9545
f 9546 9544 9030
f 9351 9353 8789
f 8790 9354 9352
f 9029 9545 9547
f 9548 9546 9030
f 9349 9351 8789
f 8790 9352 9350
f 9029 9547 9549
f 9550 9548 9030
f 9347 9349 8789
f 8790 9350 9348
f 9029 9549 9551
f 9552 9550 9030
f 9345 9347 8789
f 8790 9348 9346
f 9029 9551 9553
f 9554 9552 9030
f 9343 9345 8789
f 8790 9346 9344
f 9029 9553 9555
f 9556 9554 9030
f 9341 9343 8789
f 8790 9344 9342
f 9029 9555 9557
f 9558 9556 9030
f 9339 9341 8789
f 8790 9342 9340
f 9029 9557 9559
f 9560 9558 9030
f 9337 9339 8789
f 8790 9340 9338
f 9029 9559 9561
f 9562 9560 9030
f 9335 9337 8789
f 8790 9338 9336
f 9029 9561 9563
f 9564 9562 9030
f 9333 9335 8789
f 8790 9336 9334
f 9029 9563 9567
f 9568 9564 9030
f 9331 9333 8789
f 8790 9334 9332
f 9029 9567 9591
f 9592 9568 9030
f 9329 9331 8789
f 8790 9332 9330
f 9029 9591 9627
f 9628 9592 9030
f 9327 9329 8789
f 8790 9330 9328
f 9029 9627 9635
f 9636 9628 9030
f 9325 9327 8789
f 8790 9328 9326
f 9001 9029 9635
f 9636 9030 9002
f 9323 9325 8789
f 8790 9326 9324
f 8977 9001 9635
f 9636 9002 8978
f 9321 9323 8789
f 8790 9324 9322
f 8933 8977 9635
f 9636 8978 8934
f 9319 9321 8789
f 8790 9322 9320
f 8933 9635 9263
f 9264 9636 8934
f 9317 9319 8789
f 8790 9320 9318
f 8933 9263 9265
f 9266 9264 8934
f 9315 9317 8789
f 8790 9318 9316
f 8933 9265 9267
f 9268 9266 8934
f 9313 9315 8789
f 8790 9316 9314
f 8933 9267 9269
f 9270 9268 8934
f 9311 9313 8789
f 8790 9314 9312
f 8933 9269 9271
f 9272 9270 8934
f 9309 9311 8789
f 8790 9312 9310
f 8933 9271 9273
f 9274 9272 8934
f 9307 9309 8789
f 8790 9310 9308
f 8933 9273 9275
f 9276 9274 8934
f 9305 9307 8789
f 8790 9308 9306
f 8933 9275 9277
f 9278 9276 8934
f 9303 9305 8789
f 8790 9306 9304
f 8933 9277 9279
f 9280 9278 8934
f 9301 9303 8789
f 8790 9304 9302
f 8789 8933 9279
f 9280 8934 8790
f 9299 9301 8789
f 8790 9302 9300
f 8789 9279 9281
f 9282 9280 8790
f 9297 9299 8789
f 8790 9300 9298
f 8789 9281 9283
f 9284 9282 8790
f 9295 9297 8789
f 8790 9298 9296
f 8789 9283 9285
f 9286 9284 8790
f 9293 9295 8789
f 8790 9296 9294
f 8789 9285 9287
f 9288 9286 8790
f 9291 9293 8789
f 8790 9294 9292
f 8789 9287 9289
f 9290 9288 8790
f 9289 9291 8789
f 8790 9292 9290

