# https://github.com/mikedh/trimesh
v -63.39799881 9.71399975 0.00000000
v -65.83000183 9.92399979 0.00000000
v -62.99300003 11.31099987 0.00000000
v -65.87000275 13.39299965 0.00000000
v -63.02999878 12.75000000 0.00000000
v -64.62100220 7.53900003 0.00000000
v -65.98699951 9.64599991 0.00000000
v -76.38800049 0.23000000 19.24799919
v -74.76499939 0.23999999 19.99799919
v -76.00900269 0.87800002 19.99799919
v -77.62599945 2.00099993 19.99799919
v -77.70600128 2.06299996 21.49699974
v -78.15799713 2.45499992 19.99799919
v -78.66200256 1.90100002 19.24799919
v -77.51399994 0.96600002 19.24799919
v -77.07299805 1.57200003 19.99799919
v -82.04699707 14.64500046 114.79799652
v -82.31400299 12.73799992 114.79799652
v -82.26499939 13.34099960 113.29799652
v -76.38800049 0.23000000 13.99800014
v -63.19300079 13.59899998 0.00000000
v -65.80500031 13.67700005 0.00000000
v -63.47700119 14.41499996 0.00000000
v -69.66600037 16.12899971 0.00000000
v -69.29100037 18.48699951 0.00000000
v -69.08699799 15.91800022 0.00000000
v -67.39900208 18.08699989 0.00000000
v -65.91600037 17.37100029 0.00000000
v -68.90399933 15.42399979 0.00000000
v -66.04599762 14.19400024 0.00000000
v -66.53800201 14.34700012 0.00000000
v -64.01999664 23.72599983 59.07699966
v -63.94699860 23.77700043 57.50699997
v -63.99806976 23.74390221 58.36800003
v -66.85500336 14.23999977 0.00000000
v -72.30400085 14.23999977 0.00000000
v -72.62999725 17.74699974 0.00000000
v -70.25399780 15.42399979 0.00000000
v -72.73799896 14.34700012 0.00000000
v -72.98699951 14.27000046 0.00000000
v -70.22899628 15.64099979 0.00000000
v -63.95098495 23.77484322 57.35721207
v -63.92475510 23.80465317 52.48600006
v -63.97200012 23.75600052 55.41500092
v -63.95133591 23.77465439 57.34400177
v -65.92900085 10.48299980 0.00000000
v -66.18000031 10.70400047 0.00000000
v -66.18000031 13.07100010 0.00000000
v -66.39299774 9.43500042 0.00000000
v -65.32900238 6.82200003 0.00000000
v -63.96582413 23.77022552 57.32540894
v -63.96640015 23.76975632 57.34400177
v -63.94800186 23.77799988 62.73799896
v -73.34899902 10.15600014 0.00000000
v -76.16600037 11.31099987 0.00000000
v -73.23000336 10.48299980 0.00000000
v -76.19100189 11.88700008 0.00000000
v -72.97899628 10.70400047 0.00000000
v -63.98624420 23.75576782 56.03211594
v -63.97858429 23.75991249 56.31999969
v -63.98169708 23.75898552 56.31999969
v -64.26100159 23.66399956 54.47800064
v -70.25399780 8.35099983 0.00000000
v -74.04199982 7.01700020 0.00000000
v -72.30400085 9.53499985 0.00000000
v -72.73799896 9.42800045 0.00000000
v -73.03800201 9.53400040 0.00000000
v -75.06300354 8.22299957 0.00000000
v -75.15699768 15.35700035 0.00000000
v -73.34400177 13.79399967 0.00000000
v -76.12899780 12.75000000 0.00000000
v -73.31900024 13.50599957 0.00000000
v -73.15399933 13.20199966 0.00000000
v -72.97899628 13.07100010 0.00000000
v -58.77956390 19.98220634 52.48600006
v -58.65518951 19.87475777 52.48600006
v -58.92399979 20.09399986 59.94599915
v -58.24800110 19.51000023 59.94599915
v -75.68199921 9.35900021 0.00000000
v -57.45316696 18.22145271 52.48600006
v -57.42189026 18.12375641 52.48600006
v -57.51599884 18.39200020 59.94599915
v -66.85500336 9.53499985 0.00000000
v -68.90399933 8.35099983 0.00000000
v -69.08499908 7.89400005 0.00000000
v -69.63700104 7.64799976 0.00000000
v -69.72299957 5.29400015 0.00000000
v -56.23899841 24.59000015 52.12200165
v -56.32873917 24.66708755 51.80099869
v -56.90713882 25.31776428 51.80099869
v -70.04799652 7.83900023 0.00000000
v -71.29100037 5.50000000 0.00000000
v -71.84100342 5.67299986 0.00000000
v -56.57049561 24.73144531 51.80099869
v -70.22899628 8.13399982 0.00000000
v -57.09826660 25.51970291 51.80099869
v -57.34700012 25.75300026 52.23500061
v -57.34400177 25.55596352 51.80099869
v -57.10882187 25.31094742 51.80099869
v -57.06421661 25.24355125 51.80099869
v -57.12599945 25.16799927 50.81999969
v -56.44682693 24.57600021 51.80099869
v -56.48078537 24.61868286 51.80099869
v -56.99200058 24.90699959 50.47999954
v -53.56700134 13.28299999 113.68299866
v -53.55099869 11.42899990 114.79799652
v -53.57099915 13.38799953 112.85500336
v -56.51800156 24.90500069 53.49499893
v -56.24399948 24.57500076 54.13600159
v -53.55099869 12.53600025 114.79799652
v -82.43000031 13.09099960 113.29799652
v -82.34200287 13.18299961 108.32900238
v -82.27239990 13.32040596 105.47200012
v -82.29599762 13.24899960 86.09999847
v -82.27510071 13.30144978 88.06400299
v -82.30387878 13.24866199 105.30902100
v -82.27200317 13.30900002 103.53500366
v -82.29951477 13.25665283 104.91899872
v -82.65699768 13.01700020 113.29799652
v -82.31700134 11.26299953 113.29799652
v -80.54000092 4.00699997 19.24799919
v -79.61100006 2.85400009 19.24799919
v -79.05300140 3.35599995 19.99799919
v -80.54000092 4.00699997 13.99800014
v -79.04943085 3.35230327 8.84717751
v -78.92992401 3.23209572 8.74899960
v -78.58999634 2.87599993 21.49699974
v -82.17299652 13.96800041 98.42500305
v -60.49599838 21.87400055 13.99800014
v -60.49599838 21.87400055 19.24799919
v -61.00099945 21.31900024 19.99799919
v -67.27200317 29.90299988 52.97200012
v -66.89331055 29.86617088 51.80099869
v -67.00463867 29.82732391 51.80099869
v -66.76643372 29.86521912 51.80099869
v -62.04939270 1.54283714 74.74114227
v -62.04065704 1.55427301 71.58457184
v -62.04592896 1.54737759 73.72799683
v -62.07600021 1.50800002 84.35700226
v -61.98058701 1.63341165 69.63200378
v -67.68071747 29.76096344 51.80099869
v -65.84200287 29.87599945 52.41099930
v -62.11899948 1.31900001 79.47499847
v -61.91761017 22.06496048 19.99800873
v -61.86982346 22.03024673 20.47999954
v -62.08599854 22.20199966 19.99799919
v -66.90599823 29.92000008 54.34799957
v -66.00399780 29.88899994 54.46599960
v -61.80649567 21.98597908 19.98911285
v -64.18385315 0.26499870 76.85984802
v -64.29109955 0.27136627 75.77600098
v -64.30200195 0.27200001 75.63899994
v -64.16799927 0.26600000 73.80899811
v -62.72200012 26.43499947 114.79799652
v -63.81800079 23.41699982 114.79799652
v -60.60599899 25.22100067 114.79799652
v -62.48300171 22.64599991 114.79799652
v -61.40800095 21.83200073 114.79799652
v -64.17822266 0.26535442 75.77600098
v -61.64500046 22.80900002 19.24799919
v -61.91761017 22.06496048 19.99799919
v -56.36000061 21.03899956 114.79799652
v -57.84000015 18.97900009 114.79799652
v -55.23699951 19.12500000 114.79799652
v -57.43899918 18.18300056 114.79799652
v -57.25299835 17.53899956 114.79799652
v -57.16500092 22.10000038 114.79799652
v -58.24800110 19.51000023 114.79799652
v -54.27099991 16.64599991 114.79799652
v -57.18899918 16.87199974 114.79799652
v -56.75099945 12.35200024 114.79799652
v -56.83200073 13.50599957 114.79799652
v -62.74800110 22.65299988 21.49699974
v -63.99900055 0.19800000 69.53700256
v -64.15799713 0.26699999 71.10600281
v -64.82700348 0.06500000 82.05100250
v -64.16699982 0.26400000 77.03399658
v -63.14899826 22.89699936 19.99799919
v -62.77099991 23.54400063 19.24799919
v -64.08899689 24.21999931 19.24799919
v -64.39399719 23.53499985 19.99799919
v -62.08599854 22.20199966 8.74899960
v -56.90299988 13.96800041 65.67800140
v -57.14099884 15.14999962 65.67800140
v -57.09073257 14.90343666 52.48600006
v -56.87438202 10.20980835 52.48600006
v -56.89507294 10.01620483 52.48600006
v -56.76399994 11.16699982 65.67800140
v -56.74947357 11.64471340 52.48600006
v -56.73899841 11.96700001 65.67800140
v -59.54800034 20.92099953 19.24799919
v -59.22800064 19.32900047 19.99799919
v -58.61899948 19.76700020 19.24799919
v -57.25400162 24.97599983 49.94599915
v -57.40999985 25.11599922 49.88800049
v -57.88899994 18.63699913 19.24799919
v -58.53900146 18.26199913 19.99799919
v -57.90700150 17.01399994 19.99799919
v -55.51100159 0.96899998 66.69999695
v -54.79700089 2.43300009 69.83100128
v -55.13000107 1.79900002 70.69300079
v -54.55500031 3.03900003 68.15200043
v -54.58800125 3.09899998 72.99500275
v -62.68500137 29.00425911 51.80099869
v -63.23896790 29.18459320 51.80099869
v -63.31299973 28.98100090 59.72700119
v -54.34700012 3.95900011 68.07700348
v -54.38499832 4.43200016 59.87200165
v -54.18600082 4.84600019 77.02999878
v -57.57591248 25.93312454 51.80099869
v -57.80659866 26.15425682 51.80099869
v -65.05999756 23.94099998 114.79799652
v -82.84600067 14.34300041 21.49699974
v -82.26499939 13.08699989 21.49699974
v -83.02200317 13.12100029 21.49699974
v -58.36500168 23.40900040 114.79799652
v -60.13700104 20.65299988 114.79799652
v -59.50999832 20.41900063 114.79799652
v -59.35200119 24.30400085 114.79799652
v -81.22462463 13.25671673 28.48600006
v -81.15340424 13.90514278 28.48600006
v -82.32800293 11.88700008 21.49699974
v -83.07199860 11.47599983 21.49699974
v -82.32499695 16.33200073 21.49699974
v -81.81600189 15.44299984 21.49699974
v -82.57299805 15.54699993 21.49699974
v -82.33699799 11.96700001 114.79799652
v -58.74700165 19.95700073 114.79799652
v -82.65699768 10.91699982 113.29799652
v -57.02899933 14.64500046 114.79799652
v -57.31600189 15.76500034 114.79799652
v -53.68199921 14.05200005 114.79799652
v -56.79700089 10.81200027 114.79799652
v -82.10199738 14.27600002 21.49699974
v -57.02899933 9.28800011 114.79799652
v -53.74000168 9.44099998 114.79799652
v -54.01100159 8.13599968 114.79799652
v -57.25299835 6.39400005 114.79799652
v -54.61999893 6.23400021 114.79799652
v -57.31600189 8.16800022 114.79799652
v -87.98986053 12.34734631 52.48600006
v -87.98988342 12.34705162 52.48600006
v -87.91997528 12.28800011 52.48600006
v -87.98988342 12.34688282 52.48600006
v -57.43899918 5.75000000 114.79799652
v -55.65599823 4.02600002 114.79799652
v -58.24800110 4.42299986 114.79799652
v -87.85509491 14.17238426 52.48600006
v -87.79904938 14.17820549 52.48600006
v -87.77413940 14.33600044 52.48600006
v -60.13700104 3.27999997 114.79799652
v -57.74700165 1.16199994 114.79799652
v -58.74700165 3.97600007 114.79799652
v -61.49430084 20.46730042 38.65541458
v -61.00173569 19.97473717 38.65657425
v -62.53900146 21.51199913 28.48600006
v -87.86713409 14.09609890 52.48600006
v -87.91544342 12.50607491 52.48600006
v -87.92079926 12.43796730 52.48600006
v -56.62200165 2.53600001 114.79799652
v -87.92086029 12.39893341 52.48600006
v -63.13899994 0.88099998 114.79799652
v -60.05199814 -0.91799998 114.79799652
v -60.96400070 2.47099996 114.79799652
v -58.68299866 0.21300000 114.79799652
v -64.78800201 -3.31200004 114.79799652
v -63.94800186 -3.02500010 114.79799652
v -64.51799774 0.19200000 114.79799652
v -68.87100220 25.55400085 114.79799652
v -68.27100372 27.91600037 114.79799652
v -69.53800201 25.61700058 114.79799652
v -68.01399994 25.30800056 114.79799652
v -66.71700287 24.45199966 114.79799652
v -65.64399719 27.48500061 114.79799652
v -87.20700073 14.74300003 49.46500015
v -87.59100342 14.88500023 50.76300049
v -87.03500366 15.28699970 49.33200073
v -70.20500183 25.55400085 114.79799652
v -70.93399811 27.90600014 114.79799652
v -71.84300232 24.87800026 114.79799652
v -71.26899719 25.22299957 114.79799652
v -72.69200134 27.65299988 114.79799652
v -70.85500336 25.39299965 114.79799652
v -87.14700317 16.27899933 50.47999954
v -87.30699921 16.03300095 50.81999969
v -72.36000061 24.45199966 114.79799652
v -73.47299957 24.13999939 114.79799652
v -74.55799866 23.74099922 114.79799652
v -75.25000000 26.91200066 114.79799652
v -63.94800186 26.95800018 114.79799652
v -77.94300079 25.57699966 114.79799652
v -75.59799957 23.23399925 114.79799652
v -77.15000153 26.03800011 114.79799652
v -79.44000244 24.51199913 114.79799652
v -76.90899658 22.42399979 114.79799652
v -80.93900299 23.19099998 114.79799652
v -78.11199951 21.46199989 114.79799652
v -86.94899750 15.71199989 49.37699890
v -86.72699738 16.12899971 49.14899826
v -83.57900238 19.63599968 114.79799652
v -80.66699982 19.66600037 114.79799652
v -81.82800293 22.20000076 114.79799652
v -79.96099854 20.20899963 114.79799652
v -81.63800049 18.18300056 114.79799652
v -83.98300171 18.84399986 114.79799652
v -81.82299805 17.53899956 114.79799652
v -81.23600006 18.97900009 114.79799652
v -78.93900299 20.65299988 114.79799652
v -87.49299622 15.84799957 51.64199829
v -87.44125366 16.05932617 51.80099869
v -58.20100021 15.58800030 39.14899826
v -57.27600098 16.12400055 41.66400146
v -57.87200165 14.87800026 39.67300034
v -84.65599823 17.20000076 114.79799652
v -81.76000214 15.76500034 114.79799652
v -86.93000031 16.24699974 49.73400116
v -81.23600006 4.95499992 114.79799652
v -82.75499725 2.98099995 114.79799652
v -80.66699982 4.26800013 114.79799652
v -81.88700104 7.06099987 114.79799652
v -84.65599823 6.73299980 114.79799652
v -81.82299805 6.39400005 114.79799652
v -57.43700027 8.91399956 40.97399902
v -57.84085846 10.23199654 39.63098907
v -57.59199905 11.80399990 40.46032715
v -76.59300232 1.28699994 114.79799652
v -77.22399902 1.73099995 114.79799652
v -77.98300171 -1.61899996 114.79799652
v -55.77399826 4.55600023 46.77799988
v -56.13700104 5.13500023 45.59700012
v -56.71099854 7.49499989 43.39300156
v -55.46699905 5.32100010 47.54000092
v -78.93900299 3.27999997 114.79799652
v -81.54399872 1.39199996 114.79799652
v -81.63800049 5.75000000 114.79799652
v -83.98300171 5.08900023 114.79799652
v -80.29799652 0.12600000 114.79799652
v -87.47499847 13.68099976 49.76599884
v -87.86399841 13.72000027 51.37699890
v -87.79199982 14.28499985 51.34600067
v -55.41500092 5.10699987 47.72100067
v -85.03299713 15.92300034 114.79799652
v -85.43800354 13.73999977 114.79799652
v -87.12200165 14.12300014 49.08000183
v -55.28099823 3.72399998 48.59000015
v -85.51799774 11.74499989 114.79799652
v -85.37599945 9.75300026 114.79799652
v -82.04699707 9.28800011 114.79799652
v -85.14299774 8.44099998 114.79799652
v -55.77799988 3.90799999 47.06900024
v -81.76000214 8.16800022 114.79799652
v -62.72200012 -2.50200009 114.79799652
v -87.43499756 12.77999973 49.51100159
v -87.93299866 12.80500031 51.37699890
v -67.23300171 -0.94499999 114.79799652
v -67.80799866 -1.28999996 114.79799652
v -66.94899750 -3.81599998 114.79799652
v -66.71700287 -0.51800001 114.79799652
v -68.22100067 -1.46000004 114.79799652
v -68.27100372 -3.98300004 114.79799652
v -68.87100220 -1.62100005 114.79799652
v -69.53800201 -1.68299997 114.79799652
v -56.59299850 3.56699991 45.48099899
v -55.70199966 2.44600010 48.27799988
v -70.85500336 -1.46000004 114.79799652
v -71.46399689 -1.18200004 114.79799652
v -72.25399780 -3.79500008 114.79799652
v -70.93399811 -3.97199988 114.79799652
v -73.10600281 -0.32600001 114.79799652
v -74.61699677 -3.18799996 114.79799652
v -72.36000061 -0.51800001 114.79799652
v -70.20500183 -1.62100005 114.79799652
v -76.06999969 -2.63899994 114.79799652
v -74.19899750 0.05200000 114.79799652
v -75.59799957 0.69900000 114.79799652
v -81.31066132 12.16530037 28.48600006
v -56.08599854 2.00699997 47.82600021
v -56.32300186 0.77200001 48.71300125
v -56.71900177 0.48300001 48.32899857
v -81.32490540 11.51315880 28.48600006
v -57.18500137 16.64900017 105.65599823
v -55.97600174 1.40699995 48.67599869
v -56.91600037 0.94999999 47.44300079
v -82.97100067 10.24499989 21.49699974
v -81.28645325 11.04453945 28.48600006
v -81.07796478 9.62703896 28.48600006
v -82.57299805 8.22799969 21.49699974
v -56.80099869 0.08600000 48.71099854
v -82.01499939 9.10700035 21.49699974
v -55.66600037 1.53999996 49.27799988
v -60.77700043 21.29700089 98.42500305
v -60.20800018 20.72900009 90.23799896
v -56.20999908 -0.29200000 50.86299896
v -82.03600311 14.60099983 19.99799919
v -56.87799835 -0.68900001 49.77500153
v -56.92499924 4.31300020 44.25999832
v -57.03900146 1.94000006 46.18299866
v -82.50000000 10.88300037 113.29799652
v -82.34999847 10.76299953 113.29799652
v -61.60699844 26.55599976 99.04699707
v -82.25800323 13.22000027 19.99799919
v -82.27200317 10.62399960 86.79799652
v -82.25900269 10.56099987 113.29799652
v -82.25911713 10.56143761 113.15200043
v -82.07160950 9.41261005 51.80099869
v -83.00399780 13.29800034 19.24799919
v -82.25800323 13.22000027 8.74899960
v -82.25952148 10.56297398 112.63999939
v -83.00399780 13.29800034 13.99800014
v -82.76899719 14.76099968 19.24799919
v -82.30638885 10.68538666 102.84212494
v -82.29669952 10.67506790 102.40000153
v -82.27200317 10.62399960 109.11399841
v -82.28299713 10.65499973 110.50900269
v -81.70400238 15.82699966 8.74899960
v -81.70400238 15.82699966 19.99799919
v -82.41699982 16.05900002 13.99800014
v -82.29100037 10.66899967 102.13999939
v -82.28299713 10.65499973 107.02200317
v -53.67200089 14.63199997 112.41500092
v -53.73099899 15.10599995 111.74199677
v -82.76899719 14.76099968 13.99800014
v -82.03600311 14.60099983 8.74899960
v -82.28554535 10.63121605 102.40000153
v -82.31366730 10.69419956 96.04904175
v -82.26113129 10.56911850 110.59200287
v -82.25800323 10.55500031 19.99799919
v -82.32800293 11.95199966 19.99799919
v -61.07799911 21.56299973 82.05100250
v -83.07800293 11.95600033 19.24799919
v -83.00399780 10.47599983 19.24799919
v -82.56099701 10.90400028 111.90299988
v -82.32800293 11.95199966 8.74899960
v -83.07800293 11.95600033 13.99800014
v -83.00399780 10.47599983 13.99800014
v -62.53900146 22.68300056 113.29799652
v -61.95999908 22.28199959 113.29799652
v -82.25800323 10.55500031 8.74899960
v -82.06300354 9.29899979 8.74899960
v -82.06300354 9.29899979 19.99799919
v -80.90703583 8.77423859 28.48600006
v -80.75666809 8.32884026 28.48600006
v -63.19800186 25.04899979 113.29799652
v -62.06900024 22.80400085 113.29799652
v -80.54699707 5.40000010 21.49699974
v -81.49700165 5.55999994 21.49699974
v -81.11499786 6.45900011 21.49699974
v -81.56800079 7.57100010 21.49699974
v -82.17800140 7.05800009 21.49699974
v -82.79699707 9.14700031 19.24799919
v -82.41699982 7.71600008 13.99800014
v -82.41699982 7.71600008 19.24799919
v -66.82419586 24.85145569 12.28800011
v -66.92900085 24.35899925 8.74899960
v -66.77300262 25.09199905 13.99800014
v -62.09895706 22.70370865 92.12286377
v -62.06984711 22.80116081 112.63999939
v -62.06900024 22.80400085 59.39199829
v -65.34300232 24.70499992 13.99800014
v -84.03700256 10.91699982 113.29799652
v -62.11399841 22.53800011 113.29799652
v -62.10599899 22.71400070 110.50900269
v -62.09614182 22.66952324 98.24146271
v -61.38000107 23.99900055 113.29799652
v -84.03700256 13.01700020 113.29799652
v -82.63763428 10.91377068 53.24800110
v -82.63967133 10.91417313 52.73600006
v -82.63949585 10.91406441 52.73600006
v -82.63742828 10.91364574 53.24800110
v -82.64250946 10.91463184 51.80099869
v -64.36399841 23.67700005 113.29799652
v -82.64836884 10.91645527 51.80099869
v -63.88800049 23.85400009 113.29799652
v -57.36579895 25.57867432 51.80099869
v -58.48142624 26.70102310 51.80099869
v -58.72999954 26.13100052 67.54399872
v -58.41458511 26.64641953 51.80099869
v -64.29000092 23.65999985 99.87400055
v -64.29399872 23.66099930 102.83699799
v -63.99599838 23.73500061 113.29799652
v -57.76005554 25.94899178 51.80099869
v -57.72200012 25.81500053 50.97900009
v -55.35300064 0.99299997 62.32300186
v -64.16500092 23.66099930 110.16000366
v -64.05100250 23.70000076 110.50900269
v -57.98085403 26.14049721 51.80099869
v -58.17726135 26.32876778 51.80099869
v -64.25299835 23.65900040 105.97599792
v -63.94699860 23.77700043 84.00800323
v -63.92499924 23.80100060 82.61299896
v -58.29365540 26.42174721 51.80099869
v -58.30990219 26.42588806 51.80099869
v -58.84264755 26.79248047 51.80099869
v -58.48400879 26.70279121 51.80099869
v -58.71332169 26.70231247 51.80099869
v -58.19499969 26.30900002 51.39500046
v -59.60773849 27.32590866 51.80099869
v -59.54235458 27.44185829 51.80099869
v -58.53900146 18.26199913 8.74899960
v -57.88899994 18.63699913 13.99800014
v -60.12064362 27.66694260 51.80099869
v -58.61899948 19.76700020 13.99800014
v -58.31919098 26.42825508 51.80099869
v -82.28299713 10.65499973 84.70500183
v -59.63199997 27.28800011 51.10400009
v -60.47009659 27.87950325 51.80099869
v -60.96385193 28.10408401 51.80099869
v -60.73075104 28.14150238 51.80099869
v -60.25465393 27.75604630 51.80099869
v -61.23699951 28.16399956 50.83000183
v -61.77880859 28.52658081 51.80099869
v -61.95801544 28.74617577 51.80099869
v -61.43999863 28.35093117 51.80099869
v -82.47899628 10.86999989 109.98600006
v -58.82600021 26.22699928 49.60800171
v -60.13499832 27.34000015 50.16099930
v -58.97800064 26.63100052 50.29199982
v -61.47299957 27.70299911 49.25500107
v -60.82099915 27.05900002 48.76300049
v -82.63536835 10.91322803 53.75999832
v -82.62991333 10.90651321 51.80099869
v -58.29199982 25.72699928 49.46500015
v -57.84400177 25.72699928 50.32199860
v -82.27569580 10.62740231 52.73600006
v -82.27639771 10.62939930 53.24800110
v -82.27574158 10.62746525 52.73600006
v -82.27644348 10.62947083 53.24800110
v -58.36999893 26.02099991 49.92100143
v -82.27342224 10.62227726 51.80099869
v -82.27494049 10.62502861 51.80099869
v -82.64171600 10.91457558 52.22399902
v -82.64156342 10.91448212 52.22399902
v -57.47499847 25.44000053 50.51300049
v -57.97800064 25.98900032 50.76300049
v -58.15100098 25.22599983 48.85800171
v -58.03599930 24.74600029 48.34299850
v -59.71300125 26.35700035 48.76300049
v -59.20399857 26.31599998 49.25500107
v -72.38600159 25.09199905 19.24799919
v -70.92299652 25.31999969 13.99800014
v -72.38600159 25.09199905 13.99800014
v -58.17900085 8.09599972 28.48600006
v -57.99567413 9.92423248 28.48600006
v -57.59199905 11.80399990 28.48600006
v -66.95365906 24.36297226 8.76904678
v -66.88282013 24.57600021 10.32982826
v -57.85386276 11.13273621 28.48600006
v -57.88283539 12.08531189 28.48600006
v -54.43999863 3.44899988 66.49199677
v -62.02513504 28.77734566 51.80099869
v -62.43030930 28.84353638 51.80099869
v -62.44625092 28.96907234 51.80099869
v -64.22562408 0.26031157 67.74834442
v -64.23298645 0.25833103 67.68956757
v -72.23000336 24.35899925 19.99799919
v -72.23000336 24.35899925 8.74899960
v -66.92502594 24.37767792 8.91997814
v -66.92900085 24.35899925 8.78720570
v -68.18299866 24.56100082 8.74899960
v -62.04483795 1.54880524 73.40942383
v -62.04087448 1.55398703 71.68000031
v -62.04359818 1.55265725 73.30775452
v -62.04000473 1.55705285 71.68000031
v -66.55722046 24.16983604 8.19200039
v -62.04504013 1.55074120 73.72799683
v -62.00899887 1.60899997 79.82399750
v -62.03838730 1.55903220 70.94706726
v -57.07699966 8.18700027 42.17399979
v -57.43399811 8.21599960 41.06900024
v -57.44300079 5.35099983 42.45700073
v -66.92900085 24.35899925 19.99799919
v -62.03799820 1.57000005 72.84999847
v -62.02999878 1.58399999 70.05999756
v -62.05208588 1.54140353 75.77600098
v -58.20600128 4.20800018 42.09000015
v -57.10699844 7.22800016 42.24000168
v -57.87457657 12.74056339 28.48600006
v -70.84799957 24.57399940 8.74899960
v -70.84799957 24.57399940 19.99799919
v -57.29700089 6.80800009 41.91500092
v -56.94100189 6.24200010 43.06600189
v -61.93696213 28.60352135 51.80099869
v -61.98303223 28.75947952 51.80099869
v -61.98787689 28.76187706 51.80099869
v -61.99266815 28.76391983 51.80099869
v -71.33399963 24.09199905 5.80700016
v -62.60590744 28.91681099 51.80099869
v -62.65032578 28.92314720 51.80099869
v -62.67230606 28.92628479 51.80099869
v -62.45601654 28.85426331 51.80099869
v -62.47243881 28.86111641 51.80099869
v -62.65299988 28.92700005 51.55699921
v -72.10399628 23.95599937 5.80700016
v -63.27352142 29.12231636 51.80099869
v -63.48799896 29.22011566 51.80099869
v -63.81774139 29.33701324 51.80099869
v -63.55752563 29.35840988 51.80099869
v -57.94749069 13.53800392 28.48600006
v -57.99552536 13.85081100 28.48600006
v -58.17900085 15.51200008 28.48600006
v -58.23201370 14.84980297 28.48600006
v -58.38361359 15.45810318 28.48600006
v -58.48020172 15.73600578 28.48600006
v -74.38400269 24.50099945 13.99800014
v -73.68599701 24.74699974 13.99800014
v -73.45800018 24.03300095 8.74899960
v -73.68599701 24.74699974 19.24799919
v -58.34095383 8.46711445 28.48600006
v -58.23201370 8.92457771 28.48600006
v -57.91883087 10.55167866 28.48600006
v -56.10599899 11.06400013 21.49699974
v -56.30599976 9.43099976 21.49699974
v -65.88400269 0.39100000 28.48600006
v -64.60185242 1.24823153 28.48600006
v -62.53900146 2.09599996 28.48600006
v -65.19887543 0.98626018 28.48600006
v -63.65205002 1.79298794 28.48600006
v -79.61100006 20.92099953 19.24799919
v -78.56099701 21.96500015 13.99800014
v -79.61100006 20.92099953 13.99800014
v -63.07979965 2.10698199 28.48600006
v -62.37315750 2.61420321 28.48600006
v -61.77358246 3.11746526 28.48600006
v -61.29299164 3.55903864 28.48600006
v -60.97550583 3.90545964 28.48600006
v -59.88399887 4.75000000 28.48600006
v -81.26999664 18.63699913 19.24799919
v -80.45999908 19.87800026 13.99800014
v -81.26999664 18.63699913 13.99800014
v -60.53578949 4.38666964 28.48600006
v -60.27133942 4.73286819 28.48600006
v -59.98278427 5.10365248 28.48600006
v -59.52572632 5.84373713 28.48600006
v -73.23799896 23.65500069 5.80700016
v -59.19871902 6.37859583 28.48600006
v -74.76499939 23.53499985 8.74899960
v -75.06999969 24.21999931 13.99800014
v -58.93947601 6.94885826 28.48600006
v -58.66573715 7.54092598 28.48600006
v -58.51993561 7.98784685 28.48600006
v -77.51399994 22.80900002 13.99800014
v -76.40799713 22.15299988 5.80700016
v -77.07299805 22.20199966 8.74899960
v -77.65299988 21.20499992 5.80700016
v -56.18099976 13.52999973 21.49699974
v -56.30599976 14.34399986 21.49699974
v -82.64466095 10.91569424 51.80099869
v -82.64511871 10.91530418 51.80099869
v -56.89400101 13.08699989 21.49699974
v -56.90100098 13.22000027 19.99799919
v -56.89485550 13.09951973 20.47999954
v -57.45500183 15.82699966 21.49699974
v -57.09600067 14.47500038 8.74899960
v -56.59199905 8.22999954 21.49699974
v -82.27500153 10.62540627 52.22399902
v -82.27503204 10.62545872 52.22399902
v -57.34299850 8.33199978 21.49699974
v -57.05599976 9.49800014 21.49699974
v -56.89400101 10.68799973 21.49699974
v -56.83100128 11.88700008 21.49699974
v -82.27114868 10.61550903 51.80099869
v -63.81900024 29.33699989 51.78499985
v -63.27000046 29.13199997 51.42399979
v -63.38607788 29.18398285 51.80099869
v -82.28140259 10.63411045 51.80099869
v -82.68767548 10.83563328 51.71200180
v -82.68749237 10.83552170 51.71200180
v -82.68732452 10.83556843 51.80099869
v -82.68722534 10.83550549 51.80099869
v -82.68847656 10.83574390 51.80099869
v -82.69089508 10.83666325 51.80099869
v -82.69509125 10.83699989 51.80099869
v -82.68695831 10.83545494 51.80099869
v -82.68648529 10.83531094 51.80099869
v -82.64339447 10.91490841 51.80099869
v -82.64512634 10.91576004 51.80099869
v -64.46459198 29.62199783 51.80099869
v -64.55620575 29.64409065 51.80099869
v -63.68899918 29.41699982 52.22800064
v -65.24970245 29.76627350 51.80099869
v -65.22899628 29.79100037 52.16500092
v -82.64326477 10.91482735 51.80099869
v -64.59698486 29.48894501 51.80099869
v -63.72216415 29.41662407 51.80099869
v -82.55578613 10.88799286 51.80099869
v -82.62262726 10.81589127 51.80099869
v -82.61183929 10.90900326 51.80099869
v -82.62966919 10.91004848 51.80099869
v -82.64356232 10.91554070 51.80099869
v -82.62174988 10.91035271 51.80099869
v -82.61934662 10.90792370 51.80099869
v -82.35836792 10.76341820 51.80099869
v -82.46102905 10.75199986 51.80099869
v -82.43495178 10.84397221 51.80099869
v -82.46932220 10.76066494 51.80099869
v -82.68807983 10.83603287 51.80099869
v -82.68843079 10.83608150 51.80099869
v -82.65412140 10.91699982 51.80099869
v -82.68799591 10.83597946 51.80099869
v -82.68727112 10.83591938 51.80099869
v -82.66377258 10.83134651 51.80099869
v -82.66217041 10.83074570 51.80099869
v -82.68700409 10.83574486 51.80099869
v -82.67111206 10.83225822 51.80099869
v -82.66828918 10.83190727 51.80099869
v -82.68651581 10.83563042 51.80099869
v -82.68463898 10.83490849 51.80099869
v -82.67697906 10.83196259 51.80099869
v -82.68639374 10.83534813 51.80099869
v -82.68518066 10.83511734 51.80099869
v -82.68714142 10.83545208 51.80099869
v -82.68626404 10.83526134 51.80099869
v -82.69499969 10.83699989 49.83000183
v -82.67078400 10.83189583 51.80099869
v -82.65759277 10.82902527 51.80099869
v -82.44999695 10.74899960 49.93199921
v -82.67715454 10.82930946 51.80099869
v -82.66948700 10.83043003 51.80099869
v -82.30833435 10.50568008 51.80099869
v -82.27172089 10.61613083 51.80099869
v -82.26405334 10.23999977 51.80099869
v -82.31348419 10.53656197 51.80099869
v -82.31300354 10.53559399 51.80099869
v -82.31300354 10.53609276 51.80099869
v -82.31352997 10.53684425 51.80099869
v -82.31356049 10.53704739 51.80099869
v -82.31360626 10.53732586 51.80099869
v -82.31367493 10.53772831 51.80099869
v -82.31300354 10.53631401 51.80099869
v -82.31372070 10.53800392 51.80099869
v -82.31539154 10.54183674 51.71200180
v -82.27108002 10.61481953 51.80099869
v -82.27178192 10.61650562 51.80099869
v -82.59200287 13.02200031 99.34999847
v -82.58777618 13.02490139 102.13455963
v -82.27117920 10.61581421 51.80099869
v -82.27445221 10.62380219 51.80099869
v -82.27442169 10.62375641 51.80099869
v -82.50341034 13.06247616 82.94263458
v -82.59200287 13.02200031 84.00800323
v -56.34199905 16.95199966 44.62400055
v -82.55100250 13.03699970 108.06800079
v -62.09700012 22.74500084 86.79799652
v -62.07248688 22.79232216 110.59200287
v -64.05351257 0.21543874 46.55350876
v -62.50783539 1.00320494 46.15724182
v -64.05352020 0.21543489 47.39030457
v -82.52799988 13.04599953 86.18699646
v -64.54811859 1.07191944 46.00000000
v -62.67474747 2.02680755 46.00000000
v -64.44846344 0.89935946 46.00000000
v -62.67352676 2.02468061 46.00000000
v -62.61896515 1.12061286 46.00000000
v -64.08659363 0.27297214 46.00000000
v -64.05340576 0.21549155 46.06637192
v -62.18020630 1.17018390 46.17641830
v -62.18022919 1.17017066 46.66756058
v -64.54795074 1.07200503 45.07739258
v -63.21572113 1.75106430 45.15565491
v -64.54811859 1.07192016 45.86034393
v -62.67475510 2.02680397 45.99834061
v -63.23899841 -1.19500005 47.69499969
v -62.26840210 1.32297218 46.00000000
v -62.67470932 2.02682590 45.18729401
v -63.95682144 23.77363968 84.00800323
v -59.60913467 5.28941393 38.92280960
v -57.94800186 4.94000006 41.83900070
v -82.26274872 10.57526207 108.54399872
v -62.09700012 22.46800041 109.81099701
v -82.26436615 10.58140659 106.49600220
v -58.71799850 6.18800020 39.50699997
v -57.51200104 6.92999983 41.33200073
v -57.70600128 7.13600016 40.78300095
v -62.11000061 1.24300003 67.96800232
v -62.10599899 1.21899998 70.05999756
v -62.10641479 1.22584033 69.63200378
v -62.07575989 1.14423847 52.48600006
v -62.10083771 1.24378431 70.05999756
v -62.11399841 1.26699996 71.45500183
v -62.10482788 1.26433551 70.70092773
v -57.93399811 2.11899996 44.67300034
v -62.10157394 1.24910426 69.63200378
v -62.09244537 1.19792604 69.63200378
v -62.03470230 1.56395233 69.93701172
v -62.03390884 1.56523013 70.05999756
v -62.03451157 1.56233895 70.05999756
v -62.03533936 1.56124318 69.92038727
v -62.03423309 1.56447220 69.63200378
v -62.03486252 1.56186628 69.63200378
v -62.03639984 1.55985188 70.16626740
v -62.03565598 1.56264842 70.15396118
v -62.03815079 1.55755568 70.67848206
v -62.03939438 1.55602252 71.05399323
v -62.03431320 1.56362867 68.49198151
v -62.07512665 22.78348351 108.54399872
v -62.03334808 1.56544542 69.06096649
v -66.35500336 24.36400032 98.42500305
v -65.68000031 24.16799927 75.91100311
v -58.17900085 15.51200008 39.17377472
v -58.06069565 14.76467896 39.18516922
v -58.21548462 15.58358192 39.11800385
v -58.20773315 15.56836987 39.12598419
v -58.43916702 16.02241898 38.89492798
v -58.32899857 16.14599991 39.17599869
v -62.02999878 1.58399999 71.45500183
v -58.01662827 14.48632908 39.18936920
v -63.96799850 23.76399994 106.71700287
v -62.03427124 1.56263375 69.27678680
v -62.03679657 1.55933058 70.18854523
v -57.97175217 14.20284939 39.30921936
v -57.80616379 13.15684128 39.74862289
v -62.04636765 1.51423514 69.63200378
v -58.52763367 16.19597244 38.85915375
v -58.46718216 16.07737923 38.88218307
v -62.00899887 22.32399940 107.71900177
v -62.07776642 22.77464485 106.49600220
v -58.04231262 8.95944691 39.22285461
v -58.05551910 8.87600040 39.21155548
v -63.96758652 0.16638789 67.58399963
v -63.94699860 0.15600000 85.40299988
v -63.96255112 0.16132152 67.27100372
v -57.79000092 8.32800007 40.05400085
v -58.00000000 8.24499989 39.57199860
v -62.10014343 22.71565819 90.64176941
v -64.33399963 0.26699999 71.45500183
v -58.13732147 8.35928917 39.22482681
v -64.28600311 23.66099930 96.56099701
v -62.10745621 1.24288869 68.56529236
v -62.10235977 1.25481403 69.17263794
v -62.03369141 1.56353605 68.95816040
v -62.08888626 1.25760531 52.48600006
v -62.10773468 1.24749172 68.27728271
v -82.27275848 10.61885548 51.80099869
v -56.89482498 13.10264206 19.99770355
v -56.89525986 13.10545349 19.99799919
v -56.83100128 11.82299995 19.99799919
v -57.09600067 14.47500038 19.99799919
v -82.31551361 10.54218960 51.80099869
v -82.31584930 10.54298782 51.80099869
v -56.08100128 11.81900024 19.24799919
v -56.15499878 13.29800034 19.24799919
v -60.33822250 4.29594660 38.95459366
v -60.07711029 4.55696249 39.05300522
v -59.88399887 4.75000000 39.11810684
v -59.75786209 4.99754333 39.02895737
v -82.32036591 10.54939651 51.80099869
v -82.32055664 10.55008793 51.80099869
v -82.31647491 10.54362488 51.80099869
v -82.31739807 10.54499340 51.80099869
v -56.74100113 16.05900002 13.99800014
v -57.45500183 15.82699966 19.99799919
v -56.74100113 16.05900002 19.24799919
v -56.36199951 14.62699986 19.24799919
v -82.32135773 10.55299568 51.80099869
v -82.31383514 10.53865814 51.80099869
v -82.31948090 10.54808331 51.80099869
v -82.07944489 9.45688534 51.80099869
v -82.31460571 10.54084873 51.80099869
v -82.31301117 10.53503513 50.00000000
v -56.90100098 10.55500031 19.99799919
v -82.31541443 10.54187679 51.71200180
v -57.12300110 9.17300034 19.99799919
v -82.31300354 10.53500938 50.00000000
v -82.31381226 10.53750610 51.80099869
v -56.38999939 9.01399994 19.24799919
v -56.15499878 10.47599983 19.24799919
v -82.31553650 10.54223156 51.80099869
v -58.13600159 7.43699980 39.68000031
v -57.82099915 7.81400013 40.20299911
v -82.32238770 10.55673313 51.80099869
v -82.32743073 10.56793880 51.80099869
v -82.33321381 10.57698250 51.80099869
v -82.34416199 10.59411144 51.80099869
v -82.31326294 10.53574181 50.17599869
v -57.12300110 9.17300034 8.74899960
v -58.17900085 8.09599972 39.26908112
v -58.24588776 7.96473360 39.19384384
v -56.38999939 9.01399994 13.99800014
v -82.28430176 10.64400864 51.80099869
v -82.29144287 10.65948200 51.80099869
v -59.41592407 5.66858578 38.94549179
v -82.41301727 10.70183182 51.80099869
v -82.43504333 10.72992039 50.68799973
v -56.90100098 10.55500031 8.74899960
v -56.15499878 10.47599983 13.99800014
v -82.31423950 10.53852749 51.80099869
v -82.31395721 10.53802681 51.80099869
v -82.31446075 10.53905487 51.80099869
v -82.31700897 10.54420090 51.80099869
v -56.70399857 15.94099998 21.49699974
v -82.27230072 10.61775017 51.80099869
v -82.27185059 10.61689758 51.80099869
v -82.31469727 10.53983307 51.20000076
v -82.31305695 10.53513241 50.00000000
v -82.31304169 10.53508759 50.00000000
v -82.68966675 10.83600521 51.20000076
v -82.68953705 10.83592415 51.20000076
v -57.45500183 15.82699966 8.74899960
v -57.88499832 16.94799995 21.49699974
v -82.69165802 10.83637714 50.68799973
v -64.19599915 14.56299973 4.99900007
v -64.19599915 14.56299973 19.99799919
v -64.57099915 15.21199989 19.99799919
v -56.97499847 7.05600023 21.49699974
v -58.46509552 7.53454971 39.00802612
v -58.37535095 7.71066523 39.04647064
v -82.31468201 10.53980541 51.20000076
v -58.51499939 4.15299988 21.49699974
v -58.34490585 7.77041388 39.08719254
v -58.75366211 6.96824408 38.84940338
v -57.65599823 5.55800009 21.49699974
v -82.31398010 10.53778934 50.68799973
v -82.31300354 10.53511238 50.17599869
v -78.22699738 20.67499924 5.80700016
v -79.05300140 20.41900063 8.74899960
v -84.07800293 10.83699989 51.80099869
v -84.03700256 10.91699982 51.80099869
v -82.00450134 8.88759422 51.80099869
v -82.09788513 9.25484657 51.80099869
v -82.05416870 9.32156181 51.80099869
v -58.99623871 6.49219894 38.80707550
v -59.21246719 6.06786108 38.84212875
v -79.85500336 19.43400002 8.74899960
v -82.06954193 9.39643764 51.80099869
v -82.11617279 9.35270977 51.80099869
v -82.11053467 9.32069683 51.80099869
v -82.10900879 9.30902386 51.80099869
v -81.91999817 8.55527973 51.80099869
v -82.10398865 9.28300095 50.00000000
v -80.62000275 18.26199913 8.74899960
v -80.87400055 16.83099937 5.80700016
v -81.19999695 17.13199997 8.74899960
v -82.69157410 10.83632660 50.68799973
v -67.05599976 23.95000076 5.80700016
v -68.60299683 24.17200089 5.80700016
v -68.10099792 25.30599976 13.99800014
v -69.57900238 25.38699913 13.99800014
v -69.57900238 24.63699913 8.74899960
v -65.91899872 23.66099930 5.80700016
v -67.07900238 23.84000015 5.31599998
v -82.31397247 10.53777313 50.68799973
v -66.37599945 23.47400093 4.84700012
v -65.56900024 23.47599983 5.47599983
v -67.13500214 23.56999969 4.70200014
v -82.31308746 10.53520012 50.00000000
v -82.31300354 10.53501511 50.00000000
v -82.31301117 10.53502178 50.00000000
v -66.20099640 23.02599907 4.28800011
v -65.67600250 23.16600037 4.70200014
v -68.63400269 23.78499985 4.70200014
v -61.98145676 1.63287127 51.80099869
v -67.84899902 23.92399979 5.15500021
v -68.61599731 24.00900078 5.15500021
v -70.16000366 24.08499908 5.31599998
v -61.98620224 1.62570572 51.80099869
v -61.98591614 1.62594640 51.80099869
v -69.95700073 23.81200027 4.70200014
v -69.77500153 24.21500015 5.80700016
v -61.97919464 1.63480473 51.80099869
v -67.68399811 23.37100029 4.28800011
v -69.19899750 23.52099991 4.28800011
v -64.21862793 0.26633748 65.53600311
v -64.24886322 0.26651415 66.38819885
v -64.21437073 0.26630223 67.83874512
v -64.24645996 0.26649466 67.58399963
v -64.20617676 0.26565057 67.90367126
v -64.28600311 0.27200001 67.27100372
v -67.59899902 20.56299973 1.05700004
v -64.20045471 0.26621640 68.50465393
v -64.31980896 0.26699999 51.80099869
v -64.27033234 0.26663890 67.14205933
v -64.26508331 0.26660633 67.43616486
v -64.25583649 0.26655093 67.50952911
v -59.49417877 5.51501369 38.90099716
v -64.22706604 0.26329380 65.86997223
v -64.23700714 0.25918844 66.55171967
v -70.55599976 24.17799950 5.80700016
v -64.11000061 0.25799999 68.66600037
v -64.23508453 0.25792176 67.58399963
v -64.24131012 0.25670826 67.27100372
v -60.79401016 3.84033370 38.87821579
v -63.96331024 0.16492479 67.58399963
v -60.93722534 3.69717288 38.86569977
v -60.91006470 3.72432303 38.86474991
v -57.53799820 -0.08600000 47.82099915
v -63.92499924 0.13300000 68.66600037
v -65.11967468 0.78058964 38.98660660
v -64.96423340 0.85981876 38.95631027
v -63.94699860 0.15600000 67.27100372
v -70.91899872 23.90399933 5.00099993
v -71.69999695 23.91399956 5.31599998
v -62.53553391 2.09946656 39.12994766
v -59.23300171 -2.24699998 48.76100159
v -62.53900146 2.09599996 39.13173294
v -60.82099915 -3.28399992 48.76300049
v -70.72000122 23.47100067 4.28800011
v -71.63700104 23.55699921 4.55700016
v -61.89486313 2.73989320 38.93949890
v -57.71400070 -0.51899999 48.15200043
v -61.95548248 2.67929840 38.94580460
v -62.71859741 2.00445676 39.09382629
v -63.30889893 1.70356965 38.95534897
v -62.05599976 1.53199995 54.97900009
v -62.42404175 2.21091437 39.09852982
v -64.81652832 0.93510866 38.95703506
v -63.91581726 1.39421368 38.89365387
v -63.83622360 29.34212112 51.80099869
v -64.34399414 29.42069054 51.80099869
v -64.26772308 0.26662377 67.05040741
v -64.24356079 0.26648623 65.53600311
v -65.15178680 29.60883713 51.80099869
v -63.94800186 29.16500092 50.53499985
v -64.22762299 0.26373711 65.53600311
v -64.23099518 0.26641995 63.51480865
v -64.94400024 29.69499969 54.63399887
v -64.23930359 0.25826436 66.70742035
v -64.27033234 0.26663837 67.27100372
v -64.26949310 0.26663369 67.20037842
v -65.33077240 29.64040184 51.80099869
v -64.66300201 29.39200020 50.82500076
v -64.24062347 0.25724444 67.07681274
v -65.41871643 29.64997673 51.80099869
v -65.34300232 29.62599945 51.58900070
v -64.24231720 0.25705314 66.91149902
v -65.53600311 29.65586090 51.80099869
v -65.62374115 29.80701256 51.80099869
v -63.75600052 28.82799911 49.63899994
v -63.53300095 29.01000023 50.38800049
v -63.96481705 0.16209732 64.62764740
v -68.27799988 29.66600037 62.23799896
v -67.12799835 29.73999977 62.32300186
v -66.90200043 29.80299950 59.61800003
v -64.43347931 0.22942728 51.80099869
v -63.95759201 0.15962394 67.27100372
v -63.97217941 0.16996020 65.92811584
v -64.44599915 28.92900085 49.43799973
v -65.80200195 29.53599930 50.72299957
v -63.97076035 0.16949908 65.92205048
v -63.96855927 0.16715997 65.53600311
v -63.96995926 0.16758938 65.53600311
v -63.91467667 0.11381605 65.53600311
v -62.37903595 24.57600021 52.48600006
v -61.85924149 24.27578926 52.48600006
v -63.23899841 24.96999931 52.48600006
v -63.19434738 25.04689026 52.48600006
v -63.97093964 0.16791627 64.38029480
v -63.91518784 0.11868075 63.48799896
v -63.96331024 0.16158095 64.61523438
v -62.73199844 28.54199982 49.82799911
v -63.76300049 28.28000069 48.54499817
v -63.95409775 0.15886945 64.50422668
v -63.95829391 0.16401106 65.53600311
v -63.95999908 0.16599999 65.87599945
v -62.23699951 28.45700073 50.17800140
v -62.18500137 28.28300095 49.76599884
v -62.37699890 27.85700035 48.76300049
v -62.27299881 28.08799934 49.25500107
v -65.79900360 29.64900017 60.75000000
v -63.47269440 24.57600021 52.48600006
v -63.19800186 25.04899979 52.48600006
v -54.98600006 22.47800064 56.13800049
v -54.52799988 20.88400078 58.93099976
v -54.82400131 22.10799980 53.99399948
v -71.66000366 25.00699997 59.94599915
v -71.36599731 25.16900063 64.51699829
v -72.02500153 24.74900055 59.94599915
v -72.29836273 24.50664330 52.48600006
v -72.23120880 24.55411148 52.48600006
v -82.26597595 10.58755016 104.44799805
v -82.27700043 10.63899994 93.07399750
v -82.30200195 10.68099976 95.51499939
v -70.85500336 25.39299965 52.48600006
v -70.69091034 25.43364334 52.48600006
v -70.85500336 25.39299965 59.94599915
v -70.32459259 25.52437782 52.48600006
v -70.08228302 25.56559181 52.48600006
v -82.31155396 10.69104576 95.86720276
v -69.53800201 25.61700058 59.94599915
v -69.53800201 25.61700058 52.48600006
v -55.21699905 23.06599998 53.71200180
v -55.04299927 22.66600037 52.86700058
v -54.91600037 22.20599937 59.03400040
v -55.31800079 23.13699913 56.79000092
v -82.47699738 10.86499977 101.96600342
v -55.89199829 24.12000084 52.08800125
v -55.91358566 24.10724449 51.80099869
v -56.16994858 24.45082855 51.80099869
v -55.81477737 23.95774269 51.80099869
v -85.64900208 6.85599995 91.17099762
v -84.76000214 5.34700012 99.04699707
v -55.32799911 23.19099998 52.10499954
v -55.43106842 23.32430458 51.80099869
v -55.60010910 23.59562492 51.80099869
v -55.50299835 23.58399963 53.16600037
v -57.88499832 6.82600021 21.49699974
v -58.61100006 5.40000010 21.49699974
v -57.45500183 7.94700003 19.99799919
v -57.69100189 7.28900003 19.99799919
v -57.95899963 6.64300013 19.99799919
v -58.60003662 5.41831303 20.12093163
v -58.60289764 5.41353464 20.47999954
v -58.53900146 5.51200008 19.99799919
v -57.95899963 6.64300013 8.74899960
v -59.26499939 4.39300013 21.49699974
v -59.30300140 4.34100008 19.99799919
v -60.10699844 2.26900005 21.49699974
v -59.27299881 3.17899990 21.49699974
v -71.72000122 28.47200012 96.73699951
v -71.74199677 28.50300026 94.98000336
v -72.94400024 28.08300018 96.58300018
v -71.30799866 28.61499977 94.14900208
v -72.56099701 28.20400047 99.22699738
v -67.41600037 25.00699997 96.51399994
v -67.91100311 25.26499939 91.94300079
v -67.23973083 24.88274765 52.48600006
v -67.23769379 24.88114548 52.48600006
v -55.70700073 21.14399910 99.04699707
v -72.90000153 28.08499908 92.73500061
v -54.03900146 17.84900093 97.98400116
v -54.22100067 18.10400009 101.67099762
v -53.83300018 16.69300079 100.10600281
v -70.99099731 28.72299957 91.76100159
v -53.82300186 16.53400040 103.04000092
v -60.02099991 3.46000004 21.49699974
v -70.90499878 20.68600082 1.05700004
v -72.95800018 23.02599907 4.28800011
v -60.85200119 2.59299994 21.49699974
v -61.09700012 2.36899996 19.99799919
v -62.08599854 1.57200003 21.49699974
v -72.45800018 23.75499916 5.31599998
v -82.56099701 13.03100014 104.58100128
v -61.68199921 0.94700003 21.49699974
v -72.39299774 23.48600006 4.70200014
v -73.16899872 23.43300056 5.00099993
v -64.17700195 -0.48400000 21.49699974
v -73.93699646 23.29500008 5.31599998
v -63.09299850 0.91799998 21.49699974
v -63.26100159 0.81300002 19.99799919
v -74.03600311 22.64699936 4.28800011
v -74.62999725 22.94899940 5.15500021
v -58.60252762 5.41317654 19.99720573
v -68.58399963 20.72400093 1.05700004
v -82.29649353 13.26370525 90.27642822
v -82.29578400 13.26493740 90.11199951
v -69.57900238 20.78599930 1.05700004
v -82.29100037 13.26399994 104.93000031
v -70.24400330 20.76099968 1.05700004
v -57.27600098 6.33400011 19.24799919
v -82.30075836 13.25557804 104.91738892
v -72.20200348 20.38999939 1.05700004
v -56.74100113 7.71600008 19.24799919
v -82.30379486 13.24843502 104.44799805
v -82.30274963 13.24932766 104.44799805
v -58.59905624 5.41994905 19.99799919
v -58.59906387 5.41993952 19.99871635
v -53.94699860 16.65800095 107.42299652
v -54.41299820 19.19199944 94.33599854
v -58.69900131 3.89700007 19.24799919
v -57.88899994 5.13700008 19.24799919
v -58.60015869 5.41686153 19.99723625
v -82.58446503 13.02583599 102.40000153
v -58.53900146 5.51200008 8.74899960
v -57.88899994 5.13700008 13.99800014
v -57.27600098 6.33400011 13.99800014
v -56.74100113 7.71600008 13.99800014
v -62.08041000 22.76580811 104.44799805
v -60.10499954 3.35599995 19.99799919
v -63.89735794 23.84081459 86.01599884
v -59.54800034 2.85400009 19.24799919
v -85.87599945 14.93000031 99.04699707
v -86.09300232 13.24199963 99.04699707
v -59.54800034 2.85400009 13.99800014
v -60.10499954 3.35599995 8.78648663
v -60.10475540 3.35630322 8.78617764
v -81.78247833 15.68672562 51.80099869
v -60.59799957 1.80900002 19.24799919
v -63.99100113 23.74099922 104.23200226
v -82.56099701 13.02999973 100.74500275
v -82.57776642 13.02772903 102.93772125
v -82.58736420 13.02386761 102.40000153
v -59.73076248 3.01871610 12.28800011
v -82.57315826 13.02768421 101.37599945
v -63.97335815 23.75984383 85.37585449
v -62.08599854 1.57200003 19.99799919
v -61.64500046 0.96600002 19.24799919
v -62.08599854 1.57200003 8.74899960
v -62.88899994 0.16200000 19.24799919
v -82.29568481 13.26505661 90.11199951
v -82.31705475 13.21726799 102.40000153
v -82.31681824 13.21747208 102.40000153
v -64.39399719 0.23999999 8.74899960
v -64.39399719 0.23999999 19.99799919
v -82.37339020 13.16936493 102.40000153
v -61.64500046 0.96600002 13.99800014
v -82.32099915 13.20800018 101.79100037
v -66.77300262 25.09199905 19.24799919
v -59.54800034 20.92099953 13.99800014
v -60.10499954 20.41900063 19.99799919
v -62.08252335 22.75872993 102.80786896
v -62.08304977 22.75696945 102.40000153
v -62.08568954 22.74813080 100.35199738
v -81.88500214 16.98399925 64.51699829
v -81.84999847 16.20299911 59.94599915
v -81.89099884 16.64900017 59.94599915
v -82.69361877 10.83672810 50.17599869
v -82.69365692 10.83674908 50.17599869
v -55.93413162 23.88770103 51.80099869
v -55.99982834 23.98724556 51.80099869
v -55.76443100 23.63057137 51.80099869
v -55.65887451 23.45006371 51.80099869
v -81.77428436 15.86140633 51.80099869
v -61.64500046 22.80900002 13.99800014
v -81.88685608 16.88014221 51.80099869
v -81.82299805 17.53899956 59.94599915
v -81.88002014 16.94474030 51.80099869
v -81.82299805 17.53899956 51.80099869
v -81.65817261 18.11276817 51.80099869
v -81.58954620 18.28678703 52.48600006
v -81.35800171 18.79199982 59.94599915
v -81.55999756 18.39200020 69.08799744
v -62.77099991 23.54400063 13.99800014
v -64.08899689 24.21999931 13.99800014
v -70.30400085 19.89200020 0.36000001
v -68.22200012 29.75799942 54.12599945
v -69.04599762 29.50499916 53.23799896
v -69.67800140 29.24600029 53.51800156
v -65.57900238 23.99300003 8.74899960
v -69.71700287 29.23900032 54.29600143
v -70.35900116 28.74799919 93.85399628
v -57.90700150 17.01399994 8.74899960
v -57.22000122 17.31599998 13.99800014
v -66.02400208 20.03800011 1.05700004
v -66.95700073 20.38999939 1.05700004
v -68.08200073 28.50900078 99.04699707
v -69.27799988 29.06299973 85.76799774
v -58.44800186 17.18700027 5.80700016
v -67.34500122 19.93600082 0.55599999
v -60.10499954 20.41900063 8.74899960
v -65.59999847 19.39500046 0.67199999
v -66.93299866 19.29800034 0.28200001
v -66.20999908 19.53000069 0.55599999
v -65.89399719 18.84000015 0.28200001
v -61.00099945 21.31900024 8.74899960
v -67.42900085 19.63199997 0.36000001
v -63.14899826 22.89699936 8.74899960
v -66.89199829 18.62299919 0.07400000
v -67.90299988 20.21699905 0.67199999
v -61.21400070 20.94499969 5.80700016
v -65.57900238 23.99300003 19.99799919
v -64.39399719 23.53499985 8.74899960
v -65.47499847 29.81200027 54.59999847
v -82.31300354 10.53501129 50.00000000
v -68.12999725 19.09099960 0.09100000
v -68.52700043 20.17399979 0.55599999
v -69.09300232 29.49300003 62.17499924
v -82.31300354 10.53501225 50.00000000
v -68.60900116 19.52700043 0.20400000
v -82.31301117 10.53502464 50.00000000
v -82.31302643 10.53505611 50.00000000
v -82.31326294 10.53574657 50.17599869
v -69.73000336 20.23900032 0.55599999
v -68.20200348 18.73299980 0.02200000
v -68.92900085 19.11000061 0.07400000
v -71.69908905 24.94785690 52.48600006
v -71.68910217 24.95524597 52.48600006
v -71.45198059 25.12162399 52.48600006
v -71.35195160 25.16614723 52.48600006
v -71.18302155 25.24326515 52.48600006
v -70.94744110 25.35079956 52.48600006
v -71.46399689 25.11499977 52.48600006
v -71.50006104 25.09512901 52.48600006
v -82.41680145 10.69745636 50.00000000
v -82.41077423 10.75199986 50.00000000
v -82.59200287 11.80399990 50.00000000
v -82.42754364 10.76526451 49.87391281
v -82.43258667 10.79716206 49.78842926
v -56.02099991 23.98900032 51.60800171
v -56.26028061 24.34152031 51.80099869
v -55.18629074 22.80936241 51.80099869
v -82.42507172 10.74968529 49.90586853
v -55.13222504 22.34931183 51.80099869
v -55.21771622 22.52799988 51.80099869
v -54.96851730 22.28075409 51.80099869
v -55.28599930 22.47500038 50.99000168
v -55.55599976 23.42700005 59.13199997
v -82.43704224 10.82529259 49.63077927
v -82.43887329 10.83682442 49.57931519
v -82.31301880 10.53504848 50.00000000
v -82.31301880 10.53504372 50.00000000
v -72.44000244 12.66499996 50.00000000
v -54.84999847 22.08300018 52.52700043
v -84.07800293 10.83699989 47.69499969
v -56.00664902 23.99757767 51.80099869
v -56.06251907 24.07251549 51.80099869
v -82.31300354 10.53500366 50.00000000
v -82.31300354 10.53500652 50.00000000
v -82.31300354 10.53501415 50.00000000
v -54.61779022 20.79044533 51.80099869
v -54.65823364 20.96283913 51.80099869
v -54.57400131 20.73500061 52.21400070
v -54.50899887 19.44700050 51.84099960
v -54.51770020 19.50942993 51.80099869
v -82.31300354 10.53500843 50.00000000
v -82.10503387 9.28718185 50.00000000
v -72.59500122 11.69099998 50.00000000
v -54.74221802 20.84391022 51.80099869
v -54.58200073 21.03499985 53.05099869
v -82.31301880 10.53505230 50.00000000
v -54.92896271 22.08449936 51.80099869
v -82.41674042 10.69704437 49.94583893
v -54.50500107 20.39699936 53.17800140
v -54.85182571 21.29777718 51.80099869
v -54.87256622 21.38365173 51.80099869
v -55.04167557 22.00973892 51.80099869
v -55.06331635 22.09089088 51.80099869
v -54.75500107 20.83200073 51.59299850
v -54.94200134 20.88299942 50.44699860
v -82.59200287 11.80399990 46.20899963
v -82.43877411 10.83623791 47.42052460
v -54.73278809 20.80391693 51.80099869
v -54.70976257 20.50713921 51.80099869
v -54.70728302 20.47999954 51.80099869
v -54.73699951 20.14999962 51.00099945
v -56.37400055 24.04000092 50.24200058
v -72.44000244 10.71700001 50.00000000
v -82.10498047 9.28691101 50.00000000
v -82.10501099 9.28706074 50.00000000
v -82.10501862 9.28709316 50.00000000
v -55.91500092 23.03499985 49.66799927
v -55.64400101 22.93600082 50.33800125
v -55.66699982 22.58799934 49.72200012
v -56.43500137 23.73699951 49.50299835
v -87.93767548 11.17090034 51.80099869
v -87.93669128 11.04696751 51.80099869
v -87.93408203 11.04669666 51.86812973
v -87.93395996 11.04485321 51.86830521
v -87.93667603 11.04677200 51.80099869
v -87.91847229 10.86658478 51.80099869
v -87.92710114 10.97029591 51.85036087
v -87.92312622 10.97047520 51.80099869
v -87.97799683 10.96800041 52.48300171
v -88.00000000 11.88700008 51.92900085
v -87.84500122 10.97399998 50.83000183
v -87.98999786 12.34700012 52.48300171
v -87.86699677 9.77600002 51.76900101
v -70.19899750 28.97200012 53.55599976
v -82.57245636 13.03541374 102.11483002
v -82.56527710 13.03903675 102.36890411
v -68.09838104 29.69172096 51.80099869
v -67.96900177 29.76399994 52.16099930
v -66.74897766 29.71654129 51.80099869
v -66.83605194 29.72089386 51.80099869
v -66.88809967 29.70293999 51.80099869
v -69.29699707 29.34099960 51.88499832
v -69.25959015 29.34435654 51.80099869
v -67.16918182 29.67546082 51.80099869
v -68.38795471 29.47418404 51.80099869
v -68.62462616 25.50939560 52.48600006
v -68.62074280 25.50669670 52.48600006
v -68.22100067 25.39299965 78.23000336
v -69.36901093 29.30176735 51.80099869
v -69.70821381 29.01472092 51.80099869
v -70.17076874 28.90699959 51.80099869
v -70.00154114 28.90049171 51.80099869
v -68.99382782 29.29291916 51.80099869
v -82.26921082 10.59983826 100.35199738
v -82.26759338 10.59369469 102.40000153
v -82.30639648 10.68545818 102.78244019
v -82.32299805 10.72900009 99.17600250
v -82.31614685 10.71130562 100.35199738
v -82.30605316 10.68496418 102.40000153
v -71.66500092 28.58799934 89.71499634
v -70.36900330 28.96699905 85.53199768
v -63.93600082 23.78899956 101.44300079
v -63.97805023 23.76175308 102.83154297
v -63.96498108 23.77021980 102.40000153
v -63.96772766 23.76959419 102.40000153
v -64.01100159 23.72800064 99.00199890
v -63.97942734 23.75645447 100.35199738
v -70.97699738 20.41500092 0.78899997
v -71.52200317 20.01099968 0.55599999
v -72.05500031 19.70000076 0.45800000
v -65.74230957 29.66621208 51.80099869
v -66.77600098 29.67099953 51.31000137
v -62.05899811 22.39800072 98.56600189
v -69.72100067 19.75499916 0.28200001
v -82.59200287 13.02200031 102.13999939
v -71.70800018 19.05400085 0.13300000
v -70.85199738 19.65299988 0.28200001
v -57.77899933 18.88500023 91.94300079
v -58.80599976 17.88199997 5.80700016
v -59.22800064 19.32900047 8.74899960
v -82.55979919 13.04035282 101.71611023
v -82.56942749 13.03749180 102.11093140
v -82.62227631 13.01967144 101.37599945
v -60.65700150 20.39599991 5.80700016
v -61.90100098 21.34099960 5.23500013
v -60.47900009 20.03000069 5.31599998
v -73.13500214 20.03800011 1.05700004
v -82.28800201 13.27700043 88.97699738
v -72.67099762 19.64699936 0.55599999
v -62.75400162 22.14699936 5.80700016
v -63.75699997 22.75499916 5.80700016
v -87.97788239 10.96798801 52.48600006
v -87.97788239 10.96791458 52.48600006
v -64.45800018 23.10300064 5.80700016
v -87.96823883 10.87243652 52.48600006
v -73.34799957 19.66300011 0.78899997
v -87.91005707 11.04420185 52.48600006
v -72.49199677 19.19799995 0.28200001
v -87.82946777 10.23999977 52.48600006
v -87.90901947 11.02724552 52.48600006
v -87.79053497 9.17159367 52.48600006
v -87.68199921 8.60200024 51.81900024
v -87.77789307 9.12002945 52.48600006
v -87.80899811 9.28499985 51.88600159
v -87.80100250 9.52600002 51.36000061
v -69.63200378 29.04439926 51.80099869
v -68.65899658 29.32299995 51.04800034
v -65.63400269 29.15399933 49.46599960
v -65.16400146 28.51799965 48.24000168
v -71.62899780 28.61199951 85.40499878
v -70.91899872 28.85099983 84.62300110
v -70.42900085 28.99300003 82.97100067
v -66.22100067 29.28899956 49.69900131
v -72.29900360 18.71299934 0.09100000
v -73.14499664 18.60700035 0.17600000
v -66.63400269 29.41600037 50.06499863
v -66.70899963 28.81100082 48.42200089
v -73.67700195 18.98500061 0.45800000
v -87.80359650 9.25386715 52.48600006
v -55.33000183 21.93099976 49.94300079
v -55.67699814 22.18899918 49.19699860
v -74.12999725 17.65600014 0.09100000
v -73.80200195 18.11499977 0.14700000
v -55.27899933 21.38400078 49.53599930
v -74.69799805 23.09700012 5.80700016
v -55.47800064 21.22400093 48.78499985
v -87.70800018 8.93299961 51.38000107
v -75.89800262 22.96100044 8.74899960
v -76.26999664 23.61300087 13.99800014
v -55.96400070 21.81299973 48.11600113
v -87.57704926 8.36993027 52.48600006
v -87.58135986 8.39541817 52.48600006
v -87.58953094 8.16494465 52.48600006
v -87.67032623 8.92387199 52.48600006
v -82.50299835 13.05399990 94.94799805
v -87.79979706 9.22150326 52.48600006
v -87.30100250 10.59799957 67.54399872
v -87.73942566 9.34892273 52.48600006
v -87.20800018 9.68700027 67.54399872
v -54.61646652 19.47775459 51.80099869
v -54.63974380 19.74058914 51.80099869
v -54.51261139 19.45306969 51.80099869
v -54.51386261 19.46747017 51.80099869
v -87.73564148 9.31189346 52.48600006
v -54.51134109 19.43698692 51.80099869
v -87.73843384 9.33925247 52.48600006
v -54.50952530 19.40252686 51.80099869
v -63.94942474 23.78349495 101.63494873
v -63.94699860 23.77700043 96.56099701
v -54.45700073 19.83900070 55.18500137
v -87.08499908 11.44999981 48.76300049
v -87.56400299 11.88700008 49.76599884
v -54.28200150 19.17799950 67.35299683
v -54.65261078 19.88142776 51.80099869
v -87.47499847 10.09399986 49.76599884
v -87.80300140 11.88700008 50.56100082
v -54.69699860 19.61400032 50.90299988
v -63.95508575 23.77283096 96.68717957
v -63.95529175 23.77272797 96.69035339
v -54.59375763 19.18472481 51.80099869
v -54.56093979 18.02312851 51.80099869
v -54.57361603 18.43199921 51.80099869
v -54.50914383 19.11015129 51.80099869
v -54.58441162 19.00802040 51.80099869
v -54.57477188 18.76712608 51.80099869
v -54.57739639 18.55392647 51.80099869
v -87.16999817 9.27799988 49.28699875
v -87.37999725 8.26700020 50.47800064
v -87.57700348 9.11800003 50.50999832
v -87.26200104 10.11499977 49.25500107
v -54.57352066 18.86853790 51.80099869
v -68.20500183 29.23699951 80.38200378
v -69.73100281 29.17900085 79.66400146
v -54.60100174 18.62899971 51.16899872
v -68.62000275 29.13100052 83.85900116
v -71.80100250 28.47699928 78.17600250
v -57.29399872 17.45999908 51.49399948
v -57.29106903 17.31503105 52.48600006
v -57.28716278 17.38762283 52.48600006
v -87.59899902 9.96199989 50.17800140
v -87.69100189 9.83500004 50.56100082
v -57.28031921 16.38400078 52.48600006
v -57.25628662 17.06072998 52.48600006
v -57.29399872 17.45999908 52.48600006
v -57.22600174 16.20299911 59.94599915
v -57.24803162 17.29319382 52.48600006
v -57.24767685 17.29961395 52.48600006
v -57.24122620 17.41628075 52.48600006
v -57.46990967 18.06905937 52.48600006
v -54.50944901 17.48341751 51.80099869
v -54.56082916 18.01948929 51.80099869
v -75.34600067 22.65099907 5.31599998
v -62.08832932 22.73929214 98.30400085
v -62.09096909 22.73045349 96.25599670
v -75.54399872 22.21899986 4.70200014
v -54.56078339 17.03424644 51.80099869
v -54.56054306 17.30125046 51.80099869
v -54.50945663 17.39212799 51.80099869
v -54.56055832 17.32921600 51.80099869
v -54.51001740 16.77582359 51.80099869
v -74.73000336 22.33200073 4.28800011
v -54.56499863 17.29599953 51.49599838
v -54.64400101 17.13800049 50.53400040
v -76.50199890 21.61000061 4.70200014
v -76.97000122 21.60000038 5.31599998
v -76.35800171 21.34799957 4.28800011
v -54.56600189 16.65999985 51.46699905
v -54.56111145 16.67201042 51.80099869
v -76.01699829 22.26399994 5.31599998
v -54.56085968 16.20804405 51.80099869
v -54.56095505 16.38400078 51.80099869
v -54.56269073 15.47337341 51.80099869
v -57.18899918 16.87199974 59.94599915
v -77.39099884 20.90299988 4.70200014
v -57.34400177 17.85407448 52.48600006
v -57.25299835 17.53899956 52.48600006
v -54.87400055 19.46100044 49.87300110
v -55.08700180 19.80100060 49.15599823
v -54.64599991 18.96199989 50.90900040
v -54.96400070 18.19599915 49.22200012
v -67.48400116 29.35199928 50.01499939
v -77.53500366 20.38299942 4.28800011
v -53.62300110 9.53999996 111.35199738
v -78.06199646 21.40500069 8.74899960
v -68.08200073 29.35400009 50.39699936
v -77.86399841 20.85799980 5.31599998
v -65.18000031 23.40500069 5.80700016
v -58.24800110 4.42299986 105.65599823
v -64.13400269 22.87500000 5.47599983
v -64.89900208 23.06299973 5.08099985
v -65.00199890 22.81699944 4.55700016
v -64.27999878 22.58099937 4.70200014
v -87.50900269 8.32299995 50.99900055
v -74.25000000 23.86800003 82.05100250
v -73.10700226 24.25200081 82.05100250
v -73.49299622 24.13999939 98.42500305
v -61.90200043 20.64299965 4.28800011
v -62.49100113 21.12599945 4.28800011
v -61.76399994 20.90800095 4.70200014
v -62.96900177 21.82399940 4.70200014
v -63.43399811 21.77199936 4.28800011
v -63.61199951 22.22400093 4.70200014
v -86.23200226 4.99599981 53.44300079
v -86.01599884 4.79589462 52.48600006
v -85.74700165 4.37900019 53.72900009
v -81.35800171 18.79199982 87.37200165
v -81.11299896 19.16600037 69.08799744
v -65.13099670 19.59399986 1.05700004
v -59.65200043 19.19799995 5.80700016
v -59.98099899 19.43600082 5.31599998
v -60.82500076 19.56599998 4.28800011
v -61.34500122 20.12199974 4.28800011
v -60.19800186 19.26499939 4.70200014
v -53.62799835 14.43599987 111.65699768
v -53.75199890 15.36699963 110.87699890
v -53.60100174 14.06200027 111.46700287
v -53.64500046 14.76099968 109.94799805
v -53.71500015 15.28899956 103.38300323
v -85.91200256 4.65100002 57.94699860
v -86.68800354 5.76399994 53.97900009
v -87.27500153 7.24399996 53.52600098
v -86.82499695 6.06599998 54.46599960
v -86.46338654 5.47379589 52.48600006
v -86.30474854 5.19404650 52.48600006
v -86.93074799 6.33735466 52.48600006
v -82.27717590 13.29906750 88.06400299
v -85.51655579 4.21462727 52.48600006
v -85.40102386 4.09600019 52.48600006
v -85.27407837 3.96565318 52.48600006
v -68.92800140 29.12800026 50.45600128
v -68.43699646 29.20000076 50.11399841
v -78.41699982 20.31399918 5.31599998
v -70.29136658 24.66082382 50.00000000
v -69.44200134 14.84399986 50.00000000
v -70.28781891 24.66105270 50.00000000
v -68.69339752 24.64995956 50.00000000
v -68.51399994 24.63800049 51.49399948
v -68.69814301 24.65008926 50.00000000
v -69.57900238 25.53700066 51.49399948
v -68.69200134 25.43799973 51.49399948
v -68.78824615 25.44874191 52.48600006
v -69.57900238 25.53700066 52.48600006
v -68.70393372 25.44000816 52.48600006
v -69.37598419 25.59873390 52.48600006
v -68.67124176 25.52040291 52.48600006
v -68.67644501 25.43351555 52.48600006
v -68.81419373 25.53539848 52.48600006
v -68.82482147 25.53659630 52.48600006
v -68.67415619 25.43192291 52.48600006
v -68.05599976 25.22900009 51.49399948
v -67.27500153 24.79899979 51.49399948
v -67.29132843 24.80833244 52.48600006
v -68.05348969 25.22796249 52.48600006
v -79.73400116 18.87899971 5.80700016
v -67.27895355 24.80179977 52.48600006
v -67.21943665 24.86680222 52.48600006
v -80.15699768 18.22100067 5.80700016
v -68.87100220 25.55400085 69.08799744
v -68.66214752 25.51825714 52.48600006
v -68.00978851 25.30624199 52.48600006
v -67.71017456 25.14128113 52.48600006
v -67.26698303 24.79238129 52.48600006
v -79.01899719 19.80900002 5.80700016
v -66.86719513 24.57600021 52.48600006
v -66.71700287 24.45199966 52.48600006
v -67.26071930 24.89382362 52.48600006
v -79.41200256 19.12800026 5.31599998
v -70.20066833 28.80244446 51.80099869
v -83.48799896 21.22999954 95.29299927
v -83.38899994 21.48800087 92.92900085
v -83.76799774 20.99399948 92.40200043
v -78.21700287 20.12400055 4.70200014
v -78.84100342 19.65900040 5.00099993
v -70.80727386 28.58919716 51.80099869
v -83.16699982 21.80400085 91.04900360
v -82.97399902 21.91900063 94.61199951
v -82.38200378 22.48200035 96.25599670
v -82.79900360 22.15399933 92.25099945
v -70.46192932 28.67200089 51.80099869
v -70.19699860 28.79400063 51.57300186
v -70.49452972 28.65572357 51.80099869
v -70.45200348 28.46699905 50.30599976
v -69.62000275 28.85099983 50.37500000
v -81.96099854 22.84600067 95.61199951
v -82.08200073 22.65800095 84.35399628
v -82.35600281 22.52000046 87.19999695
v -83.68299866 21.28100014 88.62500000
v -84.02100372 20.86499977 87.80899811
v -70.86405182 28.44361496 51.80099869
v -70.91991425 28.52353859 51.80099869
v -70.95001984 28.41425133 51.80099869
v -71.20340729 28.27841759 51.80099869
v -70.93289185 28.51650429 51.80099869
v -71.80003357 28.01604843 51.80099869
v -71.55772400 28.08848381 51.80099869
v -84.18399811 20.46800041 90.46299744
v -84.80899811 19.78300095 84.73100281
v -84.41300201 20.47500038 84.41899872
v -71.82266235 28.00273132 51.80099869
v -71.84100342 27.92498207 51.80099869
v -71.84429169 27.99072456 51.80099869
v -71.89362335 27.89465714 51.80099869
v -72.06494141 27.86332321 51.80099869
v -70.91600037 28.35199928 50.86000061
v -83.02999878 21.98500061 86.67299652
v -73.72799683 26.83496284 51.80099869
v -72.53823090 27.52208138 51.80099869
v -72.05754089 27.79991341 51.80099869
v -71.84100342 27.92200089 51.63000107
v -71.84980011 27.91996002 51.80099869
v -71.84549713 27.92234421 51.80099869
v -84.18699646 20.89699936 53.97800064
v -84.46499634 20.77599907 63.60400009
v -69.93499756 24.67700005 51.49399948
v -70.99900055 24.60799980 51.49399948
v -70.89700317 25.31399918 51.49399948
v -70.24600220 25.47500038 51.49399948
v -71.50599670 25.03599930 51.49399948
v -71.52726746 25.02428055 52.48600006
v -72.32514954 24.43233109 52.48600006
v -72.20162964 24.57600021 52.48600006
v -71.79570007 24.87636757 52.48600006
v -71.49890900 25.03990555 52.48600006
v -71.43991852 25.06616592 52.48600006
v -70.89700317 25.31399918 52.48600006
v -78.57599640 19.27099991 4.28800011
v -79.19000244 18.96400070 4.70200014
v -85.01899719 3.66300011 53.18700027
v -85.22100067 3.84800005 57.86899948
v -70.31664276 25.45752907 52.48600006
v -70.17362213 25.48172760 52.48600006
v -84.40599823 3.17600012 54.29600143
v -84.15118408 3.06292486 52.48600006
v -84.09827423 3.02960086 52.48600006
v -84.03366089 2.98890352 52.48600006
v -79.69200134 18.38699913 4.84700012
v -84.45999908 3.22099996 53.75500107
v -84.18598175 3.08398914 52.48600006
v -79.26100159 18.35700035 4.28800011
v -83.87164307 2.88685346 52.48600006
v -83.12648773 2.45708680 52.48600006
v -82.04846954 1.82511318 52.48600006
v -85.98200226 4.70800018 51.96400070
v -86.00099945 4.88399982 51.20500183
v -85.36699677 4.24599981 50.81200027
v -72.80599976 27.02199936 49.56299973
v -81.15599823 22.39500046 50.26800156
v -72.91300201 27.20599937 50.50500107
v -81.07199860 22.24900055 49.56299973
v -71.87500000 27.70899963 50.11399841
v -71.67500305 27.87100029 50.34799957
v -80.24900055 17.82500076 5.31599998
v -80.91500092 16.42600060 5.31599998
v -85.80999756 5.05200005 50.01800156
v -85.10500336 4.35900021 49.68700027
v -70.03900146 28.45000076 49.44900131
v -80.18199921 17.35400009 4.70200014
v -85.94096375 4.62124825 52.48600006
v -86.05203247 4.75829887 52.48600006
v -86.39820862 5.25783873 52.48600006
v -85.69765472 4.32528400 52.48600006
v -85.67700195 4.33099985 52.04899979
v -85.68825531 4.39525843 52.48600006
v -80.02300262 17.03800011 4.28800011
v -85.84522247 4.58557606 52.48600006
v -85.42980194 4.04354763 52.48600006
v -86.43499756 5.35799980 52.00199890
v -86.76699829 5.93499994 52.09400177
v -86.38099670 5.59499979 50.78300095
v -86.95800018 6.35400009 51.97299957
v -87.37300110 7.72700024 51.20199966
v -86.90399933 6.91200018 50.34899902
v -87.52300262 7.96099997 51.85800171
v -87.43593597 7.57579708 52.48600006
v -87.47290039 7.67342424 52.48600006
v -75.37899780 18.62700081 1.05700004
v -54.73799896 16.65999985 50.02999878
v -54.74499893 16.87000084 49.99900055
v -53.67599869 8.85400009 109.28600311
v -53.62699890 9.45400047 109.46499634
v -54.78799820 17.15900040 49.82899857
v -53.60699844 11.85000038 110.40399933
v -74.02799988 19.59399986 1.05700004
v -83.11399841 21.91300011 78.80599976
v -54.86000061 16.65999985 49.56299973
v -57.31600189 15.76500034 52.48600006
v -57.14099884 15.14999962 82.05100250
v -57.14099884 15.14999962 98.42500305
v -87.45864868 7.83449888 52.48600006
v -87.47305298 7.89420557 52.48600006
v -87.27349854 7.11580515 52.48600006
v -87.31600952 7.40359592 52.48600006
v -87.53909302 8.19200039 52.48600006
v -74.34700012 18.92000008 0.67199999
v -53.67800140 15.13700008 108.77700043
v -86.67202759 5.73928833 52.48600006
v -55.55699921 18.51700020 47.26200104
v -86.90005493 6.16026306 52.48600006
v -57.14099884 8.78299999 98.42500305
v -75.52899933 17.52300072 0.45800000
v -74.65499878 18.32099915 0.45800000
v -75.52200317 16.75300026 0.20400000
v -75.30999756 18.16099930 0.67199999
v -86.13700104 12.39200020 99.04699707
v -59.62099838 18.74399948 5.00099993
v -59.10300064 18.15999985 5.31599998
v -83.80899811 21.27899933 82.80599976
v -76.10199738 17.94000053 1.05700004
v -76.73300171 17.16799927 1.05700004
v -59.81999969 18.60700035 4.55700016
v -76.04199982 17.17900085 0.55599999
v -76.85900116 16.26799965 0.67199999
v -81.82299805 17.53899956 96.51399994
v -81.88700104 16.87199974 105.65599823
v -81.84999847 16.20299911 96.51399994
v -77.44000244 16.04199982 1.05700004
v -81.88700104 16.87199974 87.37200165
v -81.88300323 17.44099998 13.99800014
v -82.30650330 10.68638802 102.00805664
v -63.96020126 23.76985741 57.01091003
v -82.30581665 10.68461037 102.12614441
v -63.91804123 23.81300163 52.48600006
v -63.91931915 23.81196404 52.48600006
v -63.96140671 23.76920509 56.96556854
v -63.96672821 23.77297401 54.27199936
v -82.17299652 9.96500015 98.42500305
v -86.40599823 10.88799953 91.17099762
v -82.27082062 10.60598278 98.30400085
v -80.05599976 3.78200006 91.94300079
v -81.11299896 4.76700020 87.37200165
v -80.82800293 4.42299986 96.51399994
v -58.72600174 17.48299980 5.31599998
v -57.86600113 15.73499966 5.80700016
v -59.13600159 17.03800011 4.28800011
v -59.49499893 17.70999908 4.28800011
v -58.97200012 17.35600090 4.70200014
v -77.37899780 1.85800004 82.05100250
v -78.29900360 2.63599992 82.05100250
v -77.69599915 2.10400009 98.42500305
v -62.05099869 16.61800003 1.05700004
v -62.62300110 17.43499947 1.05700004
v -81.84999847 7.73000002 87.37200165
v -81.88200378 6.83699989 87.37200165
v -81.88700104 7.06099987 78.23000336
v -76.72799683 1.38499999 98.42500305
v -75.70400238 0.75000000 82.05100250
v -63.29199982 18.17499924 1.05700004
v -64.56099701 18.74300003 0.67199999
v -53.65399933 9.20300007 107.51599884
v -63.20399857 17.50399971 0.67199999
v -62.70100021 17.11700058 0.78899997
v -62.93000031 16.94199944 0.55599999
v -53.84000015 7.53399992 105.95600128
v -62.14599991 16.00200081 0.67199999
v -64.07900238 18.36300087 0.67199999
v -65.26100159 18.25699997 0.20400000
v -63.67499924 17.08900070 0.28200001
v -64.06700134 16.74399948 0.09100000
v -64.82299805 17.48699951 0.09100000
v -62.07287598 22.79102898 52.48600006
v -62.07350922 22.78889847 52.48600006
v -56.15499878 13.29800034 13.99800014
v -56.36199951 14.62699986 13.99800014
v -56.83100128 11.82299995 8.74899960
v -56.08100128 11.81900024 13.99800014
v -56.90100098 13.22000027 8.74899960
v -57.41199875 9.93999958 5.80700016
v -57.27600098 11.10499954 5.80700016
v -57.25099945 11.88700008 5.80700016
v -64.57099915 8.56299973 4.99900007
v -64.57099915 8.56299973 19.99799919
v -64.19599915 9.21199989 19.99799919
v -62.53900146 1.25000000 113.29799652
v -61.98400116 1.63000000 113.29799652
v -62.11800003 1.36300004 113.29799652
v -62.06900024 1.12899995 113.29799652
v -57.45500183 7.94700003 8.74899960
v -61.98524094 1.62865067 112.63999939
v -61.98506165 1.62884676 112.73564911
v -61.98570633 1.62773788 112.72188568
v -61.98594666 1.62741637 112.63999939
v -62.02515411 1.57542646 100.35199738
v -61.98250961 1.63149154 94.20800018
v -62.09199905 1.46300006 95.68900299
v -62.01548004 1.59851980 94.20800018
v -60.59799957 1.80900002 13.99800014
v -87.01895905 6.41056633 52.48600006
v -61.50560760 24.07154655 52.48600006
v -61.47771835 24.05543709 52.48600006
v -86.10360718 4.90378571 52.48600006
v -62.07779312 22.77895164 52.48600006
v -62.09680176 22.73852348 52.48600006
v -62.11399841 22.66600037 71.45500183
v -62.01521683 1.59623694 98.30400085
v -62.00899887 1.60899997 95.16600037
v -62.07574844 22.78330231 52.48600006
v -87.07067108 6.63711500 52.48600006
v -61.98511887 1.62886989 112.63999939
v -61.98495102 1.62903821 112.73802185
v -87.01439667 6.49191618 52.48600006
v -87.00857544 6.47689819 52.48600006
v -87.46900177 7.87900019 52.56999969
v -61.81832504 24.25215912 52.48600006
v -87.08890533 6.69409657 52.48600006
v -87.49471283 7.98400021 52.48600006
v -86.38200378 8.46300030 83.29499817
v -61.38000107 -0.06600000 113.29799652
v -63.88800049 0.07900000 113.29799652
v -63.19800186 -1.11600006 113.29799652
v -63.88800049 0.07900000 51.80099869
v -63.94298935 23.78734779 52.48600006
v -63.93022919 23.79945946 52.48600006
v -64.22100067 0.27500001 113.29799652
v -87.49968719 8.00732231 52.48600006
v -64.36399841 0.25600001 113.29799652
v -86.81099701 6.39799976 50.86299896
v -86.64700317 6.52199984 50.03099823
v -86.45200348 6.20599985 49.88600159
v -64.30200195 0.27200001 97.95600128
v -64.33399963 0.26699999 99.34999847
v -86.68299866 7.40999985 49.22299957
v -87.09999847 7.50600004 50.28499985
v -64.36340332 0.25614575 113.15200043
v -64.30681610 0.26773000 99.74913025
v -64.36131287 0.25665689 112.63999939
v -64.23300171 0.26800001 102.75000000
v -64.25299835 0.27500001 100.74500275
v -86.90299988 7.81199980 49.43799973
v -64.15799713 0.26699999 110.16000366
v -64.22100067 0.27399999 106.76000214
v -86.20200348 5.98400021 49.51200104
v -86.04100037 5.63999987 49.58599854
v -84.05651855 2.92794156 52.48600006
v -84.23747253 3.05337548 52.48600006
v -83.69200134 2.78800011 51.31200027
v -84.54699707 3.32900000 51.84999847
v -83.89099884 3.18799996 50.04600143
v -84.74800110 3.69499993 50.71699905
v -85.21945953 3.85443974 52.48600006
v -85.29470825 3.90484548 52.48600006
v -85.35900116 3.99300003 52.10499954
v -84.58697510 3.34254265 52.48600006
v -84.74500275 3.43300009 53.48899841
v -85.13728333 3.82519531 52.48600006
v -84.92530060 3.68304610 52.48600006
v -83.69300079 2.68799996 52.43199921
v -83.77640533 2.73930955 52.48600006
v -82.04620361 1.73112524 52.48600006
v -82.68043518 2.10302615 52.48600006
v -81.98300171 1.71099997 51.49900055
v -64.35922241 0.25716802 112.12799835
v -83.70893860 2.69662642 52.48600006
v -82.59200287 13.02200031 90.98200226
v -82.43900299 13.09000015 89.93599701
v -81.91999817 1.75070167 52.48600006
v -84.50399780 3.69300008 49.94699860
v -83.82299805 3.68199992 48.40299988
v -82.41899872 2.43799996 49.18299866
v -82.81999969 2.24499989 51.07699966
v -82.95099640 2.68000007 49.47399902
v -82.02999878 2.07699990 49.58499908
v -81.74900055 1.83700001 49.83300018
v -81.64800262 1.62000000 50.48500061
v -67.30599976 28.90900040 48.67599869
v -68.83899689 28.23699951 47.56100082
v -68.42400360 28.86300087 48.97999954
v -64.01100159 0.20500000 105.97599792
v -85.48699951 7.34600019 99.04699707
v -61.98910904 1.62445104 110.59200287
v -61.99200821 1.61937499 110.59200287
v -63.91503906 23.81633949 52.48600006
v -63.91298676 23.81861687 52.48600006
v -63.94699860 23.77700043 64.48100281
v -62.07199860 1.51499999 110.16000366
v -62.11100006 1.26699996 107.37000275
v -83.80500031 3.04200006 93.12899780
v -63.94692993 23.79043579 52.48600006
v -63.92462540 23.80782890 52.48600006
v -82.05599976 1.38900006 104.66999817
v -82.97200012 2.22300005 99.11000061
v -61.98859406 1.62535262 110.59200287
v -64.12964630 23.72350121 52.48600006
v -64.04239655 23.75334740 52.48600006
v -64.18178558 23.66898537 52.48600006
v -64.55396271 23.74716568 52.48600006
v -64.51200104 23.73217010 52.48600006
v -63.53900146 -3.51200008 99.04699707
v -64.37689209 23.68391991 52.48600006
v -64.28600311 23.66099930 64.48100281
v -64.37701416 23.68393326 52.48600006
v -86.38200378 15.47000027 83.29499817
v -61.60699844 -2.62299991 99.04699707
v -60.86999893 -2.19700003 99.04699707
v -60.15599823 -1.73399997 99.04699707
v -63.92499924 23.80100060 65.87599945
v -63.91471863 23.81697273 52.48600006
v -82.27405548 10.61827087 94.20800018
v -63.95705795 23.78253746 52.48600006
v -64.37692261 23.68294716 52.48600006
v -64.30200195 23.66099930 62.38899994
v -64.37689209 23.68388748 52.48600006
v -82.32099915 10.72500038 87.84400177
v -82.31551361 10.70027256 94.79912567
v -64.32778931 23.67899323 52.48600006
v -64.34154510 23.68431473 52.48600006
v -82.31548309 10.69998169 94.85955048
v -82.31176758 10.69126797 95.87500000
v -82.31771088 10.70537949 94.20800018
v -82.31787109 10.70557213 94.20800018
v -69.95400238 17.88699913 4.99900007
v -69.94200134 15.54699993 19.99799919
v -69.89700317 15.63199997 4.99900007
v -58.16799927 -0.13500001 99.04699707
v -64.44239044 23.70729637 52.48600006
v -61.88510513 22.22114372 52.48600006
v -61.09556961 21.57402420 52.48600006
v -59.71300125 20.51199913 64.51699829
v -59.66778183 20.47999954 52.48600006
v -59.53490067 20.43040657 52.48600006
v -59.40218353 20.35920525 52.48600006
v -59.22293091 20.25066566 52.48600006
v -58.47164536 19.71033859 52.48600006
v -58.24800110 19.51000023 52.48600006
v -58.11332321 19.30430412 52.48600006
v -64.74400330 -3.93199992 99.04699707
v -57.59267807 18.45029449 52.48600006
v -74.96199799 14.56299973 4.99900007
v -74.58799744 15.21199989 19.99799919
v -74.96199799 14.56299973 19.99799919
v -60.17900085 20.57399940 51.49399948
v -60.20500183 20.60199928 49.99499893
v -60.06670761 20.43670654 50.00000000
v -60.14825439 20.56380081 52.48600006
v -60.17900085 20.57399940 52.48600006
v -61.09700012 2.36899996 8.74899960
v -60.10499954 3.35599995 8.74899960
v -70.82319641 24.60906792 50.00000000
v -58.69900131 3.89700007 13.99800014
v -65.53600311 24.11782837 52.48600006
v -65.54529572 24.12133598 52.48600006
v -81.93900299 6.45900011 19.24799919
v -81.93900299 6.45900011 13.99800014
v -81.26999664 5.13700008 19.24799919
v -60.18078613 20.57591248 52.48600006
v -60.13700104 20.65299988 52.48600006
v -62.88899994 0.16200000 13.99800014
v -82.33000183 10.73400021 90.89499664
v -59.30300140 4.34100008 8.74899960
v -72.31352997 24.49320030 52.48600006
v -72.36000061 24.45199966 52.48600006
v -72.37442780 24.44813728 52.48600006
v -78.66200256 1.90100002 13.99800014
v -77.51399994 0.96600002 13.99800014
v -66.75800323 24.37199974 51.49399948
v -67.81809998 24.52314377 50.00000000
v -66.73394012 24.35149193 49.98048782
v -67.81460571 24.52259064 49.99499893
v -66.72000122 24.36400032 49.99499893
v -76.26293945 0.44382244 12.28800011
v -66.75800323 24.37199974 52.48600006
v -75.05400085 0.83999997 5.80700016
v -81.79237366 15.63856697 51.80099869
v -68.46800232 14.68999958 50.00000000
v -66.60365295 24.33086395 50.00000000
v -79.93099976 4.44500017 19.99799919
v -66.71836853 24.34902573 49.98097229
v -79.42566681 3.02073598 12.28800011
v -79.05300140 3.35599995 8.74899960
v -79.61100006 2.85400009 13.99800014
v -65.57196808 24.03712082 50.00000000
v -60.20887375 20.60289001 52.48600006
v -68.04499817 29.00200081 49.15100098
v -61.07051468 21.44051361 50.00000000
v -60.21881104 20.58880997 49.97596741
v -61.06520844 21.43521118 49.99428940
v -61.07051086 21.44051170 49.99498749
v -61.06557846 21.43557930 49.99430466
v -60.06676102 20.43675995 49.99499893
v -61.06499863 21.43600082 49.99499893
v -61.06918335 21.43965149 52.48600006
v -61.43999863 23.88709450 51.80099869
v -61.42441177 23.92197037 51.80099869
v -61.42100143 23.92000008 51.80099869
v -61.42100143 23.92000008 47.69499969
v -65.56803131 24.03601074 50.00000000
v -64.59660339 23.66935349 50.00000000
v -65.58232117 24.04096222 52.48600006
v -66.71702576 24.36081886 52.48600006
v -66.60357666 24.33085060 49.99499893
v -58.13399887 7.30499983 5.80700016
v -61.43999863 24.03365326 52.48600006
v -61.42441177 23.92197037 52.48600006
v -61.38000107 23.99900055 52.48600006
v -64.30200195 0.27200001 86.09999847
v -64.33399963 0.26699999 84.00800323
v -57.86600113 8.03999996 5.80700016
v -63.26100159 0.81300002 8.74899960
v -64.35712433 0.25767916 111.61599731
v -66.64752960 24.43297386 52.48600006
v -65.18000031 0.37000000 5.80700016
v -64.08899689 -0.44600001 13.99800014
v -72.40100098 24.37199974 51.49399948
v -74.99246979 23.46290398 50.00000000
v -70.41600037 14.68999958 50.00000000
v -73.42326355 24.08990860 50.00000000
v -73.41959381 24.09094048 50.00000000
v -70.82408142 24.60892868 49.99499893
v -71.48596191 24.50413513 49.95593262
v -72.46011353 24.34989929 50.00000000
v -72.26136780 24.38136673 49.97382736
v -71.48100281 24.54500008 49.99499893
v -72.26699829 24.40200043 49.99499893
v -68.34600067 27.90399933 46.60699844
v -72.38522339 24.44524574 52.48600006
v -72.36476135 24.40433693 52.48600006
v -72.40100098 24.37199974 52.48600006
v -72.40020752 24.44123459 52.48600006
v -63.97652817 0.17756793 91.65777588
v -63.94699860 0.15600000 90.98200226
v -72.45993042 24.34992981 49.99499893
v -72.52705383 24.33305168 52.48600006
v -73.55506134 24.04405403 52.48600006
v -72.42471313 24.36568260 52.48600006
v -72.57373047 24.38595963 52.48600006
v -82.29118347 13.27262211 89.19136047
v -60.08499146 20.63570595 52.48600006
v -60.14002991 20.65624237 52.48600006
v -60.14003372 20.65624619 52.48600006
v -61.05208969 21.53838730 52.48600006
v -61.02924728 21.51966286 52.48600006
v -60.18765259 20.70198441 52.48600006
v -78.28299713 -1.44099998 114.53700256
v -81.26999664 5.13700008 13.99800014
v -80.62000275 5.51200008 8.74899960
v -80.62000275 5.51200008 19.99799919
v -82.27728271 10.63055897 90.11199951
v -66.99600220 28.38599968 47.48400116
v -79.93099976 4.44500017 8.74899960
v -69.27100372 28.45700073 48.49200058
v -79.50199890 4.58099985 5.80700016
v -79.06835938 3.34218049 8.99134922
v -60.08948898 3.37505364 8.76766777
v -61.50999832 2.57399988 5.80700016
v -79.05305481 3.35594797 8.85015392
v -79.05300140 3.35599995 8.84961987
v -78.15799713 2.45499992 8.74899960
v -57.31299973 13.05900002 5.80700016
v -78.84795380 3.26066589 8.19200039
v -57.64599991 8.79100037 5.80700016
v -76.13419342 0.95965832 8.74899960
v -76.01274109 0.88039291 8.81404209
v -76.00900269 0.87800002 8.81575680
v -76.00900269 0.87800002 8.74899960
v -57.42699814 11.88700008 5.15500021
v -57.52199936 13.81700039 5.31599998
v -57.52199936 9.95800018 5.31599998
v -57.56000137 14.60200024 5.80700016
v -81.44499969 0.69199997 99.97399902
v -82.65499878 1.74000001 96.82099915
v -83.19899750 2.10899997 87.80699921
v -83.61900330 2.66700006 90.93000031
v -57.86399841 15.32800007 5.31599998
v -58.10499954 16.06399918 5.31599998
v -57.78699875 14.55099964 5.00099993
v -58.46500015 16.33600044 4.77500010
v -58.55300140 15.63099957 4.28800011
v -58.04600143 15.27400017 4.84700012
v -64.35503387 0.25819033 111.10399628
v -64.30793762 0.27046677 85.55341339
v -58.24499893 14.52999973 4.28800011
v -76.74199677 1.34700000 21.49699974
v -64.31726074 0.26806143 88.06400299
v -77.07299805 1.57200003 8.74899960
v -61.07699966 14.51000023 1.05700004
v -61.29700089 15.13799953 1.05700004
v -76.12317657 1.04605615 8.19200039
v -57.99700165 13.02799988 4.28800011
v -57.79499817 13.77299976 4.70200014
v -64.57099915 15.21199989 4.99900007
v -73.61199951 0.23600000 5.80700016
v -74.76499939 0.23999999 8.74899960
v -57.60800171 11.88899994 4.77500010
v -57.93500137 11.88700008 4.28800011
v -57.69900131 10.75300026 4.70200014
v -57.95999908 11.12600040 4.28800011
v -58.03400040 10.36699963 4.28800011
v -58.15900040 9.61499977 4.28800011
v -69.21700287 15.54699993 4.99900007
v -69.20400238 17.88699913 4.99900007
v -69.49900055 15.82900047 4.99900007
v -60.68199921 11.88700008 1.05700004
v -60.78099823 10.56099987 1.05700004
v -57.81399918 8.43200016 5.47599983
v -64.35294342 0.25870147 110.59200287
v -57.93799973 9.25800037 4.70200014
v -58.33200073 8.87300014 4.28800011
v -57.97900009 8.48099995 5.00099993
v -66.26499939 13.37100029 4.99900007
v -66.17400360 13.46300030 19.99799919
v -73.55063629 24.11052132 52.48600006
v -73.72799683 24.03965187 52.48600006
v -61.66319656 24.16256142 52.48600006
v -61.68692780 24.17626953 52.48600006
v -62.11441422 22.71429825 52.48600006
v -62.11635971 22.70856857 52.48600006
v -62.11456680 22.71279526 52.48600006
v -75.31338501 25.91937256 51.80099869
v -75.31060028 25.98765373 51.80099869
v -77.62628937 24.57600021 51.80099869
v -77.82399750 24.46116638 51.80099869
v -66.74900055 27.44700050 45.77399826
v -66.57499695 14.03199959 4.99900007
v -66.36799622 14.03100014 4.99900007
v -62.11406708 22.71774292 52.48600006
v -62.11396408 22.71875572 52.48600006
v -67.38200378 27.91799927 46.53900146
v -68.08899689 27.75799942 46.25299835
v -62.11354065 22.71964836 52.48600006
v -66.57499695 14.03199959 19.99799919
v -66.85500336 13.89400005 0.29899999
v -79.34452820 20.47999954 52.48600006
v -78.97020721 20.64262390 52.48600006
v -79.36299896 20.51199913 73.65899658
v -69.04799652 26.95499992 44.83300018
v -62.09508896 22.68799019 52.48600006
v -64.19599915 9.21199989 4.99900007
v -69.60399628 27.73100090 46.86399841
v -77.72813416 21.79425621 52.48600006
v -77.06099701 22.32200050 65.67800140
v -77.82399750 21.71880913 52.48600006
v -77.69599915 21.82900047 98.42500305
v -77.87650299 21.67749023 52.48600006
v -74.77087402 23.62295341 52.48600006
v -74.25000000 23.86800003 65.67800140
v -76.05000305 22.97900009 65.67800140
v -75.62003326 23.21331787 52.48600006
v -75.39253235 23.34157181 52.48600006
v -68.86000061 26.40299988 43.65499878
v -66.11699677 13.59700012 4.99900007
v -76.42932129 22.74016762 52.48600006
v -80.76907349 19.55827141 52.48600006
v -79.96488190 20.20662880 52.48600006
v -80.05599976 20.15099907 91.94300079
v -62.07258606 22.79198837 51.80099869
v -62.07239914 22.79373932 51.80099869
v -62.07287598 22.79102898 52.01372147
v -62.07337570 22.79016113 52.48600006
v -62.10138702 22.70624924 74.49993134
v -70.43399811 27.62899971 47.43999863
v -62.07154465 22.79863739 51.80099869
v -70.94499969 27.33900070 47.37799835
v -81.88743591 16.84768105 51.80099869
v -66.11000061 13.74199963 4.99900007
v -62.07205200 22.79698181 51.80099869
v -62.07247162 22.79560471 51.80099869
v -62.07196808 22.79774475 51.80099869
v -70.65899658 27.36000061 47.00899887
v -62.07253265 22.79541206 51.80099869
v -62.07254028 22.79532051 51.80099869
v -62.07400894 22.78906250 51.80099869
v -62.07466125 22.78793716 52.48600006
v -80.92551422 19.37789726 52.48600006
v -80.90855408 19.40178871 52.48600006
v -62.07287598 22.79102898 51.80099869
v -62.07290649 22.79097366 51.80099869
v -62.06900024 22.80400085 51.80099869
v -62.07264709 22.79141998 51.80099869
v -62.07208252 22.79240417 51.80099869
v -76.31823730 22.76184082 50.00000000
v -71.29499817 14.24199963 50.00000000
v -76.31793213 22.76204109 50.00000000
v -75.84972382 23.02599907 50.00000000
v -74.99259186 23.46284103 49.99499893
v -75.25312805 23.33005524 49.96788406
v -75.84967041 23.02602577 49.99499893
v -75.26646423 23.32326126 49.96731949
v -75.27500153 23.35000038 49.99499893
v -63.23899841 24.96999931 47.69499969
v -75.12528992 23.41663742 52.48600006
v -75.25628662 23.35905266 52.48600006
v -62.11100006 22.72500038 52.48600006
v -74.84777069 23.59222984 52.48600006
v -75.39914703 23.28138542 52.48600006
v -84.10600281 3.32100010 90.18099976
v -75.04282379 23.51428986 52.48600006
v -75.21000671 23.44055939 52.48600006
v -62.11100006 22.72500038 49.82899857
v -68.22100067 -1.46000004 105.65599823
v -69.53800201 -1.68299997 105.65599823
v -62.10140991 22.72450256 73.52109528
v -76.28346252 22.78284264 52.48600006
v -62.10208511 22.72728348 52.48600006
v -62.08966827 22.52799988 52.48600006
v -62.13711166 22.61851120 52.48600006
v -62.14276886 22.64963150 52.48600006
v -85.63500214 5.04199982 74.99900055
v -85.02500153 4.45499992 83.14099884
v -84.45899963 3.55299997 84.77100372
v -84.31300354 3.53699994 88.36000061
v -68.64600372 25.55999947 42.05199814
v -63.92168427 23.79447937 52.48600006
v -63.48799896 24.54964638 52.48600006
v -60.78099823 13.21399975 1.05700004
v -82.29872894 13.25820827 88.63919067
v -82.29187012 13.27154255 88.91056061
v -82.29093933 13.27285480 88.92653656
v -82.29098511 13.27330112 88.99597168
v -82.29020691 13.27426815 88.99100494
v -82.30899811 13.23299980 81.13099670
v -66.21600342 13.94099998 4.99900007
v -64.43373871 23.60891724 52.48600006
v -64.40028381 23.68981934 52.48600006
v -64.44059753 23.61049461 52.48600006
v -64.42604828 23.60697746 52.48600006
v -64.39916229 23.68935394 52.48600006
v -63.95277786 23.74127579 52.48600006
v -63.95811844 23.73630524 52.48600006
v -63.95579910 23.73818779 52.48600006
v -58.92399979 3.83999991 105.65599823
v -59.30699921 3.60800004 105.65599823
v -61.42300034 13.68299961 0.55599999
v -61.24900055 12.48999977 0.55599999
v -63.96301651 23.72945404 52.48600006
v -63.98027802 23.71818161 52.48600006
v -63.97715759 23.71573448 52.48600006
v -71.26899719 -1.28999996 105.65599823
v -63.95755005 23.73607254 52.48600006
v -63.96039963 23.73384094 52.48600006
v -63.95838928 23.73525047 52.48600006
v -63.95336914 23.74036789 52.48600006
v -56.71900177 1.42100000 99.04699707
v -64.39543915 23.60654831 52.48600006
v -64.42311859 23.60623741 52.48600006
v -64.42314911 23.60547638 52.48600006
v -63.07699966 14.89599991 0.05700000
v -62.37599945 14.60799980 0.20400000
v -63.57799911 16.11700058 0.09100000
v -62.99700165 15.53100014 0.14700000
v -61.07799911 2.36999989 82.05100250
v -64.42711639 23.60663986 52.48600006
v -64.39045715 23.68734169 52.48600006
v -61.99297714 1.62025130 108.54399872
v -61.99806976 1.61133361 108.54399872
v -71.13600159 25.72299957 43.33499908
v -71.80300140 25.09099960 42.45600128
v -72.20999908 25.22900009 43.39300156
v -62.28499985 15.26200008 0.36000001
v -62.59099960 15.12100029 0.20400000
v -70.15899658 25.72299957 42.66099930
v -70.98000336 25.16600037 41.88399887
v -61.49599838 14.93999958 0.78899997
v -75.86699677 -2.77099991 113.76599884
v -75.82299805 -2.80100012 113.45400238
v -69.94799805 25.32299995 41.73199844
v -74.82800293 -3.27900004 111.03099823
v -76.27600098 -2.57999992 112.69799805
v -75.83799744 -2.80500007 111.19899750
v -61.99207306 1.62183535 108.54399872
v -72.41000366 24.32799911 41.21300125
v -72.93900299 13.41699982 4.99900007
v -78.41200256 -1.36500001 113.76399994
v -78.61000061 -1.24300003 113.46900177
v -69.69100189 15.82100010 4.99900007
v -69.95400238 15.25000000 0.29899999
v -73.10260773 23.24730301 39.38593674
v -73.02300262 23.81399918 40.67800140
v -73.52999878 -3.78500009 108.28700256
v -63.95790482 23.73641968 52.48600006
v -74.39600372 -3.44300008 110.64299774
v -76.01614380 22.99000931 52.48600006
v -76.43727875 22.68303871 52.48600006
v -76.23289490 22.86781120 52.48600006
v -80.92171478 22.66196251 51.80099869
v -83.43518829 21.29538155 51.80099869
v -73.04100037 13.59700012 4.99900007
v -73.03299713 13.78899956 4.99900007
v -63.95009232 23.74527550 52.48600006
v -74.58799744 15.21199989 4.99900007
v -72.93000031 13.95100021 4.99900007
v -78.68199921 -1.19299996 112.76399994
v -79.02999878 -0.95899999 113.82499695
v -72.66400146 14.03499985 4.99900007
v -82.34600067 13.16699982 86.79799652
v -82.41500092 13.09799957 86.79799652
v -64.35085297 0.25921261 110.08000183
v -63.91696930 23.81483078 52.48600006
v -63.92049026 23.81146240 53.24800110
v -63.91853714 23.81361008 52.48600006
v -77.80402374 21.68680382 52.48600006
v -66.22000122 10.35799980 19.99799919
v -66.48000336 10.53100014 0.29899999
v -66.22000122 10.35799980 4.99900007
v -81.58399963 20.32600021 45.03499985
v -79.26200104 20.25200081 41.05199814
v -81.16400146 19.24099922 42.37200165
v -78.99840546 20.56788063 52.48600006
v -79.97604370 20.14315224 52.48600006
v -78.98000336 20.57399940 51.49399948
v -78.98000336 20.57399940 52.48600006
v -78.95412445 20.59849739 52.48600006
v -77.93350220 21.58362198 50.00000000
v -77.92997742 21.58701706 50.00000000
v -77.92026520 21.59526634 52.48600006
v -78.93900299 20.65299988 52.48600006
v -78.95847321 20.64652252 52.48600006
v -77.92974854 21.58720016 50.00000000
v -79.47599792 19.73800087 40.45000076
v -79.07269287 20.47233963 50.00000000
v -66.57499695 9.74199963 4.99900007
v -66.36799622 9.74400043 4.99900007
v -78.06079865 21.49963951 52.48600006
v -78.89509583 20.69453621 52.48600006
v -66.17099762 9.90999985 4.99900007
v -61.95899963 12.99600029 0.20400000
v -82.27700043 13.29399967 83.31099701
v -68.33087158 23.60401535 38.65103912
v -62.03699875 14.12899971 0.28200001
v -68.51868439 23.63379669 38.66615295
v -69.59200287 23.80400085 38.91290283
v -82.49749756 13.06811237 86.25689697
v -82.50889587 13.06271935 86.17983246
v -70.16683197 23.71284485 38.74915314
v -70.01713562 23.73658371 38.78173828
v -69.59200287 23.80400085 28.48600006
v -69.94959259 23.74729347 38.79538727
v -61.07699966 9.26399994 1.05700004
v -67.32379913 23.44431686 38.63993073
v -82.51211548 13.05989838 86.18104553
v -82.50907135 13.06079865 86.21116638
v -65.88400269 23.21599960 28.48600006
v -66.33990479 23.28829575 38.78281403
v -61.40599823 11.29599953 0.45800000
v -61.49599838 8.83399963 0.78899997
v -61.29700089 8.63599968 1.05700004
v -66.19494629 23.26530838 38.80035400
v -61.42300034 10.09200001 0.55599999
v -65.88400269 23.21599960 38.90700531
v -82.27976227 10.64000416 86.96374512
v -82.27807617 10.63007736 86.69281006
v -82.27975464 10.63856316 86.01599884
v -61.31399918 10.68500042 0.55599999
v -70.55400085 23.88500023 39.09999847
v -82.54399872 10.89599991 82.08999634
v -81.93499756 8.78299999 82.05100250
v -72.84288788 23.28848648 39.14419556
v -73.30000305 23.21599960 28.48600006
v -61.62599945 10.72999954 0.36000001
v -63.92664337 23.80344391 52.48600006
v -66.11699677 10.17800045 4.99900007
v -63.93128586 23.80046654 52.48600006
v -63.93192291 23.80005836 52.48600006
v -66.35099792 9.74499989 2.64899993
v -66.16200256 9.90499973 2.35599995
v -63.91929245 23.81282997 52.48600006
v -63.92185593 23.81018639 52.48600006
v -63.92266083 23.80936050 52.48600006
v -63.94451904 23.78682709 52.48600006
v -63.90885925 23.82460976 52.48600006
v -63.90940094 23.82403183 52.48600006
v -63.91223907 23.81971359 52.48600006
v -63.87302399 23.88666725 52.48600006
v -63.80324936 24.00681305 52.48600006
v -82.65699768 13.01700020 73.72799683
v -62.33300018 11.62199974 0.07400000
v -82.20400238 13.76900005 73.86399841
v -61.88899994 11.60900021 0.20400000
v -82.50882721 13.06237316 85.74430847
v -62.47100067 10.05099964 0.09100000
v -62.75999832 10.38599968 0.02200000
v -82.47599792 13.07499981 82.61299896
v -61.57300186 9.50800037 0.55599999
v -62.37599945 9.16600037 0.20400000
v -62.03699875 9.64500046 0.28200001
v -82.50001526 13.06348038 84.55281067
v -82.51151276 13.06007671 85.80640411
v -62.28499985 8.51200008 0.36000001
v -82.49488068 13.06500244 83.61181641
v -82.47799683 13.06999969 80.52100372
v -62.95399857 8.52299976 0.11900000
v -62.59099960 8.65400028 0.20400000
v -82.27987671 10.64023209 80.10411835
v -82.32099915 10.72500038 81.56700134
v -82.35099792 10.76299953 79.30100250
v -63.42499924 7.87400007 0.09100000
v -81.91999817 22.08176422 51.80099869
v -58.28400040 7.77600002 4.84700012
v -58.82099915 7.43100023 4.28800011
v -58.56700134 7.06799984 4.84700012
v -81.88210297 16.38400078 51.80099869
v -81.89389801 16.48682785 51.80099869
v -81.91027069 16.62949371 51.80099869
v -81.91188049 16.64356804 51.80099869
v -81.91999817 16.71431541 51.80099869
v -81.91999817 16.87769890 51.80099869
v -81.87445831 17.35987282 51.80099869
v -81.92816925 16.78551102 51.80099869
v -81.92800903 16.79288292 51.80099869
v -81.74066925 17.89047432 51.80099869
v -81.86499786 17.45999908 51.80099869
v -81.61042786 18.24143791 51.80099869
v -81.66959381 18.12441826 51.80099869
v -81.68524933 18.08237457 51.80099869
v -80.08799744 19.18499947 51.49399948
v -81.27700043 18.89900017 51.49399948
v -80.83300018 17.97500038 51.49399948
v -80.00199890 20.12999916 51.49399948
v -81.86499786 17.45999908 51.49399948
v -81.92800140 16.79299927 51.49399948
v -69.91300201 8.15999985 19.99799919
v -69.95400238 5.88700008 19.99799919
v -69.94200134 8.22700024 4.99900007
v -81.67900085 18.10400009 51.49399948
v -80.86900330 19.43099976 51.49399948
v -81.80973053 15.65675831 50.00000000
v -81.07319641 17.50357819 50.00000000
v -64.34875488 0.25972375 109.56800079
v -80.28782654 18.88595200 50.00000000
v -80.28533936 18.88998795 50.00000000
v -79.59066772 19.86073875 50.00000000
v -79.58696747 19.86537170 50.00000000
v -64.34666443 0.26023489 109.05599976
v -64.34457397 0.26074603 108.54399872
v -79.83007812 20.26905823 52.48600006
v -80.00428772 20.12860107 52.48600006
v -78.74500275 -1.14900005 114.05300140
v -73.03099823 10.22599983 4.99900007
v -74.96199799 9.21199989 4.99900007
v -73.03299713 9.98600006 4.99900007
v -74.58799744 8.56299973 4.99900007
v -74.96199799 9.21199989 19.99799919
v -73.10700226 -0.31900001 98.42500305
v -73.93699646 -3.62500000 109.54599762
v -75.31800079 -3.06999993 109.46499634
v -74.54299927 -3.43499994 108.81700134
v -72.84500122 9.77999973 4.99900007
v -75.08499908 -3.18000007 107.88300323
v -72.30400085 9.88099957 24.99699974
v -72.30400085 9.88099957 0.29899999
v -72.56800079 9.74400043 19.99799919
v -72.56800079 9.74400043 4.99900007
v -69.70800018 15.81900024 2.64899993
v -79.44799805 -0.68900001 109.32499695
v -80.18399811 -0.19400001 109.76200104
v -74.79299927 -3.31200004 106.01899719
v -60.39599991 3.67000008 5.80700016
v -59.65200043 4.57700014 5.80700016
v -58.80599976 5.89300013 5.80700016
v -59.10300064 5.61399984 5.31599998
v -59.98099899 4.33900023 5.31599998
v -59.62099838 5.03100014 5.00099993
v -60.47399902 4.24800014 4.63000011
v -58.72600174 6.29199982 5.31599998
v -59.34000015 5.75600004 4.70200014
v -63.95719147 23.73780823 52.48600006
v -59.13600159 6.73699999 4.28800011
v -64.12564087 23.66511154 52.48600006
v -59.89699936 5.41699982 4.28800011
v -60.82500076 4.20900011 4.28800011
v -63.91897964 23.81329536 52.48600006
v -63.91716003 23.81503105 52.48600006
v -63.91770935 23.81518936 52.48600006
v -63.71753311 24.15441322 52.48600006
v -64.37451935 23.68304062 52.48600006
v -64.36990356 23.68321991 52.48600006
v -72.02500153 -0.81599998 96.51399994
v -61.01399994 3.18400002 5.31599998
v -64.31490326 23.67400932 52.48600006
v -79.91699219 20.23129845 52.48600006
v -80.85038757 19.44645691 52.48600006
v -64.23271942 23.65945435 52.48600006
v -73.50800323 -3.90899992 102.10900116
v -72.93599701 -4.09200001 103.11799622
v -64.47441864 23.62446976 52.48600006
v -64.37505341 23.59847832 52.48600006
v -64.26423645 23.57888031 52.48600006
v -64.19560242 23.59096718 52.48600006
v -64.38063049 23.68486404 52.48600006
v -64.38198853 23.68443108 52.48600006
v -81.92588806 16.81539917 51.80099869
v -81.29023743 18.87870789 52.48600006
v -81.58648682 18.29504776 52.48600006
v -81.29457855 18.87304878 52.48600006
v -80.92651367 19.35298157 52.48600006
v -80.88451385 19.41233635 52.48600006
v -81.25844574 18.94459534 52.48600006
v -81.00110626 19.27951813 52.48600006
v -83.59899902 2.44600010 83.79000092
v -80.86321259 19.43660545 52.48600006
v -80.79643250 19.53620720 52.48600006
v -80.66699982 19.66600037 78.23000336
v -80.85421753 19.47835350 52.48600006
v -80.81455231 19.52230835 52.48600006
v -80.81812286 19.51956749 52.48600006
v -65.56500244 -4.15700006 99.04699707
v -71.99199677 13.54399967 50.00000000
v -66.81600189 -4.40899992 99.04699707
v -68.50700378 -4.60200024 99.04699707
v -67.15200043 -5.07900000 83.29499817
v -84.52899933 3.48900008 81.38099670
v -70.09500122 -1.63999999 91.94300079
v -70.85500336 -1.46000004 96.51399994
v -66.44699860 14.04899979 3.82399988
v -66.57499695 14.03199959 2.66783357
v -69.53800201 25.61700058 91.94300079
v -69.09200287 25.59199905 78.23000336
v -66.16200256 13.51200008 3.67700005
v -66.26499939 13.37100029 0.29899999
v -68.64199829 29.44199944 72.64900208
v -66.41500092 14.04599953 2.64899993
v -66.35099792 14.02900028 2.64899993
v -66.60800171 14.02900028 2.64899993
v -67.58999634 29.06200027 83.29499817
v -71.12799835 28.79800034 79.53500366
v -66.57523346 14.03188610 2.64899993
v -70.38800049 29.05900002 76.25499725
v -69.72100067 29.27400017 71.35299683
v -70.81300354 28.85899925 68.78500366
v -69.21700287 15.54699993 0.29899999
v -69.31900024 15.72700024 0.29899999
v -69.20400238 15.25000000 0.29899999
v -68.18199921 29.37000084 76.44400024
v -69.31500244 15.73099995 1.47399998
v -69.49900055 15.82900047 0.29899999
v -66.21600342 13.94099998 0.29899999
v -66.38300323 14.03800011 1.47399998
v -66.18499756 13.45100021 1.76800001
v -66.10900116 13.69299984 0.29899999
v -73.30000305 23.21599960 39.54186630
v -73.33212280 23.19963646 39.53968430
v -64.56179047 23.65576935 52.48600006
v -66.36799622 14.03100014 0.29899999
v -71.81800079 23.81399918 39.45700073
v -70.93731689 23.59066582 38.67711258
v -64.34100342 0.26193535 99.32800293
v -64.29771423 0.25956425 99.58573914
v -72.31900024 -4.27500010 101.76999664
v -73.09999847 -4.08199978 100.13400269
v -64.29603577 0.25946745 99.60535431
v -64.29715729 0.25906643 99.57577515
v -72.44238281 23.35199738 38.96958160
v -66.15100098 13.50599957 0.29899999
v -73.01499939 -4.11700010 99.01999664
v -74.40282440 22.65420151 39.62274170
v -71.21399689 -4.53599977 99.39800262
v -66.57499695 14.03199959 0.29899999
v -72.17125702 23.39499092 38.81399918
v -71.93815613 23.43195534 38.76023865
v -73.99099731 -3.66899991 99.86599731
v -73.03800201 -4.11299992 96.73000336
v -70.94078827 23.59011459 38.66566467
v -70.56307220 23.65001106 38.66849899
v -64.34248352 0.26125717 108.03199768
v -76.64499664 21.51199913 40.17900467
v -76.64499664 21.51199913 28.48600006
v -77.54034424 20.61665344 39.13040161
v -77.38253784 20.77445984 39.27006531
v -77.04427338 21.11272621 39.67889404
v -66.85500336 13.89400005 24.99699974
v -80.77799988 0.25999999 99.12599945
v -61.34500122 3.65300012 4.28800011
v -61.61700058 2.69700003 5.15500021
v -60.23799896 27.16399956 67.54399872
v -86.41500092 17.85899925 65.97699738
v -86.10900116 18.32999992 69.15599823
v -86.28399658 18.40999985 63.23899841
v -65.47299957 -0.97299999 13.99800014
v -81.63800049 18.18300056 78.23000336
v -56.90299988 23.19599915 91.17099762
v -54.19900131 18.71299934 92.87300110
v -62.35200119 2.39000010 4.70200014
v -62.19599915 2.89000010 4.28800011
v -62.18500137 2.17000008 5.31599998
v -53.96599960 17.67700005 94.50000000
v -64.15899658 23.59300041 51.57199860
v -63.75699997 1.01900005 5.80700016
v -62.42800140 1.84399998 5.80700016
v -57.12599945 23.88899994 83.29499817
v -63.14500046 1.51600003 5.31599998
v -54.45399857 19.58300018 90.50099945
v -63.75699997 1.80200005 4.28800011
v -54.85300064 20.40099907 90.46299744
v -53.95600128 17.64299965 90.91799927
v -65.64800262 0.52700001 4.84700012
v -64.86199951 0.62400001 5.31599998
v -64.15699768 0.94599998 5.31599998
v -63.61199951 1.55100000 4.70200014
v -64.62400055 1.03600001 4.70200014
v -65.83599854 0.86000001 4.28800011
v -64.77600098 1.28499997 4.28800011
v -62.09760284 22.68461227 96.25599670
v -62.11299896 22.58600044 88.88999939
v -62.09675598 22.67843437 96.25599670
v -61.56299973 8.02600002 1.05700004
v -62.09960556 22.69809914 96.75617218
v -62.09910965 22.70017815 94.20800018
v -85.07099915 20.20299911 62.48899841
v -84.93299866 20.28899956 68.36900330
v -84.38899994 20.81100082 72.37799835
v -66.48000336 13.24400043 0.29899999
v -69.92600250 15.59300041 2.64899993
v -69.91799927 15.62500000 1.47399998
v -84.76499939 20.50900078 58.93099976
v -85.43599701 19.81800079 61.34899902
v -72.59899902 14.03899956 2.06200004
v -73.00499725 13.85099983 2.35599995
v -72.75900269 14.03899956 0.29899999
v -86.40000153 18.45400047 58.83399963
v -85.90799713 18.65500069 70.84999847
v -85.30500031 19.71800041 71.33599854
v -86.73200226 17.50200081 61.04199982
v -86.32099915 18.69799995 56.79000092
v -85.04699707 20.08200073 71.29599762
v -86.79900360 16.84900093 64.04900360
v -84.15000153 20.90699959 53.29899979
v -69.69100189 15.82100010 0.29899999
v -87.04799652 17.38699913 53.41600037
v -86.86900330 17.78499985 54.21300125
v -69.85299683 15.71800041 0.29899999
v -86.34700012 18.76600075 53.78599930
v -85.99299622 19.25699997 54.23300171
v -85.60199738 19.72200012 54.12599945
v -87.24400330 16.79500008 53.56900024
v -62.33700180 6.74800014 1.05700004
v -64.24600220 23.57600021 51.22399902
v -61.94501877 22.15657997 52.48600006
v -62.14599991 7.77199984 0.67199999
v -63.20399857 6.26999998 0.67199999
v -62.70100021 6.65799999 0.78899997
v -83.44092560 21.19612503 51.80099869
v -83.46749115 21.27669144 51.80099869
v -62.58300018 7.32499981 0.55599999
v -83.28366089 21.28951073 51.80099869
v -83.16784668 21.36594963 51.80099869
v -83.10984039 21.39272308 51.80099869
v -83.09590912 21.39915276 51.80099869
v -82.66899872 21.59700012 50.84500122
v -84.31336212 20.68815613 51.80099869
v -61.98147202 22.30198097 52.48600006
v -61.97983932 22.29970551 52.48600006
v -62.06700134 22.40200043 71.45500183
v -84.04660797 20.77421570 51.80099869
v -84.42971039 20.50735474 51.80099869
v -62.01959610 22.21919632 52.48600006
v -61.99153137 22.19452858 52.48600006
v -61.94459152 22.26964378 52.48600006
v -62.02369308 22.22449112 52.48600006
v -61.98564911 22.30780602 52.48600006
v -62.01914215 22.21814156 52.48600006
v -61.98042297 22.30106163 52.48600006
v -83.62969208 21.08403206 51.80099869
v -62.13014603 22.38677979 52.48600006
v -62.08751297 22.46439552 52.48600006
v -83.06600189 21.33600044 50.85499954
v -62.54800034 7.99499989 0.36000001
v -84.77500153 20.44300079 52.61999893
v -84.66052246 20.32940483 51.80099869
v -84.77847290 20.22151375 51.80099869
v -84.60661316 20.49398232 51.80099869
v -84.47097015 20.47999954 51.80099869
v -84.50575256 20.45693588 51.80099869
v -83.69000244 21.04000092 51.70700073
v -63.73099899 7.44099998 0.09100000
v -63.44900131 7.22700024 0.20400000
v -62.14099884 22.65800095 49.85900116
v -63.94800186 6.15299988 0.36000001
v -62.93000031 6.83199978 0.55599999
v -67.75599670 29.55299950 69.90100098
v -62.23953629 22.46805573 49.68611526
v -62.24211502 22.46936989 49.62493515
v -64.20300293 7.15100002 0.05700000
v -64.68599701 6.53599977 0.07400000
v -62.25216293 22.47449112 49.56759262
v -64.28600311 23.66099930 84.00800323
v -63.95391846 23.77463150 96.56099701
v -63.95541000 23.77279854 96.25599670
v -63.96500015 23.76099968 94.29399872
v -64.56099701 5.03100014 0.67199999
v -63.94063187 23.79259491 96.25599670
v -63.29199982 5.59999990 1.05700004
v -64.84899902 4.35799980 1.05700004
v -65.40200043 5.21899986 0.28200001
v -64.83200073 5.40199995 0.36000001
v -62.09360886 22.72161484 94.20800018
v -64.20800018 23.59199905 49.95299911
v -62.09738922 22.68762779 94.20800018
v -66.54900360 28.60499954 91.17099762
v -65.67900085 5.66099977 0.09100000
v -66.64299774 3.49399996 1.05700004
v -70.50599670 29.02199936 72.89299774
v -69.05500031 29.47599983 66.54499817
v -79.10878754 19.04821205 38.92293167
v -79.30000305 18.85700035 28.48600006
v -79.17733765 18.97966194 38.95781708
v -80.72899628 18.54400063 40.81700134
v -79.16999817 19.14900017 39.12300110
v -79.30000305 18.85700035 39.01303101
v -79.67913818 18.11318016 38.80441284
v -79.92074585 17.63918114 38.75201035
v -80.08946228 17.30817032 38.74085999
v -78.23915100 19.91784859 38.92276764
v -83.09055328 21.40162659 51.80099869
v -83.01318359 21.44651031 51.80099869
v -82.03299713 21.89100075 50.32500076
v -63.97200012 23.75600052 86.09999847
v -78.79176331 19.36523819 38.89848709
v -78.41540527 19.74159813 38.87019730
v -79.00379181 19.15320587 38.88818741
v -66.16699982 29.46199989 67.54399872
v -58.24800110 19.51000023 78.23000336
v -57.96300125 19.16600037 87.37200165
v -68.47499847 29.52199936 69.84600067
v -77.57042694 20.58657074 28.48600006
v -82.91855621 21.50141144 51.80099869
v -82.53199768 20.81900024 47.87400055
v -83.66699982 20.17700005 48.32199860
v -83.00399780 20.77499962 48.59000015
v -62.09992599 22.70859909 93.09980011
v -62.11899948 22.63100052 86.27500153
v -82.31199646 21.41200066 49.21799850
v -85.42500305 18.52700043 48.74100113
v -85.19999695 18.98800087 49.00199890
v -84.61900330 18.92600060 47.72200012
v -83.06199646 20.00799942 46.81999969
v -65.84479523 23.02470016 28.48600006
v -66.47154236 23.20615959 28.48600006
v -82.09899902 21.64100075 49.52899933
v -66.92303467 23.33597374 28.48600006
v -83.89700317 19.55800056 47.41699982
v -67.23062134 23.39764404 28.48600006
v -83.60399628 19.20700073 46.35699844
v -67.69734192 23.45246124 28.48600006
v -68.55571747 23.59242821 28.48600006
v -85.58599854 19.19599915 50.47200012
v -69.42523956 23.61843872 28.48600006
v -85.60399628 18.26799965 48.77899933
v -85.47100067 17.76499939 47.93899918
v -85.76599884 17.65999985 48.40900040
v -69.89462280 23.63518906 28.48600006
v -70.36361694 23.60397339 28.48600006
v -62.06994629 1.12994778 52.48600006
v -62.03400421 1.06760800 52.48600006
v -69.94899750 15.53199959 1.47399998
v -69.86699677 15.70800018 1.47399998
v -61.99684525 1.61605155 106.49600220
v -62.00413132 1.60329223 106.49600220
v -84.01999664 18.45100021 46.08200073
v -72.30400085 13.89400005 0.29899999
v -85.20099640 17.00699997 46.87300110
v -83.65100098 17.52000046 44.62900162
v -85.80200195 16.45899963 47.59799957
v -85.09899902 17.56800079 47.08800125
v -73.03399658 13.58199978 0.29899999
v -72.90499878 13.38300037 0.29899999
v -73.03299713 13.78899956 0.29899999
v -74.98699951 23.54800034 82.05100250
v -80.68728638 16.13532066 38.84236908
v -72.44000244 10.71700001 38.29800034
v -70.41600037 8.69299984 50.00000000
v -70.41600037 8.69299984 38.29800034
v -71.29499817 9.14099979 38.29800034
v -71.99199677 9.83800030 38.29800034
v -71.99199677 9.83800030 50.00000000
v -71.99199677 13.54399967 38.29800034
v -72.44000244 12.66499996 38.29800034
v -84.23699951 20.89200020 77.74099731
v -84.14299774 20.99200058 78.92900085
v -71.29499817 14.24199963 38.29800034
v -69.44200134 14.84399986 38.29800034
v -66.89199829 13.54399967 38.29800034
v -66.89199829 13.54399967 50.00000000
v -67.58899689 14.24199963 38.29800034
v -66.44400024 12.66499996 38.29800034
v -72.30400085 13.89400005 24.99699974
v -81.59200287 11.80399990 46.00000000
v -82.38300323 12.93700027 46.00000000
v -81.41263580 12.93700027 46.00000000
v -72.67900085 10.53100014 0.29899999
v -72.67900085 13.24400043 0.29899999
v -81.59200287 11.80399990 45.20899963
v -84.93699646 19.97400093 78.13999939
v -81.43885040 10.83659172 46.00000000
v -82.14868164 10.83699989 46.00000000
v -68.55200195 25.34199905 21.49699974
v -81.43891907 10.83699989 45.37643433
v -71.01328278 23.54513741 28.48600006
v -85.15499878 19.47200012 80.12200165
v -84.76000214 18.58600044 99.04699707
v -85.80100250 17.59700012 83.29499817
v -71.63075256 23.44083023 28.48600006
v -72.13505554 23.35595894 28.48600006
v -72.58832550 23.23064232 28.48600006
v -73.57160950 22.93558502 28.48600006
v -81.41263580 12.93700027 45.02964020
v -83.06700134 21.03000069 49.52799988
v -81.43891907 10.83699989 45.05591965
v -74.01347351 22.76345062 28.48600006
v -83.66400146 20.54599953 49.32600021
v -82.38300323 10.83699989 46.00000000
v -74.74038696 22.42815590 28.48600006
v -84.45600128 20.47200012 51.55899811
v -75.16991425 22.21977425 28.48600006
v -61.99555206 1.61831796 106.49600220
v -82.75399780 21.45199966 50.35100174
v -75.70729065 21.87917328 28.48600006
v -76.26975250 21.54480934 28.48600006
v -76.73929596 21.19888878 28.48600006
v -81.92795563 16.79550743 51.80099869
v -77.22886658 20.79808044 28.48600006
v -77.66703033 20.41073799 28.48600006
v -78.75399780 21.79000092 21.49699974
v -85.92800140 19.30100060 52.50400162
v -85.57041168 19.64379883 51.80099869
v -85.87270355 19.26856041 51.80099869
v -78.19158173 19.82696342 28.48600006
v -78.49815369 19.51289177 28.48600006
v -85.42331696 19.79999924 51.80099869
v -78.69018555 19.29029083 28.48600006
v -85.56655884 19.48763084 51.80099869
v -85.69692993 19.35943031 51.80099869
v -85.44602966 19.61085892 51.80099869
v -85.20266724 20.00195312 51.80099869
v -85.24215698 19.80051613 51.80099869
v -85.30999756 19.92700005 51.92800140
v -79.19926453 18.58550644 28.48600006
v -79.64732361 17.94443893 28.48600006
v -79.79426575 17.66768265 28.48600006
v -80.20673370 16.90158653 28.48600006
v -81.00499725 15.51200008 28.48600006
v -80.37394714 16.49964905 28.48600006
v -64.32098389 0.26482406 99.45193481
v -64.32557678 0.26458424 99.38036346
v -85.29551697 19.75206757 51.80099869
v -85.72000885 19.33074188 51.80099869
v -64.31797791 0.26543969 99.51489258
v -85.81900024 19.13400078 51.28699875
v -63.95100021 23.74399948 49.84500122
v -67.32599640 25.19799995 21.49699974
v -69.78500366 25.38599968 21.49699974
v -69.98000336 24.62500000 21.49699974
v -72.63899994 25.03000069 21.49699974
v -71.01699829 25.30400085 21.49699974
v -84.68800354 20.06699944 50.44699860
v -85.16600037 19.59799957 50.33800125
v -64.13101959 23.43206215 49.48646545
v -67.58599854 24.47400093 21.49699974
v -66.51799774 25.03599930 21.49699974
v -71.17700195 24.53700066 21.49699974
v -84.65097046 20.33727455 51.80099869
v -64.25299072 23.49422646 49.82836914
v -64.13728333 23.43525696 49.52278137
v -62.13352203 22.41402435 50.00000000
v -64.44931030 23.59428215 49.97525406
v -64.45015717 23.59471512 49.97547150
v -64.44200134 23.61100006 49.99399948
v -62.10062027 22.71574211 92.16000366
v -64.59661102 23.66935730 49.99413681
v -62.09922791 22.70137596 94.05034637
v -62.09624863 22.71277809 92.16000366
v -62.09802246 22.69682121 92.16000366
v -68.10099792 25.30599976 19.24799919
v -69.57900238 25.38699913 19.24799919
v -69.57900238 24.63699913 19.99799919
v -68.18299866 24.56100082 19.99799919
v -66.43099976 9.72999954 1.47399998
v -66.60800171 9.74499989 2.64899993
v -70.92299652 25.31999969 19.24799919
v -73.45800018 24.03300095 19.99799919
v -66.11900330 10.19400024 1.47399998
v -66.36799622 9.74400043 0.29899999
v -86.01599884 18.94407082 51.80099869
v -85.97363281 19.00370979 51.80099869
v -85.85942841 19.15744972 51.80099869
v -64.26592255 23.50081635 49.85024261
v -62.13357925 22.41405296 49.94526291
v -66.22000122 10.35799980 0.29899999
v -62.13294601 22.39484406 50.00000000
v -64.27029419 23.50304794 49.85516357
v -66.11699677 10.17800045 0.29899999
v -67.58899689 14.24199963 50.00000000
v -62.01301575 22.21201706 50.00000000
v -62.01280975 22.21184349 50.00000000
v -62.01293945 22.21195030 50.00000000
v -62.01303101 22.21203423 50.00000000
v -62.01301956 22.21202087 50.00000000
v -66.12599945 9.98600006 0.29899999
v -81.76000214 15.76500034 51.80099869
v -66.02400208 24.12500000 21.49699974
v -62.10445404 22.65391159 90.11199951
v -81.84999847 7.73000002 69.08799744
v -81.76000214 8.16800022 51.80099869
v -62.09838867 22.70211983 90.97948456
v -80.15200043 3.83999991 78.23000336
v -62.25476074 22.47581482 49.54360580
v -62.10200119 22.72999954 90.28399658
v -59.07099915 19.18499947 51.49399948
v -59.55099869 20.33900070 51.49399948
v -57.47999954 18.10400009 51.49399948
v -58.32600021 17.97500038 51.49399948
v -58.78799820 19.87800026 51.49399948
v -62.10477829 22.69363785 89.93199158
v -58.28900146 19.43099976 51.49399948
v -81.11299896 4.76700020 59.94599915
v -62.09762955 22.70815086 91.08801270
v -62.09888840 22.70393944 90.11199951
v -59.43577957 19.68233490 50.00000000
v -58.54675293 18.36275101 50.00000000
v -59.43947601 19.68696785 50.00000000
v -58.54426956 18.35871506 50.00000000
v -58.54103851 18.35107994 50.00000000
v -62.09870529 22.70455551 90.91874695
v -62.10122299 22.69612694 90.52208710
v -59.56568527 20.34580040 52.48600006
v -59.48752213 20.30373383 52.48600006
v -58.80731583 19.89275742 52.48600006
v -59.16456985 20.21532822 52.48600006
v -58.73385239 19.82949638 52.48600006
v -58.28900146 19.43099976 52.48600006
v -58.20967865 19.30968475 52.48600006
v -58.43262863 19.67538834 52.48600006
v -85.99400330 18.52700043 50.15399933
v -57.48846436 18.12667847 52.48600006
v -86.03700256 18.01700020 49.42300034
v -84.77400208 19.56999969 49.23799896
v -84.25399780 20.28000069 49.93099976
v -57.22600174 16.20299911 69.08799744
v -56.75432968 11.48928642 52.48600006
v -56.78677750 11.14348888 52.48600006
v -57.13697052 15.13307953 52.48600006
v -86.13600159 18.68099976 51.11899948
v -86.32448578 18.55815125 51.80099869
v -86.53195953 18.20478630 51.80099869
v -86.48812866 18.41761398 51.80099869
v -86.76593018 17.86590195 51.80099869
v -86.73652649 17.79525948 51.80099869
v -86.91005707 17.61556053 51.80099869
v -66.85500336 9.88099957 0.29899999
v -87.28141022 16.67668724 51.80099869
v -87.29100037 16.69799995 52.14199829
v -87.23785400 16.77188301 51.80099869
v -87.36589813 16.38400078 52.07856369
v -87.34886169 16.46993256 52.17536926
v -87.33699036 16.45197105 51.80099869
v -73.82900238 24.70100021 21.49699974
v -87.22843933 16.78229904 51.80099869
v -87.27585602 16.51048279 51.80099869
v -66.57599640 9.73700047 1.47399998
v -87.32222748 16.38400078 51.80099869
v -87.12006378 16.95118904 51.80099869
v -87.09458160 17.11744690 51.80099869
v -86.88099670 17.40999985 51.31900024
v -64.34038544 0.26176831 107.51999664
v -86.95468140 17.35467339 51.80099869
v -86.91279602 17.45686150 51.80099869
v -87.18303680 16.94948578 52.26729965
v -87.07049561 17.07212830 51.80099869
v -87.43740845 16.06982040 51.80099869
v -87.07135773 17.19644928 52.29070282
v -86.94753265 17.50804520 52.32746506
v -69.20400238 8.52400017 0.29899999
v -87.31855011 16.58858109 52.34531021
v -87.31564331 16.59785843 52.36878967
v -87.15936279 16.97501373 52.26457596
v -69.21700287 8.22700024 0.29899999
v -54.70999908 2.38700008 62.20899963
v -87.37062073 16.39122772 52.22797775
v -87.42299652 16.23800087 52.13999939
v -54.42100143 3.69899988 62.10699844
v -54.55799866 2.87899995 59.98799896
v -69.21900177 8.21100044 3.82399988
v -69.21700287 8.22700024 4.99900007
v -72.93699646 10.36699963 2.94300008
v -86.31700134 18.75799942 52.39199829
v -86.13953400 18.90780830 51.80099869
v -73.13400269 24.12500000 21.49699974
v -86.13853455 18.77159309 51.80099869
v -73.04499817 10.17000008 2.06200004
v -86.51416779 18.37340546 51.80099869
v -76.39600372 1.15900004 65.67800140
v -77.69599915 2.10400009 65.67800140
v -57.19200134 6.94899988 64.51699829
v -57.18899918 7.06099987 87.37200165
v -57.22600174 7.73000002 59.94599915
v -57.18500137 7.28399992 59.94599915
v -78.19184113 2.54362226 51.80099869
v -57.31600189 8.16800022 52.48600006
v -57.30802155 8.12917709 52.48600006
v -81.33000183 3.29999995 44.96300125
v -80.72699738 4.35200024 41.93799973
v -80.11900330 3.78900003 41.91500092
v -86.72699738 18.06399918 52.41699982
v -79.80984497 5.75055742 38.90304184
v -79.66300201 5.03999996 39.37500000
v -81.05500031 5.42899990 41.11800003
v -65.34300232 24.70499992 19.24799919
v -87.15962982 16.98676872 52.31264496
v -57.29944229 8.08741379 52.48600006
v -57.29189682 8.00535679 52.48600006
v -57.18826294 7.10202885 52.48600006
v -57.18911362 7.05979872 52.48600006
v -86.95700073 17.52199936 52.47100067
v -86.91254425 17.60239601 52.48600006
v -54.91600037 20.78800011 86.55699921
v -79.90599823 3.91400003 41.33200073
v -86.95254517 17.53291893 52.48600006
v -79.84999847 3.41400003 42.24000168
v -79.03500366 2.90899992 42.17399979
v -87.13207245 17.05112648 52.44766998
v -87.30112457 16.64417267 52.48600006
v -87.31258392 16.60763168 52.39352036
v -54.13299942 18.74099922 87.29599762
v -87.10919952 17.11002922 52.48600006
v -74.27200317 23.74200058 21.49699974
v -87.02143097 17.32978058 52.48600006
v -55.33499908 21.70000076 83.07199860
v -54.60800171 20.36599922 83.63500214
v -74.75936127 1.13485837 40.19327927
v -81.10199738 1.47200000 49.79700089
v -76.46553802 2.00452590 40.51397705
v -81.35800171 5.14200020 69.08799744
v -81.59899902 5.64599991 89.65799713
v -69.95400238 17.88699913 19.99799919
v -69.20400238 17.88699913 19.99799919
v -68.46800232 14.68999958 38.29800034
v -66.29000092 11.69099998 50.00000000
v -66.44400024 12.66499996 50.00000000
v -81.84999847 7.73000002 59.94599915
v -81.76558685 8.18762302 51.80099869
v -70.41600037 14.68999958 38.29800034
v -81.82299805 6.39400005 69.08799744
v -55.65200043 22.96899986 70.00299835
v -57.18936920 7.04726219 52.48600006
v -66.29000092 11.69099998 38.29800034
v -57.25299835 6.39400005 59.94599915
v -69.44200134 8.53899956 50.00000000
v -69.44200134 8.53899956 38.29800034
v -57.18899918 16.87199974 78.23000336
v -72.59500122 11.69099998 38.29800034
v -66.44400024 10.71700001 38.29800034
v -66.89199829 9.83800030 50.00000000
v -66.89199829 9.83800030 38.29800034
v -67.58899689 9.14099979 38.29800034
v -75.91924286 0.87101477 51.80099869
v -68.46800232 8.69299984 38.29800034
v -54.02899933 17.95800018 84.67500305
v -54.28499985 19.61899948 78.28399658
v -81.36079407 13.26448441 38.80661774
v -81.59200287 11.80399990 28.48600006
v -81.39881897 13.02429295 38.80655670
v -80.64827728 4.25244141 51.80099869
v -81.82299805 6.39400005 59.94599915
v -81.62273407 5.71684647 51.80099869
v -81.82299805 6.39400005 87.37200165
v -81.25460815 13.93524551 38.77530289
v -54.69300079 2.37500000 60.02700043
v -55.01699829 1.44299996 57.94699860
v -54.73600006 2.18700004 57.88899994
v -62.10592270 22.67864418 89.78684235
v -62.10594940 22.68030167 87.18074036
v -55.18799973 1.08399999 57.97499847
v -55.72700119 0.01400000 54.04899979
v -62.10152817 22.69510078 88.06400299
v -86.85054016 17.56500626 51.80099869
v -86.64654541 17.97538948 51.80099869
v -86.52600098 18.13999939 51.41600037
v -87.32273102 16.59737587 52.48600006
v -62.07099915 22.41399956 78.08000183
v -87.37261963 16.38400078 52.23280716
v -87.34303284 16.49795532 52.39539719
v -87.37389374 16.38400078 52.45308304
v -87.36882019 16.40249252 52.44815826
v -74.97899628 24.25300026 21.49699974
v -62.11500168 22.64999962 80.78299713
v -62.10227203 22.69261169 87.48728180
v -62.10315704 22.68964386 77.11891937
v -76.08999634 23.71400070 21.49699974
v -64.82700348 23.86800003 82.05100250
v -77.48000336 22.83300018 21.49699974
v -75.88700104 22.94700050 21.49699974
v -77.38899994 21.95700073 21.49699974
v -77.07299805 22.20199966 19.99799919
v -79.64800262 19.69799995 21.49699974
v -80.12699890 20.26199913 21.49699974
v -78.30599976 21.18199921 21.49699974
v -73.04699707 10.04899979 1.47399998
v -73.00499725 9.92300034 2.35599995
v -72.66699982 9.72700024 2.94300008
v -81.30400085 18.57799911 21.49699974
v -81.69000244 17.85099983 21.49699974
v -72.98500061 10.31200027 0.29899999
v -69.95400238 8.52400017 0.29899999
v -80.54699707 18.37400055 21.49699974
v -81.27400208 16.94799995 21.49699974
v -80.55304718 18.36462212 20.47999954
v -80.62000275 18.26199913 19.99799919
v -80.55558777 18.36083031 19.99792099
v -72.75900269 9.73499966 0.29899999
v -79.85500336 19.43400002 19.99799919
v -75.89800262 22.96100044 19.99799919
v -72.93000031 9.82400036 0.29899999
v -72.64600372 9.72500038 1.47399998
v -77.51399994 22.80900002 19.24799919
v -73.03299713 9.98600006 0.29899999
v -76.26999664 23.61300087 19.24799919
v -74.76499939 23.53499985 19.99799919
v -75.06999969 24.21999931 19.24799919
v -64.33829498 0.26227945 107.00800323
v -81.14686584 14.61586285 38.82451248
v -64.33620453 0.26279059 106.49600220
v -64.33411407 0.26330173 105.98400116
v -81.00499725 15.51200008 39.01712799
v -80.97131348 15.57808876 38.99989319
v -81.40799713 15.36100006 5.80700016
v -81.13820648 14.67053413 38.83424377
v -64.28766632 0.26006046 99.74131775
v -64.29373932 0.26028767 99.66585541
v -86.29699707 18.58900070 51.71900177
v -87.31452179 16.59596252 52.48600006
v -87.31957245 16.57780457 52.48600006
v -87.37342834 16.38400078 52.48600006
v -81.03185272 15.34239197 38.96170425
v -80.73899841 16.35499954 4.84700012
v -79.36299896 3.42100000 59.94599915
v -79.96099854 3.72399998 69.08799744
v -74.25000000 0.06500000 98.42500305
v -74.14084625 0.02893095 51.80099869
v -74.25459290 0.08210927 51.80099869
v -80.83599854 15.58500004 4.55700016
v -81.34899902 14.94099998 5.15500021
v -80.82700348 14.90100002 4.28800011
v -81.00000000 14.15900040 4.28800011
v -80.47200012 15.98700047 4.28800011
v -81.55820465 12.01749802 39.00832367
v -81.58601379 11.84182453 39.04988480
v -81.59200287 11.80399990 39.06340027
v -81.43704987 10.82519054 38.86743927
v -78.25399780 13.86699963 1.05700004
v -81.41929626 10.71305943 38.84761429
v -81.31158447 10.03265285 38.81616592
v -87.40777588 16.26040459 52.48600006
v -81.69200134 13.43299961 5.31599998
v -81.75299835 13.83500004 5.80700016
v -81.85199738 13.05900002 5.80700016
v -81.35800171 13.77200031 4.70200014
v -64.20600128 0.26600000 59.77399826
v -81.19899750 12.64900017 4.28800011
v -81.48999786 12.64400005 4.70200014
v -81.77799988 12.27499962 5.31599998
v -64.11000061 0.24600001 63.08700180
v -81.51399994 11.88700008 4.70200014
v -82.28299713 13.27900028 75.98799896
v -63.96841812 0.16521361 63.91702652
v -63.96092606 0.15769504 63.48799896
v -63.95874405 0.15636279 63.48799896
v -82.49973297 13.06232452 77.82399750
v -82.49792480 13.06409931 77.82399750
v -82.51866150 13.05795956 73.39163208
v -82.56900024 13.02799988 78.08000183
v -82.55300140 13.03299999 73.28600311
v -65.88400269 0.39100000 39.17220306
v -66.04039764 0.36624157 39.11919785
v -66.14886475 0.34906986 39.09373474
v -66.81234741 0.24403660 38.97126007
v -66.93096161 0.22525878 38.95501709
v -64.09200287 -4.53399992 48.40200043
v -65.07700348 -4.54899979 47.93199921
v -87.20800018 14.24600029 67.54399872
v -69.59200287 -0.19599999 28.48600006
v -68.23403931 0.01897384 38.94399643
v -86.27400208 17.38899994 49.21699905
v -86.87799835 17.21500015 50.84899902
v -86.65200043 16.88199997 49.61100006
v -68.29906464 0.00868006 38.94338608
v -86.55300140 17.77799988 50.57600021
v -82.27200317 10.62399960 79.82399750
v -82.27925110 10.63675690 79.77600098
v -82.27964020 10.63953876 79.29080963
v -82.28017426 10.64336777 78.62320709
v -72.97978973 0.34030914 39.64748764
v -73.30000305 0.39100000 28.48600006
v -72.66793823 0.29094058 39.39353180
v -72.19383240 0.21588631 39.25337601
v -71.65532684 0.13063784 39.03395844
v -71.41200256 -0.33500001 39.84099960
v -82.53544617 10.89313889 79.15944672
v -82.55548096 10.89819145 78.65154266
v -82.53012848 10.89146996 77.82399750
v -82.52300262 10.89000034 79.47499847
v -73.30000305 0.39100000 39.94208908
v -82.28581238 10.65671730 77.79551697
v -63.96224594 23.77150536 83.96800232
v -63.96186447 23.77191353 84.00800323
v -63.95728302 23.77320290 83.96800232
v -72.40599823 -0.14700000 40.18099976
v -71.35900116 -0.05300000 39.23799896
v -71.23365021 0.06388391 38.98381805
v -71.08600616 0.04051036 39.02754974
v -82.43000031 10.84200001 77.03399658
v -71.48474121 0.10363358 38.99155045
v -82.56705475 10.90037441 78.21417236
v -73.47403717 0.47970900 39.93848038
v -82.31520081 10.71212387 77.82399750
v -82.59200287 10.91100025 78.42900085
v -82.56977081 10.90380764 77.82399750
v -82.55953979 10.89896297 77.82399750
v -82.56099701 10.90400028 77.03399658
v -82.55843353 10.89875507 77.76673126
v -53.72499847 15.69400024 106.30599976
v -79.30000305 4.75000000 28.48600006
v -79.01315308 4.46326017 39.11089706
v -79.27190399 4.72191143 39.16271591
v -79.37300110 4.66400003 39.37799835
v -53.72100067 8.43299961 104.43699646
v -78.69296265 4.14318943 39.08057404
v -79.62999725 3.97900009 40.78300095
v -79.30000305 4.75000000 39.17197418
v -79.46089172 5.06574106 39.04767227
v -56.84000015 10.36200047 98.42500305
v -81.00499725 8.09599972 39.11246490
v -83.86100006 6.68499994 44.67300034
v -81.02967072 8.25185108 39.05615997
v -80.49592590 7.09696245 38.89781952
v -83.06900024 5.80100012 44.02899933
v -81.76981354 15.81276703 51.80099869
v -79.54523468 5.23126268 39.00794983
v -79.49822235 5.13900757 39.02465057
v -81.13265991 8.90241432 38.93105316
v -81.23547363 9.55186653 38.88172531
v -81.00499725 8.09599972 28.48600006
v -80.02909088 6.18081617 38.87171173
v -80.26703644 6.64777851 38.88111877
v -80.42237854 6.95262289 38.88339615
v -81.88700104 7.06099987 59.94599915
v -78.06199646 21.40500069 19.99799919
v -78.56099701 21.96500015 19.24799919
v -79.05300140 20.41900063 19.99799919
v -81.29141235 9.90524197 38.81331253
v -80.15200043 3.83999991 59.94599915
v -78.91857910 3.25945187 51.80099869
v -78.93900299 3.27999997 51.80099869
v -76.00697327 0.92338002 51.80099869
v -80.45999908 19.87800026 19.24799919
v -81.82997894 6.46674109 51.80099869
v -81.82594299 6.53970051 51.80099869
v -81.76981354 8.12023258 51.80099869
v -81.46800232 16.48600006 19.99799919
v -81.19999695 17.13199997 19.99799919
v -81.82299805 6.39400005 51.80099869
v -80.55591583 18.36017609 19.99799919
v -81.65817261 5.82023287 51.80099869
v -80.61083221 4.22132349 51.80099869
v -81.64499664 11.11999989 5.00099993
v -81.85199738 10.71500015 5.80700016
v -56.84000015 13.57100010 98.42500305
v -81.90200043 11.88700008 5.80700016
v -79.76899719 3.60800004 59.94599915
v -63.98165512 23.75060272 81.91999817
v -64.12599945 23.67300034 82.61299896
v -63.98500061 23.74699974 81.56700134
v -63.98092651 23.75085258 81.91999817
v -79.98182678 3.73665071 51.80099869
v -79.94006348 3.71134949 51.80099869
v -56.73899841 11.96700001 98.42500305
v -78.10875702 2.47014332 51.80099869
v -77.91057587 2.32608175 51.80099869
v -81.21099854 11.50599957 4.28800011
v -81.69200134 10.34099960 5.31599998
v -80.89561462 5.90860653 50.00000000
v -71.29499817 9.14099979 50.00000000
v -67.58899689 9.14099979 50.00000000
v -61.35749054 2.07855034 50.00000000
v -57.18899918 7.06099987 105.65599823
v -56.80599213 12.68575573 50.00000000
v -57.17760086 15.05212116 50.00000000
v -57.53241348 16.19130898 50.00000000
v -58.16152573 6.11823893 50.00000000
v -66.44400024 10.71700001 50.00000000
v -56.94204712 9.89875507 50.00000000
v -56.94198990 9.89905834 50.00000000
v -68.46800232 8.69299984 50.00000000
v -62.02001953 1.55598164 50.00000000
v -54.05199814 6.55299997 103.99800110
v -53.81399918 7.37300014 100.88999939
v -53.89199829 6.83699989 96.58100128
v -54.02399826 6.43499994 101.95200348
v -53.97299957 6.48000002 100.08399963
v -81.77154541 15.72941017 51.80099869
v -81.80543518 15.71568584 51.80099869
v -81.80100250 15.68599987 51.80099869
v -81.80329132 15.69703865 51.80099869
v -81.80405426 15.70070839 51.80099869
v -81.80100250 15.68599987 51.49399948
v -81.81304169 15.64882088 50.00000000
v -81.81301880 15.64891720 50.00000000
v -63.94699860 0.15600000 64.48100281
v -63.94318008 0.15101624 63.48799896
v -63.94921875 0.15636505 64.33647919
v -63.95246887 0.15689890 64.12513733
v -63.94052887 0.14523609 63.48799896
v -63.92499924 0.13300000 63.08700180
v -63.94984055 0.15714805 64.49029541
v -81.81507874 15.64064217 51.80099869
v -81.81266785 15.65002060 51.80099869
v -81.80233002 15.68190670 51.80099869
v -81.80175781 15.68366051 51.80099869
v -63.95325470 0.15814067 64.53248596
v -81.81308746 15.64860153 50.00000000
v -81.82774353 15.58428955 51.80099869
v -81.82061005 15.61913586 51.80099869
v -81.91170502 15.18244934 51.80099869
v -81.88541412 15.30924225 51.80099869
v -81.81590271 15.52890110 51.80099869
v -81.91999817 15.14242172 51.80099869
v -81.81295776 15.64912319 50.00000000
v -81.84572601 15.50068378 51.80099869
v -81.81299591 15.64900303 50.00000000
v -81.84484100 15.50494099 51.80099869
v -63.94970703 0.14809017 63.08700180
v -63.95392609 0.15066764 63.08700180
v -63.96125412 0.15753466 62.60076523
v -63.89233017 0.08465227 51.80099869
v -63.94136429 0.14643875 62.38657379
v -63.94544220 0.14841047 62.49213791
v -63.93867874 0.14513904 62.31698608
v -63.93315506 0.13798171 63.08700180
v -63.93346405 0.13833366 63.11092377
v -63.93333435 0.13816693 63.07165909
v -82.52474976 13.05615902 74.19441223
v -82.53046417 13.05147076 74.01052856
v -82.52767944 13.05529022 73.72799683
v -82.53231049 13.05087757 73.72799683
v -63.95399857 0.16100000 60.99399948
v -58.19020081 4.50141191 51.80099869
v -58.20808411 4.48396301 51.80099869
v -57.71799850 5.14200020 59.94599915
v -57.48153305 5.66182852 52.48600006
v -57.51599884 5.54099989 69.08799744
v -81.41799927 10.37600040 4.70200014
v -60.14006805 3.27671409 51.80099869
v -60.20800018 3.20400000 73.86399841
v -60.13700104 3.27999997 51.80099869
v -81.06199646 9.99100018 4.28800011
v -57.51599884 18.39200020 78.23000336
v -76.64499664 2.09599996 28.48600006
v -77.52845764 2.97912574 39.55276108
v -77.36347961 2.81420541 39.69509888
v -77.80400085 2.81800008 40.38399887
v -77.17379761 2.62459779 39.89638138
v -77.02558899 2.47644687 40.07737350
v -76.64499664 2.09599996 40.54767990
v -82.41699982 16.05900002 19.24799919
v -81.88300323 17.44099998 19.24799919
v -81.60500336 9.17099953 5.80700016
v -80.70500183 6.59100008 5.80700016
v -81.25199890 6.76000023 8.74899960
v -81.34899902 8.83300018 5.15500021
v -81.06500244 8.11499977 5.00099993
v -55.20999908 3.18300009 93.79100037
v -81.56900024 9.57600021 5.31599998
v -80.52700043 7.96999979 4.28800011
v -81.25700378 9.25100040 4.77500010
v -78.07507324 3.52553725 39.22317123
v -78.61939240 4.06964684 39.09185791
v -78.83100128 3.20300007 41.06900024
v -78.55750275 4.00778484 39.13636017
v -57.51599884 5.54099989 105.65599823
v -57.25299835 6.39400005 96.51399994
v -78.98600006 3.74000001 40.20299911
v -69.00154877 14.30413723 28.48600006
v -68.24897766 13.94258785 28.48600006
v -69.42626190 14.37916088 28.48600006
v -67.71129608 13.47692204 28.48600006
v -68.80699921 14.26500034 28.48600006
v -68.60590363 14.16413975 28.48600006
v -67.90699768 13.74499989 28.48600006
v -69.62461090 14.38144016 28.48600006
v -67.35398102 13.01288795 28.48600006
v -67.17600250 12.57600021 28.48600006
v -70.88925171 13.98923206 28.48600006
v -67.25275421 12.75914860 28.48600006
v -76.59700012 15.44699955 0.28200001
v -76.11799622 15.06400013 0.08200000
v -76.87699890 14.34599972 0.20400000
v -59.50999832 3.51500010 91.94300079
v -77.19799805 13.85499954 0.28200001
v -61.98513794 1.62886024 51.80099869
v -61.98475266 1.62924683 51.80099869
v -61.98526001 1.62810194 51.80099869
v -62.00071335 1.61185193 104.44799805
v -62.01019287 1.59525084 104.44799805
v -84.07800293 12.93700027 47.69499969
v -84.07800293 12.93700027 51.80099869
v -77.41400146 15.17399979 0.67199999
v -82.41261292 12.93700027 46.02961349
v -77.80599976 14.01200008 0.67199999
v -76.98100281 13.23799992 0.14700000
v -86.18699646 15.95199966 48.02799988
v -77.05899811 12.70100021 0.14700000
v -77.43199921 12.31599998 0.28200001
v -61.99902725 1.61480069 104.44799805
v -76.52100372 12.64200020 0.02200000
v -87.04199982 13.19799995 48.76300049
v -63.19800186 -1.11600006 51.80099869
v -69.31900024 14.36800003 25.24699974
v -68.80699921 14.26500034 25.24699974
v -63.94699860 0.15600000 103.53500366
v -63.95999908 0.16599999 102.13999939
v -77.86199951 15.13799953 1.05700004
v -82.41261292 12.93700027 49.54566193
v -82.43889618 10.83699989 46.05589676
v -82.43889618 10.83699989 46.25496674
v -69.21900177 15.56400013 24.99699974
v -69.20400238 15.25000000 24.99699974
v -69.95099640 15.49899960 24.99699974
v -69.95400238 15.25000000 24.99699974
v -77.88200378 12.78999996 0.55599999
v -78.06999969 12.19400024 0.67199999
v -64.31353760 0.26769680 51.80099869
v -64.30267334 0.26689780 51.80099869
v -64.37725830 0.24534364 51.80099869
v -81.81079865 8.12035942 50.00000000
v -81.81295776 8.12587357 50.00000000
v -81.80100250 8.08800030 51.49399948
v -81.82762909 8.19200039 51.80099869
v -57.66817856 7.20559978 50.00000000
v -57.17881393 8.71953297 50.00000000
v -78.41500092 10.89200020 1.05700004
v -68.42500305 14.37600040 24.99699974
v -69.85399628 14.61699963 24.99699974
v -81.58074188 5.64279699 51.80099869
v -67.17600250 12.57600021 25.24699974
v -57.22600174 7.73000002 96.51399994
v -77.05899811 11.07400036 0.14700000
v -76.51599884 10.09500027 0.05700000
v -76.52100372 11.13199997 0.02200000
v -87.00900269 10.14099979 48.76300049
v -86.63600159 8.61400032 48.49900055
v -77.56900024 11.01799965 0.36000001
v -77.76899719 11.59099960 0.45800000
v -77.64099884 10.41600037 0.45800000
v -78.98523712 3.29537702 51.80099869
v -79.02951813 3.31577063 51.80099869
v -82.54824829 10.89684296 77.23808289
v -62.07659912 1.15054750 52.48600006
v -62.07540512 1.15085256 52.48600006
v -82.54959106 10.89709854 76.88072968
v -82.54074860 10.89441681 77.03399658
v -82.55031586 10.89723682 76.68833923
v -82.55056763 10.89739418 76.86389160
v -80.28466034 4.88303852 50.00000000
v -79.58998871 3.91228747 50.00000000
v -67.09200287 12.06099987 28.48600006
v -80.69167328 4.17362738 51.80099869
v -80.71563721 4.32241964 51.80099869
v -82.53896332 10.89357090 77.03399658
v -81.80405426 8.07329178 51.80099869
v -81.85327911 6.70958948 51.80099869
v -82.54822540 10.89591312 76.82575989
v -82.54903412 10.89642239 75.77600098
v -82.54759979 10.89551735 75.77600098
v -82.53897095 10.89329243 75.77600098
v -81.80100250 8.08800030 51.80099869
v -82.56099701 10.90400028 75.63899994
v -81.86002350 6.52287436 51.80099869
v -81.86711884 6.33739853 51.80099869
v -81.86499786 6.31500006 51.80099869
v -81.86590576 6.35983086 51.80099869
v -81.79087830 6.05835295 51.80099869
v -81.67430115 5.66077471 51.80099869
v -81.67725372 5.66937971 51.80099869
v -82.55483246 10.89692402 73.72799683
v -82.54747009 10.89543343 75.55420685
v -82.29100037 10.66899967 77.03399658
v -82.29959106 10.68245602 77.35852814
v -80.59059906 4.09600019 51.80099869
v -81.22258759 4.93449736 51.80099869
v -66.55999756 14.03899956 24.99699974
v -66.19200134 13.91800022 24.99699974
v -66.12599945 13.78899956 24.99699974
v -66.11699677 13.59700012 24.99699974
v -66.20600128 13.42599964 24.99699974
v -66.48000336 13.24400043 24.99699974
v -82.29485321 10.67332077 76.96739960
v -82.29553223 10.67464066 77.03399658
v -80.72397614 4.20479059 51.80099869
v -80.70322418 4.18320894 51.80099869
v -81.05771637 4.60845232 51.80099869
v -67.54499817 13.72799969 24.99699974
v -67.37799835 13.05799961 25.24699974
v -67.10099792 13.03800011 24.99699974
v -81.27290344 4.86872053 51.80099869
v -81.45681763 5.23289394 51.80099869
v -81.66139984 5.63798952 51.80099869
v -82.27571106 10.63008690 63.19091415
v -81.68524933 5.69262648 51.80099869
v -82.42199707 10.81599998 74.76799774
v -67.90699768 13.74499989 25.24699974
v -63.92499924 0.13300000 99.34999847
v -63.94699860 0.15600000 100.74500275
v -82.30461121 10.69032383 77.54826355
v -54.46400070 4.72599983 95.81999969
v -82.29934692 10.67938900 77.03399658
v -82.29828644 10.67717266 76.90802002
v -54.63899994 4.13000011 92.93399811
v -81.15299988 6.43499994 51.49399948
v -81.86499786 6.31500006 51.49399948
v -81.67900085 5.67100000 51.49399948
v -81.27700043 4.87500000 51.49399948
v -54.05099869 5.65100002 85.38600159
v -54.12599945 5.55499983 94.10500336
v -82.54872894 10.89623165 75.56211090
v -82.55603790 10.89767265 73.72799683
v -54.33100128 4.84999990 93.30500031
v -54.31800079 4.70100021 90.23999786
v -64.33202362 0.26381287 105.47200012
v -82.31500244 10.71500015 69.18900299
v -82.30838776 10.69699669 73.42632294
v -80.70899963 4.18800020 51.49399948
v -79.88500214 4.29699993 51.49399948
v -80.00199890 3.64499998 51.49399948
v -80.89984894 5.91573763 50.00000000
v -81.24868011 6.63134289 50.00000000
v -54.79199982 3.25000000 84.77100372
v -64.32430267 0.26624399 99.45645905
v -84.93599701 3.86700010 76.38899994
v -84.37400055 3.17799997 77.15100098
v -85.11699677 4.00400019 73.05200195
v -64.25207520 0.27291998 57.34400177
v -64.25299835 0.27500001 57.85599899
v -64.27799988 0.27100000 56.11299896
v -64.27243805 0.27260748 55.29600143
v -81.80271912 8.09405231 51.80099869
v -84.40499878 3.12400007 71.34899902
v -83.82299805 2.59999990 72.89299774
v -66.83000183 11.88700008 24.99699974
v -71.69889069 13.18411064 28.48600006
v -71.90102386 12.80279636 28.48600006
v -71.25935364 13.71754837 28.48600006
v -71.55944061 13.40753651 28.48600006
v -71.06328583 13.89423752 28.48600006
v -70.62620544 14.15112782 28.48600006
v -69.84100342 14.37399960 28.48600006
v -70.09748077 14.30978394 28.48600006
v -71.97397614 12.54897213 28.48600006
v -70.31015015 14.27196217 28.48600006
v -85.83300018 5.96299982 48.71300125
v -85.45600128 5.34499979 48.67599869
v -85.09100342 5.11600018 48.25400162
v -83.94400024 4.18100023 47.56900024
v -83.98699951 4.98899984 46.42699814
v -84.86699677 6.04500008 46.83000183
v -71.27300262 14.03199959 24.99699974
v -70.56500244 14.44799995 24.99699974
v -69.84100342 14.37399960 25.24699974
v -70.51599884 14.20499992 25.24699974
v -64.32992554 0.26432401 104.95999908
v -69.45099640 15.81900024 24.99699974
v -69.36499786 15.77299976 24.99699974
v -86.58300018 7.71899986 48.79999924
v -69.90399933 15.65400028 24.99699974
v -69.73699951 15.80500031 24.99699974
v -70.97399902 13.95499992 25.24699974
v -71.48999786 13.48999977 25.24699974
v -86.18800354 6.71999979 48.71099854
v -64.11000061 0.25799999 57.50699997
v -83.47299957 3.91499996 47.22700119
v -83.21299744 3.13800001 48.62699890
v -75.12038422 0.39420143 51.80099869
v -74.87579346 0.27834889 51.80099869
v -75.59193420 0.61755186 51.80099869
v -75.96609497 0.79477513 51.80099869
v -77.82399750 2.15554452 51.80099869
v -76.02951813 0.83266437 51.80099869
v -74.28813171 0.00000000 51.80099869
v -74.18688202 -0.04749043 51.80099869
v -74.26253510 -0.01212527 51.80099869
v -78.22345734 2.45657945 50.00000000
v -75.97914124 0.80208492 50.00000000
v -75.97896576 0.80198002 50.00000000
v -74.17572784 -0.05208928 50.00000000
v -74.17601013 -0.05199613 50.00000000
v -74.17623901 -0.05188961 50.00000000
v -81.93099976 4.28100014 44.01800156
v -77.59600067 8.02600002 1.05700004
v -77.41400146 8.60000038 0.67199999
v -77.02799988 8.10900021 0.55599999
v -78.97372437 3.19467282 51.80099869
v -78.97670746 3.19767880 51.80099869
v -63.89945221 0.09283724 51.80099869
v -75.12300110 7.34800005 0.05700000
v -78.99423981 3.20573497 51.80099869
v -79.00790405 3.21201468 51.80099869
v -79.99558258 3.64110446 51.80099869
v -78.99088287 3.20461893 51.80099869
v -78.79266357 3.01631832 51.80099869
v -78.52280426 2.75049496 51.80099869
v -80.00841522 3.64886189 51.80099869
v -76.74700165 8.25100040 0.36000001
v -77.19599915 9.32100010 0.36000001
v -78.98000336 3.20099998 51.49399948
v -76.32199860 7.82999992 0.28200001
v -79.58696747 3.90863180 50.00000000
v -62.01618195 1.59505308 96.25599670
v -62.01231384 1.59925282 98.30400085
v -62.02837753 1.57112670 98.30400085
v -62.03443909 1.56308532 96.25599670
v -78.98000336 3.20099998 51.80099869
v -76.24299622 8.80399990 0.09100000
v -76.70899963 9.48499966 0.14700000
v -78.97806549 3.19905090 51.80099869
v -77.36100006 9.87699986 0.36000001
v -78.08200073 9.26399994 1.05700004
v -62.02861786 1.57647872 94.20800018
v -62.00946045 1.60424876 98.30400085
v -62.01293945 1.60073137 96.25599670
v -78.21399689 11.57499981 0.78899997
v -64.30237579 0.26882675 98.30400085
v -64.30039215 0.26904780 98.22697449
v -78.25399780 9.90699959 1.05700004
v -78.07900238 10.33600044 0.78899997
v -77.86199951 8.63599968 1.05700004
v -63.89823532 0.09236032 51.80099869
v -63.89506149 0.08930600 51.80099869
v -63.90282059 0.09741282 51.80099869
v -63.94699860 0.15600000 58.90200043
v -57.29944229 15.84558582 52.48600006
v -57.29426575 15.99130344 52.48600006
v -69.95400238 5.88700008 4.99900007
v -56.75591660 12.28800011 52.48600006
v -69.69100189 7.95400000 4.99900007
v -56.88769150 13.83969307 52.48600006
v -56.82839203 13.32459354 52.48600006
v -56.76399994 12.76799965 82.05100250
v -69.49900055 7.94500017 4.99900007
v -69.48300171 7.94700003 3.82399988
v -69.20400238 5.88700008 4.99900007
v -57.29621124 15.69545364 52.48600006
v -69.20400238 5.88700008 19.99799919
v -57.28637314 8.28198814 52.48600006
v -57.30976105 8.19200039 52.48600006
v -57.05400085 9.17599964 65.67800140
v -69.36499786 8.00199986 4.99900007
v -82.64450836 13.01856136 53.24800110
v -57.35699844 15.68599987 51.49399948
v -82.53395844 13.05035019 73.47656250
v -82.52894592 13.05491543 73.52671051
v -57.34723282 15.73352718 52.48600006
v -57.17692947 15.04964542 50.00000000
v -56.94200134 13.87500381 50.00000000
v -56.94197845 13.87481880 50.00000000
v -56.80599976 12.68599987 50.00000000
v -66.29599762 0.00900000 5.80700016
v -66.70899963 0.05100000 5.23500013
v -56.80219650 12.56443977 52.48600006
v -56.80599976 12.68615246 52.48600006
v -56.93165588 13.78470421 52.48600006
v -56.75914383 12.60996151 52.48600006
v -56.94230270 13.87712955 52.48600006
v -56.76399994 12.76529121 52.48600006
v -56.82376862 13.28445435 52.48600006
v -57.14155197 14.87336445 52.48600006
v -82.39399719 13.12399960 72.84999847
v -82.35500336 13.16800022 71.01899719
v -56.11700058 -0.47499999 54.59999847
v -56.68899918 -0.37599999 67.54399872
v -82.50000000 13.05000019 68.66600037
v -66.56600189 0.63800001 4.28800011
v -66.42199707 0.46599999 4.55700016
v -67.88099670 0.07300000 4.70200014
v -68.05899811 0.34099999 4.28800011
v -56.44400024 -0.85500002 54.27399826
v -57.40206528 -1.85760498 52.48600006
v -55.86933899 0.00000000 51.80099869
v -55.79786682 0.00044623 51.80099869
v -55.92120743 -0.08626483 51.80099869
v -55.81100082 -0.09400000 52.46400070
v -56.84000015 -1.33899999 52.08300018
v -56.13839340 -0.43035305 51.80099869
v -56.90139008 13.95752525 52.48600006
v -56.98248672 14.36266422 52.48600006
v -56.98222351 14.36136532 52.48600006
v -57.17700195 15.05000687 50.00000000
v -57.17791367 15.05319500 52.48600006
v -57.34539413 15.64498329 52.48600006
v -54.50923920 15.35336304 51.80099869
v -54.51539612 12.88219547 51.80099869
v -72.75800323 0.38900000 4.70200014
v -72.95800018 0.74900001 4.28800011
v -70.90200043 0.02500000 4.70200014
v -57.35699844 15.68599987 52.48600006
v -70.72000122 0.30399999 4.28800011
v -69.19899750 0.25400001 4.28800011
v -72.44599915 0.07000000 5.15500021
v -70.54399872 -0.25400001 5.23500013
v -64.33812714 0.26267743 99.32800293
v -64.29895020 0.26066884 99.60784149
v -64.32783508 0.26483515 104.44799805
v -54.56307983 12.28800011 51.80099869
v -54.56289673 15.00526714 51.80099869
v -54.56286621 15.40201855 51.80099869
v -54.56700134 6.71000004 51.43399811
v -54.56312943 11.61176777 51.80099869
v -56.52035904 -0.85940373 51.80099869
v -56.19847870 -0.45249721 51.80099869
v -56.80927277 -1.26946020 51.80099869
v -71.84600067 13.44400024 24.99699974
v -62.00458145 1.60765219 102.40000153
v -62.01625443 1.58720946 102.40000153
v -78.22652435 2.45948172 50.00000000
v -62.02231598 1.57916808 100.35199738
v -78.02688599 2.30511212 51.80099869
v -56.72900009 -1.07400000 51.37799835
v -72.67900085 13.24400043 24.99699974
v -72.66400146 14.03499985 24.99699974
v -72.10500336 12.95899963 24.99699974
v -72.93000031 13.95100021 24.99699974
v -57.16221619 -1.59652853 51.80099869
v -62.00250626 1.61128330 102.40000153
v -78.23045349 2.46251512 51.80099869
v -78.17039490 2.40934896 51.80099869
v -78.18089294 2.41864276 51.80099869
v -78.22385406 2.45686817 50.00000000
v -78.22401428 2.45701528 50.00000000
v -81.41764069 1.36702859 52.48600006
v -81.25331116 1.27211833 52.48600006
v -80.98040771 1.20647204 52.48600006
v -73.93699646 0.47999999 5.31599998
v -80.70119476 1.04518795 52.48600006
v -69.91200256 3.00099993 1.05700004
v -79.07269287 3.30166316 50.00000000
v -69.42199707 7.96899986 2.64899993
v -69.33799744 8.02000046 2.64899993
v -69.31900024 8.04800034 0.29899999
v -69.49900055 7.94500017 0.29899999
v -56.77508926 -1.17830968 51.80099869
v -56.93027878 -1.32212210 51.80099869
v -57.30699921 -1.76400006 51.63899994
v -57.08000183 -1.44400001 51.20199966
v -82.57235718 10.90089226 69.63200378
v -82.57135010 10.90026855 69.63200378
v -57.33671570 -1.81163692 52.16771698
v -57.24380493 -1.70861220 52.45988846
v -56.83936691 -1.32377875 52.39091110
v -57.25622940 -1.72392750 52.48600006
v -64.32332611 0.26649570 99.11632538
v -64.28600311 0.27200001 94.81700134
v -56.84972763 -1.34722722 52.48600006
v -71.85700226 12.90200043 25.24699974
v -72.29799652 12.25300026 24.99699974
v -56.01399994 -0.39899999 53.47600174
v -73.01799774 13.51900005 24.99699974
v -56.78808212 -1.27005255 52.48600006
v -64.25770569 0.25752598 98.30400085
v -67.09507751 11.89000416 28.48600006
v -67.28327179 11.00564098 28.48600006
v -67.10297394 11.54652405 28.48600006
v -67.53180695 10.51327515 28.48600006
v -67.81251526 10.12660980 28.48600006
v -67.86102295 10.07687664 28.48600006
v -68.09926605 9.90208721 28.48600006
v -68.24390411 9.81012154 28.48600006
v -68.45702362 9.66089916 28.48600006
v -68.86685944 9.52759361 28.48600006
v -69.21111298 9.41816044 28.48600006
v -69.53764343 9.41191673 28.48600006
v -69.48300171 7.94700003 1.47399998
v -57.25696182 -1.71999621 52.48600006
v -57.34400177 -1.80253875 52.48600006
v -56.81700134 -0.86400002 50.31700134
v -56.94195938 9.89936352 50.00000000
v -56.79300308 11.48787785 50.00000000
v -56.79299545 11.48812199 50.00000000
v -57.17697525 8.72511292 50.00000000
v -69.64399719 7.93800020 2.64899993
v -56.96527863 9.77683067 52.48600006
v -56.93743515 9.92821121 52.48600006
v -66.15200043 4.11299992 0.67199999
v -65.53199768 4.25299978 0.78899997
v -57.07487488 9.10223770 52.48600006
v -57.06870651 9.13309002 52.48600006
v -56.96893311 9.63194466 52.48600006
v -56.95835114 9.68486214 52.48600006
v -56.92131042 10.07989502 52.48600006
v -56.93072510 9.82299042 52.48600006
v -56.79497910 11.42714405 52.48600006
v -66.93299866 4.47599983 0.28200001
v -65.74099731 4.64699984 0.45800000
v -67.33470917 10.81276608 28.48600006
v -56.81239700 10.87044621 52.48600006
v -56.79117584 11.54870415 52.48600006
v -57.38499832 -1.22899997 49.73199844
v -59.45745468 -3.39841413 52.48600006
v -58.61611557 -2.83536196 52.48600006
v -59.47100067 -2.73399997 67.54399872
v -67.16899872 5.13999987 0.05700000
v -66.49299622 5.52699995 0.04000000
v -61.16610718 -4.41370106 52.48600006
v -60.60463333 -4.09600019 52.48600006
v -61.84199905 -4.10300016 67.54399872
v -60.01890182 -3.76457500 52.48600006
v -59.94852066 -3.72620988 52.48600006
v -66.92099762 11.25399971 24.99699974
v -67.21399689 10.48600006 24.99699974
v -67.37799835 10.71700001 25.24699974
v -61.19210815 -4.42377615 52.48600006
v -58.60002518 -2.82387233 52.48600006
v -59.91458511 -3.70434284 52.48600006
v -67.61399841 4.80800009 0.09100000
v -69.57599640 4.72599983 0.05700000
v -68.02700043 4.17299986 0.28200001
v -68.56600189 3.91400003 0.36000001
v -57.16452408 8.78144455 52.48600006
v -67.54499817 10.04699993 24.99699974
v -57.35699844 8.08800030 51.49399948
v -57.17760086 8.72287560 50.00000000
v -57.12006760 8.87627316 52.48600006
v -57.08263779 9.06343555 52.48600006
v -67.78600311 10.15499973 25.24699974
v -66.48000336 10.53100014 24.99699974
v -67.09200287 12.06099987 25.24699974
v -62.01813126 1.59293592 95.22354126
v -62.03713989 1.55950165 95.34331512
v -62.04206848 1.55297446 94.20800018
v -84.03700256 13.01700020 52.48600006
v -62.05096436 1.54119992 92.16000366
v -54.56317139 10.98390102 51.80099869
v -54.51588058 5.80650187 51.80099869
v -54.56331635 8.87916946 51.80099869
v -54.64699936 7.11499977 50.50500107
v -62.01472855 1.59892142 95.20210266
v -62.01806641 1.59491634 94.20800018
v -54.56336212 8.19200039 51.80099869
v -57.31222534 8.18252850 52.48600006
v -57.20375061 7.23702335 52.48600006
v -57.20077515 6.93828154 52.48600006
v -54.68299866 2.31500006 54.26800156
v -54.58499908 2.98499990 52.56900024
v -54.49200058 3.48499990 54.29600143
v -57.77899933 5.04799986 91.94300079
v -58.24800110 4.42299986 87.37200165
v -54.86000061 1.72200000 53.48699951
v -57.34400177 0.25400001 91.17099762
v -55.15499878 0.99299997 53.44300079
v -62.04976654 1.54329014 92.16000366
v -63.96910858 0.16653141 101.39774323
v -63.96885681 0.16635835 101.37599945
v -63.96297836 0.16228341 100.86399841
v -62.05338669 1.53760815 91.80937195
v -62.10599899 1.42600000 93.42299652
v -62.05183029 1.54005063 91.96009827
v -57.34278488 7.99218559 52.48600006
v -57.23099899 6.98199987 51.49399948
v -57.23045731 7.00619793 52.48600006
v -62.02494431 1.58666515 92.16000366
v -57.33952713 8.15522671 52.48600006
v -69.79599762 8.00500011 2.50200009
v -69.77899933 7.99499989 3.82399988
v -64.32574463 0.26534629 103.93599701
v -82.28969574 13.26849461 61.75341034
v -82.29040527 13.26739120 61.43999863
v -82.28997803 13.26803017 61.43999863
v -82.28299713 13.27900028 65.87599945
v -82.31600189 13.21399975 63.61000061
v -64.32365417 0.26585743 103.42400360
v -64.29872894 0.26047406 99.60394287
v -69.85299683 8.05700016 0.29899999
v -82.30599976 13.24100018 56.81000137
v -82.29905701 13.25402069 57.64243317
v -82.32682800 13.21319294 61.01216888
v -69.92199707 8.16600037 1.47399998
v -67.10399628 11.53899956 25.24699974
v -82.26124573 13.36964226 51.80099869
v -82.34100342 13.19299984 67.44499969
v -82.27004242 13.35473728 51.80099869
v -71.37000275 4.39699984 0.20400000
v -82.25341034 13.41865063 51.80099869
v -72.55400085 4.42000008 0.36000001
v -73.15399933 4.51300001 0.45800000
v -72.43000031 4.73299980 0.20400000
v -72.86100006 5.11700010 0.14700000
v -61.43999863 -0.11206666 51.80099869
v -61.42100143 -0.14500000 51.80099869
v -61.43999863 -0.15597360 51.80099869
v -73.59799957 4.92600012 0.36000001
v -57.47556686 -1.94439995 51.80099869
v -57.42985535 -1.89353228 51.80099869
v -57.45977402 -1.92924106 51.87679291
v -57.59757233 -2.04800010 51.82716370
v -57.60089493 -2.04800010 51.80099869
v -58.04800034 -2.38700008 51.23600006
v -57.56200027 -2.06699991 52.27299881
v -73.06999969 5.84000015 0.02200000
v -57.39728165 -1.89080882 52.48600006
v -64.24282837 0.26244548 91.77845001
v -64.25286102 0.26278266 91.73330688
v -64.28145599 0.26039076 98.63857269
v -57.51760864 -2.02440000 52.48600006
v -61.38000107 -0.06600000 52.48600006
v -61.43999863 -0.10065346 52.48600006
v -61.41807556 0.00000000 52.48600006
v -64.30200195 0.27200001 91.67900085
v -64.31626892 0.26579157 99.00109100
v -57.62931824 -2.04800010 52.48600006
v -66.20800018 10.33600044 24.99699974
v -66.85500336 9.88099957 24.99699974
v -64.29322815 0.25961098 99.03855896
v -64.25672150 0.26147336 91.68419647
v -64.67720795 0.12679213 92.16000366
v -57.67021942 -2.11060858 51.80099869
v -64.17299652 0.27300000 92.37699890
v -63.95962906 0.16253799 91.05995178
v -64.02300262 0.21600001 93.07399750
v -66.17800140 9.88700008 24.99699974
v -66.47200012 9.74300003 24.99699974
v -82.58867645 10.90411186 65.53600311
v -82.59683228 10.90572166 63.48799896
v -82.59613037 10.90528488 63.48799896
v -82.58787537 10.90361309 65.53600311
v -64.27811432 0.26419488 91.63210297
v -82.60439301 10.90695763 61.43999863
v -62.04920959 1.54347301 90.57408905
v -62.04415131 1.55012691 90.11199951
v -62.04166794 1.55907249 90.19577026
v -62.04042435 1.56124961 90.11199951
v -62.05263901 1.53898036 91.70621490
v -82.29599762 10.68400002 65.17900085
v -82.34600067 10.76700020 64.48100281
v -82.30622864 10.69487000 65.22473907
v -62.06327438 1.52481854 86.01599884
v -82.30567932 10.69363117 65.01904297
v -82.48600006 10.87300014 62.04000092
v -82.30577087 10.69382000 65.01792145
v -68.10299683 9.57499981 24.99699974
v -82.30519104 10.69272327 65.25218964
v -62.10800171 1.24500000 83.83399963
v -68.41300201 9.69499969 25.24699974
v -82.28128052 10.64227295 63.55643463
v -82.30567932 10.69363022 65.01905060
v -62.04676819 1.55289781 88.06400299
v -62.03300095 1.57700002 89.76100159
v -62.03182220 1.57841408 90.11199951
v -82.28101349 10.64162731 63.53459930
v -82.28044891 10.64025021 63.48799896
v -82.28024292 10.63999557 63.48799896
v -82.28098297 10.64153767 63.48799896
v -62.02999878 1.58399999 85.40299988
v -82.28327179 10.64785767 66.74456787
v -64.26486206 0.26442859 90.11199951
v -64.27619171 0.26356667 91.62832642
v -64.26321411 0.26388133 90.11199951
v -58.09714127 -2.46543694 51.84120941
v -58.53358078 -2.80610919 51.80099869
v -58.12001801 -2.48051500 51.80099869
v -64.23344421 0.26294461 90.11199951
v -58.57713318 -2.83990645 51.80099869
v -58.57798386 -2.83931065 51.82645416
v -58.41990662 -2.71592808 51.84085846
v -64.32245636 0.26672104 88.06400299
v -68.94200134 9.21199989 24.99699974
v -69.84100342 9.40100002 25.24699974
v -69.31900024 9.40699959 25.24699974
v -58.57722855 -2.83997297 51.80099869
v -58.57864761 -2.83980441 51.82604980
v -64.26313782 0.25930020 91.60269165
v -64.27236176 0.26231486 91.62080383
v -64.25869751 0.26237753 90.11199951
v -64.25312042 0.26052034 90.11199951
v -58.60362244 -2.85763812 51.80099869
v -58.44258499 -2.73087502 51.80099869
v -58.77199936 -2.94799995 51.22200012
v -58.61824417 -2.91904593 52.48600006
v -82.29383087 10.66468430 64.03292847
v -82.27200317 10.62399960 65.87599945
v -72.62500000 5.60400009 0.02200000
v -69.64265442 9.40328026 28.48600006
v -82.28664398 10.65891171 61.69824600
v -82.27739716 10.63648415 63.48799896
v -71.85299683 4.71500015 0.14700000
v -69.20400238 8.52400017 24.99699974
v -72.05500031 4.07499981 0.45800000
v -58.05286026 -2.47399998 52.48600006
v -82.64258575 13.01921749 52.48600006
v -64.30124664 0.25760609 99.46805573
v -82.63368988 13.02111340 52.48600006
v -82.53800201 13.03800011 66.22499847
v -82.63790894 13.02265263 52.48600006
v -58.62145615 -2.92139363 52.48600006
v -82.55355072 13.04763126 52.48600006
v -82.65699768 13.01700020 52.48600006
v -68.25299835 3.08800006 1.05700004
v -67.34500122 3.83899999 0.55599999
v -67.90299988 3.55699992 0.67199999
v -82.27346039 10.62569714 63.07986450
v -82.27532196 10.62786579 63.07074738
v -82.27562714 10.62981033 62.95211792
v -82.27570343 10.63028812 62.92298126
v -82.27580261 10.63064480 63.22108078
v -82.28035736 10.63980961 62.59759903
v -82.27293396 10.62508774 63.08242416
v -82.27612305 10.63294506 62.76086807
v -82.27200317 10.62399960 63.08700180
v -82.27635956 10.63445282 62.66890335
v -82.28299713 10.65499973 61.69200134
v -82.27635956 10.63383579 63.39376068
v -69.11900330 3.40300012 0.67199999
v -69.14399719 3.86100006 0.36000001
v -82.27715302 10.63147640 53.75999832
v -70.34500122 3.42499995 0.67199999
v -70.30400085 3.88199997 0.36000001
v -82.60907745 10.90813637 60.41600037
v -82.60499573 10.90733147 61.43999863
v -71.23200226 3.15000010 1.05700004
v -82.60852051 10.90779305 60.41600037
v -82.27803040 10.63426495 62.81790161
v -82.27828217 10.63500404 63.31058884
v -82.28094482 10.64143753 63.43647385
v -71.52200317 3.76399994 0.55599999
v -82.29084015 10.65804005 62.10164261
v -82.29306030 10.66580391 61.70924759
v -82.29715729 10.67405033 61.12472534
v -82.28763580 10.66146564 61.47145462
v -82.28646851 10.65872860 61.69795227
v -82.28778076 10.66166115 61.46480179
v -82.28774261 10.66156387 61.43999863
v -82.28759766 10.66134357 61.43999863
v -73.44000244 3.86999989 1.05700004
v -72.83000183 3.60400009 1.05700004
v -82.28619385 10.65735054 60.41600037
v -72.20200348 3.38400006 1.05700004
v -82.28491974 10.65354061 59.39199829
v -82.28562927 10.65554619 59.90399933
v -82.28057861 10.64033031 62.57687378
v -82.29303741 10.66578197 61.70921326
v -81.70400238 7.94700003 8.74899960
v -82.49299622 10.87100029 66.74800110
v -82.27690887 10.62971592 63.06296539
v -80.91500092 7.34899998 5.31599998
v -57.30367661 8.10802555 52.48600006
v -82.31600189 10.70100021 60.12300110
v -57.35699844 8.08800030 52.48600006
v -57.34723282 8.04047298 52.48600006
v -57.20548630 7.25213528 52.48600006
v -57.29399872 6.31500006 51.49399948
v -57.23783493 6.90962362 52.48600006
v -57.29399872 6.31500006 52.48600006
v -57.23114395 6.97389793 52.48600006
v -57.24395370 6.48827839 52.48600006
v -57.45981598 5.74088049 52.48600006
v -54.52348709 4.42275238 51.80099869
v -54.56877518 5.40655804 51.80099869
v -54.61473846 4.10433149 51.80099869
v -54.60107040 4.40692091 51.80099869
v -87.49600220 15.93999958 52.54399872
v -70.21499634 9.21800041 24.99699974
v -82.29261780 13.26371384 58.53089905
v -82.27400208 13.30099964 60.64599991
v -71.69889069 10.59088993 28.48600006
v -71.60199738 10.41800022 28.48600006
v -70.94891357 9.81402588 28.48600006
v -71.11799622 9.91699982 28.48600006
v -70.57565308 9.59825802 28.48600006
v -70.25951385 9.50516415 28.48600006
v -69.84100342 9.40100002 28.48600006
v -71.87620544 10.91519165 28.48600006
v -72.00775146 11.37217808 28.48600006
v -72.04589081 11.52164078 28.48600006
v -72.05613708 11.68578911 28.48600006
v -72.06388092 11.86365223 28.48600006
v -72.06388092 12.12735558 28.48600006
v -82.29435730 13.26128578 59.70597458
v -82.29412079 13.26107788 55.62405396
v -54.56454086 6.17660284 51.80099869
v -82.31175232 13.23511028 57.34400177
v -82.31759644 13.22635078 56.82087326
v -82.31654358 13.23146915 57.34400177
v -64.25244904 0.26292244 91.73854828
v -64.28700256 0.27179497 90.11199951
v -64.29582977 0.26998371 91.66688538
v -64.29190826 0.27078834 91.70517731
v -71.11799622 9.91699982 25.24699974
v -71.60199738 10.41800022 25.24699974
v -64.28600311 0.27200001 88.19200134
v -82.29369354 13.26195335 57.34400177
v -82.29912567 13.25387669 57.34400177
v -82.29519653 13.25885010 55.82730103
v -82.29657745 13.25656605 55.95306778
v -82.27028656 13.35339832 51.80099869
v -82.31572723 13.23054504 56.39472580
v -82.31620789 13.23206520 57.22437668
v -82.46357727 13.07740211 52.48600006
v -64.32017517 0.26498994 99.19166565
v -82.58051300 10.90250206 67.58399963
v -63.95546341 0.15876611 90.99861908
v -63.95563126 0.15895368 90.95536804
v -63.97373199 0.17623949 90.11199951
v -82.57961273 10.90194035 67.58399963
v -58.02215958 -2.45017004 52.48600006
v -63.94800186 0.15500000 87.14600372
v -64.32155609 0.26636857 102.91200256
v -59.58399963 -3.58800006 51.92900085
v -72.04900360 11.53999996 25.24699974
v -72.04900360 12.23400021 25.24699974
v -64.31946564 0.26687971 102.40000153
v -58.48699951 -2.62100005 50.70600128
v -54.56348801 6.36862373 51.80099869
v -57.89599991 -2.00999999 50.35400009
v -57.97999954 -2.37400007 51.85200119
v -57.99155045 -2.38301444 51.85093689
v -57.98699570 -2.37861204 51.83970261
v -57.98713303 -2.37953997 51.85190582
v -72.29799652 11.52200031 24.99699974
v -57.98105621 -2.37138367 51.80099869
v -57.98656845 -2.37566972 51.80099869
v -71.85700226 10.87300014 25.24699974
v -57.89297867 -2.30081773 51.80099869
v -57.88969040 -2.29801011 51.80099869
v -57.97831726 -2.37254238 51.85293961
v -57.98000717 -2.37393069 51.85345840
v -57.98006821 -2.37398028 51.85346222
v -63.98500061 0.18700001 89.58699799
v -82.28357697 10.64859390 66.74377441
v -57.92544556 -2.37264323 52.48600006
v -57.22600174 16.20299911 87.37200165
v -82.56099701 10.90400028 72.84999847
v -57.25299835 6.39400005 52.48600006
v -57.37781525 5.96184731 52.48600006
v -57.34400177 6.07892466 52.48600006
v -54.65700150 3.72300005 51.56200027
v -54.72399902 4.00699997 50.79999924
v -54.77299881 6.58699989 49.90800095
v -60.54399872 -3.76500010 50.02899933
v -59.35200119 -3.11100006 50.29199982
v -59.97600174 -3.82800007 52.48300171
v -59.16120148 -3.28259993 52.48600006
v -60.38000107 -4.04799986 51.65299988
v -80.73899841 7.41900015 4.84700012
v -59.97591019 -3.82780671 52.48600006
v -59.97605896 -3.82790136 52.48600006
v -59.97636414 -3.82806754 52.48600006
v -57.98252487 -2.34392214 52.48600006
v -64.31737518 0.26739085 101.88800049
v -82.30519104 10.69272709 65.25222015
v -54.88899994 4.87900019 49.61000061
v -54.88999939 5.84899998 49.47700119
v -58.00923157 -2.36540246 52.48600006
v -63.23886490 -1.19492114 51.80099869
v -63.17404556 -1.15748537 51.80099869
v -54.78909683 2.30503273 51.80099869
v -54.73899841 2.19600010 52.66400146
v -54.87588882 1.93610799 51.80099869
v -61.42100143 -0.14500000 47.69499969
v -57.69400024 -1.57299995 49.78099823
v -54.99032593 1.63120532 51.80099869
v -55.15901947 1.21282697 51.80099869
v -55.13300705 1.39707649 51.80099869
v -55.03574753 1.67467332 51.80099869
v -55.01947021 1.73959029 51.80099869
v -54.95870590 1.94004166 51.80099869
v -54.87090683 2.31245065 51.80099869
v -55.20199966 1.24199998 51.68299866
v -55.15299988 1.55599999 51.19200134
v -54.69490433 2.71757960 51.80099869
v -54.63559723 3.00849175 51.80099869
v -54.54930878 4.00602579 51.80099869
v -58.32099915 -2.11299992 49.72999954
v -58.74599838 -2.77399993 50.56100082
v -58.93199921 -2.51600003 49.57799911
v -54.81880951 2.53984356 51.80099869
v -58.21699905 -1.24899995 48.49900055
v -72.10500336 10.81599998 24.99699974
v -59.45000076 -2.96799994 49.76599884
v -59.20399857 -2.54200006 49.25500107
v -54.76113129 2.79160285 51.80099869
v -54.90000153 2.37500000 51.30400085
v -55.17200089 1.82000005 50.59899902
v -83.26100159 2.21000004 71.40699768
v -85.87599945 5.20400000 70.74700165
v -54.68701553 3.28237915 51.80099869
v -54.61547089 4.09600019 51.80099869
v -72.56800079 9.74400043 24.99699974
v -72.86699677 10.42199993 24.99699974
v -72.67900085 10.53100014 24.99699974
v -70.67299652 9.64599991 25.24699974
v -86.30899811 5.94099998 67.30599976
v -82.28633118 10.65755177 60.41600037
v -57.05400085 9.17599964 82.05100250
v -82.61111450 10.90853882 59.90399933
v -56.96599960 14.36499977 82.05100250
v -60.83599854 -4.17100000 50.83000183
v -56.76399994 11.16600037 82.05100250
v -62.02299881 -4.86600018 51.37699890
v -61.17599869 -4.50799990 52.48300171
v -61.17613602 -4.50793791 52.48600006
v -61.17624664 -4.50798178 52.48600006
v -61.26029968 -4.54580021 52.48600006
v -63.73099899 -4.23600006 83.29499817
v -61.43999863 -4.53552532 52.48600006
v -56.84000015 10.36200047 82.05100250
v -61.44493866 -0.10350595 51.80099869
v -61.44493866 -0.10350595 52.48600006
v -63.23899841 -1.19500005 51.80099869
v -63.92900085 0.00000000 51.80099869
v -63.93226242 0.00418718 51.80099869
v -63.93273544 0.00535238 51.80099869
v -63.92900085 0.00000000 49.82899857
v -54.13499832 5.21600008 87.57599640
v -62.08242416 1.00147033 52.48600006
v -54.30799866 4.43100023 84.65100098
v -62.54999924 -5.08599997 51.34600067
v -62.27099991 -4.82900000 50.63700104
v -63.48799896 -5.38578033 52.48600006
v -63.13737488 -5.35082102 52.48600006
v -63.44762802 -5.37205553 52.48600006
v -55.86899948 1.33299994 80.27400208
v -55.44599915 2.08699989 83.29499817
v -63.06100082 -5.31899977 51.71400070
v -62.87568283 -5.26778173 52.48600006
v -62.90267563 -5.27680731 52.48600006
v -61.97494125 -4.77667522 52.48600006
v -80.49500275 6.69099998 5.00099993
v -62.89199829 -5.21700001 51.31700134
v -62.85681915 -5.17121172 52.48600006
v -62.82964325 -5.16197395 52.48600006
v -62.83834076 -5.16589451 52.48600006
v -63.43999863 -5.44600010 51.73300171
v -63.18813705 -5.28384352 52.48600006
v -55.33800125 1.04900002 51.30599976
v -55.34799957 0.63300002 52.81700134
v -55.66581345 0.21883440 51.80099869
v -55.32399750 0.86149615 51.80099869
v -64.31122589 -5.65428448 51.83122253
v -64.30786133 -5.65328312 51.80099869
v -64.25770569 -5.63750029 51.80099869
v -64.40310669 -5.66955853 51.80099869
v -64.32099915 -5.72399998 52.24100113
v -65.12799835 -5.58900023 50.34299850
v -55.75978470 0.18219879 51.80099869
v -55.64768982 0.37622717 51.80099869
v -55.50699997 0.90700001 50.76100159
v -64.75900269 -5.79600000 51.96799850
v -55.23689651 1.07141173 51.80099869
v -64.34830475 -5.73230219 52.48600006
v -64.66516876 -5.78726435 52.48600006
v -65.04737854 -5.87238932 52.48600006
v -65.42394257 -5.92260361 52.48600006
v -65.45800018 -5.86899996 51.69200134
v -65.22954559 -5.85915613 52.48600006
v -55.31331253 1.02536190 51.80099869
v -55.20175934 1.22620249 51.80099869
v -63.81206894 -5.49594736 52.48600006
v -64.42800140 -5.68900013 52.87900162
v -55.34946823 0.93745071 51.80099869
v -64.38420105 -5.67597914 52.48600006
v -64.49918365 -5.69562769 52.48600006
v -65.43926239 -5.89443970 52.48600006
v -54.73129272 2.95661354 51.80099869
v -54.83100128 3.01099992 50.94400024
v -64.30599976 -5.53900003 50.81999969
v -63.65800095 -5.31699991 50.56000137
v -63.16899872 -5.21199989 50.76300049
v -62.88499832 -5.01200008 50.37300110
v -54.94900131 3.78500009 49.82300186
v -55.07400131 3.56200004 49.41699982
v -63.23899841 -4.80800009 49.46500015
v -63.46300125 -5.19700003 50.32199860
v -64.40799713 -5.33300018 49.94599915
v -62.36100006 -4.69899988 50.06399918
v -62.27299881 -4.31300020 49.25500107
v -71.20700073 9.67800045 24.99699974
v -82.61058807 10.90821171 59.90399933
v -69.93199921 8.18000031 24.99699974
v -69.95400238 8.52400017 24.99699974
v -69.20400238 8.30799961 24.99699974
v -71.73300171 10.18700027 24.99699974
v -82.61315155 10.90894127 59.39199829
v -73.04199982 10.05799961 24.99699974
v -72.96600342 9.85599995 24.99699974
v -73.01799774 10.25500011 24.99699974
v -72.89299774 9.79199982 24.99699974
v -80.61568451 15.92139244 28.48600006
v -80.81262970 15.29959774 28.48600006
v -80.90703583 15.00076199 28.48600006
v -81.01096344 14.54242039 28.48600006
v -59.30699921 3.60800004 78.23000336
v -81.29162598 12.79152298 28.48600006
v -62.00844574 1.60345244 100.35199738
v -81.22947693 10.39487457 28.48600006
v -85.72499847 4.51599979 62.26599884
v -85.18299866 3.91100001 66.57399750
v -84.81700134 3.49300003 66.53099823
v -84.69899750 3.36599994 59.96900177
v -62.00598526 1.60776603 100.35199738
v -80.55972290 7.70704508 28.48600006
v -82.52300262 10.89000034 59.94800186
v -69.64399719 7.93800020 24.99699974
v -69.27300262 8.09300041 24.99699974
v -69.45099640 7.95499992 24.99699974
v -73.31172180 0.76097947 28.48600006
v -72.40855408 0.49163333 28.48600006
v -71.98231506 0.38361776 28.48600006
v -71.69361877 0.32787365 28.48600006
v -70.99430847 0.24336216 28.48600006
v -82.28549957 10.65535355 59.90399933
v -65.56700134 -5.54500008 49.98099899
v -80.15699768 5.55399990 5.80700016
v -80.24900055 5.94999981 5.31599998
v -79.41200256 4.64699984 5.31599998
v -68.98986053 0.15470314 28.48600006
v -68.55571747 0.18257244 28.48600006
v -67.69734192 0.32253823 28.48600006
v -64.83699799 -5.46400023 50.08499908
v -80.00800323 6.08400011 4.70200014
v -67.23062134 0.37735650 28.48600006
v -80.02300262 6.73699999 4.28800011
v -78.81800079 4.79799986 4.28800011
v -79.40399933 5.12300014 4.70200014
v -66.92303467 0.43902704 28.48600006
v -78.46900177 3.93300009 4.70200014
v -76.10938263 1.15423167 7.49460030
v -76.08266449 1.36372697 6.14400005
v -60.39599991 -2.97199988 75.41999817
v -77.27899933 2.40899992 5.31599998
v -75.06999969 -0.44600001 13.99800014
v -62.11100006 1.05100000 49.82899857
v -62.17942810 1.17057979 49.69751358
v -54.26300049 4.52099991 82.94300079
v -66.09004974 0.69046998 28.48600006
v -54.24700165 4.50500011 79.57299805
v -80.39250946 7.30510759 28.48600006
v -55.18700027 2.23200011 79.78900146
v -64.31528473 0.26790199 101.37599945
v -80.13326263 6.73484564 28.48600006
v -79.72079468 5.96874952 28.48600006
v -79.48363495 5.56294250 28.48600006
v -79.10770416 5.02970982 28.48600006
v -82.61265564 10.90862942 59.39199829
v -78.92802429 4.77312994 28.48600006
v -78.30065918 4.07419729 28.48600006
v -77.97517395 3.67971015 28.48600006
v -77.22873688 2.97600698 28.48600006
v -82.28479767 10.65335751 59.39199829
v -62.04756165 1.54558074 88.06400299
v -62.03692245 1.55964315 89.45114136
v -62.03402328 1.57247221 89.68016815
v -76.73922729 2.57525611 28.48600006
v -76.08514404 2.11319399 28.48600006
v -75.82147980 1.93496823 28.48600006
v -75.40587616 1.70068443 28.48600006
v -74.83495331 1.38067329 28.48600006
v -77.53500366 3.39199996 4.28800011
v -76.66799927 2.64800000 4.28800011
v -77.39099884 2.87199998 4.70200014
v -74.43605804 1.19908631 28.48600006
v -74.00466156 1.00013173 28.48600006
v -76.18699646 1.95500004 4.70200014
v -78.41699982 3.46000004 5.31599998
v -69.54699707 15.83899975 22.49699974
v -69.27899933 15.67700005 22.80999947
v -75.34600067 1.12300003 5.31599998
v -74.65200043 0.77899998 5.31599998
v -69.20999908 15.53199959 22.49699974
v -72.48400116 -0.08900000 5.80700016
v -75.06600189 1.62199998 4.28800011
v -74.18800354 0.88400000 4.70200014
v -75.21600342 1.36699998 4.70200014
v -64.31319427 0.26841313 100.86399841
v -55.43700027 1.26699996 50.34500122
v -62.37699890 -4.08199978 48.76300049
v -66.11399841 13.60400009 23.12199974
v -76.04900360 2.20400000 4.28800011
v -76.66200256 1.94000006 5.31599998
v -76.07599640 1.41600001 5.80700016
v -66.12699890 13.79699993 23.12199974
v -64.05344391 0.21547319 49.58212280
v -66.32099915 14.00800037 22.80999947
v -66.19200134 13.91800022 22.49699974
v -66.21600342 13.94099998 19.99799919
v -82.41500092 10.83500004 58.90200043
v -78.49700165 3.38299990 5.80700016
v -66.49600220 14.04199982 23.12199974
v -82.61519623 10.90934372 58.88000107
v -82.61723328 10.90974617 58.36800003
v -82.61471558 10.90904713 58.88000107
v -82.63355255 10.91296577 54.27199936
v -74.91300201 6.83400011 0.09100000
v -75.66799927 6.90199995 0.28200001
v -74.41200256 6.59700012 0.05700000
v -82.61678314 10.90946579 58.36800003
v -69.42400360 15.80000019 21.24699974
v -69.27300262 15.68099976 19.99799919
v -75.52899933 6.25099993 0.45800000
v -82.28421021 10.65153503 58.88000107
v -82.28350830 10.64952850 58.36800003
v -82.28409576 10.65136051 58.88000107
v -82.28339386 10.64936447 58.36800003
v -76.85900116 7.50699997 0.67199999
v -77.28500366 7.43800020 1.05700004
v -76.73300171 6.60699987 1.05700004
v -76.04199982 6.59600019 0.55599999
v -55.90599823 0.66299999 49.82600021
v -55.63499832 1.11600006 49.91400146
v -82.61885071 10.90988350 57.85599899
v -82.28269958 10.64736748 57.85599899
v -66.11799622 13.68500042 21.24699974
v -66.11699677 13.59700012 19.99799919
v -66.14099884 13.51900005 22.49699974
v -64.26774597 0.26568258 88.13552094
v -64.26380920 0.26553690 88.06400299
v -64.26548004 0.26489806 88.12850952
v -64.26206207 0.26482117 88.06400299
v -64.25991821 0.26463515 88.31287384
v -64.26240540 0.26533628 88.30136108
v -64.25854492 0.26424792 89.90416718
v -64.25689697 0.26378259 89.90225983
v -64.26392365 0.26444516 90.00412750
v -64.26233673 0.26390269 90.00901794
v -64.25952148 0.26452276 89.49941254
v -64.25772095 0.26401460 89.46974182
v -64.22190857 0.26355803 88.06400299
v -64.24887848 0.25914976 88.07711792
v -64.26157379 0.26354408 88.11640167
v -64.25863647 0.26341909 88.06400299
v -64.24848175 0.25925842 88.06400299
v -64.24562836 0.26060021 88.37908936
v -64.25432587 0.26305577 88.33879089
v -64.25088501 0.26208380 89.89528656
v -64.24900055 0.26155129 89.89309692
v -64.25788879 0.26238126 90.02273560
v -64.25262451 0.26058009 90.03897858
v -64.25203705 0.26240811 89.37593842
v -64.24768829 0.26118141 89.30431366
v -63.96920395 0.16648552 101.37599945
v -64.23875427 0.26239014 88.06400299
v -63.98321533 0.18175524 99.32800293
v -58.24800110 4.42299986 51.80099869
v -63.97129440 0.16551322 100.91530609
v -65.82375336 -0.27864504 51.80099869
v -57.40477753 5.86848688 52.48600006
v -57.49033356 5.63813639 52.48600006
v -59.30699921 3.60800004 59.94599915
v -58.36349106 4.33411837 51.80099869
v -63.96289062 0.16222294 100.85639954
v -63.95939636 0.15955517 100.70031738
v -59.48786163 3.52514219 51.80099869
v -62.07711029 1.15008664 52.48600006
v -62.10176468 1.20429289 52.48600006
v -62.09208298 1.24436629 52.48600006
v -62.07366562 1.14109397 52.48600006
v -66.71700287 -0.51800001 51.80099869
v -67.05100250 -0.81599998 78.23000336
v -63.97151184 0.16558233 100.87546539
v -63.97157288 0.16560222 100.86399841
v -66.35500336 -0.43099999 98.42500305
v -68.22100067 -1.46000004 78.23000336
v -64.88899994 -5.76300001 54.24700165
v -65.16000366 -5.81199980 54.57199860
v -63.97212601 0.16437058 100.69555664
v -61.91024780 1.69108617 51.80099869
v -63.97222137 0.16580868 100.74500275
v -64.25167084 0.27201226 57.12055969
v -64.27632904 0.27182379 55.29600143
v -64.26442719 0.27074856 55.52924347
v -64.26586151 0.27094015 55.44693756
v -64.26848602 0.27129152 55.29600143
v -64.25154114 0.27172813 57.05062103
v -63.96238327 0.16198251 100.74500275
v -63.96987915 0.16256261 100.66252136
v -63.97143555 0.16398503 100.55301666
v -63.97430801 0.16660796 100.35199738
v -63.96017456 0.16030507 100.64149475
v -64.25026703 0.26885390 56.34312820
v -64.25045013 0.26927656 56.44716644
v -64.29122162 0.26676092 51.80099869
v -70.58599854 -4.78800011 94.02600098
v -63.96403503 0.16401258 100.35199738
v -72.87400055 -4.10900021 88.15899658
v -72.53299713 -4.32200003 93.31900024
v -63.97451401 0.16679497 100.33766937
v -63.98682022 0.17656392 51.80099869
v -64.18342590 0.26861581 51.80099869
v -63.97896576 0.17331208 99.76642609
v -63.96599960 0.17100000 57.15900040
v -63.95862198 0.13594288 51.80099869
v -64.21891022 0.27121916 51.80099869
v -64.27799988 0.27399999 53.49800110
v -64.27550507 0.27223051 54.89264679
v -63.90408707 0.09999498 51.80099869
v -62.17664719 1.17199671 47.48561478
v -73.05000305 13.68500042 22.18499947
v -73.03099823 13.80500031 22.49699974
v -72.91999817 13.39000034 23.74699974
v -73.01999664 13.54500008 23.74699974
v -72.93900299 13.41699982 19.99799919
v -64.59400177 -5.01800013 49.04700089
v -65.20200348 -4.92600012 48.57600021
v -72.56800079 14.03100014 19.99799919
v -69.85299683 15.71800041 19.99799919
v -69.59500122 15.82499981 19.99799919
v -62.07487869 1.38782656 52.48600006
v -62.09881592 1.21649420 52.48600006
v -73.04270935 13.62719440 21.19101906
v -64.30329895 0.26846984 51.80099869
v -73.04100037 13.59700012 19.99799919
v -64.29898071 0.26934111 51.80099869
v -72.93000031 13.95100021 19.99799919
v -66.57499695 9.74199963 19.99799919
v -67.35099792 -5.80299997 62.60599899
v -68.22799683 -5.72100019 63.72000122
v -68.00499725 -5.78399992 61.37799835
v -63.90248489 0.09452985 51.80099869
v -63.89304352 0.08636150 51.80099869
v -63.89666367 0.09030455 51.80099869
v -66.84500122 -5.82299995 61.46200180
v -66.15699768 -5.72200012 62.25400162
v -66.26499939 9.79199982 23.12199974
v -63.91389084 0.10953666 51.80099869
v -57.72100067 7.08599997 51.49399948
v -69.20999908 8.24300003 23.74699974
v -69.22799683 8.19299984 22.80999947
v -66.16200256 9.90499973 22.80999947
v -67.77999878 -5.65399981 68.46800232
v -64.28600311 0.27200001 89.93599701
v -66.11699677 10.17800045 23.12199974
v -68.29188538 -1.47755814 51.80099869
v -68.87100220 -1.62100005 59.94599915
v -68.22100067 -1.46000004 51.80099869
v -69.32199860 -5.49200010 58.93099976
v -68.64600372 -5.62599993 66.04399872
v -68.97599792 -5.58599997 63.66199875
v -67.98300171 -5.81799984 59.03400040
v -67.62400055 -5.93100023 54.23300171
v -62.06291580 1.52809322 86.01599884
v -69.70300293 -5.36600018 63.60400009
v -66.60500336 -5.87300014 59.13199997
v -64.24225616 0.26474011 87.67282867
v -64.26956177 0.26696658 86.01599884
v -64.23971558 0.26431906 87.64271545
v -64.26182556 0.26578996 86.01599884
v -64.23317719 0.26143137 86.01599884
v -64.23355865 0.26265508 87.01776123
v -64.25025940 0.26403004 86.01599884
v -64.23681641 0.26248890 87.67397308
v -64.22859192 0.26290876 86.01599884
v -64.05100250 0.23300000 85.40299988
v -64.31193542 0.26943693 85.18627167
v -64.26965332 0.26697439 86.01018524
v -63.98899841 0.18799999 98.47899628
v -63.97768402 0.17712690 99.32800293
v -64.31109619 0.26892430 100.35199738
v -64.29349518 0.26037502 99.67230225
v -64.30877686 0.26949096 99.78436279
v -64.31695557 0.26814011 84.72396088
v -64.26218414 0.26581395 85.98944092
v -64.25631714 0.26581389 85.60225677
v -64.23313904 0.26130038 85.90877533
v -64.25121307 0.26410833 85.95896149
v -64.24220276 0.26390278 85.44848633
v -64.21842194 0.26342738 83.96800232
v -64.26438904 0.26690647 85.69017029
v -64.22833252 0.26202449 85.29735565
v -64.31477356 0.26870412 83.39650726
v -64.27112579 0.26757762 82.87947083
v -64.29466248 0.25953770 99.32800293
v -64.31068420 0.26031271 99.43404388
v -64.31103516 0.26139814 99.32800293
v -64.30921173 0.26093525 99.32800293
v -64.31493378 0.26153073 99.41873932
v -64.31312561 0.26101205 99.42525482
v -64.23535156 0.25798076 83.96800232
v -64.23603058 0.25781524 84.00800323
v -64.30599976 0.26012453 99.32800293
v -64.29862976 0.25825989 99.32800293
v -64.23394012 0.25895861 84.35823059
v -82.61927032 10.91014862 57.85599899
v -66.38400269 9.74199963 21.24699974
v -66.11699677 10.17800045 21.24699974
v -75.12699890 4.92999983 1.05700004
v -74.42800140 4.73500013 0.78899997
v -66.10800171 10.06499958 22.49699974
v -66.19087982 9.86815929 21.24699974
v -66.19033813 9.86722088 21.33450317
v -73.75499725 4.65399981 0.55599999
v -76.10199738 5.83500004 1.05700004
v -75.30999756 5.61399984 0.67199999
v -82.62131500 10.91055107 57.34400177
v -82.62335205 10.91095352 56.83200073
v -66.18499756 9.87199974 21.24699974
v -74.65499878 5.45400000 0.45800000
v -82.62091064 10.91030121 57.34400177
v -69.46525574 -1.67623842 51.80099869
v -74.12999725 6.11899996 0.09100000
v -69.53800201 -1.68299997 51.80099869
v -69.21700287 8.22700024 19.99799919
v -73.80200195 5.65999985 0.14700000
v -66.00399780 -5.95599985 54.46599960
v -66.38200378 -5.98999977 53.18799973
v -73.01999664 10.22999954 23.74699974
v -72.95300293 10.34799957 23.12199974
v -82.28279877 10.64752293 57.85599899
v -82.28199768 10.64537144 57.34400177
v -58.32600021 5.80000019 51.49399948
v -70.85500336 -1.46000004 87.37200165
v -58.16354370 6.11394930 50.00000000
v -82.28209686 10.64551735 57.34400177
v -82.28138733 10.64351177 56.83200073
v -66.90200043 -6.00099993 53.54299927
v -68.22200012 -5.82399988 54.12599945
v -68.52899933 -5.72599983 52.76100159
v -69.43299866 -5.41400003 53.03200150
v -58.63087463 4.09600019 51.80099869
v -58.34098053 4.30480576 51.80099869
v -64.32408142 0.26469681 99.32800293
v -66.97499847 -5.93499994 56.79000092
v -58.20199203 4.45840788 51.80099869
v -57.83736801 4.96147728 51.80099869
v -57.87786865 4.88127947 51.80099869
v -58.32456207 4.31663132 51.80099869
v -58.29066467 4.34271860 51.80099869
v -58.28503799 4.35006189 51.80099869
v -58.28900146 4.34399986 51.80099869
v -58.27120209 4.36811113 51.80099869
v -58.27672577 4.36277199 51.80099869
v -57.47999954 5.67100000 51.49399948
v -58.86800003 4.88199997 51.49399948
v -57.88199997 4.87500000 51.49399948
v -58.28900146 4.34399986 51.49399948
v -58.96785355 4.74253893 50.00000000
v -58.96965790 4.73947716 50.00000000
v -70.98259735 -1.38976717 51.80099869
v -72.32346344 -0.55049902 51.80099869
v -72.02500153 -0.81599998 59.94599915
v -72.36000061 -0.51800001 51.80099869
v -57.82800674 4.97577524 52.48600006
v -64.28533936 0.26018426 99.32800293
v -57.51027298 5.60491753 52.48600006
v -57.81755447 4.98940516 52.48600006
v -63.98238373 0.17831400 99.32800293
v -64.82700348 0.06500000 98.42500305
v -64.29594421 0.26088423 98.97628784
v -64.29582977 0.26067281 98.99568939
v -64.29500580 0.25916514 99.13407135
v -64.29529572 0.25969428 99.08550262
v -64.28947449 0.26054811 98.83780670
v -64.28907013 0.26064998 98.81597900
v -82.79699707 9.14700031 13.99800014
v -82.44200134 10.85299969 57.50699997
v -68.87100220 -1.62100005 78.23000336
v -69.53800201 -1.68299997 78.23000336
v -82.53800201 10.89500046 56.46099854
v -65.93690491 -0.31504142 51.80099869
v -82.62297821 10.91071987 56.83200073
v -68.95999908 -5.10699987 86.62599945
v -69.02600098 -5.16599989 85.06800079
v -71.00299835 -4.83099985 89.81800079
v -82.28129578 10.64337444 56.83200073
v -71.46499634 -4.72700024 82.70800018
v -71.84300232 -4.59200001 89.72799683
v -71.16600037 -4.82100010 87.31800079
v -70.85500336 -1.46000004 69.08799744
v -70.85500336 -1.46000004 51.80099869
v -72.50514221 -3.64435077 52.48600006
v -71.00599670 -4.78700018 65.59999847
v -73.72799683 -2.94466662 52.48600006
v -67.04472351 -0.81039786 51.80099869
v -67.44095612 -1.10391951 51.80099869
v -67.61199951 -1.18200004 51.80099869
v -66.76580048 -0.55420697 51.80099869
v -66.72914124 -0.52883303 51.80099869
v -65.97033691 -0.39281842 51.80099869
v -86.69400024 6.03399992 58.05799866
v -72.93900299 10.35799980 19.99799919
v -66.75800323 -0.59799999 51.80099869
v -66.76174164 -0.60132456 51.80099869
v -66.77302551 -0.60913217 51.80099869
v -67.93009186 -1.38794518 51.80099869
v -67.65299988 -1.26100004 51.80099869
v -68.26200104 -1.53999996 51.80099869
v -68.28382874 -1.54537296 51.80099869
v -68.55941772 -1.59203768 51.80099869
v -69.25305176 -1.70948660 51.80099869
v -69.55660248 -1.76088440 51.80099869
v -69.63200378 -1.75799406 51.80099869
v -69.57900238 -1.76300001 51.80099869
v -69.22399902 -0.90300000 51.49399948
v -68.26200104 -1.53999996 51.49399948
v -68.16000366 -0.83399999 51.49399948
v -66.75800323 -0.59799999 51.49399948
v -67.65299988 -1.26100004 51.49399948
v -59.71099854 3.73699999 51.49399948
v -58.97247314 4.73565769 50.00000000
v -59.31006241 3.60678935 51.80099869
v -60.04648209 3.31577063 51.80099869
v -68.29809570 -0.84818345 50.00000000
v -69.09243774 -0.90300000 50.00000000
v -82.29946136 13.25318050 55.89624023
v -82.28862000 13.27338982 54.49645233
v -67.11549377 -0.66656035 50.00000000
v -60.17900085 3.20099998 51.80099869
v -60.17994690 3.19998813 51.80099869
v -68.29454803 -0.84795332 50.00000000
v -82.29267120 13.26342392 51.80099869
v -82.28037262 13.29144478 52.36046982
v -82.28299713 13.27900028 54.71799850
v -59.54418182 3.43815660 51.80099869
v -59.67812729 3.38824749 51.80099869
v -60.15109253 3.21201468 51.80099869
v -60.91943741 2.49513245 51.80099869
v -82.27200317 13.30900002 53.32300186
v -82.28293610 13.28675079 51.80099869
v -82.27265167 13.30763245 53.24800110
v -82.28237152 13.28444290 51.80099869
v -59.50299835 3.46782136 51.80099869
v -82.30363464 13.24368095 51.80099869
v -59.68010330 3.77387667 50.00000000
v -82.30654144 13.24210835 51.80099869
v -82.31219482 13.23434067 56.54549408
v -82.30041504 13.25120926 51.80099869
v -82.30747986 13.24131775 56.30505371
v -82.30265808 13.24844646 56.05937576
v -82.31062317 13.24199295 55.23184204
v -65.53600311 -0.23748280 51.80099869
v -65.57073975 -0.25019234 51.80099869
v -65.88843536 -0.36642838 51.80099869
v -65.96446991 -0.39155912 51.80099869
v -65.96063995 -0.39029241 51.80099869
v -65.92881775 -0.31330097 51.80099869
v -59.55099869 3.43499994 51.49399948
v -82.31026459 13.23726559 56.98318100
v -60.17900085 3.20099998 51.49399948
v -65.94783783 -0.38694304 50.00000000
v -69.57900238 -1.76300001 51.49399948
v -82.29876709 13.25340176 51.80099869
v -61.12363815 2.30049944 51.80099869
v -61.28115463 2.15036106 51.80099869
v -61.20878220 2.25981617 51.80099869
v -82.30267334 13.24699211 51.80099869
v -82.29933167 13.25247574 51.80099869
v -82.28956604 13.27143383 54.55647659
v -82.29520416 13.25948334 55.67901993
v -65.95069885 -0.38770381 50.00000000
v -67.11081696 -0.66577315 50.00000000
v -65.94805908 -0.38701612 50.00000000
v -65.94804382 -0.38701263 50.00000000
v -61.35905075 2.07676244 50.00000000
v -61.36277390 2.07321429 50.00000000
v -61.43999863 2.02536798 51.80099869
v -61.58503342 1.91124523 51.80099869
v -64.11000061 0.24600001 84.00800323
v -66.87967682 -6.00001669 52.48600006
v -67.00916290 -5.94924927 52.17145157
v -66.51999664 -5.91599989 51.41600037
v -65.95300293 -5.92500019 51.67499924
v -66.63937378 -5.99585199 52.48600006
v -65.71099854 -5.85900021 51.31900024
v -67.05631256 -5.91919851 51.80099869
v -67.01659393 -5.93257141 52.03451157
v -67.02926636 -5.90413189 51.80099869
v -67.12253571 -5.90794182 51.80099869
v -67.08495331 -5.93163109 52.09182739
v -67.11830902 -5.90566492 51.80099869
v -67.10073090 -5.89621115 51.80099869
v -62.14253616 1.12270761 52.48600006
v -62.11678696 1.06694567 52.48600006
v -62.11635971 1.06731153 52.48600006
v -67.06356049 -5.97963715 52.48600006
v -62.11557388 1.06230319 52.48600006
v -62.11529160 1.06746614 52.48600006
v -68.83599854 -5.24499989 82.65000153
v -62.02224350 1.55375671 51.80099869
v -62.02177811 1.55445898 51.80099869
v -62.02025604 1.55574369 51.80099869
v -62.02271271 1.55328643 51.80099869
v -62.01289368 1.58965969 51.80099869
v -67.23300171 -5.63999987 68.50900269
v -66.51799774 -1.26100004 21.49699974
v -65.63999939 -0.23899999 21.49699974
v -61.97028732 1.59660017 51.80099869
v -65.70099640 -0.25799999 19.99799919
v -65.47299957 -0.97299999 19.24799919
v -64.08899689 -0.44600001 19.24799919
v -61.88963699 1.67155743 51.80099869
v -71.46399689 -1.18200004 78.23000336
v -72.99199677 9.89799976 23.74699974
v -69.80113220 -0.16289355 39.10404587
v -70.37649536 -0.07180922 39.01314163
v -70.80599976 -4.94799995 84.90000153
v -73.00700378 9.93599987 22.49699974
v -73.03299713 9.98600006 19.99799919
v -70.56326294 0.18514630 28.48600006
v -70.12911987 0.15541905 28.48600006
v -72.67099762 9.72500038 23.12199974
v -72.58200073 9.73700047 21.24699974
v -69.69374084 0.15356110 28.48600006
v -70.37500000 -5.07800007 82.51100159
v -65.88698578 -5.99035788 52.48600006
v -65.91626740 -5.99376059 52.48600006
v -82.28983307 13.27112579 54.54991913
v -82.30590057 13.25259876 54.15442276
v -72.93199921 10.37300014 21.87199974
v -66.11521912 -5.95285988 52.48600006
v -72.83699799 9.75899982 22.49699974
v -66.85076141 -5.96484709 52.48600006
v -72.93000031 9.82400036 21.24699974
v -66.95091248 -5.96461916 52.48600006
v -66.98069763 -5.96455193 52.48600006
v -67.02787781 -5.96044111 52.48600006
v -68.55200195 -1.56700003 21.49699974
v -73.03099823 10.22599983 22.49699974
v -67.32599640 -1.42299998 21.49699974
v -66.80000305 -0.54900002 21.49699974
v -67.98200226 -0.76200002 21.49699974
v -67.08025360 -5.95587730 52.48600006
v -67.12899780 -5.97800016 52.24200058
v -67.09794617 -5.99813414 52.48600006
v -67.16899872 -5.74300003 50.54299927
v -67.41982269 -5.94308519 52.48600006
v -67.99380493 -5.85198116 52.48600006
v -67.50299835 -5.89200020 51.66400146
v -67.17108154 -5.94796371 52.48600006
v -67.65200043 -5.92299986 53.09099960
v -67.58399963 -5.87163115 52.48600006
v -69.17900085 -0.85000002 21.49699974
v -67.99299622 -5.47599983 49.91999817
v -67.45700073 -5.65299988 50.27000046
v -67.88200378 -5.78700018 51.32899857
v -69.46390533 -5.41810608 52.48600006
v -69.63200378 -5.29001617 52.48600006
v -69.61138153 -5.36206484 52.48600006
v -69.42598724 -5.43433189 52.48600006
v -69.31999969 -5.20499992 50.40100098
v -69.33879089 -5.46890402 52.48600006
v -66.36799622 14.03100014 19.99799919
v -68.25712585 -5.79681444 52.48600006
v -68.60052490 -5.70569181 52.48600006
v -68.64499664 -5.56099987 51.08000183
v -72.23799896 -1.34800005 21.49699974
v -68.36479950 -5.73938847 52.48600006
v -68.43984222 -5.72366714 52.48600006
v -68.83908844 -5.60067463 52.48600006
v -69.41303253 -5.39403057 52.48600006
v -70.40100098 -1.57000005 21.49699974
v -69.91799927 -5.21199989 79.54000092
v -67.61199951 -1.18200004 69.08799744
v -68.29599762 -5.52699995 73.08000183
v -68.12500000 -5.27699995 80.97599792
v -64.22215271 0.26118687 83.19316864
v -82.40727997 13.13214207 52.48600006
v -82.29824829 13.27280045 53.24800110
v -82.37368774 13.17444134 52.48600006
v -62.11299896 1.41100001 82.61299896
v -82.47682953 13.07301712 52.48600006
v -64.30200195 0.27200001 82.61299896
v -64.30783081 0.27049601 82.97052765
v -64.27313232 0.26672044 83.06172943
v -64.28324127 0.26946002 82.74928284
v -64.19366455 0.26657000 80.37856293
v -64.26828003 0.26897725 82.35325623
v -64.25190735 0.26844907 81.91999817
v -64.26892090 0.26752067 82.85333252
v -64.30200195 0.27200001 79.82399750
v -70.75700378 -5.00000000 78.86399841
v -71.58399963 -4.58699989 73.15100098
v -70.07199860 -5.23999977 71.77400208
v -75.17299652 27.02799988 112.68299866
v -78.58799744 25.18199921 114.22599792
v -68.22100067 -1.46000004 69.08799744
v -69.44799805 -5.41699982 70.66899872
v -70.18075562 -1.62325382 51.80099869
v -70.22272491 -1.61661041 51.80099869
v -67.80799866 25.22299957 105.65599823
v -70.37999725 -0.83800000 21.49699974
v -71.57299805 -0.69900000 21.49699974
v -68.53758240 -5.69758368 52.48600006
v -72.75000000 -0.46200001 21.49699974
v -67.67616272 -5.85459328 52.48600006
v -72.23000336 -0.58399999 19.99799919
v -68.20123291 -5.76535082 52.48600006
v -62.06325150 1.52809513 51.80099869
v -72.75900269 14.03899956 19.99799919
v -62.02444458 1.55155551 51.80099869
v -62.02416611 1.55183542 51.80099869
v -62.02720261 1.54765785 51.80099869
v -62.01197433 1.56255221 51.80099869
v -62.02001953 1.55597794 50.00000000
v -62.02016830 1.55585861 51.80099869
v -61.79881287 1.79463398 51.80099869
v -66.92900085 -0.58399999 19.99799919
v -68.31099701 -0.79900002 19.99799919
v -62.02521515 1.54927194 51.80099869
v -62.02500534 1.54944623 51.80099869
v -64.19503784 0.26631150 80.51371765
v -64.23944855 0.26703829 81.91999817
v -62.02453232 1.55100656 51.80099869
v -64.25752258 0.26597655 82.93618011
v -64.21538544 0.26431489 81.91999817
v -70.27899933 -0.84100002 19.99799919
v -69.57900238 -0.86299998 19.99799919
v -62.02728653 1.54753959 51.80099869
v -64.20926666 0.26362190 81.91999817
v -66.77300262 -1.31799996 19.24799919
v -66.77300262 -1.31799996 13.99800014
v -66.92900085 -0.58399999 8.74899960
v -65.70099640 -0.25799999 8.74899960
v -62.06615448 1.49703777 51.80099869
v -62.06460571 1.49771547 52.48600006
v -68.23600006 -1.54600000 19.24799919
v -62.04024887 1.52923501 51.80099869
v -62.04453659 1.52317858 51.80099869
v -62.04770660 1.51934350 51.80099869
v -62.02010727 1.55585480 50.00000000
v -62.02001572 1.55598462 51.80099869
v -62.01977921 1.55617952 50.00000000
v -62.10482025 1.44908905 52.48600006
v -64.20729065 0.26399547 81.72467041
v -69.57900238 -1.61300004 19.24799919
v -69.57900238 -1.61300004 13.99800014
v -62.13219833 1.16491592 52.48600006
v -62.12110519 1.26837504 52.48600006
v -82.62539673 10.91135597 56.31999969
v -62.07645416 1.14944983 52.48600006
v -82.62504578 10.91113758 56.31999969
v -62.11391068 1.05980694 52.48600006
v -62.11100006 1.05095863 52.48600006
v -82.28059387 10.64137840 56.31999969
v -54.80599976 21.00900078 79.91500092
v -55.00999832 21.78899956 73.08000183
v -54.71400070 20.93199921 77.80500031
v -56.03499985 23.63599968 66.76000214
v -66.11699677 10.17800045 19.99799919
v -66.21600342 9.83300018 19.99799919
v -66.36799622 9.74400043 19.99799919
v -69.21900177 8.21100044 21.24699974
v -62.11205673 22.65985680 79.87200165
v -62.11234665 22.66204834 79.87200165
v -72.93000031 9.82400036 19.99799919
v -62.10599899 22.71400070 77.03399658
v -62.10543823 22.68201447 77.82399750
v -74.58799744 8.56299973 19.99799919
v -70.97599792 -0.78600001 19.99799919
v -73.58000183 -0.21900000 19.99799919
v -71.05799866 -1.53100002 19.24799919
v -62.10638428 22.68913078 77.82399750
v -71.05799866 -1.53100002 13.99800014
v -62.10873795 22.67096901 76.47445679
v -81.90000153 8.61900043 19.99799919
v -62.09700012 22.74500084 78.42900085
v -75.72299957 -0.12600000 21.49699974
v -75.36399841 0.53299999 21.49699974
v -74.60199738 -0.64300001 21.49699974
v -74.27200317 0.03300000 21.49699974
v -73.81500244 -0.93099999 19.24799919
v -72.38600159 -1.31799996 19.24799919
v -75.06999969 -0.44600001 19.24799919
v -68.31099701 -0.79900002 8.74899960
v -69.57900238 -0.86299998 8.74899960
v -62.03799820 22.36300087 74.24500275
v -64.29415131 0.27117300 51.80099869
v -64.33594513 0.19062020 51.80099869
v -64.36122894 0.18791810 51.80099869
v -64.35666656 0.18850487 51.80099869
v -64.46550751 0.15417784 51.80099869
v -64.34229279 0.19059162 51.80099869
v -64.34445953 0.18912792 51.80099869
v -64.34516907 0.18802486 51.80099869
v -64.34621429 0.18969627 51.80099869
v -64.34908295 0.18906498 51.80099869
v -64.34784698 0.18813658 51.80099869
v -64.35243225 0.18832794 51.80099869
v -74.61900330 23.70800018 98.42500305
v -64.34624481 0.18970381 51.80099869
v -64.35986328 0.18801999 50.00000000
v -64.23429871 0.19089954 51.80099869
v -64.23685455 0.19106637 51.80099869
v -64.33940887 0.19060460 51.80099869
v -64.35984802 0.18799867 50.00000000
v -64.34881592 0.18785192 51.80099869
v -64.42481995 0.16562228 51.80099869
v -64.35997772 0.18800390 50.00000000
v -79.17099762 24.81999969 111.76399994
v -64.34296417 0.18864574 51.80099869
v -69.53800201 -1.68299997 69.08799744
v -79.66600037 24.47900009 111.93099976
v -64.21661377 0.18265767 51.80099869
v -80.00499725 24.23100090 111.25599670
v -64.34042358 0.18782678 51.80099869
v -64.23588562 0.19100314 51.80099869
v -64.23500061 0.19100000 51.74700165
v -64.02082062 0.09139868 51.80099869
v -64.01292419 0.08771624 51.80099869
v -63.97100067 0.06000000 49.85900116
v -74.41500092 27.37500000 110.53299713
v -75.07099915 27.10700035 111.29199982
v -63.93411636 0.00656599 51.80099869
v -63.93423080 0.00749326 51.80099869
v -63.93997955 0.01364015 51.80099869
v -63.93973160 0.01150446 51.80099869
v -63.99182892 0.05732850 51.80099869
v -64.00450134 0.07558133 51.80099869
v -63.98131561 0.04218308 51.80099869
v -63.96092606 0.03014517 51.80099869
v -63.93552399 0.00837437 51.80099869
v -63.93700027 0.00997399 51.80099869
v -63.93671036 0.00989728 51.80099869
v -63.94112015 0.01555301 51.80099869
v -73.80699921 27.66900063 107.12400055
v -73.30899811 27.80599976 107.41600037
v -63.95243835 0.02513645 51.80099869
v -63.93759918 0.01013276 51.80099869
v -62.03588486 22.36087418 73.72799683
v -62.10423660 22.69888115 77.08671570
v -62.09446335 22.75034332 75.77600098
v -62.11500168 22.58600044 75.29100037
v -62.10333252 22.68906021 74.61301422
v -63.94817734 0.02262145 51.80099869
v -63.94861984 0.02288149 51.80099869
v -80.28700256 24.05400085 109.63099670
v -80.55000305 23.81699944 110.05999756
v -62.10534668 22.68231392 74.14330292
v -62.09782791 22.73768616 74.29311371
v -68.23600006 -1.54600000 13.99800014
v -71.60500336 -0.69900000 8.74899960
v -69.84300232 8.04399967 22.49699974
v -72.38600159 -1.31799996 13.99800014
v -69.75599670 7.98699999 19.99799919
v -69.57900238 7.93599987 21.87199974
v -64.28600311 23.66099930 70.05999756
v -73.81500244 -0.93099999 13.99800014
v -62.03215027 22.35711861 72.81427002
v -62.10652924 22.63621140 71.72928619
v -62.10699844 22.48999977 74.24500275
v -62.10631561 22.63700485 71.58259583
v -70.16600037 -0.42199999 5.80700016
v -68.60299683 -0.39700001 5.80700016
v -69.49900055 7.94500017 19.99799919
v -69.31500244 8.04399967 22.49699974
v -72.91400146 -0.37500000 71.81800079
v -67.43900299 -0.25500000 5.80700016
v -71.29199982 -4.68900013 69.40000153
v -70.97599792 -0.78600001 8.74899960
v -72.23000336 -0.58399999 8.74899960
v -76.39600372 22.77400017 98.42500305
v -75.70400238 23.18300056 98.42500305
v -82.14499664 22.46500015 104.21499634
v -80.87400055 4.49399996 21.49699974
v -80.40200043 3.81999993 21.49699974
v -67.13099670 -5.56099987 49.84299850
v -66.19400024 -5.75899982 50.57600021
v -66.06600189 -5.40500021 49.41699982
v -54.79199982 21.42600060 71.30799866
v -80.25000000 24.07099915 104.49800110
v -57.25299835 17.53899956 69.08799744
v -54.28499985 19.63500023 70.57700348
v -54.37099838 20.10700035 71.77400208
v -55.15900040 22.29999924 68.46800232
v -54.75000000 21.53599930 66.04399872
v -54.49300003 20.64200020 68.32800293
v -54.87599945 21.94499969 63.72000122
v -56.68899918 24.30900002 67.54399872
v -73.11299896 27.88500023 106.48799896
v -72.45300293 28.11700058 104.00900269
v -73.46399689 27.81399918 105.50000000
v -74.45099640 27.38599968 102.47100067
v -70.63300323 28.53599930 99.04699707
v -54.44400024 20.46299934 62.42300034
v -62.10090637 22.72684479 73.60384369
v -62.09700012 22.74500084 74.24500275
v -73.09200287 27.99399948 102.09600067
v -72.50499725 28.16900063 101.95200348
v -62.10965729 22.61132050 72.25355530
v -62.10686874 22.63757133 71.71676636
v -72.38628387 -0.51121545 51.80099869
v -72.99135590 -0.35810652 51.80099869
v -73.99962616 -0.01756945 51.80099869
v -74.53700256 27.37599945 105.30999756
v -77.40299988 25.75499916 106.59400177
v -80.93699646 23.55900002 97.82499695
v -55.48099899 23.19400024 61.46200180
v -82.28068542 10.64150524 56.31999969
v -82.27927399 10.63749409 55.29600143
v -79.89299774 4.39300013 21.49699974
v -54.93399811 22.17000008 61.37799835
v -82.30999756 10.70199966 56.63600159
v -56.24599838 24.24799919 60.24800110
v -62.02000046 1.55599940 50.00000000
v -62.02002335 1.55597103 50.00000000
v -62.02002335 1.55597019 50.00000000
v -82.62947083 10.91216087 55.29600143
v -62.01942444 1.55651104 50.00000000
v -62.17214203 1.17429245 49.80127716
v -63.48799896 0.50365591 50.00000000
v -62.17527771 1.17269421 49.72322083
v -62.11093140 1.44603443 50.00000000
v -62.13364792 1.19391155 50.00000000
v -62.02000809 1.55599320 50.00000000
v -82.27919769 10.63738537 55.29600143
v -82.27849579 10.63538837 54.78400040
v -62.02001953 1.55598032 50.00000000
v -63.97200012 23.75600052 72.15299988
v -63.96765900 23.76029778 71.68000031
v -63.96909332 23.75980759 71.68000031
v -63.96253967 23.76622200 68.64436340
v -62.02999878 22.34900093 72.84999847
v -62.03400421 22.35870171 72.73477936
v -77.48000336 0.94099998 21.49699974
v -82.62917328 10.91197395 55.29600143
v -73.58000183 -0.21900000 8.74899960
v -69.38500214 -0.37400001 5.47599983
v -82.46099854 10.85999966 54.36899948
v -82.63151550 10.91256332 54.78400040
v -62.10665894 22.63830185 71.57688904
v -62.10734940 22.62864494 71.45500183
v -62.10719681 22.62779045 71.45500183
v -62.10583496 22.62942886 70.08105469
v -82.27709961 10.63139534 53.75999832
v -62.02000809 1.55599010 50.00000000
v -82.27856445 10.63548851 54.78400040
v -82.27785492 10.63348198 54.27199936
v -63.95913696 23.77284813 70.05999756
v -63.95278931 23.77501869 70.05999756
v -63.95532227 23.77275467 69.63200378
v -63.95994568 23.77117348 69.63200378
v -63.92499924 23.80100060 71.45500183
v -63.94699860 23.77700043 70.05999756
v -63.95999908 23.76799965 68.66600037
v -68.83399963 -5.36100006 50.34400177
v -68.26300049 -5.60599995 50.74499893
v -62.13393021 1.19376826 49.88563156
v -62.14099884 1.11600006 49.85900116
v -76.79799652 0.47999999 21.49699974
v -69.17400360 -4.72300005 48.51699829
v -67.79699707 -5.28599977 49.22100067
v -71.14354706 -1.38852930 51.80099869
v -72.29440308 -0.66771114 51.80099869
v -72.38978577 -0.60797364 51.80099869
v -72.40100098 -0.59799999 51.80099869
v -72.40909576 -0.59589624 51.80099869
v -70.93628693 -1.51834011 51.80099869
v -69.66419220 -1.75495303 51.80099869
v -70.89700317 -1.53999996 51.80099869
v -70.25146484 -1.69865680 51.80099869
v -70.23853302 -1.70070517 51.80099869
v -78.75399780 1.98399997 21.49699974
v -70.24600220 -1.70000005 51.49399948
v -70.89700317 -1.53999996 51.49399948
v -70.99900055 -0.83399999 51.49399948
v -72.40100098 -0.59799999 51.49399948
v -70.29136658 -0.88682324 50.00000000
v -71.87107849 -0.69945031 50.00000000
v -71.87575531 -0.69866312 50.00000000
v -72.43846130 -0.58841795 51.80099869
v -72.78161621 -0.50104594 51.80099869
v -81.25199890 6.76000023 19.99799919
v -73.03501892 -0.43652418 51.80099869
v -73.03986359 -0.43554369 50.00000000
v -73.72799683 -0.20247567 51.80099869
v -67.84899902 -0.14900000 5.15500021
v -81.70400238 7.94700003 19.99799919
v -69.38899994 -0.13300000 4.84700012
v -68.61599731 -0.23500000 5.15500021
v -70.28544617 -0.88705337 50.00000000
v -73.04197693 -0.43500423 50.00000000
v -58.93799973 20.07299995 69.08799744
v -72.91300201 -3.43199992 50.50500107
v -70.92299652 -4.47300005 50.30400085
v -72.95300293 -3.50200009 51.46699905
v -71.33399963 -0.31700000 5.80700016
v -70.56900024 -4.85599995 51.77000046
v -70.16600037 -5.06500006 51.86299896
v -70.80599976 -4.75299978 52.19800186
v -69.77700043 -4.99300003 50.27600098
v -69.93408966 -5.20876932 52.48600006
v -70.55428314 -4.89303160 52.48600006
v -81.30300140 23.28899956 105.04299927
v -81.62100220 23.08900070 101.24500275
v -64.28600311 23.66099930 67.27100372
v -63.96102524 23.76766396 68.65286255
v -63.96187973 23.76689529 68.52429962
v -63.93387222 23.79250526 66.00757599
v -63.96175385 23.76742363 68.67350769
v -63.96101379 23.76766777 68.67033386
v -63.96165848 23.76705551 68.65933990
v -63.96219635 23.76675034 68.65719604
v -63.96111298 23.76758003 68.65376282
v -63.96180725 23.76731682 68.64611053
v -79.76899719 20.32500076 105.65599823
v -63.96206284 23.76678658 68.51033020
v -63.96212006 23.76667786 68.48797607
v -63.96172714 23.76743317 68.64382935
v -79.36299896 20.51199913 105.65599823
v -63.95263290 23.77583694 63.48799896
v -63.95361328 23.77550125 63.48799896
v -63.95313644 23.77490044 64.48100281
v -63.95446777 23.77444458 64.48100281
v -63.96265030 23.76536942 65.53600311
v -63.96331024 23.76514244 65.53600311
v -63.96101761 23.76786613 63.48799896
v -63.94563293 23.78124428 66.18199921
v -63.95226669 23.77652359 62.76000595
v -69.63624573 -5.28800011 52.48600006
v -70.51200104 -4.39499998 49.20800018
v -71.38088989 -4.40215445 52.48600006
v -70.27536774 -4.93192196 52.48600006
v -69.91020966 -5.14888191 52.48600006
v -71.72299194 -4.09600019 52.48600006
v -69.82257080 -5.19338417 52.48600006
v -74.07804871 -0.08424857 51.80099869
v -74.18022919 -0.05060285 51.80099869
v -70.93099976 -3.53200006 47.26100159
v -76.42906952 -1.48798108 52.48600006
v -63.97200012 23.75600052 66.57299805
v -64.13400269 23.66900063 67.96800232
v -63.95453644 23.77437592 62.73799896
v -63.95518112 23.77401924 62.73799896
v -63.95298767 23.77627373 62.76372528
v -63.95730972 23.77187538 62.44603729
v -66.31099701 -5.06199980 48.54499817
v -66.62400055 -4.33500004 46.99900055
v -66.31999969 -4.01100016 46.49700165
v -66.94699860 -3.87500000 46.08200073
v -67.19999695 -5.18499994 48.78499985
v -64.15000153 23.66600037 62.73799896
v -68.69999695 -4.63199997 47.91400146
v -67.83200073 -5.00899982 48.48799896
v -67.86399841 -4.33400011 46.93700027
v -69.42700195 -4.04500008 46.93600082
v -69.19300079 -3.29399991 45.12300110
v -68.31999969 -2.96799994 44.27399826
v -67.53600311 -3.95799994 46.17399979
v -69.72699738 -4.70800018 49.10599899
v -70.07199860 -4.16400003 47.85400009
v -70.16200256 -3.83599997 47.06499863
v -70.80500031 -2.92000008 45.43799973
v -84.03700256 12.93700027 52.48600006
v -64.44194031 0.16400538 50.00000000
v -64.35991669 0.18799886 50.00000000
v -64.44207764 0.16396739 50.00000000
v -64.30200195 23.66099930 65.87599945
v -63.93922806 23.78666496 65.66807556
v -82.54399872 22.12400055 101.67800140
v -82.36900330 22.43300056 99.13099670
v -64.15425110 0.16409670 50.00000000
v -64.06367493 0.21026012 49.70035172
v -64.05877686 0.21275580 49.67797852
v -82.87500000 21.79100037 100.08799744
v -83.25299835 21.35400009 98.62400055
v -64.15357208 0.16444136 49.93473816
v -64.35989380 0.18801308 50.00000000
v -81.84999847 16.20299911 105.65599823
v -54.42900085 3.83100009 79.63600159
v -55.07300186 2.26699996 77.26599884
v -79.36299896 3.42100000 101.08499908
v -62.06616974 1.52272820 79.87200165
v -62.07199860 1.51499999 81.56700134
v -62.06638718 1.52191257 79.87200165
v -82.63124084 10.91239166 54.78400040
v -82.63330078 10.91280937 54.27199936
v -64.17600250 0.26600000 79.91100311
v -82.27779388 10.63339233 54.27199936
v -64.18441772 0.26516226 77.11717987
v -62.05960464 1.53026462 77.82399750
v -62.05912781 1.53206587 77.82399750
v -82.63558960 10.91336823 53.75999832
v -64.27605438 0.27049097 75.96521759
v -64.20089722 0.19100000 50.00000000
v -64.35991669 0.18800822 50.00000000
v -82.31099701 10.70300007 54.19499969
v -64.35900879 0.18802385 50.00000000
v -64.36000824 0.18799937 50.00000000
v -62.05281830 1.53861678 75.77600098
v -70.51300049 -2.35500002 43.77399826
v -71.56099701 -1.45000005 42.52500153
v -71.25099945 -3.93799996 48.97000122
v -57.53200150 24.26399994 48.34299850
v -57.52700043 24.46599960 48.62200165
v -69.29299927 -2.35500002 43.19699860
v -68.85099792 -1.97200000 42.39500046
v -70.40200043 -1.06900001 40.90499878
v -70.85800171 -0.67500001 40.27500153
v -64.92364502 22.72677803 38.69414139
v -65.03355408 22.78277016 38.69355011
v -65.09209442 22.81258965 38.70214462
v -63.24300003 28.17700005 48.69300079
v -65.22937775 22.88252449 38.74625015
v -68.57561493 -0.03509919 38.97941589
v -69.59200287 -0.19599999 39.18026733
v -68.46302032 -0.01727525 38.96804810
v -68.37202454 -0.00286979 38.95706940
v -63.29184341 21.89551163 38.70864105
v -65.12682343 22.83028030 38.71011734
v -56.21500015 22.74600029 48.62099838
v -56.76599884 23.07900047 47.99900055
v -56.78300095 23.47400093 48.45999908
v -56.07899857 21.41699982 47.49100113
v -57.15900040 22.12599945 46.29999924
v -56.48400116 21.00699997 46.34099960
v -57.25899887 21.30999947 45.29100037
v -55.60599899 19.48500061 47.35499954
v -55.97600174 19.90699959 46.61100006
v -56.18700027 20.36800003 46.44200134
v -56.03799820 19.06599998 46.02899933
v -57.14400101 19.10300064 43.56800079
v -84.03700256 12.93700027 51.80099869
v -70.64851379 -0.02874675 39.00029373
v -82.69799805 12.93700027 52.48600006
v -82.69799805 12.93700027 49.82899857
v -82.29579163 13.27929783 52.95645905
v -82.29869080 13.26621056 51.80099869
v -82.28523254 13.28124046 51.80099869
v -82.29755402 13.27132320 52.25238037
v -56.82500076 17.93700027 43.53099823
v -57.48300171 17.05299950 41.50999832
v -82.29989624 13.30412388 51.80099869
v -82.30162811 13.29316044 51.80099869
v -82.29602814 13.32869434 51.80099869
v -82.29998779 13.30009556 50.00000000
v -82.30435181 13.28852749 51.80099869
v -64.62258911 22.57341576 44.92813873
v -62.72559738 22.71578026 46.00000000
v -82.33654022 13.17992973 51.22399902
v -82.33368683 13.18339729 52.48600006
v -82.33663940 13.17973900 51.20000076
v -82.34192657 13.17012310 50.00000000
v -82.34012604 13.17341137 50.40536880
v -82.33259583 13.18831158 51.69086838
v -82.33934784 13.17428303 52.48600006
v -82.33950043 13.18737221 52.48600006
v -82.34075928 13.17201805 52.48600006
v -82.34224701 13.17004490 52.48600006
v -82.34366608 13.16733170 52.48600006
v -82.34462738 13.16386890 52.48600006
v -82.33927917 13.17438602 52.48600006
v -61.50114441 20.47414589 38.65681076
v -82.33200073 13.18500042 51.22399902
v -82.32340240 13.20536232 52.48600006
v -82.34766388 13.16212368 52.48600006
v -82.34248352 13.17321587 51.20000076
v -82.34249115 13.17327881 51.22399902
v -82.32588959 13.20258617 52.48600006
v -57.93299866 21.40699959 44.39899826
v -82.32397461 13.20729923 52.48600006
v -82.32135773 13.24088383 51.80099869
v -82.31973267 13.24853325 52.48600006
v -82.30799103 13.28235817 51.80099869
v -82.30826569 13.28137302 51.80099869
v -82.32089996 13.24304295 51.99433136
v -82.32003784 13.24496174 51.80099869
v -62.25448608 22.47567368 47.38306427
v -82.35582733 13.19960499 52.48600006
v -82.32631683 13.24117565 52.48600006
v -64.12898254 23.43102646 47.39737320
v -82.68991852 12.93801022 52.48600006
v -82.68666840 12.93887043 52.48600006
v -82.67949677 12.94042110 52.48600006
v -82.68284607 12.94148731 52.48600006
v -82.34480286 13.16693783 50.00000000
v -82.34216309 13.17110825 50.39830017
v -82.49400330 13.00399971 51.22399902
v -82.41210175 13.10626316 52.48600006
v -82.44272614 13.06281662 52.48600006
v -82.46443939 13.03577137 52.48600006
v -82.50083923 13.00038052 52.48600006
v -62.25470734 22.47578812 46.74836731
v -82.64666748 13.01834679 52.48600006
v -82.64682007 13.01827240 52.48600006
v -62.59108353 21.89269638 46.00000000
v -64.62270355 22.57347298 46.00000000
v -62.26840210 22.45183563 46.00000000
v -62.61896515 22.65419388 46.00000000
v -62.61434555 22.65907860 46.00654221
v -62.25458145 22.47572327 46.48746109
v -62.25460815 22.47573662 46.02759552
v -64.12789917 23.43047333 46.68492889
v -64.12782288 23.43043518 46.00000000
v -62.74916077 21.61905861 46.00000000
v -62.74905014 21.61900330 45.77116776
v -82.38075256 13.16554642 52.48600006
v -62.74909210 21.61902428 45.03851700
v -64.62258911 22.57341576 44.95833969
v -82.34197235 13.17004013 50.00000000
v -82.34202576 13.16994381 50.00000000
v -63.32230377 21.91102791 45.00484848
v -82.30000305 13.29997730 50.00000000
v -82.30002594 13.29994106 50.00000000
v -82.30002594 13.29993820 50.00000000
v -82.38452148 13.11444473 50.00000000
v -82.41233063 12.93881130 49.56579208
v -82.38475037 13.11299992 49.95918655
v -60.88083267 19.85383224 38.67069626
v -60.89886856 19.87187004 38.67077637
v -82.34197235 13.17003918 50.00000000
v -82.41078949 12.94855118 49.58575058
v -82.39847565 13.02631187 49.88138962
v -82.34181213 13.17027664 50.00000000
v -63.37541580 21.93808365 38.69313812
v -82.34183502 13.17034149 50.00000000
v -82.34200287 13.17000008 50.00000000
v -82.34201813 13.16997528 50.00000000
v -82.34204865 13.16992760 50.00000000
v -82.44999695 13.02600002 49.93199921
v -57.46799850 20.04199982 43.74100113
v -58.01699829 18.70999908 41.61700058
v -82.34189606 13.17018318 50.00000000
v -82.34185791 13.17023087 50.00000000
v -82.34198761 13.17001820 50.00000000
v -57.42300034 17.62599945 41.97200012
v -58.11600113 17.90800095 40.78599930
v -82.34201050 13.17006016 50.00000000
v -58.84261322 16.60243797 28.48600006
v -59.00735092 17.00561523 28.48600006
v -59.19871902 17.39640427 28.48600006
v -62.39862823 21.37162781 38.85717773
v -62.53900146 21.51199913 38.91752243
v -59.88399887 18.85700035 28.48600006
v -59.71302032 18.18213272 28.48600006
v -60.17007828 18.92221642 28.48600006
v -87.42735291 16.11222076 51.80099869
v -60.72065353 19.59541512 28.48600006
v -63.99865341 22.25557137 38.62949753
v -87.44270325 16.13050842 52.40225601
v -87.47734070 16.00522423 52.48600006
v -60.92317581 19.83486366 28.48600006
v -87.37692261 16.37641716 52.48600006
v -87.37966156 16.31459045 52.00037384
v -87.43649292 16.07989311 51.81871033
v -87.46968842 15.97536469 51.80099869
v -87.44203949 16.05701065 51.80099869
v -62.25817871 21.23117828 38.81427383
v -87.48766327 15.90900230 51.85376740
v -87.47090912 15.97142506 51.80099869
v -87.49448395 15.89519787 51.80099869
v -87.48899078 15.89380169 51.80099869
v -87.65899658 15.23600006 51.73300171
v -87.76799774 14.72700024 51.78799820
v -87.68830109 15.17263126 52.48600006
v -87.65151215 15.34629440 52.48600006
v -61.52871704 20.50171852 38.65733337
v -87.70124817 14.79770851 52.48600006
v -87.62521362 15.27933693 52.48600006
v -87.64463806 15.42209339 52.48600006
v -87.64199829 15.44099998 52.20899963
v -58.51200104 17.26899910 39.59999847
v -59.20962143 17.53395271 38.70687485
v -87.60787964 15.45262051 51.80099869
v -58.55899811 16.52700043 38.98199844
v -58.77515793 16.68159103 38.74732590
v -87.53437042 15.82220554 52.48600006
v -87.60463715 15.49434280 51.90067673
v -87.60368347 15.50130463 51.80099869
v -59.88399887 18.85700035 38.93898010
v -59.95781326 18.93081284 38.90004349
v -81.36799622 0.77999997 107.41600037
v -58.68367004 16.50209999 38.75303268
v -59.06107330 17.24251938 38.69748688
v -81.89099884 7.28399992 105.65599823
v -59.72713852 18.54925537 38.87318802
v -81.16200256 0.52800000 105.94200134
v -81.02600098 0.38800001 104.05100250
v -61.25436783 20.16834259 28.48600006
v -61.88854980 20.76412582 28.48600006
v -62.37315750 21.16079712 28.48600006
v -63.07979965 21.66801834 28.48600006
v -63.65205002 21.98139191 28.48600006
v -64.46023560 22.45914841 28.48600006
v -65.26349640 22.79172325 28.48600006
v -65.33200073 24.69499969 21.49699974
v -64.88600159 23.74200058 21.49699974
v -79.96099854 3.72399998 105.65599823
v -57.22000122 17.31599998 19.24799919
v -59.53900146 20.90999985 21.49699974
v -60.40900040 21.78599930 21.49699974
v -60.28599930 20.61499977 21.49699974
v -61.76900101 21.95700073 21.49699974
v -61.68199921 22.82799911 21.49699974
v -63.80500031 24.08300018 21.49699974
v -87.51358795 15.78822517 51.80099869
v -87.57857513 15.56537151 51.80099869
v -87.55152130 15.68321323 51.97740173
v -87.54049683 15.71213722 52.02018356
v -87.54336548 15.70200443 52.02573395
v -87.52867889 15.74952984 51.80099869
v -87.57136536 15.62565327 52.27582169
v -87.57499695 15.61047840 52.26287460
v -87.57444000 15.61156368 52.27091980
v -87.60228729 15.53070641 52.48600006
v -64.15100098 23.42399979 21.49699974
v -87.48358917 15.97996521 52.48600006
v -87.51229858 15.87201500 52.48600006
v -87.51630402 15.85234356 52.48600006
v -87.59826660 15.45005322 52.48600006
v -57.65599823 18.21699905 21.49699974
v -87.90899658 13.72399998 51.92900085
v -87.86799622 14.09599972 52.46400070
v -59.00699997 20.28100014 21.49699974
v -59.51100159 19.69799995 21.49699974
v -58.61100006 18.37400055 21.49699974
v -75.70400238 0.75000000 98.42500305
f 1 2 3
f 3 4 5
f 6 7 1
f 8 9 10
f 11 12 13
f 14 15 11
f 15 16 11
f 17 18 19
f 8 10 20
f 21 22 23
f 24 25 26
f 27 28 26
f 26 28 29
f 30 31 28
f 23 30 28
f 32 33 34
f 31 35 28
f 30 23 22
f 5 4 21
f 29 28 35
f 22 21 4
f 36 37 38
f 39 37 36
f 39 40 37
f 41 38 37
f 41 37 24
f 25 24 37
f 27 26 25
f 42 33 43
f 33 44 43
f 45 44 42
f 42 44 33
f 33 32 42
f 45 42 43
f 46 47 3
f 4 3 48
f 48 3 47
f 46 3 2
f 2 1 7
f 49 7 6
f 49 6 50
f 42 45 51
f 51 52 33
f 34 52 53
f 33 42 51
f 54 55 56
f 56 57 58
f 33 52 34
f 59 60 32
f 32 34 59
f 52 61 34
f 51 53 52
f 32 62 34
f 63 64 65
f 66 65 64
f 67 68 54
f 66 64 67
f 69 37 40
f 40 70 69
f 69 70 71
f 71 70 72
f 72 73 71
f 58 57 74
f 75 76 77
f 78 77 76
f 57 56 55
f 71 73 57
f 73 74 57
f 79 55 54
f 80 81 82
f 79 54 68
f 68 67 64
f 83 50 84
f 83 49 50
f 85 84 50
f 86 85 87
f 88 89 90
f 50 87 85
f 91 86 92
f 92 93 91
f 90 89 94
f 93 64 91
f 95 91 64
f 63 95 64
f 92 86 87
f 96 97 90
f 88 90 97
f 98 96 99
f 100 99 90
f 94 100 90
f 98 99 101
f 102 103 89
f 89 103 94
f 104 94 103
f 105 106 107
f 88 108 109
f 105 110 106
f 19 111 112
f 113 114 19
f 114 115 19
f 116 113 19
f 117 118 19
f 119 111 120
f 19 120 111
f 11 13 14
f 121 122 123
f 124 122 121
f 125 126 127
f 19 128 17
f 129 130 131
f 132 133 134
f 132 135 133
f 136 137 138
f 136 139 140
f 134 141 132
f 132 142 135
f 138 143 136
f 144 145 146
f 132 147 148
f 144 149 145
f 132 148 142
f 150 151 152
f 153 152 151
f 154 155 156
f 157 158 156
f 150 152 159
f 153 159 152
f 160 146 130
f 161 144 146
f 149 144 161
f 162 163 164
f 165 166 164
f 167 168 162
f 169 164 166
f 170 169 166
f 171 110 172
f 144 161 173
f 144 131 161
f 149 161 146
f 149 131 130
f 146 149 130
f 153 174 175
f 161 131 149
f 159 153 176
f 177 153 159
f 178 179 180
f 181 178 180
f 161 182 173
f 149 146 182
f 149 182 161
f 183 184 185
f 88 97 108
f 96 90 99
f 104 100 94
f 101 100 104
f 99 100 101
f 186 187 188
f 189 188 190
f 191 192 193
f 101 104 194
f 101 194 195
f 196 197 198
f 125 127 123
f 199 200 201
f 200 202 203
f 204 205 206
f 207 208 209
f 210 211 97
f 155 154 212
f 157 156 155
f 213 214 215
f 216 158 217
f 167 216 218
f 219 158 216
f 156 158 219
f 213 220 221
f 165 164 163
f 217 218 216
f 215 214 222
f 223 215 222
f 224 225 226
f 120 18 227
f 168 167 228
f 163 162 168
f 218 228 167
f 119 120 229
f 230 169 231
f 172 232 230
f 231 169 170
f 233 106 171
f 225 234 226
f 214 213 234
f 169 230 232
f 232 172 110
f 235 236 233
f 236 235 237
f 236 106 233
f 110 171 106
f 238 239 240
f 240 237 235
f 241 242 243
f 244 243 242
f 238 245 239
f 237 240 239
f 246 239 245
f 245 247 246
f 248 249 250
f 251 252 253
f 254 255 256
f 249 257 258
f 258 241 259
f 260 246 247
f 259 241 261
f 261 241 243
f 262 263 264
f 264 265 251
f 247 253 260
f 260 253 252
f 266 267 268
f 252 251 265
f 269 270 271
f 272 273 274
f 273 212 274
f 269 272 270
f 274 270 272
f 275 276 277
f 278 271 279
f 270 279 271
f 280 281 282
f 281 283 282
f 279 282 283
f 283 278 279
f 276 284 277
f 276 285 284
f 286 282 287
f 286 280 282
f 288 287 289
f 154 290 212
f 274 212 290
f 291 292 293
f 294 295 291
f 293 288 289
f 296 297 294
f 295 294 297
f 284 298 277
f 292 291 295
f 288 293 292
f 299 298 284
f 300 301 302
f 302 303 296
f 282 289 287
f 304 305 306
f 307 300 304
f 303 308 296
f 309 310 284
f 303 302 301
f 297 296 308
f 307 301 300
f 311 312 313
f 314 306 305
f 305 304 300
f 306 314 315
f 299 284 316
f 317 318 319
f 320 321 322
f 323 324 325
f 326 327 328
f 329 330 331
f 331 332 329
f 333 319 334
f 335 336 317
f 334 337 333
f 327 333 337
f 338 339 340
f 276 338 340
f 332 341 329
f 342 343 17
f 17 315 342
f 276 344 338
f 345 329 341
f 346 347 227
f 348 227 347
f 227 18 346
f 349 348 347
f 343 346 18
f 18 17 343
f 314 342 315
f 329 345 350
f 318 317 336
f 334 319 318
f 335 322 336
f 321 336 322
f 348 349 351
f 351 349 320
f 321 320 349
f 265 264 263
f 352 263 262
f 262 268 352
f 267 352 268
f 353 354 338
f 355 356 357
f 358 355 266
f 268 358 266
f 357 266 355
f 356 359 357
f 360 357 359
f 360 359 361
f 360 361 362
f 363 350 364
f 365 366 367
f 367 368 365
f 369 370 371
f 360 362 368
f 362 372 368
f 372 365 368
f 371 370 366
f 345 364 350
f 213 226 234
f 373 370 374
f 369 374 370
f 367 366 370
f 374 375 373
f 328 373 375
f 375 326 328
f 337 328 327
f 376 215 223
f 377 378 379
f 376 223 380
f 381 170 166
f 378 377 382
f 383 377 379
f 384 385 223
f 380 223 385
f 386 384 387
f 379 378 388
f 377 363 364
f 389 387 384
f 364 390 377
f 377 390 382
f 384 223 222
f 389 384 222
f 391 392 158
f 388 378 393
f 234 394 214
f 388 393 395
f 396 329 363
f 234 225 394
f 350 363 329
f 397 377 383
f 229 120 398
f 398 120 399
f 400 154 156
f 214 394 401
f 402 403 404
f 405 404 403
f 406 401 394
f 401 407 214
f 404 408 403
f 406 409 401
f 394 410 406
f 411 412 403
f 413 414 403
f 415 416 417
f 403 418 419
f 403 419 413
f 420 421 169
f 410 394 422
f 423 422 394
f 408 424 403
f 424 425 403
f 406 410 409
f 422 409 410
f 403 399 120
f 414 399 403
f 426 402 408
f 404 403 408
f 404 405 408
f 222 427 389
f 427 222 428
f 158 429 391
f 428 222 214
f 430 431 427
f 432 229 398
f 427 428 430
f 433 434 428
f 431 435 427
f 431 430 435
f 157 155 436
f 437 157 436
f 389 438 439
f 389 439 440
f 441 387 442
f 443 444 436
f 445 446 447
f 387 448 449
f 450 451 452
f 453 454 455
f 444 456 457
f 457 444 458
f 455 459 453
f 229 460 119
f 461 436 444
f 461 444 462
f 463 444 457
f 444 443 464
f 119 460 465
f 466 467 468
f 466 468 469
f 466 470 467
f 155 212 471
f 466 472 467
f 471 436 155
f 443 436 473
f 348 403 120
f 210 96 474
f 96 210 97
f 475 476 477
f 478 479 471
f 97 211 477
f 473 436 480
f 474 481 210
f 98 474 96
f 98 101 474
f 482 474 101
f 483 200 199
f 471 484 485
f 481 486 211
f 486 487 211
f 471 479 488
f 473 489 490
f 491 492 477
f 493 494 495
f 487 491 477
f 477 211 487
f 211 210 481
f 482 496 481
f 482 481 474
f 497 498 493
f 485 480 471
f 499 197 500
f 471 480 436
f 196 500 197
f 497 501 498
f 494 493 498
f 502 191 193
f 404 408 402
f 475 477 495
f 494 475 495
f 503 495 477
f 495 503 496
f 403 504 408
f 426 408 405
f 497 493 505
f 505 493 495
f 505 495 496
f 506 507 508
f 509 506 508
f 505 510 509
f 398 399 432
f 508 498 509
f 501 509 498
f 497 505 501
f 509 501 505
f 511 512 513
f 507 513 508
f 432 399 514
f 491 496 492
f 492 496 503
f 492 503 477
f 426 424 408
f 496 487 486
f 496 491 487
f 97 477 476
f 496 486 481
f 515 516 517
f 516 505 517
f 518 510 516
f 516 519 518
f 510 505 516
f 469 520 521
f 506 509 510
f 507 506 510
f 195 522 523
f 524 525 526
f 527 526 525
f 528 523 522
f 525 529 524
f 527 530 526
f 195 194 522
f 467 531 532
f 467 532 468
f 531 467 472
f 482 533 195
f 533 101 195
f 482 101 533
f 523 482 195
f 523 534 482
f 482 534 496
f 535 522 536
f 537 538 522
f 539 540 541
f 516 515 538
f 542 543 544
f 455 454 545
f 455 545 453
f 546 453 545
f 515 517 528
f 454 453 546
f 515 522 538
f 453 459 546
f 528 522 515
f 523 528 517
f 523 517 534
f 547 548 544
f 517 505 496
f 496 534 517
f 202 549 207
f 202 207 203
f 550 551 552
f 209 203 207
f 553 554 153
f 541 555 539
f 556 555 541
f 546 545 557
f 558 557 545
f 454 558 545
f 454 559 545
f 560 561 562
f 563 562 561
f 558 564 545
f 138 560 565
f 562 565 560
f 562 563 565
f 565 562 566
f 563 567 566
f 562 563 566
f 323 568 569
f 454 546 557
f 558 454 557
f 363 570 396
f 558 571 557
f 562 572 563
f 572 573 563
f 565 574 572
f 562 565 572
f 377 575 363
f 564 558 557
f 546 564 557
f 568 331 576
f 137 561 560
f 138 137 560
f 138 136 140
f 560 140 561
f 560 561 143
f 560 143 138
f 544 548 577
f 578 540 579
f 576 580 568
f 331 330 581
f 512 582 583
f 583 582 584
f 363 575 570
f 550 585 582
f 541 540 586
f 204 552 587
f 588 589 204
f 587 588 204
f 590 591 552
f 585 584 582
f 591 592 587
f 541 593 556
f 589 594 204
f 205 204 594
f 595 596 597
f 588 587 592
f 577 598 544
f 598 599 544
f 600 544 599
f 599 601 600
f 601 602 600
f 602 603 600
f 604 605 606
f 607 605 604
f 608 609 542
f 610 544 543
f 609 543 542
f 611 610 612
f 547 544 610
f 613 614 615
f 616 614 613
f 614 617 615
f 618 619 620
f 617 621 615
f 621 622 615
f 622 623 615
f 623 624 615
f 625 626 624
f 627 628 629
f 630 626 625
f 615 624 626
f 630 631 626
f 631 632 626
f 632 633 626
f 634 604 606
f 633 635 626
f 636 637 604
f 542 626 635
f 635 638 542
f 638 639 542
f 639 640 542
f 641 642 643
f 642 644 643
f 542 640 608
f 577 548 645
f 645 598 577
f 645 646 598
f 598 646 599
f 531 647 467
f 601 599 646
f 532 470 468
f 468 532 648
f 646 645 649
f 650 651 649
f 468 521 532
f 649 652 646
f 649 651 653
f 612 609 654
f 608 654 609
f 612 543 609
f 543 612 610
f 655 524 656
f 526 656 524
f 610 611 547
f 524 655 530
f 645 548 611
f 547 611 548
f 655 524 529
f 657 658 654
f 612 654 658
f 658 659 612
f 611 659 660
f 611 660 645
f 526 530 656
f 526 661 656
f 649 645 660
f 591 587 552
f 592 591 590
f 662 595 663
f 664 663 595
f 597 205 664
f 664 595 597
f 589 588 592
f 526 656 665
f 154 400 584
f 664 594 663
f 666 667 668
f 589 592 594
f 663 594 592
f 669 670 668
f 671 668 670
f 672 671 670
f 590 552 551
f 590 551 592
f 668 673 666
f 674 666 673
f 666 668 671
f 675 647 531
f 675 676 647
f 677 678 679
f 680 681 678
f 675 472 676
f 470 682 675
f 681 679 678
f 531 675 682
f 531 682 532
f 675 531 470
f 531 467 470
f 677 683 678
f 531 472 675
f 684 677 679
f 679 597 684
f 679 205 597
f 685 686 687
f 688 521 689
f 682 470 532
f 532 682 648
f 690 687 691
f 692 693 694
f 694 695 685
f 688 691 521
f 691 687 686
f 532 521 682
f 696 697 698
f 671 698 697
f 699 698 700
f 671 672 698
f 648 701 698
f 702 701 521
f 703 668 700
f 696 698 699
f 704 698 705
f 705 698 701
f 700 698 706
f 707 698 708
f 521 691 686
f 648 682 701
f 682 521 701
f 699 700 668
f 709 674 703
f 668 703 673
f 706 698 710
f 699 668 666
f 699 666 696
f 669 668 667
f 669 667 711
f 669 711 670
f 709 712 674
f 673 703 674
f 703 713 709
f 714 708 704
f 710 698 707
f 708 698 704
f 702 521 715
f 715 713 702
f 711 667 674
f 670 711 667
f 695 694 693
f 686 685 695
f 715 521 686
f 713 715 686
f 695 716 686
f 711 674 717
f 712 717 674
f 714 718 708
f 711 717 667
f 719 720 721
f 722 723 719
f 723 720 719
f 724 720 723
f 723 725 724
f 726 724 725
f 727 724 726
f 724 728 729
f 730 729 728
f 731 729 730
f 732 720 733
f 734 735 119
f 524 655 736
f 737 656 661
f 581 580 576
f 737 530 738
f 576 331 581
f 738 655 737
f 656 737 655
f 530 655 738
f 157 437 158
f 119 739 740
f 461 437 436
f 741 331 568
f 119 742 111
f 444 457 743
f 111 742 112
f 743 457 744
f 457 456 744
f 744 457 458
f 457 744 463
f 745 746 747
f 119 740 748
f 749 750 751
f 752 753 751
f 754 751 753
f 755 746 745
f 756 757 746
f 757 747 746
f 758 759 760
f 759 761 760
f 749 760 761
f 760 749 751
f 473 480 485
f 758 760 751
f 758 751 754
f 752 751 750
f 471 488 484
f 750 749 761
f 752 750 761
f 758 754 759
f 753 759 754
f 755 762 746
f 752 763 753
f 764 761 759
f 763 752 764
f 761 764 752
f 490 765 473
f 753 763 764
f 753 764 759
f 330 329 570
f 329 396 570
f 330 570 581
f 575 766 767
f 402 426 768
f 461 769 437
f 504 770 408
f 768 424 426
f 771 772 570
f 432 514 229
f 568 580 772
f 568 772 773
f 580 570 772
f 774 775 776
f 774 777 775
f 777 776 775
f 580 581 570
f 775 776 778
f 779 775 780
f 778 780 775
f 575 767 570
f 397 781 575
f 782 780 778
f 778 783 780
f 784 785 786
f 784 786 787
f 788 784 787
f 788 787 789
f 790 786 791
f 785 791 786
f 567 792 791
f 793 792 567
f 790 791 792
f 567 563 793
f 137 793 563
f 561 137 563
f 784 788 791
f 785 784 791
f 794 791 788
f 795 743 744
f 784 788 785
f 794 567 791
f 744 458 795
f 377 397 575
f 794 574 567
f 791 785 567
f 566 567 785
f 788 796 785
f 461 462 769
f 784 785 573
f 744 795 463
f 212 797 798
f 573 788 784
f 600 799 800
f 785 791 573
f 600 801 802
f 600 802 799
f 801 311 802
f 567 573 791
f 803 804 801
f 801 804 311
f 567 563 573
f 805 573 572
f 313 806 800
f 485 807 473
f 800 799 313
f 311 313 799
f 799 802 311
f 808 809 794
f 793 794 792
f 809 792 794
f 137 794 793
f 792 793 137
f 792 779 793
f 810 806 313
f 786 790 787
f 809 787 790
f 809 808 789
f 809 789 787
f 313 811 810
f 786 140 787
f 792 809 790
f 786 790 140
f 140 790 792
f 140 792 137
f 561 140 137
f 787 812 782
f 787 782 778
f 787 778 786
f 789 812 787
f 800 806 600
f 780 790 778
f 779 790 780
f 786 778 790
f 600 813 814
f 814 803 600
f 779 143 793
f 779 792 790
f 143 561 137
f 143 137 793
f 804 814 813
f 801 600 803
f 804 803 814
f 325 544 811
f 769 815 437
f 816 743 795
f 817 818 544
f 819 820 821
f 323 822 823
f 743 824 444
f 174 153 177
f 822 323 569
f 823 818 323
f 825 153 175
f 817 323 818
f 795 744 456
f 826 818 823
f 816 795 458
f 795 816 463
f 817 324 323
f 542 544 818
f 478 471 827
f 775 779 776
f 828 829 776
f 600 806 544
f 776 828 774
f 776 777 828
f 830 831 774
f 806 810 544
f 779 832 828
f 828 776 779
f 325 324 544
f 810 811 544
f 782 778 776
f 829 782 776
f 832 829 828
f 774 828 832
f 832 779 829
f 780 829 779
f 812 774 832
f 829 812 832
f 812 808 774
f 780 782 829
f 611 612 659
f 778 782 783
f 829 783 782
f 738 736 655
f 655 529 738
f 736 738 529
f 656 530 737
f 661 833 737
f 649 834 650
f 649 651 834
f 835 834 651
f 651 650 835
f 651 836 835
f 649 836 651
f 653 651 835
f 653 837 649
f 838 839 720
f 835 650 834
f 650 834 840
f 835 836 834
f 840 834 836
f 650 840 841
f 656 737 665
f 842 626 843
f 844 626 845
f 835 834 653
f 846 847 720
f 575 845 766
f 839 848 720
f 844 575 843
f 844 845 575
f 848 849 720
f 850 851 852
f 852 853 850
f 729 720 724
f 847 854 720
f 729 855 720
f 856 846 720
f 849 856 720
f 857 721 720
f 781 842 575
f 858 838 720
f 836 649 660
f 855 858 720
f 859 855 729
f 658 860 659
f 861 728 724
f 860 658 862
f 658 657 862
f 721 863 719
f 726 864 727
f 865 866 860
f 731 838 861
f 867 861 838
f 730 728 838
f 867 838 728
f 839 838 731
f 730 838 731
f 773 868 869
f 854 870 720
f 870 871 720
f 871 872 720
f 858 855 859
f 733 720 872
f 665 737 873
f 865 860 862
f 869 823 822
f 859 874 858
f 838 858 731
f 862 657 875
f 861 867 839
f 876 877 542
f 865 862 878
f 867 728 861
f 542 826 876
f 875 878 862
f 659 836 660
f 867 848 839
f 879 665 873
f 880 879 873
f 771 570 881
f 848 867 861
f 873 882 880
f 692 880 882
f 693 692 882
f 872 871 883
f 884 860 885
f 866 885 860
f 878 885 865
f 866 865 885
f 886 887 864
f 888 887 886
f 887 727 864
f 888 886 889
f 601 646 890
f 833 891 873
f 891 892 872
f 602 601 890
f 890 603 602
f 737 833 873
f 892 733 872
f 893 846 861
f 848 861 849
f 872 873 891
f 608 640 654
f 856 861 846
f 847 846 894
f 895 894 846
f 896 897 666
f 671 896 666
f 710 713 706
f 700 706 713
f 666 896 696
f 890 646 652
f 717 712 713
f 652 649 837
f 707 713 710
f 898 899 851
f 900 696 896
f 652 837 851
f 851 837 853
f 852 851 853
f 666 897 667
f 896 666 674
f 901 902 903
f 700 713 703
f 701 713 705
f 702 713 701
f 897 674 667
f 667 897 670
f 709 713 712
f 904 657 654
f 713 707 708
f 667 717 897
f 863 723 722
f 893 861 724
f 722 719 863
f 905 542 906
f 907 731 893
f 861 893 731
f 773 772 771
f 839 731 907
f 773 771 868
f 729 731 907
f 906 868 905
f 771 905 868
f 632 908 633
f 731 858 907
f 906 909 868
f 861 839 893
f 771 910 905
f 633 908 911
f 909 542 877
f 906 542 909
f 873 872 883
f 911 635 633
f 869 868 909
f 882 883 693
f 904 639 638
f 568 773 869
f 904 640 639
f 638 911 904
f 823 869 877
f 909 877 869
f 893 912 846
f 887 913 727
f 889 913 888
f 826 823 876
f 877 876 823
f 854 847 894
f 914 915 620
f 849 861 856
f 822 569 869
f 916 917 672
f 698 672 917
f 570 767 881
f 869 569 568
f 918 919 920
f 910 921 542
f 922 626 921
f 818 826 542
f 921 910 771
f 629 628 923
f 405 924 925
f 926 925 920
f 857 405 925
f 927 926 920
f 924 920 925
f 919 927 920
f 918 928 929
f 929 919 918
f 844 843 626
f 922 881 626
f 766 845 626
f 721 857 925
f 930 931 932
f 900 933 896
f 674 900 896
f 900 896 671
f 934 545 564
f 935 936 559
f 935 937 936
f 935 938 937
f 896 933 897
f 934 454 545
f 704 713 714
f 564 939 934
f 933 674 897
f 897 933 670
f 559 454 934
f 693 883 695
f 559 934 935
f 939 940 934
f 897 717 933
f 935 934 940
f 941 907 912
f 893 912 907
f 839 907 941
f 729 907 941
f 907 858 941
f 942 939 943
f 893 839 912
f 724 912 893
f 944 940 939
f 945 883 871
f 944 939 942
f 882 873 883
f 946 947 864
f 948 942 949
f 948 944 942
f 950 940 944
f 946 864 726
f 794 796 830
f 789 808 788
f 796 788 808
f 796 808 830
f 788 796 794
f 566 785 796
f 794 951 796
f 935 940 952
f 940 950 952
f 794 796 573
f 573 796 788
f 953 954 935
f 808 794 830
f 955 794 956
f 956 830 808
f 957 954 953
f 935 954 958
f 952 953 935
f 140 959 808
f 789 787 140
f 808 789 140
f 812 829 782
f 950 953 952
f 830 794 831
f 789 808 812
f 830 774 808
f 948 960 944
f 960 950 944
f 950 957 953
f 960 961 950
f 962 963 964
f 957 950 961
f 965 554 553
f 966 964 553
f 965 553 964
f 967 964 965
f 948 968 960
f 969 964 966
f 969 962 964
f 970 971 825
f 969 825 965
f 972 973 825
f 964 969 965
f 153 825 969
f 825 175 967
f 175 969 967
f 964 967 969
f 922 921 771
f 974 626 881
f 962 966 975
f 975 966 976
f 553 976 966
f 958 977 578
f 771 881 922
f 962 969 966
f 767 974 881
f 553 153 969
f 966 553 969
f 766 626 974
f 938 958 578
f 767 766 974
f 969 175 978
f 542 921 626
f 554 979 553
f 979 980 553
f 842 981 626
f 176 153 554
f 980 176 979
f 554 979 176
f 174 819 982
f 634 606 556
f 174 820 819
f 615 626 983
f 938 935 958
f 984 985 983
f 984 626 981
f 174 978 175
f 985 984 781
f 958 954 977
f 981 781 984
f 819 979 554
f 819 554 174
f 842 781 981
f 174 554 553
f 174 553 966
f 174 966 978
f 966 969 978
f 843 575 842
f 578 977 586
f 586 540 578
f 986 174 982
f 987 613 988
f 174 989 982
f 174 986 989
f 990 991 586
f 992 993 994
f 993 995 994
f 990 586 977
f 977 954 990
f 957 990 954
f 961 996 957
f 996 997 990
f 998 999 1000
f 983 999 998
f 1001 1002 615
f 615 994 1001
f 1003 794 573
f 994 615 992
f 996 990 957
f 1000 1004 615
f 992 615 1004
f 794 1003 831
f 1000 615 998
f 998 615 983
f 988 613 1005
f 615 1006 613
f 1006 615 1002
f 596 1007 684
f 594 664 205
f 970 825 967
f 905 910 542
f 677 684 1007
f 1007 1008 677
f 684 597 596
f 662 1007 596
f 984 983 626
f 965 964 1009
f 963 1009 964
f 1010 963 962
f 596 595 662
f 683 677 1008
f 1011 678 683
f 965 973 967
f 662 1012 1007
f 324 817 544
f 963 1010 975
f 1013 975 1010
f 1010 1014 967
f 148 1015 679
f 963 1010 967
f 1016 1009 963
f 975 976 963
f 1016 963 976
f 972 973 1017
f 1018 1017 973
f 973 965 1018
f 1009 971 965
f 970 1010 1009
f 963 967 1009
f 681 148 679
f 1017 980 972
f 980 979 972
f 554 972 979
f 206 205 679
f 972 1017 967
f 972 554 973
f 965 973 554
f 973 972 967
f 678 1011 680
f 1019 680 1011
f 965 825 973
f 683 1020 1011
f 1017 1018 980
f 1021 980 1018
f 1022 680 1019
f 1017 1018 967
f 1019 1023 1022
f 1021 1018 971
f 1021 971 1024
f 1025 1026 1022
f 1016 1024 1009
f 971 1009 1024
f 1018 965 971
f 1025 1022 1023
f 1018 1017 971
f 972 825 1017
f 1019 1011 1023
f 1017 825 971
f 1009 971 970
f 963 1009 1010
f 967 1018 971
f 1009 967 971
f 1013 962 975
f 1027 1012 1028
f 1013 976 975
f 1012 663 1028
f 1008 1007 1012
f 663 592 1028
f 976 1029 975
f 662 663 1012
f 1012 1020 1008
f 683 1008 1020
f 1021 553 980
f 1021 1016 553
f 976 553 1016
f 1030 1031 1032
f 1024 1016 1021
f 1024 176 1021
f 980 1021 176
f 1016 1033 1024
f 976 1033 1016
f 1034 982 821
f 819 821 982
f 821 819 1035
f 819 174 1035
f 1016 1029 976
f 1036 1012 1027
f 979 819 980
f 821 980 819
f 1037 1023 1020
f 821 1035 1034
f 1038 1034 1035
f 1035 1021 821
f 980 821 1021
f 1023 1011 1020
f 1039 1038 1040
f 1035 1040 1038
f 1041 1040 1035
f 1041 1035 821
f 1024 1021 1035
f 1029 1024 1040
f 1035 1040 1024
f 1024 1029 1016
f 1042 1043 464
f 1044 1042 1045
f 1034 1038 982
f 174 982 1038
f 1034 986 982
f 1039 1046 1038
f 1034 1038 1047
f 1039 1047 1038
f 1048 1047 1039
f 1049 1027 1028
f 1050 1027 1049
f 1051 1052 1053
f 982 989 1034
f 1049 1054 1055
f 1054 1049 1028
f 518 1056 1057
f 510 518 1057
f 1055 510 1057
f 1055 1054 510
f 1028 592 510
f 582 512 511
f 508 513 512
f 582 510 551
f 511 510 582
f 510 1054 1028
f 514 413 419
f 514 399 414
f 551 550 582
f 592 551 510
f 413 514 414
f 507 510 513
f 511 513 510
f 1058 1032 1031
f 1059 1044 1060
f 1045 1060 1044
f 1032 148 147
f 1061 1062 1063
f 1064 1065 1066
f 1067 1068 1066
f 1069 402 770
f 403 402 504
f 1070 1071 403
f 768 408 770
f 426 408 768
f 768 426 405
f 1072 1073 1074
f 1075 1076 1074
f 425 1077 403
f 1078 1076 1079
f 1080 1061 1081
f 1061 1082 1062
f 1083 1061 1080
f 108 97 109
f 229 514 1084
f 768 770 424
f 1085 1086 1087
f 1085 1087 88
f 1088 1086 1085
f 88 1087 89
f 1089 1090 321
f 1091 1092 1093
f 1085 1094 1088
f 635 911 638
f 904 654 640
f 911 1095 904
f 908 1096 911
f 1095 911 1096
f 1034 989 1038
f 1053 1038 989
f 1038 1053 1039
f 1052 1039 1053
f 1097 657 1098
f 657 904 1095
f 657 1095 1098
f 1095 1099 1098
f 1100 1101 1102
f 1095 1096 1103
f 1096 1102 1101
f 1096 1101 1103
f 1096 1104 1105
f 1096 1105 1101
f 624 623 1106
f 1107 625 1106
f 624 1106 625
f 1108 1109 1110
f 1108 1111 1109
f 1108 1110 1112
f 1113 1114 1115
f 1115 1116 1113
f 162 164 1117
f 1117 167 162
f 1110 1109 1118
f 1119 1120 1121
f 1107 630 625
f 1111 1122 1109
f 1123 1121 1120
f 1107 908 631
f 631 908 632
f 1107 1104 908
f 1107 631 630
f 1096 908 1104
f 1124 1104 1107
f 1125 1126 996
f 1127 1124 1106
f 541 586 593
f 1107 1106 1124
f 1124 1127 1128
f 634 556 593
f 1129 1128 1127
f 586 991 593
f 991 1130 593
f 1130 634 593
f 116 112 1131
f 997 991 990
f 1132 621 617
f 622 621 1132
f 1130 997 1133
f 1133 1134 1130
f 742 119 1131
f 614 1135 617
f 991 997 1130
f 1134 1136 634
f 1134 634 1130
f 1106 623 1132
f 622 1132 623
f 1126 1133 996
f 1126 1134 1133
f 1129 1127 1132
f 1106 1132 1127
f 1132 1135 1137
f 1129 1132 1137
f 1129 1137 1138
f 996 1133 997
f 742 1131 112
f 1134 1139 1140
f 1100 1141 1101
f 1103 1101 1100
f 968 1142 960
f 1143 1144 19
f 1142 961 960
f 1101 1105 1100
f 1142 1145 961
f 1104 1124 1105
f 1145 996 961
f 19 1146 117
f 996 1145 1147
f 1148 1098 1099
f 1147 1125 996
f 116 1149 113
f 1150 1126 1125
f 1097 1098 1151
f 1098 1148 1151
f 1152 1149 1153
f 118 1153 1149
f 1154 1155 1102
f 116 1149 1152
f 1120 169 1156
f 1120 164 169
f 1100 1102 1155
f 1120 1157 164
f 1096 1101 1141
f 1155 1141 1100
f 1100 1155 1103
f 1131 1152 1149
f 118 116 1153
f 1105 1155 1100
f 1153 1146 118
f 116 118 1149
f 1158 1159 1105
f 1149 116 1131
f 1102 1096 1160
f 118 1146 116
f 1146 112 116
f 1160 1096 1141
f 1154 1141 1155
f 1155 1154 1103
f 1155 1105 1154
f 1160 1154 1102
f 1159 1102 1160
f 1160 1141 1159
f 1141 1154 1160
f 1154 1105 1141
f 1159 1141 1105
f 1161 119 735
f 1102 1162 1160
f 1159 1163 1102
f 1158 1163 1159
f 1146 19 112
f 1103 1154 1141
f 1148 1099 1164
f 1152 113 1149
f 1151 1165 1097
f 116 19 118
f 743 816 1166
f 118 117 1153
f 1166 816 456
f 816 795 456
f 816 458 1166
f 816 1166 463
f 1124 1128 1167
f 1168 443 473
f 1169 1167 1128
f 1170 1171 343
f 1169 1172 1167
f 343 342 1170
f 1173 1174 1167
f 17 128 1175
f 1128 1176 1169
f 473 807 1177
f 1178 1179 1180
f 1172 1181 1167
f 807 488 1177
f 1179 1161 1180
f 1169 1176 1172
f 1180 1179 1131
f 1180 119 1179
f 1178 1182 1179
f 473 1183 1168
f 1184 1128 1129
f 1138 1184 1129
f 485 488 807
f 485 484 488
f 1184 1138 1185
f 1186 1128 1184
f 1138 1187 1185
f 115 1188 19
f 1189 1152 1190
f 1153 1190 1152
f 1189 116 1152
f 1191 1137 1192
f 1138 1137 1191
f 1152 1189 113
f 1152 1193 1189
f 1190 1153 116
f 1186 1184 1194
f 1185 1194 1184
f 1153 117 1190
f 1187 1194 1185
f 1146 1195 117
f 564 546 459
f 1190 1146 1153
f 455 1196 459
f 1179 1161 1193
f 1197 1198 191
f 191 502 1197
f 1166 1199 743
f 1200 1201 743
f 1202 1203 1204
f 713 1205 1206
f 900 1206 1205
f 1166 456 1199
f 458 1199 1166
f 671 1206 900
f 1207 1208 1088
f 1209 1207 1088
f 1093 1209 1088
f 1092 1210 1093
f 1204 1203 1211
f 160 1212 146
f 1213 1202 1204
f 1214 1215 1216
f 130 129 1212
f 1202 1213 1214
f 1212 160 130
f 1214 1216 1217
f 1206 696 900
f 1214 1218 1219
f 1217 1218 1214
f 900 1205 933
f 1219 1220 1214
f 179 178 1221
f 180 1222 181
f 1145 1223 1147
f 1205 674 933
f 933 1205 670
f 1222 180 1221
f 179 1221 180
f 1224 1225 1226
f 1227 939 459
f 939 564 459
f 1228 1224 1226
f 1111 1229 1122
f 198 899 1230
f 198 1230 1231
f 1232 1233 948
f 1233 968 948
f 1234 1235 1229
f 500 1231 1236
f 968 1233 1237
f 500 196 1231
f 193 192 502
f 1197 1238 1198
f 1239 1240 1241
f 1242 1240 1239
f 1241 1232 1239
f 1243 1198 1238
f 1241 1233 1232
f 1244 1237 1233
f 131 1243 129
f 1212 129 1243
f 1240 1244 1233
f 173 182 1245
f 1240 1233 1241
f 1246 1240 1242
f 182 146 1212
f 1243 182 1212
f 1247 968 1237
f 1248 182 1243
f 1247 1142 968
f 178 1245 1221
f 1227 1249 1250
f 1251 1015 148
f 148 1058 1251
f 933 717 1205
f 1222 1250 181
f 147 132 1224
f 1222 1221 1245
f 725 723 1252
f 1224 1030 147
f 887 888 913
f 724 727 913
f 1030 1032 147
f 1253 1254 1247
f 1142 1247 1254
f 1227 459 1249
f 1253 1247 1237
f 148 1032 1058
f 1244 1253 1237
f 1253 1240 1246
f 1255 1030 1224
f 1244 1240 1253
f 1252 1256 725
f 1254 1253 1257
f 1258 913 1259
f 874 941 1260
f 912 1260 941
f 839 941 874
f 1261 1254 1257
f 874 729 941
f 1262 1263 1253
f 1263 1257 1253
f 941 858 874
f 912 839 1260
f 724 913 912
f 1260 912 913
f 895 846 1260
f 945 871 870
f 1264 1265 1064
f 27 1263 1262
f 886 864 947
f 28 27 1246
f 947 1259 886
f 889 886 1259
f 27 1262 1253
f 1065 1064 1266
f 1267 1268 1074
f 1268 1269 1074
f 27 1253 1246
f 1270 1266 1064
f 1271 1270 1064
f 27 25 1263
f 1065 1266 1074
f 1267 1074 1266
f 1259 913 889
f 1078 1074 1076
f 1142 1254 1261
f 1261 1145 1142
f 912 1260 846
f 870 854 894
f 1223 1145 1261
f 1085 109 1094
f 900 674 1206
f 1093 1088 1094
f 671 713 1206
f 1272 1273 1274
f 1275 1274 1276
f 697 696 713
f 89 1087 102
f 704 705 713
f 1277 104 1278
f 1278 104 102
f 1279 1092 1091
f 1272 1274 1280
f 696 1206 713
f 671 697 713
f 1094 1081 1091
f 713 672 670
f 713 1206 674
f 718 714 713
f 1275 1280 1274
f 1209 1093 1210
f 1279 1210 1092
f 1281 1282 1283
f 713 674 1205
f 670 1205 713
f 1210 1284 1209
f 1094 1285 1080
f 713 686 716
f 708 718 713
f 1080 1081 1094
f 1205 717 713
f 109 1285 1094
f 713 916 672
f 1286 1287 713
f 1094 1091 1093
f 713 1276 1286
f 1288 1289 1290
f 1081 1291 1091
f 1279 1283 1282
f 1210 1279 1282
f 1281 1284 1282
f 713 1292 916
f 1293 1294 1086
f 1208 1293 1086
f 716 1275 713
f 1207 1209 1277
f 1276 713 1275
f 713 1287 1292
f 1085 88 109
f 723 863 1295
f 1294 1278 1087
f 1278 102 1087
f 1295 863 1296
f 1295 1296 1297
f 1256 1252 1297
f 1295 1297 1252
f 1294 1293 1277
f 1252 723 1295
f 1087 1086 1294
f 1293 1208 1277
f 1296 913 1297
f 1278 1294 1277
f 1086 1088 1208
f 1208 1207 1277
f 1298 1299 1300
f 1301 1302 1300
f 859 1303 863
f 1296 863 1303
f 1288 1290 1273
f 1296 1289 913
f 1304 1305 863
f 1299 1298 1306
f 726 725 1256
f 1260 1289 1289
f 1260 1289 874
f 1303 1289 1289
f 1303 1289 1296
f 1288 839 874
f 1288 874 1289
f 729 874 1303
f 1289 1303 874
f 859 1290 1289
f 729 1303 859
f 1289 874 859
f 1260 839 1288
f 1260 1288 1289
f 1307 1291 1063
f 1260 913 1289
f 894 1308 945
f 1273 945 1308
f 1273 1308 1289
f 1273 1289 1288
f 1307 1309 1291
f 1289 1308 1260
f 1299 1307 1300
f 870 894 945
f 945 1273 1272
f 1272 1280 1310
f 1300 1307 1311
f 1272 883 945
f 1283 1279 1291
f 1091 1291 1279
f 1310 716 1272
f 883 1272 716
f 1307 1299 1309
f 716 695 883
f 1291 1309 1283
f 1258 947 946
f 1258 946 1256
f 1258 1256 1297
f 1306 1312 1299
f 1312 1313 1299
f 1314 1315 1309
f 1299 1313 1309
f 1259 947 1258
f 1308 895 1260
f 1314 1309 1313
f 1283 1309 1315
f 1315 1281 1283
f 1316 1317 1313
f 1297 913 1258
f 1306 1316 1312
f 1313 1312 1316
f 894 895 1308
f 1284 1281 1315
f 1256 946 726
f 1061 1291 1081
f 1280 716 1310
f 1061 1063 1291
f 1280 1275 716
f 1062 1307 1063
f 1318 1319 1274
f 1276 1274 1286
f 1287 1286 1274
f 1062 1311 1307
f 1306 1298 1320
f 1306 1320 1316
f 1320 1298 1321
f 1322 1323 1321
f 1321 1316 1320
f 194 104 1324
f 929 1325 1326
f 1327 1326 1325
f 926 927 1328
f 104 1277 1324
f 1327 1325 1328
f 103 102 104
f 1328 1304 926
f 925 926 1304
f 925 1304 721
f 863 721 1304
f 919 929 1326
f 919 1326 927
f 1327 927 1326
f 1329 1330 1331
f 1328 927 1327
f 1329 1332 1277
f 1329 1277 1330
f 1333 1334 1335
f 1336 1335 1337
f 1334 1337 1335
f 1332 194 1324
f 1337 1338 1339
f 1337 1339 1336
f 1338 1337 1340
f 1337 1334 1340
f 1333 1340 1334
f 1341 1342 1333
f 1333 1342 1343
f 1335 1341 1333
f 1335 1336 1341
f 1336 1339 1341
f 1340 1333 1343
f 1344 1342 1341
f 1339 1338 1341
f 1343 1345 1338
f 1341 1338 1345
f 1228 1226 1346
f 734 119 1347
f 1348 1193 1161
f 1131 1179 1193
f 1152 1131 1193
f 768 770 402
f 770 504 1069
f 770 768 405
f 141 1349 1350
f 1351 1352 135
f 1350 132 141
f 1352 1353 133
f 133 135 1352
f 418 403 412
f 1354 1350 1355
f 1349 1355 1350
f 1224 132 1350
f 1069 424 770
f 134 133 1353
f 141 134 1356
f 1356 1357 141
f 1349 141 1357
f 1349 1357 1355
f 1358 1359 1360
f 1354 1225 1350
f 1354 1226 1225
f 1354 1355 1361
f 1361 1362 1363
f 1364 1363 1362
f 1361 1355 1365
f 1357 1365 1355
f 1225 1224 1350
f 1366 402 1367
f 405 1367 1069
f 411 1368 412
f 1199 1200 463
f 411 419 412
f 418 412 419
f 411 514 419
f 463 1166 1199
f 1367 424 1069
f 1369 1370 411
f 1368 411 1370
f 1368 411 403
f 1371 1368 403
f 1069 770 405
f 1122 1372 1109
f 1368 514 411
f 1373 1372 1122
f 1371 1084 1368
f 514 1368 1084
f 1177 1374 473
f 1375 1376 1377
f 1375 1378 1376
f 1375 473 1376
f 1374 1376 473
f 1376 1177 1375
f 1377 1379 1375
f 473 1375 1377
f 1331 1330 1284
f 1125 1223 1380
f 1380 1381 1125
f 1381 1382 1125
f 1332 1324 1277
f 1377 1375 488
f 1375 1177 488
f 1125 1147 1223
f 680 1022 1026
f 1351 135 1383
f 1026 1383 135
f 1356 134 1353
f 1353 1352 1384
f 1385 815 769
f 1261 1257 1386
f 1385 769 462
f 1386 1223 1261
f 1314 1313 1317
f 1180 1387 1178
f 1388 1386 1257
f 1182 1387 735
f 1161 735 1387
f 1161 1387 1180
f 1131 1387 1180
f 1387 119 1180
f 1223 1388 1389
f 1390 165 163
f 1131 119 1387
f 500 1391 499
f 735 1161 1182
f 1161 1179 1182
f 1223 1386 1388
f 735 734 1182
f 1179 119 1161
f 192 1392 502
f 1393 1394 1348
f 1347 1394 1393
f 1394 1395 1393
f 1388 1257 1263
f 1394 1347 1348
f 1197 502 1392
f 1380 1389 1381
f 119 1395 1348
f 1348 1395 1394
f 217 158 392
f 1389 1380 1223
f 1396 1248 1243
f 1397 1248 1398
f 1126 1150 1399
f 1199 1200 743
f 1190 1195 1189
f 1125 1382 1150
f 113 1400 114
f 1382 1401 1399
f 1248 1402 182
f 1150 1382 1399
f 1340 1343 1338
f 1403 1222 1245
f 1341 1404 244
f 1341 1405 1404
f 1250 1222 1406
f 1341 1407 1405
f 1229 1235 1122
f 1401 1408 1399
f 1404 1409 244
f 1382 1410 1401
f 1411 1412 1407
f 1405 1412 1404
f 1222 1403 1406
f 243 244 1409
f 1409 1404 1412
f 1405 1407 1412
f 1352 1351 1384
f 1356 1353 1384
f 1410 1408 1401
f 680 1026 681
f 142 681 1026
f 135 142 1026
f 1413 1414 1415
f 142 148 681
f 1416 1345 1417
f 1315 1314 1284
f 1317 1284 1314
f 1023 1384 1383
f 1351 1383 1384
f 1195 116 1189
f 1023 1037 1384
f 1365 1418 1361
f 1418 1365 1419
f 1201 1200 456
f 1199 456 1200
f 25 1388 1263
f 1199 458 1200
f 1200 458 1201
f 1189 1193 1195
f 1383 1026 1025
f 1383 1025 1023
f 1201 463 1200
f 1382 1381 1388
f 1420 1036 1421
f 1012 1036 1420
f 1388 1410 1382
f 1420 1020 1012
f 1422 1423 1424
f 1425 1020 1420
f 1020 1425 1037
f 1388 1426 1410
f 1423 1373 1424
f 1426 1427 1410
f 1190 116 1195
f 1381 1389 1388
f 117 1195 1190
f 1146 1190 1195
f 1428 1425 1429
f 1430 1408 1410
f 1427 1430 1410
f 1394 1393 1195
f 1330 1277 1284
f 1277 1209 1284
f 1341 1345 1407
f 1431 1407 1345
f 1210 1282 1284
f 1348 1394 1193
f 1195 1193 1394
f 1331 1432 1433
f 1427 1426 1434
f 1393 1348 1347
f 1435 1427 1434
f 1388 37 1426
f 1348 1347 119
f 1347 1393 734
f 37 1388 25
f 735 1182 1393
f 735 1393 1347
f 1434 1426 37
f 735 1348 1161
f 1347 1348 735
f 1432 1317 1436
f 636 604 1437
f 1317 1438 1436
f 1439 1414 1416
f 1317 1323 1438
f 1413 1416 1414
f 1440 636 1437
f 1143 19 1188
f 1441 1440 642
f 1331 1284 1432
f 642 641 1441
f 1442 1432 1436
f 1182 1178 1387
f 1433 1432 1442
f 1443 1444 1445
f 1182 734 1178
f 1415 1444 1446
f 1284 1317 1432
f 1415 1445 1444
f 1393 1395 1447
f 1437 604 634
f 1416 1448 1431
f 1416 1431 1345
f 1416 1413 1448
f 1298 1300 1302
f 1301 1300 1311
f 1449 1450 1451
f 1452 1453 1302
f 1454 1455 1301
f 1456 1446 1451
f 1301 1457 1454
f 1455 1302 1301
f 1393 1182 1195
f 1450 1449 1411
f 1456 1451 1458
f 1459 1452 1457
f 1446 1456 1415
f 1413 1415 1456
f 1460 1374 1379
f 1376 1374 1460
f 1376 1460 1377
f 1448 1413 1456
f 1431 1448 1456
f 1456 1458 1431
f 1376 1378 1374
f 1459 1457 1301
f 1450 1411 1431
f 1177 1376 1374
f 1407 1431 1411
f 1460 1379 1377
f 1378 1375 1379
f 1458 1450 1431
f 1378 1461 1379
f 1301 1311 1462
f 1377 1460 473
f 353 1463 1464
f 1301 1465 1459
f 1453 1466 1302
f 1466 1322 1298
f 1298 1302 1466
f 1302 1455 1452
f 1455 1454 1452
f 1454 1457 1452
f 1343 1464 1467
f 1343 1468 1464
f 1468 353 1464
f 1452 1469 1453
f 1323 1453 1469
f 1470 1471 473
f 1379 1460 488
f 1452 1459 1472
f 1473 1474 1475
f 1468 354 353
f 1377 488 1460
f 1322 1321 1298
f 1466 1453 1323
f 1342 354 1468
f 1459 1475 1472
f 1476 1472 1475
f 1342 1468 1343
f 1466 1323 1322
f 1316 1321 1323
f 1477 1475 1478
f 1479 1480 1481
f 1467 1464 1482
f 1483 1476 1475
f 1484 1485 1373
f 1477 1478 1486
f 1487 1484 1373
f 1373 1485 1424
f 1373 1235 1487
f 1488 1109 1372
f 1489 1490 1491
f 1479 1492 1467
f 1372 1423 1422
f 1372 1373 1423
f 1493 1417 1343
f 1118 1109 1488
f 1493 1492 1479
f 1494 1495 1490
f 1489 1491 1496
f 1494 1497 1495
f 1498 1495 1497
f 1499 1500 1491
f 1491 1490 1499
f 1498 1499 1490
f 634 1136 1437
f 1495 1498 1490
f 1496 1501 1489
f 1502 1503 1475
f 1134 1140 1136
f 1140 1437 1136
f 1140 1504 1437
f 1201 1505 743
f 1505 1506 743
f 1139 1134 1126
f 1201 456 1505
f 1201 458 1505
f 1140 1507 1504
f 1508 1509 1510
f 1503 1473 1475
f 1509 1511 1510
f 1510 1512 1508
f 1139 1513 1140
f 1513 1507 1140
f 1505 463 1201
f 1477 1483 1475
f 1474 1478 1475
f 1514 1515 1503
f 1474 1473 1515
f 1503 1515 1473
f 1509 1508 1514
f 1507 1516 1517
f 1513 1518 1507
f 1503 1502 1511
f 1502 1510 1511
f 1503 1511 1514
f 1514 1511 1509
f 1519 1514 1508
f 1440 1437 642
f 1374 1378 1379
f 1460 1379 1461
f 1437 1504 642
f 1508 1512 1520
f 642 1504 1521
f 1522 1519 1523
f 1520 1523 1519
f 1521 1517 642
f 1378 479 478
f 1517 644 642
f 1522 1524 1519
f 1378 488 479
f 1508 1520 1519
f 1504 1507 1521
f 1497 1525 1498
f 1499 1498 1525
f 1507 1518 1516
f 1516 1526 1517
f 1527 1496 1528
f 1500 1528 1496
f 1501 1496 1527
f 1496 1491 1500
f 1518 1526 1516
f 1521 1507 1517
f 1379 488 1378
f 1235 1373 1122
f 1323 1317 1316
f 815 1385 437
f 462 463 1385
f 1323 1529 1530
f 1323 1469 1529
f 1452 1472 1469
f 1531 1469 1472
f 1472 1476 1531
f 1486 1531 1483
f 1476 1483 1531
f 1483 1477 1486
f 1529 1532 1530
f 1529 1469 1532
f 1531 1532 1469
f 1519 1515 1514
f 1478 1515 1486
f 1478 1474 1515
f 1429 1533 1428
f 381 231 170
f 1518 1534 1526
f 1533 1384 1428
f 1535 106 236
f 1425 1428 1384
f 105 232 110
f 1425 1384 1037
f 643 644 1536
f 1425 1420 1429
f 236 237 1535
f 914 1536 644
f 914 619 1536
f 914 620 619
f 1384 1533 1537
f 1517 1538 644
f 1384 1537 1419
f 1357 1356 1419
f 1384 1419 1356
f 1250 1406 1539
f 1227 1250 1539
f 1227 1539 939
f 247 1540 253
f 1541 1403 1402
f 1541 1406 1403
f 1542 943 1539
f 1542 942 943
f 1542 1539 1406
f 943 939 1539
f 1541 1542 1406
f 949 942 1542
f 1543 1542 1544
f 1543 949 1542
f 1481 1493 1479
f 1544 1542 1541
f 1481 1480 1545
f 1402 1245 182
f 1481 1545 1439
f 1416 1417 1493
f 1403 1245 1402
f 1248 1397 1402
f 1546 1547 1548
f 1549 1550 1551
f 1550 1552 1551
f 1439 1493 1481
f 1553 1552 1550
f 1417 1345 1343
f 1553 1554 1552
f 1553 1544 1554
f 1493 1439 1416
f 1553 1543 1544
f 1492 1343 1467
f 1232 948 1553
f 1492 1493 1343
f 1553 948 949
f 1555 1556 1557
f 1543 1553 949
f 1551 1397 1398
f 1551 1552 1397
f 1552 1402 1397
f 1552 1554 1402
f 1544 1541 1402
f 1558 1220 1559
f 1554 1544 1402
f 1538 914 644
f 1560 1553 1550
f 1230 1236 1231
f 169 232 420
f 1561 1197 1392
f 1561 1238 1197
f 1396 1238 1561
f 1243 1238 1396
f 499 1391 1561
f 1561 1392 499
f 1561 1562 1398
f 1398 1396 1561
f 1248 1396 1398
f 1563 1564 1565
f 1565 1551 1398
f 1565 1564 1551
f 421 1566 1567
f 421 420 1566
f 420 232 1566
f 169 421 1567
f 105 1566 232
f 107 1568 1566
f 1568 1567 1566
f 1178 1195 1182
f 1566 105 107
f 1569 1568 1570
f 1571 1572 1557
f 1557 1572 1555
f 1573 1572 1574
f 1555 1575 1576
f 1555 1572 1577
f 1555 1577 1575
f 1578 19 1144
f 1579 1580 1557
f 1580 1581 1557
f 1537 1582 1419
f 1583 1582 1537
f 1419 1365 1357
f 1538 1584 914
f 1526 1538 1517
f 1585 1586 1587
f 1588 1589 1590
f 1591 1592 1593
f 1591 1593 1594
f 1595 1593 1592
f 1596 1079 1594
f 1596 1594 1593
f 1595 1597 1593
f 1598 1595 1592
f 1079 1596 1078
f 1599 1078 1600
f 1600 1078 1596
f 1596 1593 1600
f 1598 1597 1595
f 1601 1598 1592
f 1592 1589 1602
f 1602 1603 1604
f 1602 1604 1605
f 1606 629 923
f 1603 1607 1604
f 1608 1116 1607
f 1605 1601 1602
f 1592 1602 1601
f 930 629 1609
f 1599 1597 1078
f 1609 931 930
f 1358 1610 1611
f 1611 1598 1358
f 1598 1601 1358
f 1597 1598 1611
f 1600 1593 1599
f 1359 1358 1601
f 1605 1359 1601
f 1599 1593 1597
f 1359 1605 1612
f 1613 1612 1605
f 1614 1607 1603
f 915 914 1615
f 1616 1617 273
f 1608 1616 273
f 1615 923 915
f 1618 1114 1613
f 923 1615 1606
f 273 1113 1608
f 1116 1608 1113
f 1116 1115 1604
f 1618 1613 1604
f 1605 1604 1613
f 1607 1116 1604
f 1607 1614 1608
f 1616 1608 1614
f 1606 1609 629
f 1618 1604 1115
f 914 1584 1615
f 1615 1619 1606
f 1364 1620 1363
f 1609 1606 1619
f 1363 1346 1361
f 1621 1622 1623
f 1526 1624 1584
f 1624 1625 1584
f 1624 1526 1534
f 1354 1361 1346
f 1538 1526 1584
f 1363 1626 1346
f 1627 1628 1629
f 1346 1226 1354
f 1627 1622 1628
f 1629 1630 1627
f 1620 1631 1363
f 1364 1632 1620
f 1620 1632 1631
f 1633 1631 1632
f 1364 1362 1632
f 1632 1634 1633
f 1635 1632 1582
f 1419 1582 1632
f 1632 1635 1634
f 1418 1362 1361
f 1632 1362 1419
f 1418 1419 1362
f 1636 1637 1638
f 1363 1631 1626
f 1630 1629 1638
f 1638 1629 1636
f 1623 1622 1639
f 1640 1623 1639
f 1633 1641 1626
f 1626 1641 1642
f 1643 1644 1645
f 1626 1642 1346
f 1631 1633 1626
f 1646 1645 1647
f 1644 1647 1645
f 1642 1641 1645
f 1640 1648 1623
f 1649 1640 1650
f 1651 1646 1652
f 1653 1651 1652
f 1653 1654 1655
f 1647 1652 1646
f 1644 1656 1647
f 1657 1630 1638
f 1643 1656 1644
f 1657 1627 1630
f 1657 1639 1627
f 1658 1655 1659
f 1660 1659 1655
f 1639 1622 1627
f 1659 1660 1661
f 1661 1658 1659
f 1643 1645 1641
f 1660 1655 1654
f 1660 1654 1661
f 1654 1653 1662
f 1652 1663 1653
f 1654 1662 1661
f 1662 1653 1663
f 1663 1652 1661
f 1652 1647 1661
f 1662 1663 1661
f 1637 1664 1665
f 1592 1591 1666
f 1589 1592 1666
f 1667 1666 1668
f 1669 1666 1591
f 1668 1666 1669
f 1668 1670 1667
f 1667 1585 1666
f 1589 1666 1590
f 1671 1672 1670
f 1673 1674 1064
f 1264 1064 1674
f 1625 1619 1615
f 1674 1673 1672
f 1674 1672 1671
f 1675 1671 1670
f 1264 1674 1671
f 1675 1271 1671
f 1670 1668 1676
f 1677 1676 1668
f 1625 1615 1584
f 1271 1064 1265
f 1264 1671 1265
f 1676 1675 1670
f 1624 1534 1678
f 1678 1679 1625
f 1675 1676 1271
f 1266 1270 1676
f 1265 1671 1271
f 1267 1266 1676
f 1268 1267 1676
f 1268 1676 1677
f 1557 1680 1681
f 1270 1271 1676
f 1682 1677 1668
f 1682 1668 1669
f 1072 1074 1269
f 1678 1625 1624
f 1269 1268 1677
f 1682 1073 1677
f 1683 1682 1669
f 1679 1619 1625
f 1075 1074 1073
f 1684 1685 1686
f 1686 1687 1684
f 1269 1677 1072
f 1073 1072 1677
f 1076 1075 1683
f 1679 1688 1619
f 1669 1591 1683
f 1594 1683 1591
f 1685 1684 1689
f 1685 1689 1690
f 1678 1691 1679
f 1073 1682 1075
f 1682 1683 1075
f 1683 1594 1076
f 1079 1076 1594
f 1684 1692 1693
f 1693 1694 1684
f 1695 1696 1697
f 1698 1699 1700
f 1698 1701 1699
f 1700 1702 1698
f 1702 1661 1703
f 1704 1609 1619
f 1704 931 1609
f 1704 1705 931
f 1697 1706 1707
f 1661 1647 1656
f 1697 1696 1706
f 1708 1634 1635
f 1688 1704 1619
f 1691 1688 1679
f 1691 1709 1688
f 1709 1704 1688
f 1695 1710 1711
f 1711 1712 1695
f 1713 1710 1714
f 1695 1714 1710
f 1709 1705 1704
f 1579 1557 1715
f 1691 1716 1709
f 1702 1634 1698
f 1702 1703 1634
f 1717 1715 1557
f 1713 1718 1579
f 1579 1715 1713
f 1715 1717 1713
f 1717 1556 1710
f 1711 1710 1556
f 1710 1713 1717
f 1719 1695 1712
f 1719 1720 1721
f 1139 1126 1399
f 1399 1513 1139
f 1722 1723 1724
f 1725 1726 1727
f 1534 1518 1728
f 1519 1729 1730
f 1731 1732 1535
f 1445 1725 1727
f 1515 1519 1733
f 1734 107 1535
f 1519 1730 1733
f 1415 1725 1445
f 1535 107 106
f 1535 1732 1734
f 1513 1399 1735
f 1637 1736 1657
f 1734 1568 107
f 1735 1518 1513
f 1729 1737 1730
f 1735 1728 1518
f 1738 1739 231
f 1515 1733 1532
f 1532 1486 1515
f 230 231 1740
f 1399 1408 1735
f 1741 1742 1727
f 1726 1741 1727
f 1743 1744 1726
f 1735 1408 1430
f 1745 1443 1445
f 1746 1735 1430
f 1531 1486 1532
f 1725 1415 1414
f 1567 1568 1569
f 1696 1695 1719
f 1569 1747 1567
f 1728 1735 1746
f 1719 1712 1748
f 1719 1748 1720
f 1532 1749 1530
f 1725 1545 1480
f 1439 1545 1725
f 1430 1427 1435
f 1414 1439 1725
f 1532 1733 1749
f 1723 1725 1480
f 1747 1569 1570
f 1726 1725 1723
f 169 1567 1156
f 1722 1743 1723
f 1726 1723 1743
f 1748 1750 1720
f 240 235 1751
f 1752 1753 1754
f 1753 1434 1754
f 1755 1753 1752
f 1171 1756 346
f 1728 1746 1753
f 1753 1755 1728
f 1435 1434 1753
f 1757 1562 1561
f 1657 1638 1637
f 1753 1430 1435
f 1746 1430 1753
f 1757 1561 1758
f 1657 1736 1759
f 1728 1760 1534
f 1760 1678 1534
f 1759 1639 1657
f 1760 1761 1678
f 1757 1565 1562
f 1565 1398 1562
f 1757 1762 1565
f 343 1171 346
f 1761 1763 1764
f 1763 1752 1754
f 1760 1752 1761
f 1760 1755 1752
f 1728 1755 1760
f 1761 1752 1763
f 1691 1678 1761
f 1069 1367 402
f 1765 1766 1767
f 1761 1768 1691
f 1768 1716 1691
f 1769 1765 1767
f 417 1770 932
f 1367 1069 504
f 1366 1367 504
f 405 1366 1367
f 412 418 1369
f 412 1369 411
f 1370 418 1771
f 418 412 1368
f 1772 51 45
f 1368 1371 418
f 1773 418 1371
f 42 32 45
f 1771 418 1773
f 1772 45 43
f 1772 44 45
f 424 1367 1366
f 1774 53 1775
f 1771 1371 1370
f 1773 1371 1771
f 1371 1368 1370
f 403 1773 1371
f 403 1071 1773
f 1773 1071 1771
f 1370 1771 1071
f 1776 51 1772
f 45 32 1772
f 1084 1371 1773
f 1772 43 1776
f 1772 1776 44
f 1773 1771 1084
f 60 61 1776
f 51 1776 61
f 1776 32 60
f 1772 32 1776
f 43 1777 1776
f 60 44 1776
f 51 61 52
f 59 34 61
f 62 61 51
f 51 52 62
f 52 34 62
f 924 405 1778
f 348 1778 403
f 1779 1451 347
f 1780 402 1366
f 1366 504 1780
f 1366 405 1780
f 1370 1369 418
f 53 51 1775
f 1070 403 1077
f 1370 1071 1369
f 1370 1084 1771
f 61 1777 51
f 1084 1370 1369
f 60 59 61
f 1780 424 1366
f 60 1776 1777
f 60 59 44
f 1781 1782 1783
f 59 1777 61
f 59 62 44
f 61 62 59
f 347 346 1779
f 1779 346 1756
f 500 1236 1391
f 1784 1236 1785
f 1391 1236 1784
f 1784 1758 1391
f 1758 1561 1391
f 1786 1787 1788
f 1787 1563 1565
f 1762 1787 1565
f 1787 1762 1757
f 1787 1757 1758
f 1787 1758 1784
f 1787 1784 1788
f 1789 1790 1791
f 1551 1564 1549
f 1549 1560 1550
f 1792 1787 1786
f 1793 1787 1792
f 1563 1787 1793
f 1794 1795 1796
f 1797 1798 1789
f 1799 1560 1549
f 1560 1232 1553
f 1800 1239 1560
f 1239 1232 1560
f 1239 1800 1242
f 1793 1799 1563
f 1799 1564 1563
f 1799 1549 1564
f 1731 1801 1732
f 1799 1793 1802
f 1793 1803 1802
f 1803 1804 1802
f 1731 1805 1801
f 1793 1792 1803
f 1792 1806 1804
f 1792 1804 1803
f 1807 1800 1560
f 1807 1560 1799
f 1807 1808 1800
f 1804 1809 1802
f 1802 1807 1799
f 1802 1808 1807
f 1734 1570 1568
f 1808 1802 1809
f 1804 1810 1809
f 1810 1811 1809
f 1811 1808 1809
f 1808 1242 1800
f 28 1811 1810
f 458 1812 1813
f 28 1246 1811
f 1246 1808 1811
f 1246 1242 1808
f 1535 1805 1731
f 841 1814 650
f 841 840 1814
f 853 837 1815
f 850 853 1815
f 836 659 1816
f 1816 659 860
f 840 836 1817
f 836 1816 1817
f 1814 840 1817
f 1814 1818 650
f 834 650 1818
f 834 1818 653
f 653 1815 837
f 884 1816 860
f 1819 878 875
f 1820 1816 884
f 1821 1817 1816
f 1822 1823 1824
f 898 851 850
f 1825 1826 1827
f 1828 1825 1827
f 875 657 1829
f 1830 1831 1832
f 1830 1832 1833
f 1831 1826 1832
f 1833 1832 1834
f 1826 1834 1832
f 1148 1164 1165
f 1833 1832 1835
f 1165 1151 1148
f 1826 1835 1832
f 1832 1833 1836
f 1832 1836 1826
f 1829 657 1097
f 1830 1834 1826
f 1830 1826 1831
f 1837 1831 1830
f 1837 1826 1831
f 1128 1838 1176
f 1722 1839 1743
f 1840 1841 464
f 1722 1720 1750
f 1722 1750 1839
f 1717 1557 1556
f 1842 1556 1555
f 1843 1844 1845
f 1846 1826 1847
f 1555 1576 1842
f 1845 1848 1843
f 1826 1825 264
f 1573 1849 1572
f 1850 1851 1826
f 1850 1826 1846
f 1852 1572 1849
f 1853 1572 1852
f 1850 1847 1851
f 1847 1826 1851
f 1854 1741 1744
f 1043 1855 464
f 1045 1042 443
f 1826 1851 1850
f 1826 1850 1830
f 1826 1830 1831
f 1854 1742 1741
f 264 1825 262
f 1837 1850 1851
f 1837 1851 1826
f 1854 1744 1573
f 1849 1573 1856
f 1856 1573 1744
f 1854 1857 1742
f 1854 1858 1857
f 1859 1860 1828
f 1572 1853 1577
f 1556 1842 1711
f 1712 1711 1842
f 1842 1576 1712
f 1576 1575 1712
f 1748 1712 1575
f 1859 1861 1860
f 1860 1861 1862
f 1852 1849 1839
f 1743 1839 1849
f 1849 1856 1743
f 1852 1839 1853
f 1750 1577 1839
f 1863 1864 44
f 1865 1825 1860
f 1741 1726 1744
f 1856 1744 1743
f 1445 1727 1742
f 1745 1445 1866
f 1866 1445 1857
f 1857 1445 1742
f 1750 1748 1577
f 1575 1577 1748
f 1853 1839 1577
f 1825 1867 262
f 1868 1869 1870
f 268 262 1867
f 1867 1871 1872
f 1873 1724 1874
f 1873 1869 1724
f 1868 1721 1720
f 1720 1722 1868
f 1724 1868 1722
f 62 1863 44
f 1724 1723 1874
f 1875 1871 1867
f 1723 1480 1874
f 1876 1867 1877
f 1867 1878 1879
f 1879 1875 1867
f 1880 1480 1479
f 1869 1868 1724
f 1825 1828 1860
f 1867 1825 1865
f 1880 1874 1480
f 1881 1882 1867
f 1880 1873 1874
f 1870 1883 1721
f 1883 1884 1721
f 1884 1706 1721
f 1719 1721 1696
f 1721 1868 1870
f 1706 1696 1721
f 1885 1886 1887
f 1888 1887 1886
f 1889 1887 1888
f 1888 1890 1889
f 1891 1892 1893
f 1894 1891 1893
f 1680 1895 1681
f 1680 1689 1895
f 1896 1897 1680
f 1557 1581 1680
f 1894 1897 1891
f 1896 1581 1891
f 1891 1581 1892
f 1893 1888 1894
f 1886 1894 1888
f 1890 1893 1697
f 1877 1875 1872
f 1898 1899 1887
f 1890 1888 1893
f 1695 1697 1893
f 1867 1872 1875
f 1900 1901 1902
f 1695 1893 1714
f 1877 1903 1875
f 1885 1887 1899
f 1892 1718 1893
f 1875 1877 1867
f 1893 1718 1714
f 1713 1714 1718
f 1901 1904 1898
f 1901 1898 1902
f 1904 1899 1898
f 1901 1693 1904
f 1689 1680 1897
f 1905 1447 1395
f 1896 1680 1581
f 119 1906 1395
f 1690 1689 1897
f 1692 1684 1687
f 1885 1686 1886
f 1896 1891 1897
f 1690 1897 1894
f 1894 1886 1690
f 1580 1718 1581
f 1580 1579 1718
f 1892 1581 1718
f 1690 1886 1685
f 1904 1692 1899
f 1694 1693 1901
f 1901 1900 1694
f 1907 1694 1900
f 1693 1692 1904
f 1687 1885 1692
f 1899 1692 1885
f 1687 1686 1885
f 1685 1886 1686
f 1393 1447 734
f 1447 1195 1178
f 1908 1890 1707
f 1697 1707 1890
f 1909 1908 1707
f 1910 1911 1912
f 1911 1887 1912
f 1911 1898 1887
f 1911 1902 1898
f 1912 1887 1889
f 1909 1889 1908
f 1911 1910 1913
f 1913 1914 1911
f 1889 1890 1908
f 1914 1915 1902
f 1902 1911 1914
f 1875 1879 1877
f 1916 1917 1918
f 1916 1537 1533
f 1881 1867 1865
f 1860 1919 1865
f 349 1920 321
f 1920 1089 321
f 1921 1830 1833
f 1921 1833 1922
f 1833 1834 1922
f 1923 1924 1925
f 1833 1835 1922
f 1826 1926 1827
f 1828 1827 1927
f 336 1928 318
f 1833 1922 1836
f 1827 1926 1927
f 336 321 1090
f 59 60 1777
f 1921 1834 1830
f 1929 1930 1777
f 1837 1830 1921
f 1931 318 1932
f 1775 51 1777
f 1933 1850 1846
f 1850 1933 1847
f 1830 1850 1933
f 1830 1933 1921
f 1837 1933 1850
f 1934 1935 62
f 62 1936 1934
f 1937 1938 798
f 352 267 1939
f 1195 1400 1189
f 1940 1941 1942
f 1178 734 1447
f 1171 1170 1943
f 352 1944 1945
f 1946 263 352
f 1947 1924 1948
f 1947 1925 1924
f 1939 267 266
f 1949 402 1780
f 1935 1950 62
f 1780 504 1949
f 1780 405 1949
f 1951 1952 1953
f 1949 1954 1780
f 425 1077 1955
f 1956 62 1957
f 1958 1959 425
f 1960 1955 1071
f 1077 1959 1958
f 1077 1958 1955
f 1077 1071 1955
f 1958 1961 1084
f 1962 1963 1964
f 1955 1960 1070
f 1955 1070 1077
f 424 1954 1959
f 1077 425 1071
f 1959 1077 425
f 1965 263 1946
f 352 1945 1946
f 1966 798 1938
f 429 1967 1968
f 1959 425 424
f 1969 1970 1971
f 77 1971 1972
f 1972 1973 77
f 1877 1872 1903
f 76 1974 78
f 1975 1976 78
f 82 78 1976
f 1939 266 1977
f 80 82 1978
f 1976 1978 82
f 1979 1980 1981
f 1982 1983 1984
f 1985 1986 1982
f 1700 1661 1702
f 1871 1875 1903
f 1877 1903 1876
f 1661 1656 1703
f 1656 1634 1703
f 1641 1633 1634
f 1641 1634 1656
f 1641 1656 1643
f 1987 1838 1128
f 1181 1988 1172
f 1989 1585 1667
f 1172 1176 1838
f 1587 1666 1585
f 1666 1587 1590
f 1158 1105 1990
f 1158 1990 1163
f 1991 798 1992
f 1993 1994 1995
f 1986 1996 1982
f 1985 1997 1986
f 1138 1998 1187
f 1987 1128 1186
f 425 1955 1960
f 425 1961 1958
f 1961 1960 1955
f 1961 1955 1958
f 1194 1187 1998
f 1959 1958 1084
f 1961 1999 1084
f 1105 1124 2000
f 1071 425 1369
f 1084 1369 425
f 1959 1084 425
f 1067 1066 2001
f 2002 2001 1066
f 2002 1547 2003
f 2000 1990 1105
f 347 1858 349
f 2004 2005 15
f 2006 1603 1589
f 1603 1602 1589
f 1141 1160 1162
f 15 2005 16
f 1163 1162 1102
f 1590 1586 1588
f 1587 1586 1590
f 1171 1779 1756
f 2007 2008 2009
f 1162 1103 1141
f 1162 1163 2000
f 1589 1588 2007
f 2007 2009 2010
f 1589 2007 2010
f 2011 20 10
f 1990 2000 1163
f 2012 1614 2006
f 1603 2006 1614
f 2013 20 2011
f 128 2014 1175
f 2007 1588 1586
f 1586 2015 2007
f 1429 1916 1533
f 2007 2016 2008
f 121 2017 124
f 2008 2018 2010
f 2009 2008 2010
f 2019 2020 2021
f 2019 123 2021
f 1144 1143 1188
f 122 124 2021
f 2016 2022 2006
f 1195 1906 1143
f 122 2021 123
f 1996 2023 1982
f 1916 1918 2024
f 2025 2026 2027
f 2028 2025 2029
f 2027 2029 2025
f 2030 1984 1983
f 1583 1916 2024
f 13 2004 14
f 2024 1918 1583
f 2028 2031 2025
f 2032 2025 2031
f 15 14 2004
f 1982 2031 1983
f 1916 1583 1537
f 2031 1982 2032
f 2023 2032 1982
f 2033 2034 2035
f 2035 2034 2036
f 1099 1103 1164
f 2037 2038 2039
f 2022 2037 2039
f 2040 2006 2039
f 2022 2039 2006
f 2006 2040 2012
f 2018 2008 2016
f 2041 2018 2016
f 1829 1097 1165
f 2041 2010 2018
f 2042 1103 1162
f 2043 2044 2045
f 2033 2035 2036
f 2046 2047 1867
f 1095 1103 1099
f 1165 1164 1103
f 2006 1589 2010
f 1165 2048 1829
f 2006 2010 2016
f 2041 2016 2010
f 1138 1191 2049
f 1872 2050 1903
f 1617 1616 2012
f 1614 2012 1616
f 2040 1617 2012
f 1992 2051 2039
f 1991 1992 2039
f 2040 2039 2051
f 1617 2040 2051
f 2052 1191 2053
f 2050 1871 1903
f 1138 2049 1998
f 2054 1667 1670
f 1903 2050 1876
f 2055 2056 2057
f 2057 2056 2058
f 1989 2059 2060
f 1989 2060 2061
f 2062 2061 2060
f 2060 2059 2063
f 1903 1877 1879
f 2063 2064 2060
f 2062 2060 2064
f 2054 2064 2063
f 1667 2054 2063
f 1916 2065 1917
f 1667 2063 1989
f 1989 2063 2059
f 2016 2007 2015
f 2003 2066 2067
f 2054 1670 1672
f 2067 2068 2054
f 2002 2003 2067
f 2066 2069 2067
f 1672 2067 2054
f 1860 2070 2071
f 2061 2062 2072
f 2072 2062 2064
f 2054 2073 2074
f 2057 2058 2074
f 2054 2074 2058
f 2054 2075 2073
f 2055 2057 2074
f 2073 2076 2074
f 2068 2075 2054
f 2068 2069 2075
f 2077 1188 115
f 2054 2058 2061
f 2072 2064 2061
f 2054 2061 2064
f 1064 1068 1673
f 113 1189 1400
f 1400 1195 1188
f 1143 1188 1195
f 1064 1066 1068
f 1969 1997 2078
f 392 429 2079
f 1997 392 2079
f 2078 1970 1969
f 2080 2079 429
f 1968 2081 429
f 429 2081 2082
f 2023 1996 1997
f 1997 2079 2023
f 2078 1997 1985
f 1996 1986 1997
f 1970 2078 1985
f 2079 2080 2023
f 2080 2083 2023
f 2023 2083 2032
f 2082 2032 2083
f 1968 2032 2081
f 2081 2032 2082
f 328 337 2084
f 2031 2028 2029
f 2031 2029 2027
f 2026 1983 2027
f 2031 2027 1983
f 2085 2086 2087
f 1949 2088 402
f 2030 1983 2026
f 1429 1420 2089
f 2017 2090 124
f 1429 2089 1916
f 1918 2091 1583
f 2092 2021 124
f 2088 1949 405
f 2091 1582 1583
f 1960 1071 1999
f 2021 126 2019
f 2020 2019 2093
f 2094 1172 1988
f 1173 1181 1174
f 2094 1174 1181
f 2094 1181 1172
f 1988 1181 1173
f 2092 2093 2019
f 2092 2019 2021
f 1999 1071 1070
f 1173 1167 1181
f 2095 1173 1181
f 2095 1181 1172
f 2019 126 2093
f 125 2093 126
f 2096 2093 125
f 1174 1988 1173
f 2096 2097 2020
f 2096 2020 2093
f 2096 123 2093
f 1124 1167 1174
f 2088 1954 1949
f 1172 1987 2095
f 1988 1174 2094
f 2020 125 126
f 1988 2000 2094
f 1174 2094 1124
f 2098 127 126
f 2097 2096 125
f 2000 1124 2094
f 2019 2093 123
f 123 2096 2097
f 2095 2094 1174
f 1174 1173 2095
f 2096 2092 2097
f 2093 2092 2096
f 125 2020 2097
f 125 123 2097
f 1838 1987 1172
f 2099 1818 1814
f 2020 126 2100
f 1814 1817 2099
f 126 2021 2100
f 1817 1821 2099
f 126 125 2100
f 125 2097 2100
f 2092 2100 2097
f 1999 425 1960
f 2100 2098 126
f 1999 1961 425
f 1960 1961 1999
f 1818 2099 653
f 13 2098 2004
f 2101 1819 875
f 2102 20 2011
f 2103 2102 2011
f 2104 2103 2011
f 1070 1960 1999
f 1958 1959 1954
f 1961 1958 1954
f 1819 884 885
f 884 1819 1820
f 1820 1821 1816
f 2104 2105 2103
f 1821 2106 2099
f 10 2103 2104
f 2106 2107 2099
f 2108 2106 1821
f 1821 1820 2108
f 2099 2109 653
f 653 2109 1815
f 1409 1449 1779
f 1449 1451 1779
f 1785 1230 898
f 1236 1230 1785
f 2109 850 1815
f 2109 898 850
f 1785 898 2109
f 2110 2111 2112
f 2111 1931 1932
f 1928 2113 2111
f 2109 2114 1785
f 1932 1928 2111
f 2115 1785 2114
f 2115 1784 1785
f 2110 1931 2111
f 2114 2109 2116
f 2117 2115 2114
f 2117 2118 1786
f 1786 1788 2117
f 2114 2116 2119
f 1784 2115 2117
f 2114 2119 2117
f 2120 2050 1872
f 2117 1788 1784
f 1867 2047 2121
f 2118 2119 2116
f 2103 2105 2102
f 2118 2117 2119
f 2122 2118 2116
f 2103 2123 2102
f 2121 2124 1867
f 16 2005 2125
f 2126 2118 2122
f 2127 1786 2118
f 2109 2099 2107
f 2102 2125 2128
f 2129 2122 2130
f 2050 2120 1871
f 2107 2116 2109
f 2050 2120 1876
f 2130 2116 2107
f 2130 2122 2116
f 2128 20 2102
f 2102 2105 2128
f 2131 901 903
f 2013 2104 2128
f 2102 2128 2103
f 2050 1903 1879
f 2120 2050 1879
f 2104 2011 2105
f 20 2105 2011
f 10 2104 2011
f 2101 875 1829
f 2011 2104 2013
f 2013 2132 2133
f 2106 2134 2130
f 2107 2106 2130
f 2134 2135 2130
f 2108 2136 2134
f 2134 2106 2108
f 2134 2137 2135
f 2136 2137 2134
f 2137 2136 2138
f 2139 2138 2136
f 2135 2129 2130
f 2140 2141 2142
f 2143 2137 2138
f 2144 2143 2138
f 1819 885 878
f 2145 2101 2048
f 2101 2108 1819
f 1820 1819 2108
f 2146 2120 1872
f 2136 2147 2139
f 2136 2108 2147
f 2120 2146 1871
f 2147 2148 2139
f 2120 2146 1876
f 2101 2145 2149
f 2101 2149 2108
f 2120 1879 2146
f 2147 2108 2149
f 2149 2148 2147
f 1672 1673 1068
f 1068 1067 1672
f 2067 1672 2002
f 2001 2002 1672
f 2150 2151 902
f 2068 2067 2069
f 2001 1672 1067
f 1635 1582 2091
f 2073 2075 2076
f 2152 2074 2076
f 2153 2074 2152
f 2154 1840 464
f 2076 2075 2069
f 1855 2155 464
f 2155 2154 464
f 1855 1043 2044
f 1043 1042 2044
f 2091 1918 1917
f 2156 2157 2158
f 2159 2160 1658
f 2161 2162 2160
f 2159 2161 2160
f 1655 1658 2160
f 1661 1700 2159
f 2161 2159 1700
f 1044 2044 1042
f 1420 2163 2089
f 2164 2165 2131
f 2157 2166 2167
f 2168 2169 2065
f 1916 2089 2168
f 2156 2170 2166
f 2164 2171 2172
f 2159 1658 1661
f 2166 2157 2156
f 2168 2065 1916
f 2173 2174 2175
f 2089 2163 2168
f 2155 1855 2044
f 2154 2155 2044
f 2144 2138 2139
f 1840 2154 2044
f 2065 2169 2176
f 2158 2157 2177
f 2178 1822 1824
f 2179 1917 2065
f 2180 2181 2182
f 2183 2184 2181
f 2185 2153 2186
f 2091 1917 2179
f 2169 2168 2163
f 2163 2176 2169
f 902 901 2150
f 2187 2188 2189
f 2176 2163 2190
f 2150 901 2191
f 2181 2180 2192
f 2193 2194 2195
f 2196 2197 2198
f 2199 2198 2197
f 2200 2199 2197
f 2091 2201 1708
f 2197 2202 2200
f 2203 1708 2201
f 2204 1213 1204
f 2191 901 2205
f 2206 2207 2208
f 1215 1214 1213
f 2209 2203 2201
f 1708 1635 2091
f 2210 2207 2211
f 2091 2179 2201
f 2212 2213 2211
f 1848 1845 2213
f 1881 1865 1919
f 2211 2197 2212
f 2202 2197 2206
f 2214 2215 1219
f 2216 2217 2196
f 2217 2212 2196
f 2197 2196 2212
f 2197 2211 2207
f 2197 2207 2206
f 2218 2196 2198
f 2218 2198 1812
f 2218 1812 458
f 2218 458 2044
f 2045 2044 458
f 2219 2196 2220
f 2196 2218 2220
f 2034 2033 2218
f 2219 2216 2196
f 2221 2222 2223
f 2223 2222 2224
f 2224 2222 2055
f 2034 2218 2044
f 2220 2218 2033
f 1932 318 1928
f 2055 2225 2226
f 2227 2224 2228
f 2226 2228 2224
f 2055 2226 2224
f 2226 2225 2229
f 2228 2226 2229
f 2227 2228 2229
f 2044 1044 2034
f 1044 2230 2034
f 2074 2231 2055
f 1841 2043 464
f 2045 464 2043
f 2231 2229 2055
f 2225 2055 2229
f 2153 2185 2074
f 1841 1840 2044
f 2043 1841 2044
f 2198 2199 1812
f 2229 2231 2232
f 2113 2112 2111
f 2213 2212 2233
f 2152 2186 2153
f 1708 2203 1634
f 2185 2234 2231
f 2231 2074 2185
f 2229 2232 2235
f 1928 2236 2113
f 2185 2186 2234
f 2237 2238 2231
f 2234 2237 2231
f 2216 2239 2217
f 2036 2239 2033
f 2220 2033 2239
f 2219 2239 2216
f 359 2240 361
f 2199 2200 1813
f 2203 1698 1634
f 361 2241 362
f 1845 2242 2213
f 2240 359 356
f 2229 2235 2224
f 2235 2243 2224
f 2223 2224 2243
f 2224 2227 2229
f 2237 2234 2186
f 2199 1813 1812
f 1844 1843 2233
f 2213 2233 1843
f 2244 1844 2233
f 2177 2244 2158
f 2213 1843 1848
f 2245 2177 2246
f 2247 2246 2177
f 2233 2158 2244
f 2248 2249 1089
f 2247 2177 2157
f 2250 2251 336
f 2190 2252 2176
f 2253 1044 2254
f 1059 2254 1044
f 372 362 2241
f 2252 2190 2163
f 336 2251 1928
f 2255 2122 2129
f 2122 2255 2126
f 2126 2127 2118
f 1920 1858 1089
f 2127 1792 1786
f 2256 2257 2258
f 2259 2260 2258
f 2259 2258 2257
f 1188 2077 1144
f 2259 1144 2077
f 2259 2077 2260
f 1143 1144 2256
f 1144 2259 2256
f 2256 2259 2257
f 2257 2256 1578
f 2261 1578 2256
f 2262 901 2131
f 2259 2257 1578
f 1144 2259 1578
f 2205 901 2262
f 2263 2264 2265
f 2266 2267 2263
f 2165 2262 2131
f 2241 361 2240
f 2268 2269 2270
f 2186 2238 2237
f 251 253 2271
f 251 2271 2272
f 2126 2255 2273
f 2255 2274 2273
f 2275 2276 2277
f 366 365 2278
f 2279 2280 2281
f 2282 2280 2279
f 2283 260 252
f 1965 252 265
f 2284 2285 2286
f 265 263 1965
f 23 2287 2288
f 2287 2289 2290
f 23 2289 2287
f 2291 1826 264
f 2292 2285 2266
f 2285 2267 2266
f 2284 2293 2285
f 2294 1921 1922
f 2294 1922 2295
f 1922 1834 2295
f 2288 21 23
f 1922 1835 2295
f 2296 2203 2209
f 2296 2209 2201
f 2201 2179 2296
f 23 1810 2289
f 23 28 1810
f 2297 2298 2296
f 2289 1810 1804
f 2295 1836 1922
f 2290 2289 2299
f 2290 2300 2287
f 2287 2300 2288
f 1806 2299 2289
f 2299 2300 2290
f 2301 2297 2296
f 2296 2176 2301
f 2291 1835 1826
f 2302 2297 2301
f 2288 2300 2303
f 2065 2296 2179
f 2304 2305 370
f 2294 1834 1921
f 2296 2065 2176
f 2303 2300 2299
f 1837 1921 2294
f 2252 2306 2301
f 2306 2302 2301
f 2307 370 2305
f 1804 1806 2289
f 2176 2252 2301
f 2304 373 2305
f 2304 370 373
f 373 2308 2305
f 2307 2305 2309
f 2310 1847 1933
f 1921 1933 2310
f 1921 2310 2294
f 1837 2310 1933
f 2296 2298 1698
f 2305 2308 2309
f 1698 2298 2311
f 2203 2296 1698
f 1981 2312 1979
f 2313 2314 2308
f 2315 2142 1962
f 2141 1962 2142
f 373 2313 2308
f 2311 2297 2302
f 2316 1964 1963
f 2317 2318 2311
f 2313 373 328
f 1964 2315 1962
f 367 370 2319
f 2320 2270 2269
f 2321 370 2307
f 2311 2298 2297
f 1698 2311 2318
f 2189 2232 2238
f 2232 2231 2238
f 2188 2235 2189
f 2188 2322 2235
f 2232 2189 2235
f 2221 2223 2243
f 2221 2243 2323
f 2188 2187 2322
f 2322 2324 2243
f 2243 2235 2322
f 2325 2326 2162
f 2162 2161 1700
f 1906 2257 2259
f 2259 1144 1906
f 1144 1143 1906
f 1906 1195 1447
f 2127 1806 1792
f 1906 1447 1905
f 2127 2303 2299
f 1905 1395 1906
f 2127 2126 2303
f 1906 119 748
f 1979 2312 2327
f 1979 2327 2328
f 2077 1188 2256
f 1143 2256 1188
f 2260 2077 2258
f 2256 2258 2077
f 2260 115 2258
f 2258 115 2256
f 2077 115 2260
f 2320 2269 2280
f 1863 1950 2329
f 2281 2280 2276
f 2328 2330 1979
f 2331 2330 2328
f 2332 2314 2333
f 2330 2331 2334
f 1400 1188 2077
f 2258 2256 1400
f 2335 1400 2256
f 2257 2336 2256
f 2260 2258 1400
f 2146 1872 2337
f 2077 2260 1400
f 2324 2322 2187
f 2187 2192 2324
f 2338 2339 2340
f 2192 2243 2324
f 2180 2323 2192
f 2341 2323 2180
f 2323 2243 2192
f 2342 2343 2344
f 2345 2346 2347
f 2348 2349 2350
f 2350 2351 2348
f 2350 2352 2351
f 2353 2222 2354
f 2355 2352 2350
f 2355 2350 2353
f 2355 2353 2354
f 2356 2357 2352
f 2354 2358 2355
f 2341 2355 2358
f 2180 2182 2341
f 2347 2346 2359
f 2360 2353 2350
f 2178 2342 2344
f 2361 1822 2362
f 2363 2183 2364
f 1906 2336 2257
f 2362 1822 2365
f 2173 2348 2174
f 2348 2351 2174
f 2351 2352 2174
f 2357 2174 2352
f 2126 2273 2303
f 2127 2299 1806
f 1698 2346 1701
f 2288 2366 5
f 115 2367 2256
f 1400 2335 114
f 2335 2256 2336
f 2288 5 21
f 2163 2368 2252
f 2369 2288 2303
f 2369 2366 2288
f 2369 2303 2273
f 2366 2369 2273
f 2366 2273 2274
f 2129 2143 2255
f 2370 2371 2252
f 2135 2143 2129
f 2135 2137 2143
f 2335 2372 114
f 2373 114 2372
f 2374 2375 2376
f 2371 2370 2376
f 2377 2371 2376
f 2144 2139 2148
f 2378 2144 2148
f 2370 2252 2368
f 1906 748 2336
f 2335 2336 748
f 2368 2379 2376
f 2380 2381 748
f 2381 2372 748
f 2335 748 2372
f 2379 2382 2376
f 2383 2382 2379
f 2274 2143 2384
f 2379 2368 2163
f 2385 2378 2386
f 2387 2382 2383
f 2383 2163 2387
f 1421 2387 2163
f 2388 2144 2378
f 2163 2383 2379
f 2389 2382 2387
f 2088 2390 402
f 2391 402 2390
f 2391 2392 402
f 504 402 2392
f 2392 2390 504
f 2390 2088 504
f 2088 1949 504
f 2392 2391 2390
f 2388 2393 2144
f 2387 1421 2389
f 405 2391 2088
f 2390 2088 2391
f 2393 2143 2144
f 2390 1954 2088
f 2274 2255 2143
f 2306 2394 2302
f 2392 2395 2391
f 2374 2394 2375
f 2394 2306 2375
f 2252 2377 2306
f 1778 348 2396
f 2397 2398 2317
f 2399 2384 2393
f 2400 1777 43
f 2365 1822 2178
f 2401 2365 2178
f 2344 2401 2178
f 43 44 1864
f 229 1084 2395
f 2402 1777 2400
f 2403 1777 2402
f 2404 2362 2365
f 1999 1954 2395
f 1999 1961 1954
f 2405 2365 2401
f 1084 1999 2395
f 2340 2339 2406
f 424 1780 1954
f 2406 2339 2407
f 1954 2390 2395
f 2390 2391 2395
f 1775 1777 2408
f 1929 1777 2403
f 2409 1863 1950
f 1930 2408 1777
f 1863 62 1950
f 2410 2411 2253
f 2412 1924 2253
f 2413 2410 2253
f 1774 1775 2253
f 2413 2253 2414
f 2384 2143 2393
f 347 1451 1858
f 1858 1920 349
f 119 465 2415
f 5 2416 3
f 128 2417 2014
f 2418 2274 2384
f 5 2366 2416
f 2418 2416 2366
f 2366 2274 2418
f 2416 2418 2399
f 2384 2399 2418
f 2373 2419 114
f 2399 2420 2421
f 3 2416 2399
f 2261 2256 2367
f 114 2261 2367
f 3 2399 2421
f 2367 115 114
f 119 2415 739
f 2419 2422 2261
f 2261 114 2419
f 1170 342 1943
f 2385 2423 2378
f 2424 2425 2385
f 2372 2422 2419
f 2372 2419 2373
f 2422 2426 748
f 2426 2427 748
f 2386 2428 2385
f 748 2429 2422
f 2429 748 740
f 2372 2381 2426
f 2372 2426 2422
f 2429 2430 2422
f 2423 2388 2378
f 2425 2423 2385
f 748 2427 2380
f 739 2429 740
f 2381 2380 2427
f 2381 2427 2426
f 2423 2425 2388
f 2429 739 2430
f 2392 2391 405
f 504 2392 405
f 504 2395 2392
f 2431 2432 2428
f 2433 504 857
f 2432 2385 2428
f 2432 2431 2424
f 2385 2432 2424
f 2420 2424 2431
f 2395 2434 2435
f 2420 2425 2424
f 2434 2395 504
f 2388 2420 2399
f 2399 2393 2388
f 2420 2388 2425
f 2421 2420 1
f 1 2436 6
f 1 2420 2431
f 2421 1 3
f 1 2431 2436
f 1089 1858 1854
f 2356 2352 2364
f 2363 2364 2352
f 2363 2352 2355
f 2323 2341 2221
f 2042 1165 1103
f 2358 2221 2341
f 1165 2042 2048
f 2146 2337 1871
f 2146 2337 1876
f 1700 2325 2162
f 2437 2326 2325
f 2325 1699 2437
f 1700 1699 2325
f 2337 2146 1879
f 2101 1829 2048
f 2048 2438 2145
f 2438 2048 2042
f 2183 2363 2184
f 2182 2181 2184
f 2182 2184 2341
f 2439 2148 2438
f 2363 2355 2184
f 2355 2341 2184
f 2438 2042 2440
f 2204 2441 2442
f 2442 2443 2204
f 1862 1041 1860
f 2443 2444 2204
f 2440 2439 2438
f 2444 2445 2204
f 2446 2447 1215
f 1216 1215 2447
f 2448 2449 2204
f 1213 2446 1215
f 2445 2448 2204
f 2438 2149 2145
f 2450 1216 2451
f 1217 1216 2450
f 2447 2451 1216
f 2452 1218 1217
f 2452 1217 2453
f 2454 2453 1217
f 2450 2454 1217
f 2438 2148 2149
f 2455 2456 2457
f 2350 2458 2455
f 2459 2460 2457
f 2461 2462 2463
f 2456 2464 2457
f 2458 2465 2455
f 2456 2455 2465
f 2459 2457 2464
f 2457 2466 2467
f 1872 2468 2337
f 2457 2467 2469
f 2457 2469 2455
f 2470 2455 2469
f 2455 2470 2471
f 2471 2472 2455
f 2458 2350 2349
f 2337 2468 1871
f 2473 2474 2468
f 2475 2349 2173
f 2337 2468 1876
f 2458 2349 2476
f 2477 2314 2313
f 2477 2313 2084
f 2333 2314 2477
f 2478 2479 2480
f 2481 2480 2479
f 2478 2482 2479
f 2084 2313 328
f 2332 2308 2314
f 2332 2309 2308
f 2483 374 369
f 2484 2321 2485
f 2485 2486 2484
f 2487 2480 2481
f 2486 2319 2484
f 2485 2488 2486
f 2489 2490 2491
f 2492 2487 2481
f 2492 2481 2491
f 2488 2319 2486
f 370 2484 2319
f 2307 2485 2321
f 2315 2493 2142
f 2307 2309 2485
f 2309 2488 2485
f 2332 2494 2488
f 2494 2333 2495
f 2332 2333 2494
f 2494 2496 2488
f 2000 2497 2498
f 2000 2498 1162
f 1162 2498 2499
f 2042 1162 2499
f 2488 2309 2332
f 2498 2500 2499
f 2498 2501 2502
f 370 2321 2484
f 2498 2502 2500
f 2501 2503 2502
f 2412 2253 2411
f 1950 1935 2329
f 2340 2406 2338
f 2407 2338 2406
f 2412 1948 1924
f 1923 1774 2253
f 1924 1923 2253
f 2500 2504 2499
f 2504 2042 2499
f 1864 1863 2253
f 43 1864 2253
f 2329 2253 1863
f 1775 2408 2253
f 2504 2505 2042
f 2506 2329 1935
f 2269 2506 1935
f 2280 2269 1935
f 2276 2280 1935
f 2505 2439 2440
f 43 2253 2408
f 2408 1930 43
f 2439 2505 2507
f 1935 2508 2276
f 1950 1863 2409
f 2505 2509 2507
f 2510 2509 2503
f 2511 2512 2513
f 2512 2412 2513
f 2411 2513 2412
f 2403 2402 1930
f 2402 2400 1930
f 2400 43 1930
f 1929 2403 1930
f 2505 2504 2500
f 2502 2505 2500
f 1934 2508 1935
f 2502 2509 2505
f 2440 2042 2505
f 2502 2503 2509
f 2254 1059 443
f 2514 443 2414
f 2497 1988 2094
f 2515 2516 1952
f 2000 1988 2497
f 2094 2095 2497
f 2278 2517 366
f 1957 1952 2516
f 2518 2503 2497
f 2517 371 366
f 2519 62 1956
f 2475 2520 2349
f 2348 2173 2349
f 2465 2458 2521
f 2476 2521 2458
f 369 371 2483
f 2173 2175 2475
f 2520 2475 2175
f 1936 62 2522
f 2520 2175 2194
f 62 2519 2522
f 2319 2523 2524
f 2414 2253 2514
f 2254 2514 2253
f 2521 2476 2193
f 2194 2193 2476
f 2476 2349 2194
f 2520 2194 2349
f 2264 2263 2267
f 1966 2265 2264
f 1938 2525 1966
f 2265 1966 2525
f 2519 1956 2526
f 2522 2519 2527
f 2528 2522 2527
f 2460 2442 2441
f 2529 2293 2530
f 2284 2530 2293
f 2267 2285 2293
f 2443 2442 2460
f 2444 2443 2460
f 1953 1942 1951
f 1942 2530 1951
f 2530 2284 1951
f 2284 2526 1951
f 1953 1940 1942
f 2446 2531 2460
f 2459 2447 2460
f 2446 2460 2447
f 2451 2447 2459
f 2526 2527 2519
f 1957 2516 2526
f 1956 1957 2526
f 2515 1951 2526
f 2450 2451 2459
f 2516 2515 2526
f 2459 2464 2450
f 2454 2450 2464
f 2528 2508 1936
f 2522 2528 1936
f 1934 1936 2508
f 2277 2276 2508
f 2453 2454 2464
f 2532 1218 2452
f 2532 2452 2456
f 2456 2452 2464
f 2453 2464 2452
f 2533 1219 1218
f 2532 2534 2533
f 2532 2533 1218
f 2535 2532 2456
f 2535 2456 2465
f 2536 2535 2465
f 2537 1219 2534
f 2533 2534 1219
f 2214 1219 2538
f 2250 2539 2112
f 2534 2532 2537
f 2538 2537 2532
f 2538 2532 2535
f 2113 2250 2112
f 2540 2536 2465
f 2537 2538 1219
f 2113 2236 2250
f 2538 2535 2214
f 2536 2215 2535
f 2214 2535 2215
f 2521 2540 2465
f 2195 2541 2193
f 2195 2542 2541
f 2543 1219 2215
f 2544 2541 2542
f 2545 2543 2521
f 2544 2545 2521
f 2541 2544 2521
f 2193 2541 2521
f 2540 2521 2543
f 2536 2540 2543
f 2536 2543 2215
f 1090 1089 2249
f 266 2546 1977
f 2470 2469 2547
f 1290 2547 2467
f 2466 1290 2467
f 2546 266 357
f 2469 2467 2547
f 1928 2251 2236
f 336 1090 2250
f 2546 357 2548
f 2549 360 368
f 2350 2455 2472
f 357 360 2549
f 2250 1090 2249
f 2548 357 2549
f 2472 2360 2350
f 2548 2549 2550
f 2236 2251 2250
f 2551 2539 2250
f 365 2552 2553
f 2552 365 372
f 365 2553 2278
f 2165 2164 2554
f 2555 2164 2172
f 1114 2556 2557
f 2557 1360 1114
f 2150 2558 2559
f 2558 2150 2191
f 2205 2558 2191
f 2165 2554 2262
f 1484 2560 1485
f 2262 2554 2561
f 2562 2262 2561
f 2563 2555 2554
f 2563 2554 2164
f 1484 1487 2564
f 2563 2164 2555
f 1422 1488 1372
f 1485 2565 1422
f 1488 1422 2565
f 1422 1424 1485
f 2561 2554 2555
f 2561 2555 2566
f 2567 2565 1485
f 2568 2567 1485
f 1642 1645 2569
f 26 29 2570
f 2570 2571 26
f 2572 2570 29
f 2572 29 35
f 1484 2573 2560
f 2570 2572 2140
f 2574 2140 2575
f 2140 2574 2570
f 2575 2140 2142
f 2574 2575 2571
f 2570 2574 2571
f 1488 2565 2567
f 1118 1651 1653
f 797 273 798
f 273 1617 798
f 2576 2562 2577
f 2577 2562 2561
f 2558 2578 2559
f 2311 2397 2317
f 1937 798 1991
f 30 22 2579
f 2317 2580 2318
f 2581 2318 2580
f 1991 2039 1937
f 2039 2582 1937
f 1938 1937 2582
f 1938 2582 2525
f 2576 2583 30
f 2468 2473 1876
f 2473 2474 1876
f 2584 2394 2585
f 2394 2584 2302
f 2586 2587 1867
f 2579 2576 30
f 2588 2319 2524
f 2584 2311 2302
f 2524 2523 2588
f 2337 1879 2468
f 2473 2468 1879
f 2589 2588 2523
f 2590 2591 1867
f 2576 2577 2583
f 2397 2311 2592
f 22 4 2593
f 2593 2579 22
f 2589 2594 2588
f 2262 2576 2579
f 2581 2595 2318
f 2588 2596 368
f 367 2588 368
f 367 2319 2588
f 2580 2317 2398
f 2597 2577 2561
f 2598 2592 2584
f 2598 2599 2398
f 2600 2594 2589
f 2576 2262 2562
f 2601 2594 2600
f 2599 2598 2584
f 2523 2600 2589
f 2376 2398 2602
f 2496 2523 2319
f 2496 2600 2523
f 2376 2603 2374
f 2488 2496 2319
f 2602 2603 2376
f 2593 4 48
f 2602 2599 2585
f 2579 2593 2558
f 2602 2585 2394
f 2599 2584 2585
f 2397 2592 2398
f 2592 2598 2398
f 2311 2584 2592
f 2377 2376 2375
f 2603 2394 2374
f 2603 2602 2394
f 2375 2306 2377
f 2578 2593 2559
f 2252 2371 2377
f 2370 2368 2376
f 2599 2602 2398
f 2579 2558 2205
f 2262 2579 2205
f 2473 2468 1872
f 2597 2583 2577
f 2580 2398 2581
f 1871 2468 2474
f 2474 2604 1876
f 2593 2578 2558
f 2605 2318 2595
f 2398 2606 2595
f 2473 1879 2474
f 2346 1698 2318
f 2172 2572 35
f 2607 2608 2606
f 2597 2172 35
f 2608 2609 2606
f 2583 2597 30
f 2597 35 31
f 2606 2609 2605
f 2346 2318 2605
f 2605 2609 2346
f 2597 31 30
f 2610 2572 2172
f 2597 2566 2172
f 2566 2555 2172
f 2600 2494 2611
f 2494 2600 2496
f 2503 2501 2497
f 2501 2498 2497
f 2346 2609 2608
f 2503 2612 2510
f 2518 2613 2503
f 2503 2613 2612
f 156 2614 400
f 2615 2616 2617
f 2053 2618 2052
f 2619 1214 1220
f 2619 1220 1558
f 167 2620 216
f 1558 1559 2542
f 1987 1186 2095
f 2095 2518 2497
f 2621 1157 1119
f 2613 2622 2623
f 1157 1120 1119
f 2613 2624 2622
f 2613 2623 2612
f 1119 1121 2625
f 2613 2518 2095
f 1119 2625 2621
f 2095 2624 2613
f 2508 2528 2626
f 2528 2527 2626
f 2049 2627 2628
f 2628 1998 2049
f 2628 1194 1998
f 2628 1186 1194
f 2620 2629 216
f 2095 1186 2628
f 2630 2624 2628
f 2624 2095 2628
f 2621 2631 1157
f 2622 2632 2623
f 164 1157 2633
f 1765 1214 2619
f 1117 164 2633
f 2630 2622 2624
f 2634 2621 2625
f 1191 2052 2627
f 2627 2049 1191
f 1114 1360 1359
f 2635 2636 2052
f 2052 2637 2627
f 2630 2627 2637
f 2636 2637 2052
f 2630 2628 2627
f 2622 2638 2632
f 2639 2632 2638
f 219 216 2629
f 2630 2637 2639
f 2636 2639 2637
f 2638 2630 2639
f 2639 2640 2641
f 2641 2632 2639
f 2622 2630 2638
f 1505 456 1506
f 1506 1505 458
f 463 2642 2643
f 463 2644 2642
f 2439 2507 2645
f 2646 463 462
f 2642 463 2646
f 2386 2439 2645
f 2647 444 2642
f 2643 2644 463
f 1506 2644 463
f 1506 463 1505
f 2644 1385 463
f 2386 2378 2439
f 2378 2148 2439
f 1665 2648 2649
f 1665 2649 2650
f 2561 2566 2597
f 2593 48 2559
f 2651 2559 48
f 2651 2150 2559
f 2315 1964 2493
f 2493 2652 2653
f 2493 1964 2652
f 2652 1964 2316
f 1665 2654 2648
f 2654 2655 2648
f 2656 2334 2331
f 1665 1664 2654
f 2331 2657 2658
f 2659 2617 2660
f 2660 2661 2659
f 2662 2617 2659
f 2662 2615 2617
f 2657 2331 2328
f 2657 2328 2327
f 2648 2655 2659
f 2663 2659 2655
f 2659 2664 2648
f 2331 2658 2656
f 2659 2661 2664
f 2662 2665 2615
f 2316 38 41
f 2666 2654 1664
f 2667 41 24
f 2668 2662 2669
f 2670 2316 41
f 2671 2672 2673
f 2667 2670 41
f 2493 2670 2667
f 2575 2667 24
f 2674 2662 2668
f 2575 2493 2667
f 2671 2655 2672
f 2673 2655 2654
f 2673 2672 2655
f 2671 2663 2655
f 2675 2509 2510
f 2671 2669 2659
f 2675 2645 2507
f 2662 2659 2669
f 2671 2659 2663
f 2527 2676 2626
f 2527 2526 2676
f 2674 2665 2662
f 2675 2507 2509
f 2677 2025 2032
f 2678 2645 2675
f 1664 2326 2666
f 2675 2679 2680
f 2326 2681 2682
f 2160 2162 2326
f 2683 2678 2675
f 2682 2666 2326
f 2681 2326 2684
f 2685 2684 2326
f 2645 2678 2386
f 2686 2687 2688
f 2428 2386 2678
f 2666 2682 2689
f 2690 2691 2692
f 2680 2683 2675
f 2693 2694 2689
f 2695 2696 2697
f 2698 2695 2697
f 2691 2690 2698
f 2690 2699 2698
f 2697 2691 2698
f 1968 1967 2677
f 2700 2695 2698
f 1967 2697 2696
f 2677 1967 2696
f 2032 1968 2677
f 2701 2691 2697
f 2681 2702 2682
f 2689 2682 2702
f 2702 2693 2689
f 2703 2698 2699
f 2704 2703 2699
f 2684 2705 2681
f 2704 2245 2703
f 2246 2703 2245
f 2683 2706 2678
f 2681 2705 2702
f 2156 2158 2239
f 2666 2689 2707
f 2156 2239 2170
f 2706 2428 2678
f 2683 2431 2706
f 2708 2709 2710
f 2689 2694 2710
f 2431 2428 2706
f 2160 2326 1664
f 2711 2712 2710
f 2167 2166 2239
f 2436 2431 2683
f 2239 2166 2170
f 2167 2239 2157
f 2713 2693 2702
f 2233 2239 2158
f 2714 2683 2715
f 2247 2157 2716
f 2717 2718 2679
f 2718 2680 2679
f 2157 2239 2716
f 2718 2683 2680
f 2246 2247 2716
f 1484 2719 2573
f 2036 2034 2230
f 2573 2719 2560
f 2212 2217 2239
f 2571 24 26
f 2716 2239 2720
f 2715 2683 2718
f 2233 2212 2239
f 1485 2560 2568
f 2239 2721 2720
f 2219 2220 2239
f 6 2722 2723
f 2239 2724 2721
f 471 212 798
f 50 6 2723
f 2722 2715 2717
f 2293 2725 2267
f 2714 2715 2722
f 2436 2683 2714
f 2714 6 2436
f 827 1378 478
f 2715 2718 2717
f 2722 2717 2723
f 2726 2727 1471
f 2726 1461 2727
f 6 2714 2722
f 2727 2726 827
f 1471 2728 1470
f 2679 2729 2717
f 2726 1471 827
f 1471 1470 2726
f 1461 2726 1470
f 1471 1378 827
f 1470 1378 1471
f 1461 1378 1470
f 473 1460 1461
f 2730 489 473
f 2730 473 1471
f 2730 1471 2726
f 2730 2726 2727
f 2731 2675 2510
f 1461 1470 473
f 2732 2729 2731
f 2675 2731 2679
f 2733 2734 2729
f 1506 2735 743
f 2626 2676 2736
f 2734 2717 2729
f 2729 2679 2731
f 1506 456 2735
f 2735 1506 458
f 2642 2647 2643
f 2647 2642 2737
f 2644 2737 2642
f 2738 2719 2564
f 2719 1484 2564
f 2739 2734 2733
f 2732 2641 2740
f 2732 2632 2641
f 1488 2741 2569
f 2732 2623 2632
f 1488 2567 2741
f 2623 2732 2731
f 2560 2742 2568
f 2647 2642 2646
f 463 2642 444
f 2644 2643 2737
f 2567 2568 2741
f 2735 2737 2644
f 2735 2644 1506
f 2737 1385 2644
f 2743 2744 2745
f 2746 2747 2748
f 2745 2748 2747
f 2746 2748 2749
f 2743 2745 2747
f 2750 2751 2746
f 1610 1078 1597
f 827 471 2725
f 2607 2752 2346
f 2686 2326 2687
f 2685 2326 2686
f 2687 2326 2753
f 2753 2754 2755
f 2346 2608 2607
f 827 2756 2728
f 2747 2746 2347
f 2687 2753 2688
f 2755 2688 2753
f 1183 473 765
f 2727 2728 1471
f 2757 2747 2359
f 1461 2728 2727
f 2347 2359 2747
f 2728 2727 827
f 2758 2757 2359
f 2346 2752 2359
f 2730 2756 489
f 2748 2745 2744
f 2744 2743 2759
f 2759 2757 2744
f 2757 2758 2744
f 2728 2730 2727
f 1610 2557 1078
f 2557 1610 1360
f 2747 2759 2743
f 1461 1470 2728
f 2557 2556 1078
f 2747 2757 2759
f 1358 1360 1610
f 1597 1611 1610
f 2750 2746 2749
f 2748 2744 2749
f 1612 1613 1114
f 1114 1618 1115
f 1114 1359 1612
f 1058 1031 2760
f 2750 2744 2751
f 1031 2719 2760
f 168 2761 2762
f 2560 1031 2763
f 2359 2752 2758
f 2560 2719 1031
f 2605 2595 2606
f 2763 2742 2560
f 2752 2607 2606
f 1031 1030 2742
f 2398 2595 2581
f 1255 2742 1030
f 2742 2763 1031
f 2758 2752 2764
f 2606 2764 2752
f 2750 2749 2744
f 2738 2760 2719
f 2744 2758 2764
f 283 281 1074
f 2765 2754 2326
f 2765 2326 2437
f 2766 2767 2768
f 2754 2753 2326
f 2765 2437 1699
f 2769 2770 2646
f 2771 2766 2768
f 1699 2755 2765
f 2754 2765 2755
f 2766 2346 2345
f 2771 1701 2766
f 2766 1701 2346
f 2731 2612 2623
f 2772 2773 2774
f 2612 2731 2510
f 2767 2766 2775
f 2685 2686 2688
f 2688 2705 2685
f 2684 2685 2705
f 2713 2702 2705
f 2776 2777 2382
f 1701 2778 2755
f 2777 2779 2382
f 2755 1699 1701
f 2767 2775 2780
f 2779 2781 2382
f 2780 2782 2774
f 2775 2782 2780
f 2783 2784 2781
f 2382 2781 2376
f 2784 2376 2781
f 2772 2785 2773
f 2742 1255 2569
f 2775 2766 2345
f 1255 1224 2569
f 2784 2786 2376
f 2568 2742 2569
f 2741 2568 2569
f 2569 1224 1228
f 2787 2788 2789
f 2790 2376 2786
f 1228 1346 2569
f 2790 2791 2376
f 1646 1651 1488
f 1118 1488 1651
f 1488 1645 1646
f 2569 1346 1642
f 1488 2569 1645
f 2653 2316 2670
f 2792 2793 1828
f 2051 1992 798
f 2653 2794 2316
f 798 1617 2051
f 2670 2795 2653
f 2796 2294 2295
f 2796 2295 2797
f 2295 1834 2797
f 2295 1835 2797
f 2066 2003 1547
f 2069 2066 1547
f 2575 24 2571
f 2493 2653 2795
f 2174 2357 2175
f 2295 2797 1836
f 2670 2493 2795
f 1547 1546 2186
f 2575 2142 2493
f 2796 1834 2294
f 2796 1837 2294
f 2653 2652 2794
f 2076 2069 2186
f 2652 2316 2794
f 2798 2788 2787
f 1637 1653 1655
f 2799 2334 2656
f 2772 2798 2787
f 2800 2801 2802
f 2800 2802 2803
f 2774 2798 2772
f 2803 2788 2798
f 2775 2347 2782
f 2775 2345 2347
f 2357 2356 2175
f 2782 2798 2774
f 2804 2805 72
f 2183 2356 2364
f 2782 2347 2746
f 2782 2746 2798
f 2152 2076 2186
f 2806 2804 72
f 2186 1546 2807
f 1547 2186 2069
f 70 2806 72
f 2801 2751 2808
f 2807 2238 2186
f 2800 2803 2801
f 2803 2798 2801
f 2807 2187 2238
f 2189 2238 2187
f 2801 2798 2746
f 2746 2751 2801
f 2181 2192 2187
f 2658 70 40
f 1325 2809 1305
f 1219 1559 1220
f 70 2658 2806
f 1765 1769 1214
f 1202 1214 1769
f 1559 1219 2543
f 2658 40 39
f 2805 2804 2327
f 2194 2175 2195
f 2805 2327 2312
f 2810 2811 2812
f 2542 1559 2545
f 2543 2545 1559
f 2813 2814 2812
f 2545 2544 2542
f 1325 2814 2813
f 2658 39 36
f 36 2799 2658
f 1736 1637 1665
f 2316 2799 36
f 36 38 2316
f 2815 2547 2816
f 2817 2818 1736
f 2819 2547 2815
f 2804 2806 2657
f 1586 2056 2820
f 2657 2327 2804
f 2015 1586 2820
f 2658 2657 2806
f 2821 2822 2823
f 2656 2658 2799
f 2822 2821 2824
f 2316 2825 2799
f 2826 2827 2828
f 58 74 2829
f 2830 2829 74
f 2831 2826 2828
f 2830 74 2805
f 2818 2832 1650
f 2818 1640 1639
f 1650 1640 2818
f 2833 2834 2826
f 2784 2835 2786
f 2831 2836 2826
f 2398 2376 2837
f 2791 2837 2376
f 1649 1650 2838
f 2838 2839 1649
f 1650 2832 2838
f 2660 2616 2840
f 2833 2826 2836
f 2839 2838 2840
f 2841 2842 2398
f 2837 2841 2398
f 2660 2840 2838
f 2842 2843 2398
f 2818 1759 1736
f 2818 1639 1759
f 2843 2844 2398
f 2828 2845 2831
f 2845 2828 2827
f 2846 2771 2768
f 2768 2767 2846
f 2847 2836 2831
f 2844 2848 2398
f 2849 2846 2767
f 2827 2850 2831
f 2848 2851 2398
f 2849 2852 2846
f 2705 2771 2846
f 2310 1933 1846
f 2851 2853 2398
f 2606 2398 2853
f 2310 2854 1847
f 2294 2310 2854
f 2294 2854 2796
f 2855 2771 2705
f 2705 2688 2855
f 1837 2854 2310
f 2853 2856 2606
f 2771 2855 2688
f 2688 2778 2771
f 2755 2778 2688
f 2856 2857 2606
f 2857 2858 2606
f 2778 1701 2771
f 2449 2859 2204
f 2859 2531 2204
f 1213 2204 2446
f 2445 2444 2460
f 2448 2445 2460
f 2860 2606 2858
f 2449 2448 2460
f 2531 2446 2204
f 2859 2449 2460
f 2764 2606 2860
f 2531 2859 2460
f 2650 2664 2817
f 2860 2861 2764
f 2860 2862 2861
f 2863 2864 2865
f 2861 2866 2764
f 2867 2744 2866
f 2764 2866 2744
f 2863 2868 2864
f 2867 2869 2744
f 2870 2871 2864
f 2868 2872 2864
f 2873 2874 2868
f 2873 2868 2875
f 2876 2744 2869
f 2710 2709 2873
f 2876 2877 2744
f 2877 2878 2744
f 2744 2878 2879
f 2868 2863 2875
f 2604 2474 1872
f 2474 2473 1872
f 2744 2879 2880
f 2879 2881 2880
f 2875 2707 2873
f 2710 2873 2707
f 2882 2883 1867
f 2884 2868 2874
f 2865 2864 2871
f 2870 2864 2872
f 2871 2885 2865
f 1867 2886 2882
f 2887 2871 2870
f 2474 2604 1871
f 2863 2673 2875
f 2474 1879 2604
f 2253 2329 2888
f 2329 2506 2888
f 2887 2885 2871
f 2835 2783 2889
f 2253 2888 1044
f 1044 2888 2230
f 2781 2889 2783
f 2888 2270 2320
f 2790 2786 2890
f 2835 2890 2786
f 2268 2270 2888
f 2835 2891 2890
f 2282 2888 2280
f 2282 2279 2888
f 2279 2281 2888
f 2710 2707 2689
f 2269 2268 2888
f 2872 2868 2884
f 2506 2269 2888
f 2892 2841 2893
f 2893 2841 2837
f 2894 2895 2884
f 2888 2896 2230
f 2275 2277 2888
f 2889 2897 2835
f 2898 2897 2889
f 2893 2890 2891
f 2891 2899 2893
f 2893 2899 2892
f 2888 2320 2280
f 2874 2873 2709
f 2900 2710 2712
f 2276 2275 2888
f 2709 2708 2852
f 2888 2277 2508
f 2281 2276 2888
f 2626 2888 2508
f 2736 2901 2888
f 2902 2888 2901
f 2711 2710 2694
f 2902 2896 2888
f 2708 2900 2852
f 2884 2874 2894
f 2903 2904 2905
f 2906 2905 2904
f 2852 2894 2709
f 2769 2646 2907
f 462 2907 2646
f 2908 2905 2906
f 2907 444 2769
f 2909 2646 2770
f 2908 2906 2038
f 2817 2832 2818
f 444 2909 456
f 2582 2038 2906
f 2664 2832 2817
f 2910 2735 456
f 2906 2265 2525
f 2910 2735 458
f 2906 2292 2266
f 2906 2286 2285
f 2285 2292 2906
f 2263 2265 2906
f 2805 74 73
f 2906 2266 2263
f 2312 2830 2805
f 2906 2525 2582
f 2805 73 72
f 2284 2286 2906
f 2284 2906 2526
f 2660 2838 2832
f 2906 2736 2676
f 2888 2626 2736
f 2676 2526 2906
f 2660 2832 2661
f 2617 2616 2660
f 2909 2643 2647
f 456 2909 2911
f 2737 2911 2909
f 2737 2909 2647
f 2909 2647 2646
f 2909 444 2647
f 2912 2913 2914
f 557 571 546
f 2365 2405 2404
f 936 2912 2915
f 938 2914 937
f 2913 937 2914
f 2673 2707 2875
f 2913 2912 937
f 936 937 2912
f 2673 2654 2707
f 938 578 2914
f 2404 2361 2362
f 2914 578 2891
f 2404 2916 2361
f 2666 2707 2654
f 2361 2916 2917
f 2693 2713 2852
f 2694 2693 2852
f 2694 2852 2711
f 2712 2711 2852
f 579 540 2918
f 540 539 2918
f 2852 2705 2846
f 606 605 2919
f 2401 2344 2920
f 2713 2705 2852
f 2920 2405 2401
f 2916 2404 2921
f 2887 2922 2923
f 2923 2865 2924
f 2736 2925 2901
f 1736 1665 2650
f 2650 2817 1736
f 2061 2056 1989
f 1989 1586 1585
f 2908 2038 2905
f 2903 2905 2038
f 2582 2039 2038
f 2649 2664 2650
f 2926 2720 2902
f 2903 2926 2902
f 48 47 2651
f 2343 2651 47
f 2927 2343 47
f 2903 2038 2928
f 2037 2022 2015
f 2022 2016 2015
f 2058 2056 2061
f 2649 2648 2664
f 2927 47 46
f 2901 2925 2903
f 2904 2903 2929
f 2664 2661 2832
f 2906 2904 2736
f 2929 2736 2904
f 2901 2903 2902
f 2616 2665 2840
f 2929 2903 2925
f 2930 2927 46
f 2925 2736 2929
f 2615 2665 2616
f 1984 2025 2931
f 2221 2358 2222
f 2015 2931 2932
f 2933 2934 2931
f 2932 2935 2015
f 2935 2928 2015
f 2933 2025 2677
f 2677 2696 2933
f 2934 2933 2696
f 2936 2932 2934
f 2695 2700 2936
f 2932 2936 2700
f 1655 2160 1637
f 1664 1637 2160
f 2930 46 2937
f 2038 2037 2015
f 1767 2938 1203
f 2344 2343 2927
f 2700 2935 2932
f 2936 2934 2695
f 2696 2695 2934
f 1767 1203 1769
f 2700 2698 2935
f 2898 2779 2777
f 2898 2889 2781
f 2898 2781 2779
f 2783 2835 2784
f 2937 46 2
f 2891 2835 2897
f 2897 2898 2939
f 2914 2891 2897
f 2940 2911 2643
f 2703 2928 2698
f 1794 2941 2942
f 2910 2911 2737
f 2910 2737 2735
f 2737 2911 1385
f 2943 1385 2911
f 2038 2015 2928
f 2941 1794 1796
f 2928 2703 2903
f 2716 2903 2246
f 2935 2698 2928
f 1781 2944 1782
f 2724 2896 2721
f 2721 2896 2720
f 2239 2945 2724
f 2724 2945 2896
f 2896 2902 2720
f 2703 2246 2903
f 2926 2903 2716
f 2735 2910 743
f 2716 2720 2926
f 2769 444 824
f 444 2946 462
f 1982 2947 2948
f 1489 2949 2950
f 2948 2947 2951
f 2946 2952 2907
f 2907 2769 824
f 2907 824 2946
f 2946 2907 462
f 2949 2953 2950
f 2947 2950 2953
f 2951 2947 2953
f 444 2907 2946
f 1782 2944 2954
f 2955 2956 743
f 2957 2822 2958
f 2934 2932 2931
f 2030 2026 1984
f 2025 1984 2026
f 1982 1984 2959
f 2947 1982 2959
f 2947 2959 2957
f 2947 2957 2958
f 2955 743 2910
f 2958 2822 2960
f 2960 2950 2958
f 2947 2958 2950
f 2923 2924 2887
f 2960 2961 2950
f 2924 2865 2885
f 2962 2955 456
f 2910 456 2955
f 458 2955 2910
f 2924 2885 2887
f 1489 1501 2949
f 2955 2962 2956
f 2963 2956 2962
f 2708 2710 2900
f 1982 2948 1985
f 2964 1985 2948
f 2955 458 2956
f 2964 1970 1985
f 2900 2712 2852
f 2965 2964 2948
f 1972 1971 2965
f 2887 2870 2785
f 2962 456 2943
f 2911 2943 456
f 2948 2951 2965
f 2966 2965 2951
f 2737 2643 2911
f 2943 2911 2940
f 2785 2870 2895
f 2872 2895 2870
f 2910 2955 2911
f 2943 2911 2955
f 2964 2965 1971
f 1970 2964 1971
f 1972 2965 1973
f 2966 2967 2965
f 2943 2940 2962
f 2963 2962 2940
f 2968 2966 2951
f 2967 77 1973
f 2940 1385 2943
f 1973 2965 2967
f 2968 76 2966
f 2951 2953 2968
f 2969 2968 2953
f 2956 2940 2943
f 2956 2943 2955
f 75 77 2967
f 2872 2884 2895
f 2874 2709 2894
f 76 2968 1974
f 75 2966 76
f 2967 2966 75
f 2969 1974 2968
f 2970 2969 2953
f 1975 78 2971
f 2971 78 1974
f 2972 2772 2787
f 1974 2969 2971
f 1976 1975 2970
f 2953 2949 2970
f 2973 2970 2949
f 2974 2972 2787
f 2975 2767 2780
f 1976 2970 1978
f 2971 2969 1975
f 2969 2970 1975
f 2973 1978 2970
f 1501 2973 2949
f 2849 2767 2975
f 2849 2975 2976
f 2973 1501 81
f 1978 2973 80
f 81 80 2973
f 1527 81 1501
f 2974 2787 2789
f 2977 1497 1738
f 2780 2774 2975
f 2773 2975 2774
f 2978 2979 188
f 158 2697 429
f 2895 2894 2975
f 188 189 2978
f 2895 2975 2773
f 2773 2785 2895
f 2894 2976 2975
f 2980 185 184
f 2976 2894 2852
f 2972 2785 2772
f 168 1390 163
f 2887 2785 2981
f 2852 2849 2976
f 168 2762 1390
f 2937 2 7
f 2982 2983 2984
f 2937 7 2921
f 2985 2986 2987
f 2897 2939 571
f 2988 49 83
f 2921 7 49
f 2989 2990 2991
f 2893 2791 2890
f 2992 2993 2994
f 2989 2994 2990
f 2890 2791 2790
f 2893 2837 2791
f 2892 2842 2841
f 2988 2921 49
f 2995 2843 2892
f 2996 2997 2991
f 2920 2344 2927
f 2916 2998 2917
f 2999 2994 2997
f 2994 2989 2997
f 2989 2991 2997
f 3000 2997 2996
f 3000 2996 3001
f 3002 284 3000
f 2405 2930 2937
f 2604 1872 3003
f 2927 2930 2920
f 2930 2405 2920
f 3001 2987 3004
f 3005 3004 2987
f 2405 2937 2921
f 2405 2921 2404
f 3006 2996 2991
f 2998 2916 2988
f 3000 3001 3007
f 3000 3007 3002
f 2916 2921 2988
f 3008 2999 284
f 3009 3010 3001
f 2988 2917 2998
f 2917 2988 2361
f 2991 2990 3006
f 83 84 3011
f 3012 3013 2990
f 3011 2988 83
f 3009 3001 3014
f 3015 3011 84
f 3016 202 200
f 3015 84 85
f 2990 2993 3017
f 3017 2993 3018
f 3003 1871 2604
f 3019 208 207
f 2993 2992 3018
f 2604 3003 1876
f 3016 3020 3019
f 3015 3021 3022
f 3022 3011 3015
f 3019 202 3016
f 3019 549 202
f 207 549 3019
f 2604 1879 3003
f 2829 2478 3023
f 3024 3025 2984
f 2865 3025 2863
f 3024 2863 3025
f 3026 2892 2899
f 2922 3025 2923
f 2922 3027 3025
f 2865 2923 3025
f 3028 2478 2480
f 2984 3025 2982
f 3029 2984 2983
f 2897 2915 2914
f 571 2939 1249
f 3028 3023 2478
f 1196 571 1249
f 558 545 571
f 559 2897 571
f 1789 1798 3030
f 1790 1789 3031
f 3032 3033 3034
f 156 219 476
f 3035 3032 3034
f 476 2614 156
f 1790 3031 3036
f 3037 3038 3034
f 3029 2983 2985
f 453 571 455
f 1196 455 571
f 3039 3040 3041
f 2987 3001 3042
f 3042 3001 3010
f 3043 3044 3045
f 1249 3046 1196
f 3042 2985 2987
f 1249 459 3046
f 3047 3014 3006
f 2996 3006 3014
f 3048 3049 3034
f 3050 3051 3035
f 2996 3014 3001
f 3010 3009 3052
f 3052 3009 3047
f 3014 3047 3009
f 2915 2912 2914
f 559 2915 2897
f 3010 3053 3042
f 559 571 545
f 1117 2633 3054
f 546 571 453
f 3041 3040 3055
f 559 936 2915
f 3052 3056 3053
f 3052 3053 3010
f 3041 3057 3039
f 3053 2669 3042
f 2633 1157 3054
f 3058 3039 3057
f 2919 3026 556
f 3054 1157 2631
f 2668 3006 2990
f 3026 2899 555
f 2899 579 555
f 3059 3047 3006
f 2669 3059 2668
f 3006 2668 3059
f 2899 2891 579
f 3060 2990 3061
f 2674 2990 3060
f 3061 2990 3013
f 3058 3041 3055
f 3062 2621 2634
f 3059 2669 3063
f 2918 555 579
f 3063 3052 3059
f 3056 3052 3063
f 3047 3059 3052
f 3064 3026 2919
f 3058 3057 3041
f 3062 2631 2621
f 2669 3053 3065
f 555 556 3026
f 3065 3063 2669
f 2918 539 555
f 3053 3056 3065
f 3063 3065 3056
f 3066 1117 3054
f 2891 578 579
f 3066 2620 167
f 1914 1913 3039
f 1913 1910 3039
f 556 606 2919
f 3054 3067 3066
f 3068 3069 3070
f 3058 3070 3069
f 1782 2954 3071
f 607 2919 605
f 1782 3071 3072
f 3073 1962 2141
f 3073 2141 3074
f 2015 2820 3075
f 2015 3075 2823
f 3074 2141 2140
f 3073 1963 1962
f 2842 2892 2843
f 3076 3077 2824
f 3078 2942 2941
f 3079 2396 2942
f 2823 3075 2821
f 3075 2820 2821
f 2820 3080 2821
f 3066 167 1117
f 2941 1796 3081
f 3082 2620 3066
f 2056 2819 3080
f 2056 3080 2820
f 3083 3032 3035
f 2824 2821 2815
f 2819 2815 2821
f 2816 3084 2815
f 3080 2819 2821
f 3083 3085 3032
f 2810 3086 2811
f 3087 2811 3086
f 1325 2813 2809
f 3088 381 166
f 3089 1305 2809
f 2816 1305 3089
f 3076 2824 3084
f 3076 3084 3090
f 3091 3090 3092
f 3091 3092 3093
f 1798 3094 3030
f 3067 3054 2631
f 3087 3086 3095
f 2816 3089 2809
f 2816 2809 2813
f 2816 2813 2812
f 2816 2812 2811
f 2816 2811 3087
f 2816 3087 3095
f 2816 3095 3093
f 2816 3093 3092
f 2816 3092 3090
f 2816 3090 3084
f 2824 2815 3084
f 3096 3097 3062
f 3098 3099 3100
f 3096 3062 2634
f 3067 2631 3062
f 2944 3101 2954
f 3062 3097 3067
f 1795 3071 1796
f 3071 3102 3081
f 3071 3103 3102
f 392 391 429
f 3081 1796 3071
f 3104 3072 3071
f 1795 3104 3071
f 2880 3099 3105
f 3105 3099 3098
f 3020 3016 3106
f 2952 2770 2769
f 2769 2907 2952
f 2946 824 2952
f 3016 200 3107
f 3107 3108 3106
f 3107 3106 3016
f 2952 743 2770
f 824 743 2952
f 3029 2985 3042
f 2909 2770 3109
f 2770 3110 3109
f 3111 483 3112
f 3007 3001 3004
f 3113 743 2956
f 3004 3005 3002
f 3113 2956 2963
f 2956 458 3113
f 3111 3107 483
f 200 483 3107
f 3109 2643 2909
f 3109 2963 2940
f 3109 2940 2643
f 2643 1385 2940
f 2984 3029 3042
f 3024 2984 3042
f 3113 2643 2956
f 2940 2956 2643
f 3020 208 3019
f 2045 458 464
f 3005 2987 3114
f 2986 2985 3115
f 3115 2985 2983
f 3005 3114 3002
f 3114 2986 3002
f 3115 3116 2986
f 3002 3007 3004
f 2671 3042 2669
f 3117 3013 3012
f 3013 3117 3061
f 1385 3118 437
f 3117 3060 3061
f 3017 3119 2990
f 2995 2844 2843
f 3120 3012 2990
f 3121 3122 2990
f 3120 2990 3122
f 3012 3120 3117
f 2770 743 3110
f 3120 3122 3117
f 2963 3109 3110
f 2995 3123 2844
f 3110 3124 2770
f 3113 3125 743
f 3125 3110 743
f 2848 2844 3123
f 3125 3113 3110
f 2963 3110 3113
f 3113 458 3125
f 458 3126 3125
f 2643 3113 3125
f 3125 3110 2643
f 2770 2643 3110
f 2851 2848 3123
f 3123 3127 2851
f 2853 2851 3127
f 1966 2264 3128
f 3129 2857 2856
f 3129 2856 3127
f 2853 3127 2856
f 2756 827 2725
f 2857 3129 2858
f 2862 2860 3129
f 3127 3130 3129
f 3123 3130 3127
f 2728 2756 2730
f 2892 3026 2995
f 3131 3129 3130
f 3131 3130 3132
f 3123 2995 3064
f 3064 2995 3026
f 3130 3123 3064
f 2858 3129 2860
f 2861 2862 2866
f 2862 3129 3131
f 3133 3134 3135
f 3135 2862 3131
f 2866 3134 2867
f 3134 2869 2867
f 3136 3028 2480
f 2862 3134 2866
f 3137 3136 2480
f 3137 2480 2487
f 3138 2487 2492
f 3134 2876 2869
f 2876 3134 3139
f 2876 3139 2877
f 2829 56 58
f 3140 2879 2878
f 2829 3141 56
f 2877 3139 2878
f 2829 3023 3141
f 3140 2878 3139
f 3140 2881 2879
f 95 63 3142
f 3142 2461 2463
f 3139 3143 3140
f 3134 3143 3139
f 2862 3135 3134
f 3144 3140 3143
f 3145 3143 3146
f 3141 54 56
f 63 65 3142
f 3143 3147 3146
f 3145 3147 3143
f 65 2490 3142
f 3145 3144 3143
f 3143 3134 3133
f 65 66 3148
f 3143 3149 3145
f 3148 2490 65
f 2490 3138 2492
f 67 3148 66
f 3132 3130 3150
f 3151 3148 67
f 3152 3148 3151
f 3153 3132 3150
f 3154 3151 54
f 3151 67 54
f 3137 2487 3151
f 3151 2487 3138
f 3151 3138 3152
f 3150 3155 3153
f 54 3141 3154
f 3130 3064 3156
f 2919 3156 3064
f 3023 3028 3141
f 3157 2919 607
f 3137 3151 3154
f 3136 3137 3154
f 3028 3136 3141
f 3141 3136 3154
f 3003 1872 3158
f 2490 3152 3138
f 3152 2490 3148
f 3105 3159 2880
f 1980 1979 2330
f 3158 3160 3003
f 3160 3161 3003
f 2334 1980 2330
f 3162 3163 2880
f 2744 2880 2751
f 3003 3158 1876
f 3158 3160 1876
f 931 3164 415
f 3159 3165 2880
f 3003 1879 3158
f 3119 3017 3018
f 3166 3167 1867
f 2981 3116 3168
f 931 1705 3164
f 3060 3169 2674
f 3170 2674 3169
f 3171 2674 3170
f 2808 2880 3163
f 3162 2880 3172
f 3163 3162 2801
f 3172 2880 3165
f 1709 3173 1705
f 2801 2808 3163
f 2944 3174 3175
f 3176 3177 1798
f 2808 2751 2880
f 3178 3094 1798
f 3173 3179 1705
f 3179 3180 3164
f 955 951 794
f 3180 3181 3182
f 3181 3180 3179
f 3179 3164 1705
f 3169 3060 3117
f 3169 3117 3170
f 3183 3173 1709
f 3183 3179 3173
f 3183 3181 3179
f 3114 2987 2986
f 3184 3099 3185
f 2983 3116 3115
f 3002 2986 3116
f 1716 3183 1709
f 2671 3024 3042
f 3099 3186 3185
f 3186 3187 1463
f 3168 3116 2982
f 2983 2982 3116
f 2863 3024 2671
f 3186 3099 3187
f 2863 2671 2673
f 3188 3182 3181
f 3027 2982 3025
f 3189 3099 3190
f 3027 2922 2887
f 2887 3168 3027
f 2982 3027 3168
f 3191 2674 3171
f 2668 2990 2674
f 3164 3192 3193
f 3164 3180 3192
f 3170 3117 3171
f 3192 3194 3193
f 3180 3195 3192
f 1789 3030 3031
f 962 1014 1010
f 1014 1013 1010
f 3180 3182 3195
f 3196 967 1014
f 3182 3197 3195
f 1010 970 1014
f 962 1013 1014
f 3195 3198 3199
f 1014 976 1013
f 975 3200 1013
f 1013 3200 1014
f 3198 3201 3199
f 3195 3199 3192
f 1048 1039 1029
f 1040 1029 1039
f 1029 1046 1048
f 3202 2417 1578
f 3198 3195 3197
f 3203 3204 3205
f 1029 1040 1046
f 174 1046 1035
f 1040 1035 1046
f 3184 3100 3099
f 2430 2261 2422
f 3206 2430 3207
f 3188 3197 3182
f 1041 3204 3203
f 1041 3203 1046
f 1041 1046 1029
f 1040 1041 1029
f 3208 2430 3206
f 2430 3206 3209
f 2430 3210 3206
f 3210 2430 3209
f 3187 3099 3189
f 2430 3208 3207
f 3161 3160 1872
f 3211 3212 613
f 613 3213 3214
f 3214 3215 613
f 987 3211 613
f 1005 613 1006
f 3213 613 3212
f 739 2415 2430
f 3207 2430 2415
f 2261 3202 1578
f 3216 3217 3212
f 2482 2481 2479
f 3207 2261 2430
f 3212 3211 3216
f 3211 987 3216
f 1171 1943 3218
f 3158 1872 3160
f 3219 613 3220
f 2788 2803 3221
f 2789 2788 3221
f 2802 3221 2803
f 1029 1046 975
f 1046 3200 975
f 3215 3220 613
f 316 284 3222
f 3204 3200 3203
f 1048 1046 1039
f 174 1038 1046
f 3223 316 3222
f 3224 3219 3220
f 2972 3225 3116
f 1871 3003 3161
f 3160 3161 1876
f 3226 3227 3228
f 3226 2433 3227
f 3228 2433 3226
f 3226 3229 3228
f 986 1034 1047
f 3227 2433 3228
f 3227 2433 857
f 3228 3229 2433
f 3229 504 2433
f 3230 3231 3232
f 3232 3231 3233
f 3234 3235 3233
f 3236 3237 3238
f 3236 3238 3239
f 3240 3231 3230
f 2434 504 3241
f 3242 1183 3243
f 3243 765 3244
f 3243 3244 3242
f 3227 3228 2435
f 3230 3245 3240
f 1183 765 3243
f 2434 2433 2435
f 3227 2435 2433
f 2725 1183 2756
f 3243 1183 2725
f 1183 3243 1168
f 3246 3247 3248
f 3219 3247 3231
f 1183 3244 765
f 2435 3249 3239
f 3246 3250 3247
f 765 3244 489
f 3234 3231 3250
f 3248 3247 3219
f 3237 3249 3251
f 3239 3249 3236
f 3240 3252 3231
f 2433 2434 3228
f 3253 3228 2434
f 3251 3254 3255
f 3251 3255 3256
f 3251 3237 3254
f 3233 3231 3234
f 3255 3257 3254
f 3251 3256 3237
f 3258 3237 3256
f 3259 1156 1567
f 229 2395 3251
f 3237 3251 2395
f 3239 3254 3236
f 3237 3236 3254
f 1567 1747 3259
f 3239 3238 3254
f 3255 3254 3238
f 3238 3237 3258
f 3259 1123 1120
f 3239 3236 2395
f 3237 2395 3236
f 1570 1121 1123
f 2395 2435 3239
f 3236 3249 3237
f 3259 1120 1156
f 1747 1570 3259
f 1123 3259 1570
f 3260 3261 3262
f 3262 3261 3263
f 1570 2625 1121
f 1732 1801 1570
f 1734 1732 1570
f 1570 1801 3264
f 3225 3002 3116
f 3265 3266 3261
f 3267 3268 3260
f 3260 3262 3267
f 2981 2972 3116
f 2785 2972 2981
f 3044 3267 3263
f 3263 3267 3262
f 2997 3000 284
f 2999 2997 284
f 284 3002 3222
f 2887 2981 3168
f 235 3269 1751
f 2974 2789 3221
f 3044 3268 3267
f 316 3223 3221
f 2802 316 3221
f 3221 3225 2974
f 1801 1805 3264
f 3222 3225 3221
f 3225 2972 2974
f 3002 3225 3222
f 3223 3222 3221
f 3270 3271 3272
f 1769 1203 1202
f 3271 3273 3274
f 3156 2919 3157
f 3275 1211 1203
f 3276 3043 3260
f 3277 3276 3260
f 3276 3277 3044
f 3268 3277 3260
f 3156 636 3130
f 1440 3130 636
f 3150 3130 1440
f 636 3156 637
f 3157 637 3156
f 3157 604 637
f 604 3157 607
f 3277 3268 3044
f 3155 3150 1441
f 1440 1441 3150
f 3278 3279 3280
f 3280 3281 3282
f 3280 3282 3283
f 3132 643 3131
f 3282 3281 3045
f 643 3132 641
f 3153 641 3132
f 3153 3155 641
f 1441 641 3155
f 3283 3282 3045
f 3078 2941 3284
f 3135 3131 3285
f 3284 2941 3081
f 643 3285 3131
f 3273 3280 3283
f 3285 3286 618
f 3287 3135 3285
f 3272 3278 3280
f 3288 3280 3279
f 3270 3272 3280
f 643 1536 3285
f 2944 3175 3289
f 3280 3273 3270
f 3286 3285 619
f 1536 619 3285
f 3273 3271 3270
f 3283 3274 3273
f 619 618 3286
f 1790 3290 3291
f 3280 3260 3281
f 3043 3281 3260
f 3133 3149 3143
f 3261 3260 3265
f 3133 3135 3287
f 2756 1183 489
f 765 489 1183
f 3285 618 3287
f 3030 3094 3292
f 3036 3290 1790
f 3118 1385 2643
f 3149 3293 627
f 618 620 3287
f 3287 915 923
f 923 3133 3287
f 3294 3295 3284
f 3110 3125 3124
f 3296 2942 3078
f 2770 3124 3118
f 3297 3144 3298
f 3284 3102 3294
f 3299 3294 3102
f 3284 3081 3102
f 3300 3145 3146
f 443 1168 2413
f 3300 3147 3145
f 3145 3300 3144
f 2954 3103 3071
f 3145 3149 3300
f 3102 3103 3301
f 2944 3289 3101
f 471 3128 2267
f 3203 1047 1046
f 1048 1046 1047
f 3205 1047 3203
f 3302 3101 3289
f 3199 3303 3304
f 230 1740 3305
f 3306 3199 3304
f 2944 1781 3174
f 172 230 3305
f 3174 3307 3175
f 171 172 3305
f 3242 3308 1183
f 3192 3199 3194
f 2725 3309 3310
f 3199 3306 3194
f 3308 3242 3311
f 3244 3311 3242
f 3312 3289 3313
f 3307 3313 3289
f 3243 2725 3242
f 3308 3242 2725
f 3308 2725 3310
f 3175 3307 3289
f 3244 1183 3311
f 3178 1798 3177
f 3314 171 3305
f 233 171 3314
f 3314 3269 233
f 3031 3315 3036
f 3201 3303 3199
f 3030 3316 3031
f 3317 3303 3201
f 3302 3289 3312
f 3318 3304 3303
f 1325 3319 2814
f 2814 3319 3320
f 235 233 3269
f 3317 3201 3198
f 3197 3317 3198
f 3321 3322 3091
f 240 3323 238
f 2360 2472 2547
f 2056 2055 2222
f 2222 2360 2547
f 1586 1989 2056
f 3076 3324 3077
f 3325 3326 3077
f 2025 2933 2931
f 2822 3077 2961
f 3326 2961 3077
f 2957 2959 2822
f 2360 2222 2353
f 2358 2354 2222
f 237 1805 1535
f 2959 1984 2822
f 3091 3327 3328
f 3329 3330 3076
f 3331 3332 3321
f 3328 3329 3076
f 3086 3332 3331
f 3320 3319 2810
f 3319 3332 2810
f 2810 3332 3086
f 1305 1304 1325
f 237 3333 1805
f 2810 2812 3320
f 2814 3320 2812
f 3334 3335 3264
f 3076 3090 3328
f 3328 3090 3091
f 3091 3093 3321
f 3095 3331 3093
f 3321 3093 3331
f 3095 3086 3331
f 1305 2816 1290
f 2547 1290 2816
f 2819 2222 2547
f 2056 2222 2819
f 2823 2931 2015
f 2931 2823 2822
f 237 239 3333
f 2822 2824 3077
f 1204 1211 2204
f 2938 3275 1203
f 3264 1805 3334
f 3333 3334 1805
f 3336 3334 3333
f 3336 3337 3334
f 3338 3339 2938
f 3340 3341 1175
f 3275 2938 3339
f 3339 2441 1211
f 2204 1211 2441
f 3342 3339 3338
f 3341 3342 3338
f 3338 1175 3341
f 2457 2460 3343
f 3344 1290 3345
f 2471 2470 2547
f 2457 3343 2466
f 3346 3347 3348
f 3342 3341 3343
f 3349 3350 3348
f 3348 3351 3346
f 3352 3348 3346
f 3353 3354 2014
f 1047 989 986
f 3355 2014 3354
f 1051 1053 3352
f 3346 3352 1053
f 3340 1175 3356
f 3357 3346 1052
f 1052 3346 1053
f 1051 3352 3357
f 3346 3357 3352
f 3344 3358 1290
f 2472 2471 2547
f 3346 1046 3352
f 3348 3347 3349
f 2460 2441 3343
f 3339 3343 2441
f 3351 3348 3350
f 1211 3275 3339
f 3340 3343 3341
f 3349 3200 3348
f 1051 3349 3348
f 1051 3348 3352
f 1052 1051 3357
f 989 3357 1052
f 1052 1053 989
f 3359 3360 2014
f 3349 3357 3350
f 1051 3357 3349
f 989 3350 3357
f 3356 1175 3355
f 3357 1048 1052
f 1039 1052 1048
f 3346 3200 1046
f 3357 1051 1048
f 1046 1048 1051
f 1051 3352 1046
f 3350 3205 3203
f 3346 3348 3200
f 3203 3200 3349
f 3350 3203 3349
f 3354 3343 3355
f 3351 3347 3346
f 3356 3355 3343
f 3339 3342 3343
f 1274 1273 1290
f 3361 3362 3363
f 3364 3361 3363
f 2466 3365 1290
f 3361 3364 3358
f 2014 3363 3359
f 3366 3363 3362
f 3353 2014 3360
f 1175 2014 3355
f 3345 1290 3367
f 3367 1290 3365
f 3345 3360 3344
f 3359 3344 3360
f 3366 3368 3363
f 3359 3363 3368
f 3344 3359 3358
f 3368 3358 3359
f 3362 3361 3358
f 3368 3366 3358
f 3366 3362 3358
f 3353 3360 3345
f 3354 3353 3345
f 3354 3345 3367
f 3365 3343 3367
f 3354 3367 3343
f 3340 3356 3343
f 3343 3365 2466
f 3196 1014 3200
f 920 3079 918
f 3369 3205 3370
f 3204 3370 3205
f 1290 859 1305
f 3370 3371 3369
f 3370 3204 3371
f 3203 3371 3204
f 863 1305 859
f 1041 3372 3370
f 3204 1041 3370
f 928 918 3079
f 3200 3204 3370
f 3370 3371 3200
f 3369 3371 3205
f 3203 3205 3371
f 3205 3369 1047
f 3363 2014 2417
f 19 2417 128
f 3371 1047 3369
f 19 1578 2417
f 3373 3374 3347
f 3375 3373 3347
f 3376 3351 3377
f 3375 3351 3373
f 3378 3374 3351
f 3376 3378 3351
f 3377 3378 3376
f 1047 3377 989
f 3379 3380 3206
f 3379 3206 3207
f 3379 3381 3380
f 3382 3380 3381
f 1047 3378 3376
f 3376 3377 1047
f 3206 3380 3208
f 3208 3380 3382
f 3374 3349 3347
f 3350 3377 3351
f 3373 3351 3374
f 3206 3380 3209
f 3206 3210 3380
f 3375 3383 3200
f 3380 3210 3382
f 3349 3374 3350
f 3350 3374 3377
f 3378 3377 3374
f 3377 3350 989
f 3208 3381 3379
f 3207 3208 3379
f 3205 3350 3377
f 3376 3369 3377
f 3205 3377 3369
f 3379 3207 2415
f 3381 3379 2415
f 3373 3200 3374
f 3376 3378 3369
f 3371 3369 3378
f 3374 3371 3378
f 3347 3351 3375
f 2261 3207 3379
f 3373 3375 3200
f 3383 3375 3351
f 3379 3202 2261
f 3381 3202 3379
f 3384 3385 3386
f 3085 3387 3386
f 765 490 3244
f 3311 3244 490
f 3085 3386 3388
f 489 3244 3311
f 3317 3389 3303
f 3390 3391 3392
f 2643 2770 3118
f 3317 3393 3389
f 3045 3281 3043
f 3276 3044 3043
f 165 1390 3394
f 165 3394 166
f 3300 3146 3147
f 3068 3395 3252
f 627 3146 3147
f 3147 3149 627
f 3389 3318 3303
f 3300 3149 3147
f 3396 3395 3397
f 3398 3396 3397
f 3070 3395 3068
f 3399 3395 3400
f 3401 3400 3395
f 3402 3298 3403
f 3401 3395 3070
f 3400 3401 3398
f 3058 3398 3401
f 3058 3401 3070
f 3404 3405 3406
f 3397 3395 3399
f 3404 3407 3408
f 3398 3399 3400
f 3147 930 3300
f 1770 3403 3298
f 3399 3398 3397
f 246 260 3409
f 3410 3404 3304
f 915 3287 620
f 3410 3407 3404
f 3149 3133 923
f 3318 3410 3304
f 923 628 3149
f 3293 3149 628
f 3393 3411 3412
f 3413 3395 3396
f 3414 3265 3395
f 3144 3300 930
f 3144 930 3298
f 932 3298 930
f 3413 3396 3415
f 627 629 3146
f 3396 3398 3415
f 3407 3410 3412
f 930 3146 629
f 3413 3416 3395
f 3414 3395 3416
f 3147 3146 930
f 3318 3389 3412
f 3416 3413 3415
f 3417 247 245
f 628 627 3293
f 3389 3393 3412
f 238 3417 245
f 3058 3415 3398
f 3410 3318 3412
f 238 3418 3417
f 932 1770 3298
f 1540 2272 2271
f 3415 3419 3416
f 224 2881 3140
f 3419 3414 3416
f 3040 3266 3055
f 3040 3045 3266
f 3044 3263 3266
f 3403 1770 3402
f 3402 1770 417
f 3044 3266 3045
f 3420 3421 3422
f 3421 3423 3422
f 3424 3425 3420
f 3426 3423 3421
f 3427 3422 3423
f 3423 3428 3427
f 3429 3430 3431
f 3263 3261 3266
f 3260 3395 3265
f 3419 3266 3265
f 253 1540 2271
f 1434 37 69
f 3265 3414 3419
f 3058 3055 3266
f 3432 3433 3434
f 3419 3058 3266
f 3415 3058 3419
f 3421 3420 3425
f 251 2272 3435
f 3190 3099 3288
f 3433 69 71
f 566 796 951
f 3433 3436 3434
f 3437 573 3438
f 3433 1434 69
f 805 572 3439
f 3231 3252 3395
f 566 951 572
f 3432 1754 3433
f 3440 2796 2797
f 3440 2797 3441
f 1754 1434 3433
f 2797 1834 3441
f 830 956 794
f 916 3442 3443
f 3444 1764 3432
f 2797 1835 3441
f 3444 1768 1764
f 1764 1763 3432
f 1763 1754 3432
f 1761 1764 1768
f 3441 1836 2797
f 1318 3445 3442
f 2802 2801 3172
f 3446 3444 3432
f 3431 3427 3428
f 3446 3434 3436
f 3165 3159 2802
f 3434 3446 3432
f 3433 3447 3436
f 3440 1834 2796
f 3440 1837 2796
f 3159 3105 3448
f 3447 3449 3450
f 2854 2310 1846
f 3451 2854 1846
f 3448 344 275
f 2854 3451 1847
f 2796 2854 3451
f 2796 3451 3440
f 276 275 344
f 1837 3451 2854
f 344 353 338
f 71 3452 3433
f 3448 3453 344
f 353 344 3453
f 3098 3453 3448
f 3448 275 277
f 3452 3449 3433
f 3105 3098 3448
f 3433 3449 3447
f 298 299 3448
f 1861 3454 1862
f 3420 3422 3455
f 3420 3455 3456
f 3447 3450 3446
f 3448 277 298
f 299 2802 3448
f 3447 3446 3436
f 3457 1860 3458
f 299 316 2802
f 3453 1463 353
f 1768 3459 3183
f 1274 3460 1318
f 3461 3462 1318
f 3459 3444 3446
f 1768 3444 3459
f 2850 2827 2834
f 2827 2826 2834
f 3183 1716 1768
f 3462 1319 1318
f 3188 3181 3183
f 1292 3442 916
f 3459 3188 3183
f 2836 2847 2834
f 2850 2834 2847
f 1292 3462 3461
f 3463 3464 3465
f 3466 3465 3464
f 1287 1274 1319
f 1287 1319 1292
f 3467 3468 3188
f 2834 2833 2836
f 1740 1739 3305
f 1319 3462 1292
f 3461 1318 1292
f 967 3469 970
f 2831 2845 2827
f 3470 1014 970
f 976 1014 3471
f 3471 1033 976
f 3472 1325 3473
f 3473 929 3474
f 2634 1570 3096
f 3475 3474 928
f 929 928 3474
f 2634 2625 1570
f 3476 3477 3328
f 3478 3197 3188
f 3188 3446 3467
f 3446 3450 3467
f 3446 3188 3459
f 2610 3479 3464
f 3480 3466 3464
f 3299 3102 3301
f 3480 3464 3479
f 2954 3481 3103
f 3482 3429 3431
f 1570 3264 3096
f 3323 240 3483
f 3484 71 57
f 3442 1292 1318
f 3483 3418 3323
f 55 3485 3486
f 2847 2831 2850
f 3486 3484 55
f 3418 238 3323
f 3033 3032 3418
f 57 55 3484
f 3160 3158 1879
f 3161 3160 1879
f 3187 3487 1463
f 3337 3335 3334
f 71 3484 3452
f 3484 3449 3452
f 3484 3450 3449
f 1880 1479 3488
f 3484 3489 3490
f 3487 3488 1479
f 3484 3491 3489
f 1467 1482 3487
f 3484 3490 3450
f 1482 1464 3487
f 1919 1882 1881
f 1479 1467 3487
f 1464 1463 3487
f 3371 3374 3200
f 2801 3162 3172
f 3484 3486 3491
f 3196 3200 3383
f 3492 3493 3174
f 3307 3174 3493
f 3228 3227 857
f 828 777 832
f 3255 3494 3258
f 3255 3258 3256
f 3495 3496 832
f 3497 3498 3499
f 3500 3255 3499
f 3439 572 951
f 3254 3499 3255
f 3497 3494 3500
f 3255 3500 3494
f 3501 3502 3319
f 3429 3482 3503
f 3494 3498 3257
f 3494 3257 3255
f 3499 3257 3500
f 3302 3504 3101
f 3500 3257 3497
f 3498 3497 3257
f 2954 3101 3505
f 3258 698 3256
f 3078 3284 3295
f 3256 698 3251
f 3078 3295 3296
f 3494 3498 3506
f 3494 3506 3258
f 3507 3296 3508
f 3295 3508 3296
f 3509 3500 3499
f 3510 3511 3499
f 3509 3499 3511
f 3498 3497 3506
f 3509 3506 3497
f 3509 3497 3500
f 3238 3512 3498
f 3238 3498 3494
f 3255 3238 3494
f 3475 928 3079
f 3500 3497 3499
f 3512 3499 3498
f 3497 3498 3494
f 3079 2942 3475
f 3296 3475 2942
f 3507 3513 3296
f 3510 3514 3499
f 3294 3515 3295
f 3238 3258 3506
f 3238 3506 3512
f 3506 3509 3512
f 3511 3512 3509
f 3516 3299 3517
f 3518 3299 3516
f 3294 3299 3518
f 3519 3517 3299
f 3519 3299 3301
f 3520 3521 3103
f 3522 3258 3523
f 3258 3506 3509
f 3509 3511 3258
f 3241 3524 3525
f 3504 3302 3526
f 3312 3526 3302
f 3527 2954 3505
f 3528 3529 3530
f 3528 3530 3531
f 3528 3531 3532
f 3532 3533 3528
f 2610 3528 3533
f 3534 3535 3524
f 3505 3101 3536
f 3537 3536 3101
f 3538 3505 3536
f 3527 3505 3538
f 3504 3537 3101
f 3479 2610 3539
f 2954 3527 3481
f 3524 3535 3525
f 3525 3253 3241
f 3253 2434 3241
f 3540 3539 3541
f 3538 3542 3527
f 3542 3543 3527
f 3481 3527 3543
f 3543 3544 3481
f 504 3545 3241
f 3482 3540 3541
f 3525 3535 3253
f 3253 3535 3534
f 3301 3103 3546
f 3519 3301 3546
f 3544 3520 3103
f 3103 3481 3544
f 3249 3506 3258
f 3251 3249 3256
f 3258 3256 3249
f 3509 3547 3511
f 3506 3249 3509
f 3547 3509 3249
f 3423 3548 3540
f 3540 3428 3423
f 1860 3549 3550
f 3551 2435 3228
f 3552 3336 3333
f 3553 3554 3249
f 2435 3551 3249
f 3553 3249 3551
f 3228 3253 3551
f 3253 3554 3553
f 3551 3253 3553
f 3552 239 3555
f 924 1778 2396
f 3555 239 246
f 3333 239 3552
f 403 1778 405
f 3556 3557 3558
f 3559 3556 3558
f 3034 3483 3037
f 3033 3418 3483
f 3264 3335 3560
f 3336 3561 3337
f 3562 3514 3510
f 3257 3499 3514
f 3561 3560 3335
f 1860 3550 3458
f 3561 3335 3337
f 3522 3523 3563
f 3562 3563 3523
f 3523 3511 3562
f 3510 3562 3511
f 3561 3564 3565
f 3562 3512 3563
f 3562 3510 3512
f 3499 3512 3510
f 3161 1872 3566
f 3499 3254 3510
f 3510 3254 3562
f 3563 3562 3254
f 3514 3562 3563
f 3555 3565 3564
f 3523 3522 3512
f 3336 3552 3561
f 3512 3511 3523
f 3555 3564 3561
f 3511 3523 3258
f 3567 3568 3524
f 3552 3555 3561
f 3569 3570 3559
f 3571 3570 3569
f 3253 3534 3568
f 3249 3554 3547
f 3523 3547 3522
f 3570 3319 3556
f 3511 3547 3523
f 3555 246 3409
f 3556 3572 3573
f 3574 3555 3409
f 3556 3573 3472
f 3537 3504 3569
f 3536 3537 3569
f 3546 3521 3558
f 3547 3554 3568
f 3557 3518 3516
f 3554 3253 3568
f 1867 3575 2886
f 3566 1871 3161
f 3161 3566 1876
f 3161 1879 3566
f 3576 2551 2248
f 956 808 959
f 2551 2249 2248
f 3577 3576 3578
f 2539 3576 3577
f 3579 3580 3581
f 3580 3582 3581
f 3579 3582 3580
f 3513 3583 3296
f 3508 3295 3515
f 3294 3518 3515
f 2249 2551 2250
f 3557 3556 3474
f 3470 3471 1014
f 3579 3196 3580
f 3577 3578 3584
f 3577 3584 3585
f 1919 1878 1882
f 3585 2539 3577
f 3576 2539 2551
f 3540 3482 3431
f 3431 3428 3540
f 3539 2610 3541
f 3533 3541 2610
f 3586 3541 3533
f 3456 3455 3480
f 3548 3456 3539
f 3456 3480 3479
f 1171 259 1779
f 3539 3456 3479
f 3421 3456 3548
f 3425 3456 3421
f 3556 3472 3474
f 3540 3548 3539
f 3507 3508 3474
f 3424 3420 3456
f 3474 3508 3557
f 3515 3557 3508
f 3426 3421 3548
f 3456 3425 3424
f 3515 3518 3557
f 3548 3423 3426
f 3474 3513 3507
f 3288 3488 3190
f 3475 3296 3583
f 3587 3429 3588
f 3589 3429 3590
f 3587 3590 3429
f 3591 3429 3589
f 3430 3429 3591
f 3592 3431 3430
f 3593 3431 3594
f 3427 3431 3593
f 3595 3588 3429
f 3583 3474 3475
f 3474 3583 3513
f 3557 3516 3517
f 3596 3431 3592
f 1919 3457 1878
f 3594 3431 3596
f 1919 1860 3457
f 1706 1884 3597
f 3598 1706 3597
f 3598 3599 1707
f 3600 1707 3599
f 3598 1707 1706
f 3601 3600 3599
f 3274 3599 3602
f 3558 3557 3519
f 3517 3519 3557
f 3519 3546 3558
f 3504 3526 3569
f 3571 3569 3526
f 3600 1909 1707
f 3536 3569 3538
f 3559 3538 3569
f 3542 3538 3559
f 3603 2825 3604
f 3559 3543 3542
f 3455 3605 3480
f 3559 3558 3543
f 3544 3543 3558
f 3599 3598 3602
f 3521 3546 3103
f 3427 3593 3605
f 3520 3544 3558
f 3521 3520 3558
f 3602 3598 3597
f 3606 3605 3594
f 3573 1325 3472
f 1304 1328 1325
f 3319 1325 3572
f 929 3473 1325
f 3605 3455 3427
f 3422 3427 3455
f 3501 3570 3502
f 3570 3501 3319
f 3566 1872 3607
f 1867 1876 3575
f 3608 3609 3465
f 3609 3463 3465
f 3480 3604 3466
f 3271 3610 3488
f 3465 3611 3608
f 3566 3607 1871
f 3612 3608 3611
f 3566 3607 1876
f 3488 3288 3271
f 1873 3488 3610
f 3613 3614 3603
f 3607 3566 1879
f 3613 3603 3604
f 3606 3613 3604
f 3605 3606 3480
f 3606 3604 3480
f 3590 3614 3589
f 3597 1883 3615
f 3602 3597 3615
f 3597 1884 1883
f 1883 1870 3615
f 3196 3616 3580
f 3615 1869 1873
f 3615 1870 1869
f 1880 3488 1873
f 3617 3600 3601
f 1909 3600 3617
f 3572 3556 3319
f 3472 3473 3474
f 3572 1325 3573
f 1889 3618 1912
f 3618 1910 1912
f 1889 1909 3618
f 3039 1909 3617
f 3094 3178 3619
f 3620 3619 3178
f 1909 3039 3618
f 3621 3622 3094
f 3619 3621 3094
f 3039 1910 3618
f 3030 3292 3316
f 3623 3292 3624
f 3292 3094 3624
f 3622 3624 3094
f 3045 3617 3601
f 3045 3601 3274
f 3620 3178 3625
f 3626 3627 3177
f 3628 3629 3319
f 3615 3271 3602
f 3630 3319 3629
f 3274 3601 3599
f 3631 3319 3632
f 3602 3271 3274
f 3630 3633 3319
f 3633 3632 3319
f 3271 3615 1873
f 3620 3633 3619
f 3271 1873 3610
f 3619 3630 3621
f 3634 3617 3045
f 3622 3621 3630
f 3625 3633 3620
f 3634 3039 3617
f 3630 3629 3622
f 3624 3622 3629
f 3274 3283 3045
f 3634 3040 3039
f 3628 3623 3629
f 3624 3629 3623
f 3635 3636 3637
f 3638 3639 3290
f 3373 3640 3375
f 3307 3493 3313
f 3291 3492 3174
f 79 3485 55
f 68 64 3641
f 3642 3643 3492
f 3643 3644 3493
f 3645 3642 3492
f 3492 3291 3645
f 3646 3638 3290
f 3036 3647 3290
f 3644 3648 3313
f 3313 3493 3644
f 3526 3312 3648
f 3312 3313 3648
f 3649 3636 3650
f 3556 3559 3570
f 3651 3570 3571
f 3636 3649 3637
f 3649 3652 3637
f 3651 3653 3570
f 3654 3655 3656
f 3654 3656 3657
f 3645 3658 3651
f 3656 1834 3657
f 3659 3660 79
f 3658 3645 3291
f 3658 3661 3651
f 3641 3649 3659
f 79 68 3659
f 3657 3656 1835
f 3644 3643 3571
f 3651 3571 3643
f 68 3641 3659
f 79 3660 3485
f 3650 3659 3649
f 3657 1836 3656
f 3659 3650 3660
f 3662 3663 3491
f 3662 3650 3663
f 3660 3650 3662
f 3654 3664 1834
f 1837 3655 3654
f 3660 3491 3485
f 3485 3491 3486
f 3662 3491 3660
f 3665 1846 3666
f 3468 3667 3478
f 3666 1847 3665
f 3655 3665 3666
f 3655 3666 3654
f 3188 3468 3478
f 1837 3666 3665
f 3468 3490 3667
f 3668 3669 1876
f 1871 3669 3668
f 3317 3197 3478
f 3478 3393 3317
f 3478 3670 3393
f 3634 3045 3040
f 3667 3671 3478
f 3671 3670 3478
f 3671 3663 3670
f 3650 3636 3672
f 3663 3650 3672
f 2802 3172 3165
f 3448 2802 3159
f 3453 3098 3100
f 3468 3450 3490
f 3580 3616 3579
f 3453 3100 3184
f 3467 3450 3468
f 3184 3185 3453
f 1463 3453 3185
f 3185 3186 1463
f 3491 3663 3671
f 3189 3487 3187
f 3673 3674 3375
f 3351 3375 3674
f 3490 3671 3667
f 3487 3189 3190
f 3489 3491 3671
f 3487 3190 3488
f 3271 3279 3278
f 3671 3490 3489
f 3383 3675 3676
f 3271 3278 3272
f 3351 3674 3383
f 3675 3383 3674
f 3279 3271 3288
f 3676 3196 3383
f 3677 1497 3678
f 3677 1738 1497
f 2463 2462 3679
f 3680 189 190
f 2463 3679 3681
f 3682 3683 3684
f 3681 3685 3686
f 3687 3685 3679
f 3681 3679 3685
f 3688 2980 184
f 3688 184 1738
f 3687 3679 3689
f 3689 3022 3687
f 3690 3691 3692
f 3380 3382 3209
f 3022 3693 3687
f 3693 3685 3687
f 3209 3694 3210
f 1489 3695 1490
f 3208 3696 3697
f 3678 1497 1494
f 3381 3697 3382
f 3696 3382 3697
f 1490 3698 1494
f 1738 3677 3698
f 3382 3696 3208
f 3699 3077 3700
f 3701 3700 3077
f 3702 3701 3077
f 3696 3208 3694
f 3694 3209 3696
f 3382 3696 3209
f 3703 3704 2635
f 3705 3706 3324
f 3702 3324 3706
f 3210 3208 3696
f 3706 3707 3702
f 3701 3702 3707
f 3706 3705 3708
f 3680 3708 3705
f 2639 2636 2635
f 3707 3709 3701
f 3700 3701 3709
f 3382 3210 3696
f 3708 3680 190
f 3703 2635 2052
f 3381 3208 3697
f 3708 190 3710
f 3684 3710 190
f 3684 3711 3710
f 3711 3706 3710
f 3708 3710 3706
f 3711 3683 3707
f 3707 3706 3711
f 3697 2415 3208
f 3709 3712 3700
f 3381 2415 3697
f 3713 3714 3202
f 3697 3208 3202
f 3210 3713 3208
f 3202 3208 3713
f 3715 199 3716
f 3210 3717 3714
f 3210 3714 3713
f 3697 3202 3381
f 3718 3719 3720
f 3721 3718 3720
f 3718 2640 3719
f 3715 3716 3722
f 3719 2635 3704
f 1965 3723 3722
f 3720 3719 3704
f 2635 2640 2639
f 2635 3719 2640
f 3724 3725 3726
f 3727 3728 3729
f 3709 3707 3682
f 3683 3682 3707
f 3711 3684 3683
f 183 3730 3682
f 185 3731 183
f 3732 3709 3730
f 3682 3730 3709
f 3732 3731 3709
f 3733 3077 3699
f 3325 3077 3733
f 3699 3700 3712
f 3712 3734 3699
f 3733 3699 3734
f 3732 183 3731
f 3730 183 3732
f 3712 3709 3731
f 3731 185 3712
f 3735 3695 3734
f 3325 3733 3695
f 3734 3695 3733
f 3736 208 3737
f 3738 3739 3740
f 3678 3698 3677
f 3678 1494 3698
f 3698 3741 3688
f 3739 3742 3740
f 3688 3735 2980
f 3735 3734 2980
f 1738 3698 3688
f 185 2980 3734
f 3734 3712 185
f 3742 3743 3740
f 3744 3740 3745
f 1867 3746 3747
f 3607 1872 3748
f 3748 1871 3607
f 3607 3748 1876
f 3749 3750 3737
f 3751 3736 3750
f 1523 1520 1512
f 1522 1523 1512
f 1512 3736 1522
f 3736 3737 3750
f 1522 3736 1524
f 3751 1524 3736
f 3752 1519 3753
f 3751 3750 1519
f 3614 3613 3589
f 3591 3589 3613
f 3591 3613 3430
f 3606 3430 3613
f 3592 3430 3606
f 1524 3751 1519
f 3593 3594 3605
f 3596 3592 3606
f 3594 3596 3606
f 3725 3729 3726
f 3754 3755 3729
f 3756 3754 3729
f 3493 3492 3643
f 3642 3645 3651
f 3291 3290 3658
f 3661 3639 3651
f 3643 3642 3651
f 3639 3661 3290
f 3661 3658 3290
f 3614 3757 3603
f 3758 3440 3441
f 3758 3441 3759
f 3646 3290 3647
f 3639 3638 3651
f 3441 1834 3759
f 3651 3638 3646
f 3651 3646 3760
f 3441 1835 3759
f 3647 3760 3646
f 3648 3644 3571
f 3759 3761 1836
f 3759 1836 3441
f 3315 3031 3316
f 3315 3316 3762
f 3623 3762 3316
f 3292 3623 3316
f 3763 393 3755
f 2825 3764 3765
f 3766 3764 3757
f 2825 3757 3764
f 3758 1834 3440
f 3765 3764 3767
f 3758 1837 3440
f 3757 2825 3603
f 3466 3604 2825
f 3728 3768 3756
f 3451 1846 3769
f 3756 3729 3728
f 1836 1926 1826
f 3036 3315 3770
f 3647 3036 3770
f 3771 3772 3315
f 3762 3771 3315
f 3772 3773 3770
f 3769 1847 3451
f 3440 3451 3769
f 3440 3769 3758
f 3772 3770 3315
f 3773 3772 3771
f 3762 3628 3771
f 3773 3771 3628
f 3774 3760 3770
f 3526 3648 3571
f 1902 3775 1900
f 3775 1902 3776
f 3744 3738 3740
f 1900 3775 1907
f 3775 3776 3777
f 3744 3778 3738
f 3777 3776 3779
f 1907 3775 3777
f 3780 3743 3742
f 3021 3685 3693
f 3760 3319 3781
f 3653 3781 3319
f 3628 3319 3773
f 3774 3773 3319
f 3502 3653 3319
f 3760 3774 3319
f 3770 3773 3774
f 3762 3623 3628
f 3647 3770 3760
f 3760 3781 3651
f 3653 3651 3781
f 3502 3570 3653
f 3686 3685 3021
f 1914 3069 1915
f 3782 3021 3783
f 3782 3686 3021
f 3022 3021 3693
f 85 3784 3015
f 3785 3784 85
f 3039 3058 3069
f 3039 3069 1914
f 3756 3786 3754
f 3768 3787 3756
f 229 3251 698
f 3763 3788 3789
f 3563 3790 3791
f 3563 3791 3522
f 85 86 3785
f 3728 3792 3768
f 3790 3563 3512
f 3790 3563 3254
f 3792 3728 3793
f 3794 3793 3728
f 3786 3756 3787
f 3792 3788 3768
f 3792 3793 3795
f 3788 3763 3768
f 3787 3768 3763
f 3796 3668 3797
f 3798 3795 3793
f 3798 3793 3794
f 3763 3786 3787
f 3799 3766 3757
f 1871 3797 3669
f 3800 3764 3766
f 3757 3614 3799
f 3587 3588 3799
f 3590 3587 3614
f 3799 3614 3587
f 3728 3727 3801
f 3801 3722 3728
f 3755 3726 3729
f 3755 3754 3763
f 3802 3767 3764
f 3794 3728 3803
f 3728 3722 3803
f 3668 3804 3669
f 1871 3669 3804
f 3805 3806 3503
f 3807 3806 3805
f 3429 3503 3806
f 3429 3806 3808
f 3429 3808 3809
f 3429 3809 3810
f 3810 3811 3429
f 3429 3812 3813
f 3429 3813 3814
f 3814 3815 3429
f 3794 3803 3798
f 3754 3786 3763
f 3812 3429 3811
f 3816 3429 3815
f 3686 3817 3785
f 3803 3722 3818
f 3686 3782 3817
f 3015 3784 3021
f 3785 3817 3784
f 3795 3798 3818
f 3803 3818 3798
f 3783 3021 3784
f 3818 3819 3795
f 393 3820 395
f 3817 3783 3784
f 3817 3782 3783
f 3821 3822 3076
f 3823 3324 3076
f 3822 3823 3076
f 3330 3821 3076
f 3329 3328 3824
f 3785 3825 3686
f 3514 3563 3790
f 3826 3827 3329
f 3330 3329 3827
f 3828 3829 2732
f 3791 3512 3522
f 3830 3692 3831
f 3522 3791 3258
f 3832 3833 3826
f 3831 3832 3826
f 2732 2740 3828
f 3821 3330 3827
f 3821 3827 3834
f 3832 3692 3833
f 3827 3826 3835
f 3833 3835 3826
f 3534 3524 3568
f 3822 3821 3834
f 3822 3834 3836
f 3833 3692 3835
f 3828 3837 3838
f 3692 187 3835
f 3806 3839 3808
f 2733 2729 3838
f 186 3834 187
f 3835 187 3827
f 3840 3834 186
f 3836 3834 3840
f 3827 187 3834
f 3836 3841 3822
f 3823 3822 3841
f 186 188 3840
f 3840 188 2979
f 2979 2978 3836
f 3840 2979 3836
f 3823 3841 3705
f 3823 3705 3324
f 2723 2717 2739
f 3726 3755 393
f 2734 2739 2717
f 3791 3522 3547
f 395 3820 3842
f 3838 3837 2733
f 393 3763 3820
f 3843 3844 3845
f 3846 50 3847
f 3848 3849 3850
f 3851 3852 3850
f 3847 3837 3846
f 3838 3829 3828
f 2729 2732 3838
f 3829 3838 2732
f 2733 3847 2739
f 3853 3854 3855
f 3848 3850 3856
f 2739 50 2723
f 3819 3722 3723
f 3818 3722 3819
f 2739 3847 50
f 3847 2733 3837
f 3845 3844 3857
f 3858 3843 3845
f 87 3859 3860
f 189 3841 2978
f 3680 3841 189
f 3705 3841 3680
f 3836 2978 3841
f 3859 3861 3862
f 3329 3824 3826
f 3863 3826 3824
f 3859 3862 3860
f 3831 3692 3832
f 3846 3837 3859
f 3855 3854 3864
f 3830 3831 3863
f 3826 3863 3831
f 50 3846 3859
f 3839 3806 3855
f 3865 3863 3824
f 3865 3824 3866
f 3808 3839 3855
f 50 3859 87
f 3867 3692 3868
f 3830 3868 3692
f 3809 3808 3869
f 3692 3867 3690
f 3853 3870 3854
f 3586 3871 3541
f 3871 3482 3541
f 3830 3863 3868
f 3868 3863 3867
f 3690 3867 3863
f 3586 3853 3871
f 3324 3702 3077
f 3872 3873 3874
f 3872 3874 3664
f 3657 3873 3654
f 3872 3654 3873
f 3873 3657 3874
f 3657 1834 3874
f 465 3875 2415
f 3874 3873 1835
f 3749 3737 3753
f 3873 3657 1835
f 3874 3876 1836
f 3873 3874 1836
f 3873 1836 3657
f 3877 3752 3753
f 3750 3749 1519
f 3737 3878 3879
f 3872 3664 3654
f 1519 3752 3880
f 3872 1837 3654
f 1847 3881 3882
f 3881 3666 1846
f 3881 1846 3882
f 3872 3881 3664
f 3882 3664 3881
f 3753 3737 3877
f 1847 3666 3881
f 3879 3877 3737
f 3881 3872 3666
f 3654 3666 3872
f 1837 3882 3881
f 3881 3666 1837
f 3877 3879 3752
f 3749 3753 1519
f 3883 3752 3879
f 2950 3695 1489
f 2961 2960 2822
f 2931 2822 1984
f 3477 3866 3328
f 3695 2961 3326
f 3695 2950 2961
f 1490 3695 3698
f 3741 3698 3695
f 3824 3328 3866
f 3325 3695 3326
f 3735 3741 3695
f 3735 3688 3741
f 3691 3884 3692
f 3050 3035 3885
f 3035 3034 3049
f 3083 3035 3051
f 3085 3083 3886
f 3887 3888 3889
f 3417 3388 3890
f 1540 3890 3891
f 3887 3108 3107
f 3887 3889 3108
f 3892 3887 3107
f 3892 3107 3112
f 3112 3107 3111
f 3889 3106 3108
f 3020 3106 3889
f 3889 208 3020
f 252 3893 2283
f 3715 3112 483
f 3715 483 199
f 3889 3737 208
f 3892 3112 3894
f 3112 3801 3727
f 3722 3801 3112
f 3874 3876 3895
f 3874 3895 3664
f 3112 3715 3722
f 3874 1834 3876
f 3874 1835 3876
f 3896 3897 1860
f 3897 3898 1860
f 1836 3899 3900
f 3876 3901 1836
f 3895 1834 3664
f 3902 3903 3904
f 3872 3664 1837
f 1837 3664 3895
f 3882 3905 1847
f 3882 1846 3905
f 1837 3905 3882
f 3037 3692 3884
f 3905 3895 3664
f 3905 3664 3882
f 3884 3691 3906
f 3037 3884 3906
f 3038 3037 3906
f 3691 3690 3906
f 3863 3906 3690
f 3907 2463 3908
f 1872 3909 3748
f 3910 3911 3912
f 3912 3910 3913
f 2463 3681 3908
f 3912 3914 3910
f 3686 3908 3681
f 3907 3908 3825
f 3686 3825 3908
f 3748 3909 1871
f 3909 3915 1871
f 3748 3909 1876
f 3167 3916 1867
f 3748 3607 1879
f 3909 3748 1879
f 3917 3785 91
f 3785 86 91
f 3917 91 95
f 95 3142 3917
f 3918 3919 3914
f 3910 3911 3920
f 3142 3921 3917
f 3922 3871 3853
f 3871 3503 3482
f 3907 3785 3917
f 3907 3825 3785
f 3921 3907 3917
f 2463 3907 3921
f 3202 3923 2417
f 3921 3142 2463
f 3910 3920 3913
f 3914 3913 3924
f 3925 3923 3714
f 3503 3871 3805
f 3807 3805 3922
f 87 3860 92
f 3853 3855 3922
f 3860 3926 92
f 3871 3922 3805
f 2417 3927 3363
f 3928 3929 3930
f 3909 1872 3915
f 3930 3929 3931
f 3714 3924 3925
f 3932 3933 3934
f 3935 3931 3929
f 3936 3937 3938
f 3938 3939 3936
f 3940 3937 3936
f 3940 3941 3937
f 3937 3788 3938
f 3788 3942 3938
f 3855 3806 3922
f 3807 3922 3806
f 3931 3935 3943
f 3788 3792 3944
f 3795 3944 3792
f 3853 3586 3870
f 3533 3870 3586
f 3945 3946 3947
f 3948 3942 3944
f 3944 3942 3788
f 3944 3723 3948
f 3795 3819 3944
f 3949 3950 1859
f 3951 3949 1859
f 3796 3952 3953
f 3723 1965 3954
f 3955 3956 3870
f 3870 3956 3854
f 3950 3949 3951
f 3957 3958 3959
f 3723 3944 3819
f 3954 3948 3723
f 3960 3936 3939
f 3960 3940 3936
f 3945 3961 3962
f 3961 3797 3963
f 3955 3964 3965
f 3955 3965 3956
f 3854 3956 3864
f 3963 3797 1871
f 3966 3967 3968
f 3966 3968 3969
f 3966 3512 3967
f 3746 3970 3947
f 3968 3971 3512
f 3968 3971 3258
f 3972 3973 3974
f 3975 3974 3973
f 3976 3972 3974
f 3977 3978 3979
f 3876 3901 3895
f 3976 3980 3972
f 3876 1834 3901
f 3981 3982 3983
f 3973 3972 1835
f 1835 3972 3976
f 1835 3976 3901
f 3876 1835 3901
f 3869 3855 3864
f 3869 3864 3984
f 3979 3985 3977
f 3973 3986 3972
f 3899 3976 3900
f 3972 3900 3976
f 3899 1836 3901
f 3987 3869 3984
f 3977 3988 3989
f 3983 3978 3977
f 3983 3977 3989
f 3975 3990 3974
f 3989 3988 3983
f 3901 1834 3895
f 3976 3974 3901
f 3895 3901 3974
f 1837 3895 3974
f 1837 3974 3975
f 3974 3991 3975
f 3905 3992 1847
f 3993 3994 3995
f 3905 1846 3992
f 3993 3996 3994
f 1837 3997 3905
f 3993 3998 3994
f 3974 3976 3991
f 3899 3991 3976
f 3895 3905 3901
f 3899 3901 3905
f 3899 3905 3992
f 3899 3992 3991
f 3987 3813 3812
f 3939 3938 3942
f 3812 3811 3987
f 3855 3869 3808
f 3810 3809 3869
f 3797 3961 3952
f 3810 3869 3811
f 3987 3811 3869
f 3941 3960 3942
f 3939 3942 3960
f 3940 3960 3941
f 3788 3937 3941
f 3970 3999 4000
f 4001 4000 3999
f 4002 4003 4004
f 4001 4005 4000
f 3984 3864 3956
f 4006 4003 4007
f 4008 4007 4003
f 4002 4008 4003
f 4001 4009 4000
f 4010 4011 4012
f 4013 4006 4014
f 4007 4014 4006
f 4015 4016 4017
f 4015 4017 4018
f 4014 4019 4013
f 4016 3958 4017
f 4004 4003 4020
f 4019 4020 4003
f 4006 4013 4003
f 4019 4003 4013
f 2586 4009 4016
f 3814 3813 3987
f 4000 4016 4001
f 4017 4001 4016
f 3815 3814 4012
f 4021 4019 4022
f 3981 3993 4023
f 3994 4023 3993
f 3995 3996 3993
f 3995 4024 3993
f 3943 4025 3931
f 4026 3816 4012
f 3943 93 4025
f 3983 3996 3993
f 3981 3983 3993
f 4012 3816 3815
f 3987 4012 3814
f 3977 4027 4028
f 4012 4011 4026
f 3984 4010 3987
f 4029 93 92
f 3988 3977 4028
f 3995 3993 4028
f 3993 3988 4028
f 92 3926 4029
f 3996 3988 3993
f 3987 4010 4012
f 3931 4025 93
f 4029 3931 93
f 3931 4029 3930
f 4010 3984 4030
f 4029 3928 3930
f 4031 3928 4029
f 3909 3915 1876
f 3926 4031 4029
f 3929 3928 4031
f 3909 1879 3915
f 4032 4022 4008
f 4033 3210 3694
f 4007 4008 4022
f 4019 4014 4022
f 4034 1867 2591
f 4014 4007 4022
f 4035 4036 4033
f 3210 4033 4036
f 4020 4019 4021
f 4037 3694 3208
f 4022 4038 4021
f 4035 4039 4036
f 4036 3717 3210
f 4037 3208 4040
f 2415 4040 3208
f 1878 1867 1882
f 3924 3714 3717
f 4002 4004 3941
f 3914 3924 4036
f 4041 3721 3743
f 3718 3721 4041
f 3978 3983 3982
f 2740 3718 4041
f 2740 2640 3718
f 3981 4023 3982
f 2740 2641 2640
f 4042 4043 3861
f 3837 3828 4042
f 4044 4045 4046
f 4044 4046 4047
f 3862 3861 4043
f 4044 4048 3545
f 4044 3545 4045
f 4047 4048 4044
f 4047 4049 661
f 2740 4042 3828
f 4044 661 4024
f 4048 4044 4024
f 3859 3837 4042
f 4050 4051 4052
f 4053 4052 4051
f 4052 4053 3977
f 3859 4042 3861
f 4052 4054 4053
f 4041 4043 4042
f 4050 4052 4055
f 3977 4028 4052
f 4041 3862 4043
f 4055 4051 4050
f 2740 4041 4042
f 4041 4056 4057
f 661 4058 4050
f 661 4050 4024
f 4055 4024 4050
f 4050 4051 4047
f 4050 4047 4044
f 4048 4055 4050
f 4048 4050 4044
f 4041 4057 3862
f 4045 733 4046
f 4057 4056 4059
f 4057 3860 3862
f 4060 3860 4057
f 4061 3514 4062
f 3967 4062 3971
f 3967 3971 3968
f 3742 4063 3780
f 3967 3512 4062
f 4062 3967 3254
f 3742 3739 4063
f 3971 4064 3512
f 4065 4049 4047
f 4065 4047 4046
f 3545 4048 4066
f 4048 3995 4066
f 3994 4066 3995
f 3743 3780 4041
f 4067 4049 4065
f 4067 4065 4066
f 4067 4066 3994
f 4067 3994 3996
f 3780 4056 4041
f 4057 4059 4060
f 4068 3926 3860
f 4065 4049 4069
f 4049 4070 4069
f 4023 3994 4066
f 4068 4031 3926
f 4060 4068 3860
f 4048 4067 3995
f 4047 4067 4048
f 4049 4067 4047
f 3996 3995 4067
f 4059 4056 3780
f 4059 4068 4060
f 3995 4048 4024
f 3780 4063 4059
f 4063 4068 4059
f 3983 4071 4070
f 4049 4067 4070
f 3996 3983 4067
f 3983 4070 4067
f 4072 4073 4027
f 4072 4027 4074
f 4027 4073 4053
f 4027 4053 4051
f 4075 4076 4074
f 4072 4074 4076
f 4053 4073 3977
f 3977 4073 4072
f 3977 4072 4076
f 4077 4078 3739
f 4072 4076 4073
f 4076 4079 4053
f 4073 4054 4072
f 4053 4054 4073
f 4080 3739 4078
f 4054 4076 4072
f 4055 4052 4028
f 4063 3739 4080
f 4075 4074 3977
f 4074 4027 3977
f 4051 4028 4027
f 4028 4051 4055
f 4074 4027 4075
f 4081 4082 4050
f 4055 4028 4024
f 4063 4080 4031
f 4051 4027 4083
f 4083 4049 4051
f 4047 4051 4049
f 4080 4078 4031
f 3995 4028 4055
f 3995 4055 4048
f 4078 3929 4031
f 4067 3988 3996
f 3988 4067 4083
f 4049 4083 4067
f 4078 4077 3929
f 4027 4074 4084
f 4083 4027 4084
f 4068 4063 4031
f 4084 3983 4083
f 3983 4084 4071
f 3988 4083 3983
f 4066 4065 4023
f 4069 4023 4065
f 3404 3406 4085
f 3982 4086 3978
f 4087 4069 3982
f 3405 3404 4088
f 3866 3477 3865
f 3048 3034 4089
f 4089 3034 3038
f 4090 3982 4071
f 3038 4091 4089
f 3048 4092 3049
f 3902 3049 4092
f 3904 4093 3902
f 4089 4091 3048
f 3885 3035 4093
f 4093 3035 3049
f 3049 3902 4093
f 3903 4094 4095
f 4096 4095 4094
f 4097 3904 3903
f 3969 3547 3968
f 4093 3904 3885
f 3886 3083 4097
f 4095 4097 3903
f 4070 3982 4069
f 4087 3982 4023
f 3886 4098 3085
f 3050 3904 3051
f 3904 4097 3083
f 3885 3904 3050
f 4097 4095 3886
f 4098 3886 4095
f 4098 4095 4096
f 3717 4036 3924
f 3051 3904 3083
f 4023 4069 4087
f 4099 4096 4094
f 4100 4101 3878
f 4100 4102 4103
f 4101 4100 4103
f 3218 1943 2665
f 2665 4104 3218
f 3218 258 259
f 3218 259 1171
f 4010 4030 4105
f 3956 4030 3984
f 3927 2417 3923
f 3912 4106 4107
f 3912 4107 3910
f 4108 3429 4109
f 4110 4111 3429
f 4110 3429 4112
f 4113 4112 3429
f 4109 3429 4111
f 4114 4113 3429
f 4026 4114 3429
f 4115 3429 4108
f 4116 3429 4115
f 4117 3429 4116
f 4118 3429 4117
f 4119 3429 4118
f 4120 3429 4119
f 3595 3429 4120
f 3816 4026 3429
f 3912 3911 4121
f 3912 4121 4106
f 3912 3913 4106
f 4122 4106 3913
f 4106 3914 3912
f 4101 4123 3878
f 3919 4121 4107
f 4121 3911 4107
f 4107 3911 3910
f 3910 3914 3911
f 3878 3737 3889
f 4124 3920 4121
f 3889 4100 3878
f 4123 4101 3752
f 4124 3920 4125
f 3920 4126 4125
f 4127 4005 3970
f 2124 3999 3970
f 4124 4126 3920
f 4128 4129 3952
f 3918 3914 4124
f 3920 4124 3914
f 4130 4129 4128
f 4109 4131 4132
f 4036 4126 3920
f 3914 4036 3920
f 4129 4128 4133
f 4106 4134 4107
f 3999 4128 3970
f 4129 3970 4128
f 4135 4134 3919
f 4134 4106 3919
f 4121 3919 4106
f 4134 4106 4122
f 3946 4127 3970
f 3946 3970 4000
f 3914 4136 3913
f 4015 3958 4016
f 3958 4016 4000
f 3958 4000 3946
f 4106 4134 3914
f 4137 3914 4134
f 3952 4129 4130
f 4127 3970 4129
f 4127 4129 4130
f 3961 3945 4130
f 3952 3961 4130
f 4121 3914 3919
f 3911 3914 4121
f 3746 1867 2124
f 2586 3947 4000
f 3911 4121 3920
f 3919 4124 4121
f 4135 4124 3919
f 3958 3957 4016
f 2586 4016 3957
f 3924 4138 3925
f 857 504 405
f 2124 3970 3746
f 3924 3913 3920
f 3945 3947 4127
f 4127 3947 3970
f 4138 3924 3920
f 3920 4126 4138
f 3545 504 3229
f 3796 3797 3952
f 3202 3714 3923
f 4139 4140 4141
f 4133 4142 4129
f 4142 3953 4129
f 4130 3953 3952
f 4018 3958 4015
f 3790 4143 3514
f 4015 4018 3959
f 3958 4015 3959
f 2665 2674 4104
f 4005 3945 3946
f 3946 4000 4005
f 4143 3966 3514
f 4144 3962 4145
f 3962 2070 4146
f 4145 3962 4146
f 3790 4143 4147
f 3790 4147 3791
f 3941 4148 4002
f 4004 4020 3941
f 4021 3941 4020
f 4146 2071 4145
f 4143 3790 3512
f 3790 3254 4143
f 4145 2071 4144
f 4032 4002 4148
f 4008 4002 4032
f 4145 4149 4146
f 1860 4149 4144
f 4147 3512 3791
f 3791 4147 3258
f 1872 4150 3915
f 4144 4145 4015
f 4018 4015 4145
f 4021 4038 4151
f 3945 4005 4127
f 3999 3970 4005
f 4132 4108 4109
f 4127 3946 3945
f 4152 4153 4119
f 4144 2071 3962
f 4153 3595 4120
f 4144 4015 3962
f 3799 3588 3595
f 4015 3958 3962
f 3958 3946 3962
f 3945 3962 3946
f 4150 1871 3915
f 4127 4130 3945
f 3915 4150 1876
f 4150 4154 1876
f 3941 4021 4155
f 4156 3883 3878
f 2586 1867 3916
f 4157 3788 3941
f 2590 1867 2587
f 4158 4159 4160
f 4161 4159 4158
f 4153 4152 4162
f 4153 4162 3800
f 4158 4160 4163
f 4164 4163 4160
f 4115 4165 4116
f 4163 4166 4158
f 4150 3915 1879
f 4166 4167 4168
f 4166 4168 4158
f 4123 4156 3878
f 3883 3879 3878
f 4168 4169 4158
f 4156 3752 3883
f 4158 4170 4161
f 4156 4123 3752
f 4169 4170 4158
f 4166 4163 4167
f 4164 4167 4163
f 4153 3800 3766
f 3946 4000 3947
f 4160 4159 4164
f 3941 4164 4159
f 4171 2070 2071
f 4171 4146 2070
f 3962 2071 2070
f 3963 2071 2070
f 2070 3961 3963
f 3241 3998 3524
f 3567 3524 4172
f 3547 3568 3567
f 4148 4170 4173
f 3942 4173 4168
f 3942 4168 4167
f 3942 4167 3941
f 4145 4144 4149
f 3962 2070 4144
f 1860 4144 2070
f 4159 4161 4148
f 4168 4173 4169
f 4170 4148 4161
f 3962 3961 2070
f 4169 4173 4170
f 3941 4167 4164
f 4174 1738 231
f 3941 4159 4148
f 3547 4086 4175
f 3085 4098 4176
f 3547 3567 4086
f 4177 3085 4178
f 4173 3942 3948
f 4147 3791 3547
f 4098 4096 4176
f 4178 4176 4096
f 4178 4096 4099
f 4179 4180 4102
f 698 917 229
f 4181 3880 3752
f 4151 4182 4183
f 4184 4151 4185
f 4038 4185 4151
f 4184 4186 4151
f 3408 4088 3404
f 4028 3977 4024
f 3408 4187 4088
f 4185 4188 4184
f 4188 4189 4184
f 3405 1994 3406
f 733 4045 3229
f 3545 3229 4045
f 3405 2085 1994
f 3405 2086 2085
f 3967 3966 3254
f 4189 4190 4184
f 3845 3852 3858
f 3412 3411 3408
f 3851 3850 3849
f 4062 3514 3967
f 1872 4154 4150
f 3954 1965 4191
f 3407 3412 3408
f 3966 3967 3514
f 4143 3966 3969
f 4143 3969 4147
f 4143 3512 3966
f 4154 1871 4150
f 3254 3966 4143
f 4154 4192 1876
f 3843 3858 4188
f 4189 4188 3851
f 3852 3851 4188
f 1729 1519 3880
f 3880 4181 1729
f 4181 1737 1729
f 3969 3968 3512
f 4147 3969 3512
f 4190 4189 3851
f 3858 3852 4188
f 3969 3968 3258
f 4147 3969 3258
f 4150 1879 4154
f 3567 3979 4193
f 3851 3849 4190
f 4180 4194 3752
f 3567 3985 3979
f 3752 4194 4195
f 4103 4180 4101
f 3752 4101 4180
f 4173 3948 3954
f 3857 3844 4022
f 4195 4181 3752
f 3567 3977 3985
f 4066 3998 3241
f 4172 3524 3998
f 4032 4148 4196
f 4038 4022 3844
f 4032 3857 4022
f 4173 4196 4148
f 1737 4181 331
f 332 331 4181
f 3954 4191 4173
f 3998 4024 4172
f 3977 4172 4024
f 332 4181 4195
f 3567 4172 3977
f 4191 4196 4173
f 4195 341 332
f 4066 3994 3998
f 4195 4194 341
f 3857 4032 4196
f 4185 4038 3844
f 3993 4024 3998
f 3844 3843 4185
f 4188 4185 3843
f 3241 3545 4066
f 4197 4198 762
f 3458 1878 3457
f 4199 4200 4201
f 4202 3933 3932
f 4157 4203 3842
f 3842 3820 4157
f 4204 4201 4200
f 3979 3978 4086
f 4204 4205 4206
f 3820 3763 4157
f 4086 3567 4193
f 985 388 3842
f 3388 3417 3418
f 4207 4208 4204
f 4206 4207 4204
f 3842 999 985
f 247 3417 3890
f 247 3890 1540
f 3969 4147 3547
f 4209 4210 4201
f 4201 4204 4208
f 3891 2272 1540
f 4193 3979 4086
f 4211 4212 4206
f 3891 3435 2272
f 4207 4206 4212
f 4200 4213 3888
f 3789 4157 3763
f 4214 3888 4213
f 2396 920 924
f 3799 4153 3766
f 4200 3888 3892
f 4152 4117 4116
f 3789 3788 4157
f 4118 4117 4152
f 3888 3887 3892
f 4119 4118 4152
f 4120 4119 4153
f 4214 4215 3888
f 3595 4153 3799
f 4215 3889 3888
f 4216 4203 4157
f 4162 3764 3800
f 4200 4199 4213
f 4217 4218 4155
f 4213 4199 4219
f 4210 4219 4199
f 4199 4201 4210
f 1858 1451 1443
f 1444 1443 1451
f 4216 4155 4218
f 1745 1866 1858
f 4220 4203 4216
f 4152 4165 4221
f 4218 4222 4223
f 4155 4021 4151
f 4219 4224 4213
f 4209 4201 4208
f 4108 4132 4165
f 4225 4210 4209
f 4155 4151 4217
f 4221 4162 4152
f 4208 4226 4209
f 4151 4183 4217
f 4115 4108 4165
f 4183 4222 4218
f 2110 3585 4227
f 4152 4116 4165
f 4157 4155 4216
f 4210 4225 4219
f 3578 3576 2248
f 4218 4217 4183
f 4228 3578 2248
f 3941 4155 4157
f 4212 4208 4207
f 4214 4229 4215
f 4215 4229 4230
f 4222 4183 4182
f 4100 4215 4102
f 4230 4102 4215
f 2489 4231 4232
f 4232 4233 2489
f 4233 4221 2489
f 3584 4227 3585
f 3764 4162 4233
f 4221 4233 4162
f 4114 4026 4011
f 4010 4105 4011
f 4234 4011 4105
f 4235 2248 1089
f 381 3088 4174
f 381 4174 231
f 4073 4076 4053
f 4075 4027 4236
f 3305 3684 3314
f 1740 231 1739
f 240 1751 4237
f 4062 4061 4064
f 4062 4064 3971
f 4238 4061 3512
f 4061 4062 3254
f 3305 1739 4239
f 4239 183 3684
f 4182 4151 4240
f 4151 4186 4240
f 4241 3314 3684
f 4242 4186 4243
f 4243 4186 4184
f 3684 183 3682
f 3305 4239 3684
f 4244 4243 4190
f 4243 4184 4190
f 4245 4246 4243
f 4244 4245 4243
f 4247 4248 3856
f 3848 3856 4244
f 4190 3849 4244
f 4241 4249 3314
f 3848 4244 3849
f 4245 4244 3856
f 4248 4246 3856
f 3269 3314 4249
f 3269 4249 4237
f 4250 3454 4251
f 3454 1861 4251
f 3269 4237 1751
f 4198 3454 3934
f 3932 3934 3454
f 4250 3932 3454
f 4252 4253 4197
f 4253 4254 1862
f 4198 4197 3454
f 3933 4202 3934
f 4198 3934 4202
f 4254 4255 1862
f 3037 240 4237
f 4256 4253 4252
f 3561 3565 4257
f 4251 4258 4250
f 3932 4250 4202
f 3950 4251 1859
f 4258 4251 3951
f 3950 3951 4251
f 3565 4259 4257
f 4260 4261 4242
f 3565 3555 3574
f 4262 4263 4264
f 4265 2283 3893
f 4266 260 2283
f 4267 4268 4269
f 3409 260 4266
f 4268 4267 4246
f 4243 4246 4267
f 4268 4246 4270
f 4245 3856 4246
f 4243 4267 4260
f 4187 4271 4088
f 4272 4260 4267
f 4269 4268 4273
f 4274 4275 4268
f 4270 4274 4268
f 4243 4260 4242
f 4269 4263 4276
f 4271 4187 3411
f 4276 4267 4269
f 3408 3411 4187
f 4240 4186 4242
f 4270 4247 4274
f 3405 4088 4271
f 4275 4274 4247
f 4248 4247 4270
f 4275 4247 4273
f 4264 4277 2546
f 4273 2546 4277
f 3393 3670 3411
f 3670 3663 3411
f 4264 4263 4277
f 4263 4269 4277
f 3663 3672 3411
f 4275 4273 4268
f 4211 4278 4212
f 4277 4269 4273
f 4279 4280 4281
f 4270 4246 4248
f 4282 4283 4284
f 3727 3729 3725
f 4282 4285 4283
f 4285 4284 4283
f 3725 4280 3727
f 4279 3727 4280
f 4276 4286 4284
f 4287 4276 4284
f 4282 4284 4286
f 4282 4286 4285
f 4287 4285 4286
f 3725 3724 4288
f 4289 4280 4288
f 4281 4280 4289
f 3725 4288 4280
f 4284 4285 4287
f 4288 4290 4289
f 4286 4291 4287
f 3726 393 3724
f 4288 3724 393
f 4292 4205 3894
f 4263 4293 4286
f 4205 4204 3894
f 4286 4276 4263
f 4281 4292 4279
f 4292 3894 4279
f 4294 4295 4291
f 4296 4297 4295
f 4296 4295 4298
f 4294 4298 4295
f 4291 4286 4294
f 4293 4294 4286
f 4281 4299 4292
f 4292 4300 4205
f 4291 4295 4297
f 4279 3894 3112
f 4301 2546 4302
f 4299 4281 4303
f 4300 4292 4299
f 4211 4300 4299
f 4211 4299 4278
f 4301 4302 4304
f 4204 4200 3894
f 4298 4305 4302
f 4200 3892 3894
f 4302 4305 4304
f 4206 4205 4300
f 4264 2546 4262
f 4301 4262 2546
f 4211 4206 4300
f 4303 4278 4299
f 4298 4294 4305
f 4306 4296 4298
f 4304 4305 4293
f 4229 4214 4307
f 4262 4301 4263
f 4293 4263 4301
f 4293 4301 4304
f 4294 4293 4305
f 4307 4308 4229
f 4215 4100 3889
f 4102 4230 4179
f 4229 4179 4230
f 4224 4307 4213
f 4214 4213 4307
f 4309 4310 4276
f 4224 4219 4225
f 4279 3112 3727
f 4289 4303 4281
f 4303 4289 4278
f 4272 4311 4312
f 4308 4313 4180
f 4260 4272 4312
f 4194 4180 4313
f 4314 345 4313
f 4312 4261 4260
f 4315 4316 4317
f 4225 4226 364
f 4312 4315 4318
f 364 4308 4225
f 4319 4318 4315
f 364 4314 4308
f 4240 4319 4182
f 4180 4179 4308
f 4319 4240 4261
f 4242 4261 4240
f 4103 4102 4180
f 345 341 4313
f 4319 4261 4318
f 4261 4312 4318
f 4313 341 4194
f 4311 4316 4312
f 4316 4315 4312
f 4179 4229 4308
f 4224 4225 4308
f 4307 4224 4308
f 364 345 4314
f 4313 4308 4314
f 4311 4276 4316
f 4267 4276 4311
f 4267 4311 4272
f 4105 4320 4234
f 4114 4011 4113
f 4064 4321 3512
f 3971 4064 3258
f 4131 4234 4320
f 4113 4011 4234
f 833 661 4049
f 4079 4076 4236
f 4075 4236 4076
f 4076 4079 3977
f 4322 4323 4324
f 4052 4053 4079
f 4030 4324 4323
f 4105 4030 4323
f 4079 4076 4054
f 4075 3977 4236
f 4110 4234 4131
f 4027 4051 4236
f 4090 4071 4074
f 4320 4105 4323
f 4075 4236 4090
f 4074 4075 4090
f 4084 4074 4071
f 4112 4113 4234
f 4234 4110 4112
f 4111 4110 4131
f 4109 4111 4131
f 4323 2489 4320
f 4320 4325 4131
f 4325 4132 4131
f 4070 4071 3982
f 4165 4325 4221
f 3971 3968 3547
f 4165 4132 4325
f 4326 4238 3254
f 4061 4238 3514
f 4061 4238 4321
f 4061 4321 4064
f 4062 3512 4061
f 4238 4061 3254
f 4221 4325 2489
f 4325 4320 2489
f 4327 4231 4328
f 4329 4231 4327
f 4330 4328 4231
f 4232 4231 4329
f 4064 4321 3258
f 4331 4332 2880
f 2881 4331 2880
f 4332 4333 2880
f 4333 4334 2880
f 4334 221 2880
f 4321 4064 3547
f 4064 3971 3547
f 251 3435 4335
f 3099 2880 221
f 4333 226 4334
f 221 220 3099
f 213 221 4334
f 220 4336 3099
f 213 215 220
f 4336 220 215
f 4337 3758 3759
f 4337 3759 3761
f 3759 1834 3761
f 4336 376 3099
f 3761 3759 1835
f 215 376 4336
f 4235 4228 2248
f 376 380 3099
f 380 385 3099
f 1927 1926 1836
f 385 4338 3099
f 4339 4340 3578
f 4340 3584 3578
f 4337 1834 3758
f 386 3280 4338
f 3099 4338 3280
f 1837 3758 4337
f 385 384 4338
f 4341 3584 4340
f 386 441 3280
f 441 442 3280
f 4227 3584 4342
f 384 386 4338
f 3769 4343 1847
f 3758 3769 4343
f 3758 4343 4337
f 1837 4343 3769
f 3451 1837 3769
f 387 441 386
f 4344 3280 442
f 1907 3777 4227
f 1694 1907 4227
f 3893 252 1965
f 1946 4196 1965
f 4345 3982 4090
f 4322 4324 4346
f 4347 4348 4324
f 4348 4346 4324
f 4349 4350 3231
f 4236 4051 4082
f 4350 4351 3231
f 4351 4352 3231
f 4353 3219 4352
f 4065 891 4049
f 4354 4079 4082
f 4236 4082 4079
f 3977 4079 4354
f 4287 4297 4355
f 4291 4297 4287
f 4287 4309 4276
f 2086 3405 4356
f 2092 2090 2086
f 2092 124 2090
f 2086 4356 2092
f 3405 4357 4356
f 4310 4317 4316
f 4357 4358 4356
f 4359 4360 3219
f 4358 2092 4356
f 4310 4309 4317
f 4360 4361 3219
f 4362 4309 4287
f 4271 3411 4363
f 4276 4310 4316
f 4364 3219 4361
f 4362 4317 4309
f 4365 4363 3411
f 4365 4366 4367
f 4368 613 4364
f 3219 4364 613
f 388 395 3842
f 4354 4052 4079
f 4365 4367 4363
f 4354 4079 4054
f 4366 4369 4367
f 4236 3977 4082
f 3405 4271 4357
f 4082 4090 4236
f 4358 4367 4369
f 4357 4367 4358
f 4357 4363 4367
f 4271 4363 4357
f 733 3229 732
f 1946 3845 3857
f 4370 4371 20
f 4370 2105 4371
f 4372 1946 1945
f 4371 4370 2125
f 2128 2125 4370
f 2098 4373 2004
f 2128 4370 20
f 2128 2105 4370
f 4370 2013 2128
f 2103 2128 2104
f 4371 2013 4370
f 1946 3857 4196
f 4374 20 2013
f 2133 4374 2013
f 4191 1965 4196
f 4375 4376 4202
f 3561 4257 3560
f 4257 4259 3560
f 993 992 4220
f 1939 1977 4247
f 1977 2546 4247
f 4259 4377 3560
f 4368 4378 613
f 379 985 383
f 397 383 985
f 379 388 985
f 4377 4379 3560
f 781 397 985
f 613 4378 616
f 4154 1872 4192
f 3409 4266 3574
f 4344 4380 3280
f 3574 4266 4381
f 3280 3288 3099
f 3574 4259 3565
f 4154 4192 1871
f 4192 4382 1871
f 4266 4265 4381
f 4380 4383 3280
f 3260 3280 4383
f 4266 2283 4265
f 4383 4384 3260
f 3716 3893 1965
f 4384 4385 3260
f 4385 4386 3260
f 4238 4326 4387
f 4238 4387 4321
f 4238 3512 4326
f 251 4335 3392
f 4386 4388 3260
f 3391 251 3392
f 4388 4389 3260
f 4326 3514 4238
f 4387 3512 4321
f 4321 4387 3258
f 3260 4389 4390
f 3260 4390 3395
f 4391 3395 4390
f 4392 4354 4081
f 4082 4081 4354
f 3977 4354 4392
f 4393 3990 4394
f 4395 4394 3990
f 4392 4052 4354
f 4391 4396 3395
f 4354 4054 4392
f 4373 2125 2005
f 4082 3977 4081
f 4373 2005 2004
f 4396 4397 3395
f 4051 4050 4082
f 4397 4398 3395
f 4398 4399 3395
f 3842 4203 4220
f 4400 3395 4399
f 4220 999 3842
f 4401 4402 4403
f 4404 3231 4400
f 4405 3231 4404
f 4373 4403 4406
f 4349 3231 4405
f 4223 995 993
f 4373 4407 4403
f 3395 4400 3231
f 4223 4222 995
f 3608 4408 3609
f 3608 3612 4408
f 4409 3464 3463
f 4410 4411 2013
f 4409 4412 3464
f 4411 2132 2013
f 4409 3463 3609
f 4411 3778 2132
f 3778 3744 4413
f 4192 1872 4382
f 4414 4415 4416
f 4382 4417 1871
f 4192 4382 1876
f 4077 3739 4414
f 4418 4278 4290
f 4226 4278 4418
f 4414 3739 4415
f 993 4220 4216
f 3739 3738 4415
f 4216 4218 993
f 4223 993 4218
f 995 4319 4419
f 3778 4415 3738
f 3778 4411 4415
f 4222 4182 995
f 4410 4416 4415
f 4411 4410 4415
f 1001 994 995
f 1004 4220 992
f 3532 3531 4420
f 4421 4077 4414
f 4373 4422 4423
f 1004 1000 4220
f 4420 3531 4424
f 4220 1000 999
f 4373 4406 4422
f 4423 2125 4373
f 4371 4423 20
f 983 985 999
f 4423 2105 20
f 4371 2105 4423
f 4252 4197 762
f 4202 762 4198
f 4423 4371 2125
f 3531 3530 4424
f 747 4425 762
f 4371 4423 2013
f 4422 4410 4423
f 4410 2013 4423
f 4406 4403 4402
f 4402 4421 4406
f 4414 4416 4406
f 4426 4424 3530
f 4424 4426 4427
f 4414 4406 4421
f 4416 4410 4406
f 4424 4427 4428
f 4406 4410 4422
f 4345 4090 4429
f 3529 4426 3530
f 4430 2020 2100
f 4430 2021 2020
f 2100 2021 4430
f 4387 4321 3547
f 4430 2100 2092
f 4430 2098 2100
f 4431 4426 3529
f 4430 4373 2098
f 4431 3529 3528
f 4430 4358 4407
f 4369 4407 4358
f 2092 4358 4430
f 4373 4430 4407
f 4366 4401 4369
f 4401 4403 4369
f 4407 4369 4403
f 1945 3850 4372
f 3514 4432 4433
f 3258 648 698
f 4326 4432 4434
f 4326 4434 4387
f 4326 3512 4432
f 472 4435 3254
f 4326 3254 4432
f 3641 4436 4437
f 3641 4438 4436
f 4432 3514 4326
f 4434 4439 3512
f 4387 4434 3512
f 4434 4439 3258
f 4387 4434 3258
f 64 4438 3641
f 3943 64 93
f 4431 3528 2610
f 4409 3609 4440
f 4434 4387 3547
f 4441 4409 4440
f 4436 4442 4437
f 3609 4408 4440
f 4442 4436 4438
f 4081 4050 4443
f 4443 4050 4444
f 3635 3411 3672
f 3850 1945 1944
f 3672 3636 3635
f 4445 4392 4443
f 4081 4443 4392
f 4445 4446 3977
f 3637 4447 4448
f 4445 4052 4392
f 4445 4392 4054
f 530 4058 3977
f 3637 4448 3635
f 4447 4449 4448
f 4081 4443 4090
f 3637 3652 4447
f 4082 4081 4090
f 1944 352 3850
f 352 1939 3850
f 4447 4437 4450
f 3652 4437 4447
f 4450 4449 4447
f 4449 4450 4442
f 4437 4442 4450
f 3641 3652 3649
f 3641 4437 3652
f 4212 4278 4226
f 4225 4209 4226
f 4226 4208 4212
f 4372 3845 1946
f 4451 378 382
f 4432 4433 4439
f 4432 4439 4434
f 382 4452 4451
f 4432 3512 4433
f 4432 3254 4433
f 1859 4251 1861
f 382 390 4452
f 4452 390 4418
f 364 4418 390
f 4439 4453 3512
f 364 4226 4418
f 4409 4441 4412
f 4278 4289 4290
f 4290 4288 393
f 4290 4452 4418
f 4446 4445 4444
f 4443 4444 4445
f 4446 4454 3977
f 4395 3975 3973
f 4395 3973 4394
f 4446 4052 4445
f 4394 3973 4393
f 3973 3972 4393
f 1835 4394 3973
f 4081 3977 4443
f 4426 4428 4427
f 4431 2171 4426
f 4394 3986 3973
f 4455 4428 4456
f 2151 4455 4456
f 4395 3990 3975
f 3976 3974 3990
f 3532 4420 4457
f 4395 3990 3997
f 2151 3532 4457
f 3975 4395 1837
f 3997 1837 4395
f 4455 4457 4420
f 3990 4395 3991
f 2151 4457 4455
f 4455 4420 4424
f 3975 3991 4395
f 4455 4424 4428
f 1847 3991 1846
f 3992 3991 1847
f 3992 1846 3991
f 2151 3533 3532
f 3992 3905 3997
f 3991 3992 3997
f 4458 4459 4460
f 4461 4460 4459
f 4460 4462 4463
f 4460 4463 4458
f 4464 4465 4466
f 4467 4466 4465
f 4465 4464 4468
f 4465 4468 4469
f 3226 732 3229
f 3999 4466 4467
f 3999 4467 4001
f 4463 4462 4469
f 4463 4469 4468
f 4470 4462 4460
f 4470 4460 4461
f 4465 4005 4467
f 4467 4465 4469
f 4192 4154 1879
f 4460 4009 4462
f 4469 4462 4009
f 4469 4009 4467
f 2586 4000 4009
f 4467 4009 4001
f 4471 4472 4473
f 4471 4473 4474
f 4471 4475 4476
f 4471 4476 4472
f 4477 4478 4479
f 4480 4479 4478
f 4478 4477 4481
f 4478 4481 4482
f 3897 3896 4483
f 4017 4479 4480
f 4017 4480 4018
f 4476 4475 4482
f 4476 4482 4481
f 4473 4472 4484
f 4484 4472 4476
f 4484 4477 3958
f 4017 3958 4477
f 4017 4477 4479
f 3896 4485 4483
f 378 4451 393
f 4483 3896 1860
f 4290 4451 4452
f 393 4451 4290
f 3716 1965 3722
f 3388 3385 4486
f 3388 3386 3385
f 4487 1878 4483
f 3896 4483 1878
f 1033 4488 176
f 4176 4178 3085
f 4487 1879 1878
f 4489 3387 3085
f 4490 3386 3387
f 3845 4372 3852
f 3850 3852 4372
f 3897 4485 3896
f 4491 4486 4492
f 3898 4493 1860
f 4494 1860 4493
f 3896 3458 3897
f 1878 3458 3896
f 3550 3897 3458
f 4247 3856 3850
f 4491 4492 4495
f 2546 4273 4247
f 4496 774 4497
f 774 831 4498
f 1939 4247 3850
f 1872 4417 4382
f 829 832 3496
f 3496 4499 829
f 4476 4481 4484
f 4484 4481 4477
f 4481 4477 4479
f 4382 4417 1876
f 4009 4473 4472
f 4009 4472 4476
f 4009 4476 4481
f 4479 4017 4009
f 4017 4016 4009
f 4481 4479 4009
f 4460 4472 4461
f 4473 4461 4472
f 4472 4460 4462
f 4472 4462 4476
f 4382 4192 1879
f 4465 4467 4477
f 4479 4477 4467
f 4477 4481 4469
f 4477 4469 4465
f 4479 4467 4001
f 4479 4001 4017
f 4500 4501 358
f 4462 4469 4481
f 4462 4481 4476
f 805 3438 573
f 4487 4493 3898
f 4487 3898 3897
f 4487 3897 4483
f 4487 4502 4493
f 805 3439 3438
f 4502 4503 4493
f 573 3437 1003
f 4504 358 176
f 4505 2240 356
f 4302 2546 4506
f 4507 4506 2546
f 4503 4502 4485
f 4502 4487 4485
f 4483 4485 4487
f 1860 4487 4483
f 4503 4502 4508
f 4502 4487 4508
f 1860 4508 4487
f 959 140 4509
f 1879 4487 4502
f 4503 1879 4502
f 4510 1879 4503
f 3581 4511 3579
f 4512 3581 3582
f 3581 4512 4513
f 4514 4513 4512
f 4515 4514 4512
f 3898 4485 3897
f 4513 4514 3582
f 4511 4516 3582
f 4511 3582 3579
f 3549 1860 4494
f 2517 2278 2553
f 4517 4494 4493
f 3469 967 3196
f 3897 3550 3898
f 4518 4508 4519
f 4520 4519 4508
f 4494 4518 4521
f 4519 4521 4518
f 4522 4523 3581
f 4511 3581 4516
f 4522 3581 4513
f 4516 4523 3582
f 4515 3582 4514
f 4516 3196 4511
f 4494 4517 4510
f 4494 4510 4508
f 4494 4508 4518
f 4514 4524 4513
f 4515 4524 4514
f 3579 3616 4511
f 4513 3616 4514
f 4517 4493 4510
f 4503 4510 4493
f 2071 4518 1860
f 4525 2596 2588
f 4516 3581 4523
f 4521 4519 4526
f 4513 3582 4523
f 2601 2600 4527
f 4520 4526 4519
f 4523 3196 4516
f 4511 3196 3579
f 4523 4522 4513
f 4528 2601 4527
f 4522 3196 4523
f 4513 4524 4522
f 4528 2594 2601
f 4516 4511 3616
f 4523 4516 3616
f 3616 4522 4523
f 4514 3616 4515
f 4522 3616 4513
f 3963 4529 2071
f 2071 4519 4518
f 4508 1860 4518
f 3616 4530 4531
f 4485 4532 4510
f 4503 4485 4510
f 355 358 4501
f 4508 4510 4503
f 4501 356 355
f 4518 1879 4508
f 4521 4526 4517
f 4494 4521 4517
f 4485 4517 4526
f 3196 3676 4533
f 3616 3196 4533
f 4485 3898 4493
f 4485 4493 4517
f 4521 3549 4494
f 4534 4530 3616
f 4521 4494 3550
f 4517 3550 4494
f 4535 4536 4531
f 4256 4252 762
f 4536 4537 3616
f 745 747 762
f 755 745 762
f 4202 757 756
f 4538 4533 3676
f 757 4202 4539
f 4202 746 762
f 4202 756 746
f 4496 777 774
f 1005 1006 995
f 783 4499 2792
f 1006 1002 995
f 4540 4541 3767
f 988 1005 4419
f 783 829 4499
f 995 1002 1001
f 4542 4543 3764
f 3767 3802 4543
f 4543 3802 3764
f 4544 4542 3764
f 4545 4546 3217
f 3216 4315 4545
f 4547 2825 3765
f 4545 3217 3216
f 4315 3216 4419
f 4548 4549 4408
f 4419 4319 4315
f 4408 3612 4548
f 4315 4317 4545
f 1003 4550 831
f 4498 4551 774
f 4548 3611 3465
f 4545 4362 4546
f 3767 4543 4540
f 4317 4362 4545
f 3582 4537 4512
f 4537 4515 4512
f 4287 4546 4362
f 4537 4536 4512
f 3581 4512 4536
f 4540 4543 4552
f 4512 4553 4537
f 3581 4553 4512
f 995 4182 4319
f 4554 4552 4543
f 3582 4515 4537
f 3213 3212 3217
f 4542 4554 4543
f 4555 4524 4537
f 3216 987 4419
f 995 4419 1005
f 988 4419 987
f 4556 3765 3767
f 4537 4524 4515
f 4515 3616 4537
f 176 1024 1033
f 3616 4531 4536
f 3956 3965 4557
f 1041 1862 3372
f 3371 3370 3372
f 4558 4559 4560
f 4561 4562 3371
f 4563 3378 4562
f 3616 4533 4534
f 3374 3640 3373
f 4564 4565 4558
f 4538 3676 3675
f 4566 3965 3964
f 4567 4533 4538
f 3865 4568 3903
f 4569 4347 4324
f 4464 4466 4005
f 3999 4005 4466
f 4570 4569 4324
f 4468 4470 4463
f 4470 4468 4005
f 3964 4571 4566
f 2124 4468 4466
f 4572 4559 4558
f 4459 4458 2124
f 4458 4463 2124
f 4463 4468 2124
f 4464 4466 4468
f 2124 4466 3999
f 4573 4128 3952
f 3955 4574 3964
f 4573 4130 4128
f 4573 4133 4128
f 4458 4459 4133
f 4458 4133 4463
f 4466 4464 4573
f 4464 4468 4573
f 4128 3999 4466
f 4128 4466 4573
f 4133 4573 4468
f 4133 4468 4463
f 3952 4130 4573
f 4482 4475 4484
f 4475 4471 4484
f 4474 4484 4471
f 4480 4478 4018
f 3958 4018 4478
f 3958 4478 4484
f 4478 4482 4484
f 4482 3959 4478
f 4471 3959 4475
f 4482 4475 3959
f 4480 4478 3959
f 4474 176 4471
f 4018 4480 3959
f 4469 4462 4470
f 4001 4467 4005
f 4465 4469 4005
f 4470 4005 4469
f 4149 4474 4471
f 4171 4149 4475
f 4475 4149 4471
f 2071 4146 4171
f 4575 4576 4577
f 4146 4149 4171
f 4149 1860 820
f 4480 4146 4478
f 4145 4146 4480
f 4171 4478 4146
f 4475 4482 4171
f 4171 4482 4478
f 4145 4480 4018
f 4470 4459 4458
f 4458 4463 4470
f 4464 4005 4468
f 4578 4579 4580
f 4581 4578 4582
f 4393 3980 4583
f 4393 4583 3990
f 4393 3972 3980
f 4558 4560 4581
f 4393 4394 140
f 1835 140 4394
f 1927 3986 1828
f 1927 3900 3986
f 4558 4581 4564
f 3980 3986 4393
f 4583 3976 3990
f 3997 3990 4583
f 4578 4580 4584
f 4578 4581 4560
f 4583 3990 3991
f 4578 4560 4559
f 4578 4559 4579
f 4585 4564 4581
f 4586 4587 4588
f 4589 4588 4587
f 4585 4565 4564
f 4588 4461 4586
f 4459 4586 4461
f 4565 4585 4507
f 4461 4588 4470
f 4470 4588 4589
f 4589 4009 4588
f 4461 4588 4009
f 4461 4009 4460
f 4590 4591 4592
f 4473 4593 4474
f 4591 4594 4592
f 4473 4484 4593
f 4009 4592 4591
f 4009 4591 4593
f 4009 4593 4473
f 4595 4591 4588
f 4589 4588 4591
f 4592 4589 4591
f 4473 4593 4461
f 4588 4461 4593
f 4593 4149 4588
f 4459 4470 4586
f 4586 2124 4587
f 2124 4586 4459
f 4596 4597 2124
f 4586 2046 4133
f 4586 4587 2046
f 4493 3898 3550
f 4133 4459 4586
f 4493 3550 4517
f 4521 3550 4526
f 4598 4599 3550
f 4590 4594 4591
f 4484 4474 4593
f 4417 1872 4600
f 4591 176 4593
f 4593 176 4474
f 4590 176 4591
f 4590 4591 4595
f 4474 4149 4593
f 4595 4588 4149
f 4417 4600 1871
f 4417 4600 1876
f 3747 4601 1867
f 1879 4600 4417
f 4417 4382 1879
f 251 2291 264
f 3166 4602 4518
f 4510 4508 1879
f 3891 4335 3435
f 4518 4602 1879
f 3980 139 4583
f 3959 1867 4034
f 3980 3976 139
f 4393 140 3980
f 3655 4337 3761
f 3655 3761 3656
f 3761 1834 3656
f 139 3986 3980
f 3761 1835 3656
f 3656 1836 3761
f 139 3976 4583
f 139 3997 4583
f 3991 139 4583
f 1836 3900 1927
f 3997 139 3991
f 3655 3654 1834
f 3655 1834 4337
f 2047 4603 4596
f 2121 2047 4596
f 4337 3655 1837
f 2046 2121 2047
f 4343 3769 1846
f 3665 4343 1846
f 4596 2124 2121
f 3665 1847 4343
f 4587 4597 4589
f 4604 4589 4597
f 4337 4343 3665
f 4337 3665 3655
f 4343 1837 3665
f 4604 4605 4589
f 4606 4590 4607
f 4592 4607 4590
f 4592 4594 4607
f 4608 4607 4594
f 4609 4608 4594
f 4602 1872 3575
f 4589 4592 4604
f 4607 4604 4592
f 4605 4604 4610
f 4597 4610 4604
f 4607 4608 4606
f 4611 4606 4608
f 4607 4608 4605
f 4607 4605 4604
f 4612 4613 4603
f 2587 4614 4615
f 4608 4609 4603
f 4616 4617 4618
f 4619 4618 4617
f 4620 4621 2047
f 4622 4623 4615
f 4034 4615 4623
f 4605 4610 4596
f 4605 4596 4603
f 4617 4619 4622
f 4615 4622 4619
f 4608 4603 4611
f 4624 4611 4603
f 4603 2047 4624
f 4621 4624 2047
f 4608 4603 4605
f 3916 3747 4618
f 3916 4618 4619
f 4603 4009 4604
f 4589 4604 4009
f 4603 4604 4605
f 2587 4615 2591
f 4034 2591 4615
f 4592 4009 4607
f 4009 4603 4607
f 4608 4607 4603
f 2587 4615 4619
f 2587 4619 3916
f 4597 4587 4610
f 4470 4610 4587
f 4586 4470 4587
f 4587 2124 4597
f 4597 4596 4610
f 2046 4587 4597
f 4610 2046 4597
f 2121 2046 4610
f 4596 2121 4610
f 4433 4625 3514
f 676 472 3257
f 4594 4590 4606
f 4594 4606 4611
f 4594 4611 4609
f 4433 4625 4453
f 4433 4453 4439
f 4626 4557 3965
f 2342 4574 3955
f 4574 2342 4627
f 4628 4629 4077
f 4630 4571 3964
f 4630 3964 4574
f 4433 3512 4625
f 4631 4632 4630
f 4633 4077 4629
f 4433 3254 4625
f 4627 4630 4574
f 4634 4635 4628
f 4077 4633 3929
f 4633 3935 3929
f 3965 4566 4626
f 4566 4632 4626
f 4631 4626 4632
f 4449 4442 4634
f 4635 4634 4442
f 4571 4630 4632
f 4636 4637 3514
f 4638 4632 4566
f 4639 4635 4442
f 4638 4566 4571
f 4639 4629 4628
f 4632 4638 4571
f 4453 4640 3258
f 4439 4453 3258
f 3935 4633 4629
f 4639 4628 4635
f 4641 4576 4575
f 64 3943 4642
f 4641 4643 4576
f 64 4642 4438
f 4324 4030 4644
f 3943 4645 4642
f 4507 4646 4647
f 4570 4324 4644
f 4642 4442 4438
f 3011 4030 2988
f 4645 4442 4642
f 4648 4232 4329
f 4443 4444 4090
f 4645 4639 4442
f 4506 4507 4647
f 3935 4629 4639
f 4232 4648 4649
f 3943 3935 4645
f 3935 4639 4645
f 4454 4446 4650
f 4444 4650 4446
f 3635 4365 3411
f 4392 4445 3977
f 4454 4651 3977
f 4454 4052 4446
f 4652 4094 4568
f 3903 4568 4094
f 4653 2517 2553
f 4446 4445 4054
f 4443 3977 4444
f 4444 3977 4650
f 4654 4652 3327
f 3916 4619 2586
f 4617 2586 4619
f 4092 4091 3865
f 4444 4050 4650
f 4092 3048 4091
f 4655 4656 4090
f 3902 3865 3903
f 4650 4655 4090
f 4622 4615 2586
f 2587 2586 4615
f 4091 3906 3865
f 3865 3902 4092
f 372 2241 2552
f 3906 3863 3865
f 3906 4091 3038
f 4657 4582 4658
f 4658 4578 4659
f 4618 3747 3746
f 3166 1867 4601
f 4578 4660 4659
f 4600 1872 4602
f 4585 4657 4647
f 4495 4492 4661
f 4662 4661 4492
f 2882 2883 4663
f 4585 4664 4657
f 3384 4665 3385
f 4486 3385 4665
f 4666 4667 3384
f 4585 4581 4664
f 2883 1872 4663
f 4646 4585 4647
f 4668 4492 4669
f 4670 4671 4492
f 4662 4492 4668
f 4486 4672 4492
f 4673 4670 4492
f 4616 2883 4618
f 4142 4133 4663
f 4657 4581 4582
f 3575 1876 4602
f 3575 1872 2883
f 3575 2883 2882
f 3575 2882 2886
f 4652 4674 4094
f 4582 4578 4658
f 4675 4676 4652
f 3747 4618 2886
f 2882 2886 4618
f 2883 2882 4618
f 3575 1876 2886
f 3747 2886 1876
f 4657 4664 4581
f 4663 4133 2883
f 2046 1867 2883
f 4676 4675 4677
f 4585 4646 4507
f 4652 4654 4678
f 4652 4678 4675
f 4679 4675 4678
f 4600 4602 1871
f 1876 3669 4602
f 4670 4673 4677
f 4680 4681 4682
f 4600 4602 1876
f 4681 4683 4682
f 4666 3384 4684
f 3386 4684 3384
f 3916 4619 4685
f 4617 4685 4619
f 4665 4672 4486
f 4665 3384 4667
f 2590 4614 2587
f 4673 4492 4672
f 3916 3167 3747
f 4601 3747 3167
f 2587 2591 2590
f 3916 3167 2590
f 3916 2590 2587
f 4674 4652 4676
f 4673 4672 4677
f 4668 4669 4677
f 4601 4685 3747
f 3747 4685 4618
f 4661 4662 4677
f 4662 4668 4677
f 1879 4602 4600
f 4094 4674 4099
f 4489 3085 4177
f 3747 1876 4601
f 1876 4602 3166
f 4177 4178 4099
f 4623 4614 4034
f 4686 4099 4674
f 2590 2591 4614
f 2591 4034 4614
f 4177 4099 4489
f 3387 4489 4099
f 3387 4099 4686
f 4674 4666 4686
f 4684 4686 4666
f 4674 4676 4666
f 4667 4666 4676
f 4529 4520 4508
f 4687 3386 4490
f 4684 3386 4687
f 4532 4688 4599
f 4532 4599 4526
f 4490 4686 4687
f 3387 4686 4490
f 4684 4687 4686
f 4532 4526 4529
f 4529 4526 4520
f 4665 4667 4676
f 4676 4677 4665
f 4672 4665 4677
f 4669 4492 4671
f 4671 4670 4677
f 4669 4671 4677
f 4678 3091 4679
f 3476 3328 3327
f 4519 2071 4520
f 4520 2071 4529
f 3477 3476 4568
f 4448 4449 4365
f 4688 4532 4485
f 4529 4510 4532
f 4508 4510 4529
f 4448 4365 3635
f 3167 3916 4685
f 3166 3167 4685
f 4449 4366 4365
f 4518 4519 4034
f 4034 4519 4623
f 3804 3947 4519
f 4634 4366 4449
f 3166 4601 3167
f 4034 2591 4518
f 2591 2590 4518
f 2590 3167 4518
f 3166 4518 3167
f 4685 4601 3166
f 4366 4634 4401
f 4601 1876 3166
f 4628 4401 4634
f 4402 4401 4628
f 4519 4520 3804
f 4529 3804 4520
f 4529 4532 3804
f 4688 3804 4532
f 4402 4628 4421
f 4599 4485 4526
f 4521 4526 3549
f 3549 4526 4599
f 4077 4421 4628
f 4526 3550 4599
f 4598 3550 3549
f 1867 3959 4689
f 358 268 4689
f 1867 4689 268
f 931 417 932
f 3668 3796 1871
f 1871 3796 1872
f 3796 4142 1872
f 4622 4615 4614
f 4616 4690 4691
f 4616 4691 4617
f 4623 4622 4692
f 4693 4692 4622
f 4622 4693 4617
f 4691 4617 4693
f 4617 4691 2586
f 4691 4694 2586
f 433 428 214
f 430 428 434
f 4622 2586 4693
f 4690 3746 4695
f 4690 4616 3746
f 4618 3746 4616
f 3796 3668 1876
f 3796 1876 3575
f 4142 2882 4663
f 2882 4142 2886
f 3953 2886 4142
f 3575 2886 3796
f 3953 3796 2886
f 430 434 435
f 4663 1872 4142
f 3953 4142 3796
f 2883 4616 4663
f 450 440 4696
f 4690 4695 3953
f 4690 3953 4142
f 4142 4663 4616
f 4690 4142 4616
f 3668 3796 3953
f 3953 4695 3668
f 3669 3797 3668
f 2046 2883 4133
f 415 3164 423
f 4130 4129 3953
f 1871 4602 3669
f 417 931 415
f 4694 4685 4691
f 4693 4622 4614
f 3957 4693 4614
f 433 214 407
f 4695 4694 4690
f 4691 4690 4694
f 4692 4693 3957
f 407 3306 433
f 4694 4691 4519
f 4693 3957 4691
f 401 409 407
f 4694 3947 2586
f 4693 2586 3957
f 422 423 3193
f 4616 4618 4685
f 4690 4616 4685
f 3194 407 422
f 407 409 422
f 3947 3668 4695
f 4614 4623 4692
f 4614 4692 3957
f 4345 4429 4697
f 4453 4439 3547
f 4439 4434 3547
f 4528 2588 2594
f 368 4525 2549
f 368 2596 4525
f 2611 4527 2600
f 4625 4636 4640
f 4625 4640 4453
f 2241 4698 4699
f 4636 4625 3512
f 4625 3254 4636
f 4698 2241 2240
f 4345 4700 690
f 358 4701 4500
f 4640 3512 4453
f 4640 4702 3258
f 690 691 4345
f 4703 4525 4704
f 4700 4345 4697
f 4703 2549 4525
f 2550 2549 4703
f 2241 4699 2552
f 2552 4699 4653
f 2552 4653 2553
f 4704 4525 4705
f 4044 4047 661
f 4651 4454 4655
f 4650 4655 4454
f 4651 4706 3977
f 4527 4707 4708
f 4454 4651 4052
f 4527 4708 4528
f 4651 4454 4054
f 4454 4446 4054
f 4650 3977 4655
f 4650 4050 4655
f 4705 2588 4528
f 4444 4650 4090
f 4705 4528 4708
f 4708 4709 4705
f 4705 4525 2588
f 3079 920 2396
f 1779 243 1409
f 4710 4711 4682
f 1866 1857 1858
f 358 4504 4701
f 1681 1684 4342
f 4339 1681 4342
f 3584 4341 4342
f 4712 4713 4714
f 4227 4342 1684
f 1681 1895 1689
f 4715 4716 4717
f 4715 4717 4718
f 4719 4500 4720
f 1684 1681 1689
f 1574 4721 1573
f 4233 4232 4722
f 4723 4724 4718
f 4715 4718 4725
f 4719 4723 4718
f 4701 4720 4500
f 4339 1572 1571
f 4726 4717 4727
f 4577 4717 4726
f 4716 4727 4717
f 4726 4728 4577
f 4235 4721 4339
f 1574 1572 4339
f 4729 4575 4728
f 4730 4575 4729
f 4641 4575 4730
f 4577 4728 4575
f 4721 1574 4339
f 4731 4732 4641
f 4730 4731 4641
f 4721 1854 1573
f 4235 4339 4228
f 4733 4643 4734
f 4734 4643 4732
f 4641 4732 4643
f 4340 4339 4342
f 4339 1571 1557
f 4340 4342 4341
f 1557 1681 4339
f 3578 4228 4339
f 4648 4329 4327
f 1443 1745 1858
f 4568 3865 3477
f 4721 4235 1089
f 3327 4568 3476
f 4568 3327 4652
f 1854 4721 1089
f 4735 4736 4737
f 4654 3091 4678
f 4227 1684 1694
f 4738 4737 4739
f 4740 4675 4741
f 4739 4737 4736
f 3327 3091 4654
f 4495 4661 4742
f 4491 4743 3392
f 4491 4495 4743
f 4735 4744 4745
f 4746 4135 4747
f 4737 4738 4748
f 4749 4750 3390
f 4737 4748 4751
f 4735 4737 4744
f 4751 4744 4737
f 4752 4753 4754
f 4755 4756 4495
f 4743 4495 4756
f 4756 4757 4743
f 4749 3390 4757
f 4750 4758 3390
f 3392 4757 3390
f 4759 4760 4761
f 4761 4762 4759
f 4755 4495 4763
f 4763 4495 4742
f 4762 4760 4759
f 4738 4739 4715
f 4740 4677 4675
f 4715 4725 4738
f 4716 4715 4739
f 4727 4716 4739
f 4725 4718 4724
f 4738 4725 4724
f 4723 4738 4724
f 3914 4764 4136
f 4679 4741 4675
f 3914 4137 4764
f 4740 4741 4765
f 4125 4766 4767
f 4768 4746 4766
f 4767 4766 4769
f 4769 4766 4770
f 4771 4766 4139
f 4125 4139 4766
f 4772 4773 4488
f 4769 4770 4139
f 4769 4139 4767
f 4679 3091 4741
f 3918 4767 4769
f 4774 4488 4773
f 4775 4701 4776
f 4723 4719 4720
f 4776 4701 4774
f 4777 4774 4701
f 4777 4488 4774
f 4677 4778 4661
f 4139 4140 4767
f 4779 4767 4140
f 4742 4661 4778
f 4767 4779 4125
f 4125 4779 4124
f 4780 4749 4757
f 4779 4135 4767
f 3392 4743 4757
f 3918 4779 4767
f 4772 4781 4773
f 4774 4773 4781
f 4780 4778 4740
f 4139 4125 4140
f 4126 4140 4125
f 4677 4740 4778
f 4771 4138 4139
f 4741 3091 4765
f 4723 4720 4738
f 4720 4701 4775
f 4757 4756 4780
f 4778 4780 4756
f 4778 4756 4755
f 4779 4140 4124
f 4126 4124 4140
f 4124 4779 3918
f 4726 4727 4739
f 4036 4140 4126
f 4728 4726 4736
f 4739 4736 4726
f 4729 4728 4736
f 4730 4729 4736
f 4731 4730 4736
f 4736 4782 4731
f 4732 4731 4782
f 4783 4754 4136
f 4734 4732 4782
f 4783 4136 4764
f 4122 3913 4136
f 4784 4785 4786
f 3390 4758 4786
f 4784 4786 4758
f 4733 4734 4782
f 3918 4787 4137
f 4788 4764 4137
f 4789 4790 4122
f 4789 4122 4754
f 4744 4751 3319
f 4791 3319 4792
f 4748 4792 3319
f 4793 3319 4791
f 4794 3319 4793
f 4781 3319 4794
f 4745 4744 3319
f 4136 4754 4122
f 4746 3918 4137
f 4746 4137 4790
f 4774 4781 4776
f 4794 4776 4781
f 4790 4789 4747
f 4107 4134 4747
f 4790 4747 4134
f 4740 3322 4780
f 4789 4754 4747
f 4759 4747 4754
f 4791 4792 4738
f 4790 4134 4746
f 4135 4746 4134
f 4720 4793 4791
f 4720 4791 4738
f 4790 4134 4122
f 4750 4780 4758
f 4775 4776 4794
f 4775 4794 4793
f 4775 4793 4720
f 438 427 435
f 4780 4795 4758
f 4785 4784 4795
f 4748 4738 4792
f 4780 4750 4749
f 4611 4624 4609
f 4624 4621 4609
f 3322 4740 4765
f 4624 176 4611
f 4748 3319 4751
f 4755 4763 4778
f 4763 4742 4778
f 4620 4609 4621
f 438 389 427
f 4621 176 4624
f 4620 176 4621
f 4611 176 4606
f 4606 176 4590
f 4785 4796 4797
f 4798 4797 4796
f 4795 4780 3322
f 4765 3091 3322
f 3304 438 435
f 4795 4796 4785
f 4784 4758 4795
f 4149 820 4595
f 820 4799 4595
f 4800 4801 4802
f 4803 4804 4802
f 3306 434 433
f 4297 4803 4805
f 440 439 4696
f 4797 4786 4785
f 4355 4297 4805
f 4470 4589 4605
f 4801 4806 4807
f 4806 4808 4807
f 4590 4595 4606
f 4809 4806 4810
f 4801 4810 4806
f 4809 4811 4806
f 4808 4806 4812
f 4811 4812 4806
f 3404 451 4696
f 4813 4814 4815
f 4807 4802 4801
f 4808 4802 4807
f 3404 4085 451
f 451 450 4696
f 4800 4816 4801
f 4810 4801 4816
f 2085 1995 1994
f 4814 4817 4815
f 423 3164 3193
f 2792 4813 4818
f 2550 4703 4704
f 3194 422 3193
f 2550 4704 4819
f 4820 4821 4822
f 4821 4823 4824
f 4821 4824 4822
f 407 3194 3306
f 4704 4705 4709
f 3306 3304 435
f 3306 435 434
f 4825 2548 2550
f 439 438 3304
f 3304 3404 439
f 439 3404 4696
f 4824 1003 3437
f 3437 3438 3439
f 3437 3439 4824
f 616 4378 1135
f 1135 614 616
f 1132 617 1135
f 4824 3439 955
f 951 955 3439
f 4826 4827 1135
f 956 4828 955
f 1192 4827 4829
f 1192 4830 4831
f 4830 1192 4829
f 4832 4828 959
f 4509 4832 959
f 2517 4653 4833
f 371 2517 4683
f 1191 1192 2053
f 2053 1192 4831
f 4834 4648 4327
f 4831 4830 2618
f 4831 2618 2053
f 4835 4836 3219
f 4707 4837 4709
f 4648 4838 4839
f 4708 4707 4709
f 4840 3219 4353
f 4834 4327 4328
f 4330 4834 4328
f 4841 3219 4840
f 3231 4352 3219
f 4231 4842 4330
f 2491 4843 2489
f 4843 4842 4231
f 4841 4844 3219
f 4843 4231 2489
f 4707 4845 4837
f 4844 4359 3219
f 4704 4709 4837
f 4790 4137 4134
f 4803 4846 4847
f 4847 4804 4803
f 4768 4787 4746
f 3919 4107 4135
f 4848 4746 4747
f 4107 4747 4135
f 4800 4802 4804
f 3919 3918 4135
f 4746 4135 3918
f 4770 4766 4746
f 4846 4297 4296
f 4849 4771 4848
f 3918 4770 4746
f 4846 4803 4297
f 4649 4839 4850
f 4302 4506 4647
f 4850 4722 4232
f 4302 4647 4298
f 4306 4298 4647
f 4850 4232 4649
f 4851 4306 4647
f 4852 4838 4330
f 4657 4853 4647
f 4854 4842 2491
f 4647 4853 4851
f 4826 1135 4378
f 4852 4330 4842
f 4854 4852 4842
f 2491 4842 4843
f 4855 4853 4657
f 4856 4657 4857
f 4296 4306 4846
f 4838 4854 4839
f 4854 4838 4852
f 4847 4846 4851
f 4306 4851 4846
f 4847 4851 4804
f 4648 4834 4838
f 4853 4804 4851
f 4838 4834 4330
f 4804 4853 4800
f 4360 4359 4858
f 4649 4648 4859
f 4859 4839 4649
f 4853 4855 4800
f 4858 4860 4361
f 4364 4361 4860
f 4860 4826 4364
f 4368 4364 4826
f 4826 4378 4368
f 4855 4856 4800
f 4857 4816 4856
f 4800 4856 4816
f 4860 4861 4826
f 4858 4862 4860
f 4863 4816 4857
f 4859 4648 4839
f 4864 4816 4865
f 4864 4866 4809
f 4864 4809 4810
f 4816 4864 4810
f 4811 4809 4866
f 4360 4858 4361
f 4811 4866 4812
f 4865 4867 4864
f 1137 1135 4827
f 4868 4869 4867
f 4864 4867 4869
f 4440 4408 4549
f 1137 4827 1192
f 4869 4866 4864
f 4549 4441 4440
f 4827 4826 4861
f 4870 4871 4872
f 3074 4441 4549
f 4827 4861 4829
f 4870 4657 4871
f 4863 4657 4870
f 4857 4657 4863
f 2140 4441 3074
f 4856 4855 4657
f 4816 4863 4865
f 4861 4860 4862
f 4412 4441 3464
f 4872 4867 4870
f 4865 4870 4867
f 4456 4428 902
f 4870 4865 4863
f 4862 4858 4873
f 4874 4875 4869
f 4874 4869 4876
f 4877 4878 4879
f 4880 4881 4882
f 4426 2171 4883
f 4883 4428 4426
f 4884 4876 4868
f 4868 4876 4869
f 4883 903 4428
f 4885 4886 4884
f 4350 4349 4887
f 4888 4659 4889
f 4657 4658 4871
f 2151 4456 902
f 4351 4350 4887
f 4658 4659 4871
f 4890 4659 4660
f 4890 4660 4891
f 2610 2171 4431
f 4887 4352 4351
f 4353 4892 4840
f 4841 4840 4892
f 3957 3959 4692
f 4623 3959 4034
f 4688 4598 4599
f 4892 4353 4887
f 820 1860 1041
f 903 902 4428
f 903 4883 2171
f 2171 2164 903
f 2140 2572 4441
f 4441 2572 3464
f 4688 4485 4598
f 2651 2151 2150
f 4598 4688 3963
f 4532 3963 4688
f 2651 3533 2151
f 4529 3963 4532
f 3533 2651 2343
f 3963 1871 4598
f 2610 2172 2171
f 4694 3947 4685
f 4617 4691 4685
f 4694 4695 3947
f 2164 2131 903
f 2572 2610 3464
f 3668 3947 3804
f 4694 4519 3947
f 3957 4519 4691
f 4692 4519 3957
f 4623 4519 4692
f 4695 4690 4685
f 4695 4685 3947
f 4688 4598 3804
f 1871 3804 4598
f 4845 4704 4837
f 4695 3746 3947
f 4893 4704 4845
f 4485 4599 4598
f 4599 4598 3549
f 4689 176 358
f 2611 4227 4527
f 4689 3959 176
f 4623 4692 3959
f 4698 2240 4505
f 4501 4505 356
f 270 274 1234
f 4501 4894 4505
f 4704 4893 4895
f 4606 4595 4611
f 4704 4895 4819
f 4799 4624 4611
f 2550 4819 4896
f 4799 4611 4595
f 4747 4759 4849
f 4621 4799 4620
f 4897 4620 4799
f 4799 4621 4624
f 4135 4746 4770
f 4771 4849 4766
f 4746 4848 4771
f 4770 4746 4771
f 4771 4139 4770
f 3918 4769 4770
f 4139 4898 4771
f 4770 4769 4135
f 4849 4759 4899
f 4848 4747 4849
f 3986 783 1828
f 4767 4135 4769
f 4124 4135 4779
f 4899 4766 4849
f 4138 4126 4140
f 4140 4139 4138
f 4899 4138 4849
f 4900 4899 4849
f 3900 3972 3986
f 4394 4393 3986
f 139 4901 3986
f 4771 4898 4849
f 4036 4141 4140
f 4141 4036 4902
f 2121 4596 4903
f 4904 4903 4596
f 4905 4612 4609
f 249 258 3218
f 4610 4906 4596
f 4470 4907 4610
f 4904 4596 4906
f 1779 259 261
f 4906 4908 4903
f 4908 4909 4903
f 2047 4903 4904
f 2047 4904 4612
f 2121 4903 2047
f 4613 4910 4605
f 4603 4609 4612
f 4655 4050 4656
f 4906 4910 4904
f 4612 4904 4613
f 4905 4897 4612
f 2047 4612 4620
f 4613 4612 4905
f 647 3257 3514
f 4907 4909 4911
f 4904 4908 4906
f 4906 4903 4904
f 3612 3611 4548
f 3074 4549 3073
f 4548 3073 4549
f 1963 3073 4548
f 4548 3465 1963
f 1963 3465 3466
f 4912 4707 4527
f 4912 4527 4913
f 4845 4707 4912
f 4912 4914 4893
f 4845 4912 4893
f 293 289 4915
f 4913 4527 4227
f 291 4916 294
f 4505 4917 4698
f 4918 4895 4893
f 4896 4819 4895
f 4919 4920 4699
f 4352 4887 4353
f 269 4921 272
f 4892 4844 4841
f 4892 4858 4844
f 4359 4844 4858
f 4892 4922 4873
f 4858 4892 4873
f 4887 4923 4892
f 4922 4892 4923
f 4542 4544 4554
f 4552 4556 4540
f 4878 4891 4660
f 4659 4924 4889
f 4923 4887 4925
f 4926 4872 4871
f 4926 4871 4659
f 4927 4923 4925
f 4552 4554 4556
f 4928 4926 4659
f 4556 3767 4541
f 4888 4928 4659
f 4556 4541 4540
f 4659 4890 4924
f 4544 1981 4554
f 1003 4824 4929
f 3765 4556 4930
f 1981 1980 4556
f 4554 1981 4556
f 4929 4824 4931
f 4932 4931 4824
f 4931 4933 4929
f 4823 4932 4824
f 4828 4934 4824
f 4824 955 4828
f 3765 4930 4547
f 4823 4821 4935
f 3764 2830 4544
f 2312 4544 2830
f 4930 4556 1980
f 2312 1981 4544
f 4936 4822 4824
f 4937 4832 4509
f 2799 2825 4547
f 4862 4938 4861
f 2799 4547 2334
f 4938 4862 4939
f 4940 4820 4941
f 4822 4941 4820
f 4873 4939 4862
f 4470 4605 4942
f 4943 4942 4605
f 4910 4943 4605
f 4605 4603 4613
f 4823 4944 4932
f 4932 4944 4935
f 4945 4905 4609
f 4946 4945 4609
f 4873 4947 4948
f 4949 4929 4933
f 4906 4610 4908
f 4909 4943 4908
f 4943 4910 4908
f 4906 4908 4910
f 4935 4944 4823
f 4950 4897 4945
f 4950 4945 4946
f 4951 4938 4939
f 4945 4946 4910
f 4943 4910 4946
f 4951 4952 4938
f 4907 4903 4909
f 4938 4953 4861
f 4861 4953 4954
f 4955 4956 4929
f 4956 1003 4929
f 4613 4904 4910
f 4951 4939 4957
f 4929 4949 4958
f 4958 4959 4929
f 4955 4929 4960
f 4620 4612 4897
f 4945 4897 4905
f 4905 4945 4613
f 4910 4613 4945
f 4612 4613 4943
f 4612 4946 4905
f 4960 4929 4959
f 4904 4911 4908
f 4949 4961 4958
f 4962 4936 4824
f 4950 4609 4897
f 4934 4963 4962
f 4609 4620 4897
f 4964 4956 4955
f 4950 4965 176
f 4897 4950 176
f 3959 4471 176
f 4897 176 4620
f 4960 4961 4955
f 4966 4967 4948
f 4968 4497 4969
f 4815 4818 4813
f 4953 4938 4952
f 4951 4957 4952
f 4786 4797 4937
f 4908 4610 4909
f 4934 4962 4824
f 956 959 4828
f 4954 4829 4861
f 4799 4950 4897
f 4637 4970 3514
f 4832 4937 4798
f 4636 4637 4702
f 4636 4702 4640
f 4636 3512 4637
f 4798 4937 4797
f 4636 3254 4637
f 3951 1859 2793
f 2413 2414 443
f 4971 832 777
f 3495 832 4971
f 4702 4972 3512
f 4640 4702 3512
f 4497 774 4551
f 290 154 585
f 833 4049 891
f 585 206 290
f 4550 1003 4956
f 4258 3951 2793
f 2792 4818 2793
f 2792 4499 4813
f 4818 4973 2793
f 4973 4974 2793
f 4258 2793 4974
f 4499 777 4813
f 4968 4813 4496
f 4497 4968 4496
f 4706 4651 4656
f 4655 4656 4651
f 4498 4969 4551
f 4706 4975 3977
f 777 4496 4813
f 4499 3496 777
f 4651 4706 4052
f 3496 3495 4971
f 4971 777 3496
f 831 4969 4498
f 4497 4551 4969
f 4651 4054 4706
f 831 4550 4969
f 4964 4969 4550
f 4956 4964 4550
f 2316 3466 2825
f 1963 3466 2316
f 3066 4976 4977
f 2829 2830 4233
f 3066 3067 4976
f 3955 3870 2342
f 2342 3870 2343
f 4978 4976 3097
f 3067 3097 4976
f 2988 3956 4557
f 2620 4979 2629
f 4627 2342 4980
f 4980 4981 4627
f 2620 3082 4979
f 4981 4631 4630
f 4981 4630 4627
f 1824 4981 4980
f 1824 4980 2342
f 4626 4631 4981
f 4981 4982 4626
f 4981 1824 1823
f 2977 4174 3088
f 4982 4557 4626
f 4557 4982 1823
f 4982 4981 1823
f 1823 1822 2361
f 4557 1823 2361
f 4978 4977 4976
f 4570 4644 4983
f 3022 4644 3011
f 4557 2361 2988
f 4030 3011 4644
f 3956 2988 4030
f 2178 1824 2342
f 3870 3533 2343
f 444 464 458
f 3124 4984 4985
f 4854 2491 4986
f 3124 4987 4985
f 4986 4839 4854
f 4984 4988 4985
f 4850 4839 4722
f 4984 3125 4988
f 3124 3125 4984
f 4984 3118 3124
f 4722 4839 2482
f 4986 4989 4839
f 1168 2410 2413
f 3243 3242 1168
f 2491 4989 4986
f 4922 4947 4873
f 4947 4922 4990
f 3128 471 798
f 4922 4923 4990
f 4233 4722 2829
f 2829 4722 2478
f 4722 2482 2478
f 4925 4991 4927
f 3764 4233 2830
f 4323 3142 2489
f 2490 2489 3142
f 4947 4990 4992
f 2492 2491 2490
f 4947 4966 4948
f 3308 3310 1183
f 4992 4966 4947
f 4323 2461 3142
f 3311 3310 3308
f 3242 3308 1168
f 3311 1183 3310
f 2881 224 4331
f 490 3310 3311
f 3310 489 3311
f 490 489 3310
f 224 4332 4331
f 4333 4332 226
f 224 226 4332
f 213 4334 226
f 449 442 387
f 4993 4985 4988
f 4990 4994 4992
f 4993 4995 4985
f 4967 4966 4992
f 389 4996 448
f 4985 4993 4997
f 4985 4997 3124
f 3140 3144 224
f 3144 225 224
f 4985 4987 4993
f 4998 4999 5000
f 4997 4987 3124
f 4405 5000 4349
f 3124 4995 4984
f 5000 4887 4349
f 4988 3118 4984
f 443 1042 464
f 3144 3297 225
f 4887 5000 4925
f 5000 5001 4925
f 2556 269 271
f 4991 5002 4927
f 4927 5002 5003
f 9 8 5004
f 471 2267 2725
f 4374 9 5004
f 8 20 5004
f 274 1251 1058
f 2513 2411 3310
f 4939 4873 5005
f 5006 4948 4967
f 5007 158 437
f 4555 4537 4553
f 3581 4536 4553
f 5008 4553 4536
f 3118 5007 437
f 4553 5008 4555
f 3126 4995 3118
f 4988 3126 3118
f 3470 970 3469
f 3394 2762 2761
f 2762 3394 1390
f 4535 5008 4536
f 4535 4524 5008
f 4524 5009 3470
f 4524 3470 3469
f 3196 4522 4524
f 4555 5008 4524
f 3469 3196 4524
f 5010 3471 5011
f 4488 1033 4772
f 5012 4772 1033
f 3471 5010 1033
f 3470 5013 3471
f 5014 5015 5016
f 5017 5016 5018
f 5019 5017 5018
f 5020 1548 287
f 1548 286 287
f 5019 3471 5017
f 5011 3471 5019
f 5021 5022 5017
f 4921 273 272
f 4531 5023 4535
f 5017 3471 5021
f 5021 3471 5013
f 4535 5024 4524
f 5021 5013 5022
f 5013 3470 5025
f 5013 5025 5022
f 273 797 212
f 5019 5026 5011
f 5027 5028 5010
f 5012 1033 5028
f 5028 1033 5010
f 293 4916 291
f 5010 5011 5029
f 4505 4894 4917
f 5030 294 4916
f 5014 5031 5015
f 5018 5016 5015
f 4699 4698 5032
f 5031 5014 5026
f 4699 5032 4919
f 5033 294 5030
f 5025 3470 5009
f 4530 5034 4531
f 5025 5009 5022
f 5018 5026 5019
f 5029 5011 5026
f 5030 5035 5033
f 5031 5036 5015
f 5026 5036 5031
f 4893 4914 4918
f 5023 4531 5034
f 5037 4535 5023
f 5024 4535 5037
f 5009 4524 5024
f 5023 5034 5038
f 5034 5039 5038
f 5038 5024 5037
f 5038 5037 5023
f 5024 5038 5009
f 4579 4559 4895
f 5039 5034 4530
f 4580 4895 4918
f 4559 4572 4895
f 5040 5041 5039
f 4915 5042 5043
f 5044 4255 4254
f 5045 5046 1862
f 4254 5047 5044
f 2546 4565 4507
f 5047 4254 4256
f 5048 5049 4567
f 4256 5050 5051
f 5044 4256 4255
f 5047 4256 5044
f 5052 5045 4255
f 5053 5054 5052
f 5054 5045 5052
f 5046 5055 1862
f 4255 5045 1862
f 5053 4256 5054
f 4915 5043 293
f 5056 5042 5057
f 5042 282 5057
f 4534 4567 5049
f 4915 289 282
f 5051 5058 4256
f 4915 282 5042
f 5059 5053 5052
f 5053 5059 4256
f 5059 5052 4256
f 5007 5060 158
f 4995 5061 3126
f 4988 3126 4993
f 5061 4993 3126
f 3371 3372 4561
f 5061 4995 4993
f 3124 4985 4995
f 4993 5061 4997
f 5062 4997 5061
f 5061 4995 5062
f 1862 3454 4253
f 4987 5063 4995
f 4987 4995 5061
f 1047 3371 4562
f 4993 4987 5061
f 1047 4562 3378
f 5062 4987 4997
f 3126 4988 4995
f 4988 4984 4995
f 5020 287 288
f 458 5064 3126
f 3673 3375 3640
f 4988 3125 3126
f 4995 3126 5064
f 5065 5066 4561
f 3640 3374 4563
f 3378 4563 3374
f 4995 5063 3118
f 4533 4567 4534
f 5030 5067 5035
f 4562 4561 4563
f 3640 4563 4561
f 4561 3372 5065
f 5035 294 5033
f 5040 5039 4530
f 4530 4534 5040
f 5051 5050 4567
f 5068 294 5035
f 5066 5058 4561
f 3640 4561 3675
f 3673 3640 3675
f 3674 3673 3675
f 4197 4253 3454
f 5055 5065 1862
f 5058 5051 4561
f 3675 4561 5051
f 3372 1862 5065
f 3297 3298 3402
f 423 394 225
f 4538 3675 5051
f 5049 5040 4534
f 5069 5064 2200
f 225 3297 416
f 3402 416 3297
f 2200 5062 4995
f 5069 2200 4995
f 5070 4987 5062
f 4547 4930 1980
f 1980 2334 4547
f 415 423 225
f 416 415 225
f 4873 4948 5005
f 4957 4939 5071
f 3402 417 416
f 5069 4995 5064
f 4939 5005 5071
f 389 440 4996
f 4987 2242 5063
f 4996 440 450
f 450 452 4996
f 4952 4957 5071
f 2481 2482 4989
f 2482 4839 4989
f 4829 2618 4830
f 2491 2481 4989
f 4990 4923 5072
f 4923 4927 5072
f 4322 2461 4323
f 4322 4346 5073
f 5003 5074 4927
f 4346 5075 5073
f 5076 5075 4346
f 2461 4322 5073
f 5077 3310 3309
f 5074 5003 5078
f 5002 5078 5003
f 5075 2461 5073
f 2462 2461 5075
f 2697 158 5079
f 5060 5079 158
f 4967 4992 4994
f 5007 5080 5060
f 5063 5081 5007
f 5082 5079 5080
f 4570 4348 4347
f 5005 4948 5006
f 3118 5063 5007
f 4967 5083 5006
f 5076 4346 4348
f 5084 5006 5083
f 5085 4570 4983
f 5084 5005 5006
f 5086 4348 4570
f 5086 4570 5085
f 4644 5085 4983
f 4683 5087 371
f 5085 5076 5086
f 5076 4348 5086
f 371 5087 2483
f 4644 3689 5085
f 5075 5076 5085
f 5088 4953 4952
f 5075 5085 2462
f 5085 3689 2462
f 4953 3703 4954
f 4913 4227 5089
f 5032 4698 4917
f 5005 5084 4952
f 5032 4917 4576
f 5071 5005 4952
f 4894 4718 4717
f 4501 4719 4894
f 4718 4894 4719
f 3703 2052 4954
f 4829 4954 2618
f 4501 4500 4719
f 2052 2618 4954
f 4488 4777 176
f 4504 4777 4701
f 4917 4894 4577
f 4717 4577 4894
f 5072 5090 4990
f 4576 4917 4577
f 5032 4576 4643
f 5091 5072 4927
f 4643 4919 5032
f 292 295 5092
f 4895 4572 4825
f 4572 4565 4825
f 4825 4896 4895
f 4825 2550 4896
f 292 5092 5093
f 5091 4927 5074
f 4565 2548 4825
f 4572 4558 4565
f 4347 4569 4570
f 5094 296 5068
f 5067 5068 5035
f 4644 3022 3689
f 5068 296 294
f 3679 2462 3689
f 4578 4584 4660
f 4565 2546 2548
f 4344 442 449
f 449 4380 4344
f 4579 4895 4580
f 449 446 4380
f 4877 4880 4891
f 4882 4891 4880
f 4384 4383 446
f 446 5095 4384
f 4388 4386 5096
f 4885 4884 4889
f 4888 4889 4884
f 4868 4928 4884
f 4867 4926 4868
f 4890 4885 4924
f 4882 4885 4890
f 4891 4882 4890
f 4878 4877 4891
f 475 494 476
f 4889 4924 4885
f 4928 4868 4926
f 4888 4884 4928
f 4872 4926 4867
f 5097 5098 4866
f 219 97 476
f 4866 4875 5097
f 4803 4802 5098
f 5098 4805 4803
f 583 584 400
f 4546 4355 5099
f 154 584 585
f 550 206 585
f 206 679 274
f 274 290 206
f 3082 4977 5100
f 4866 5098 4802
f 3066 4977 3082
f 4355 4805 5098
f 5100 4978 3097
f 5100 4977 4978
f 5030 5101 5067
f 166 5102 3088
f 5102 2977 3088
f 3096 5103 5104
f 5104 3097 3096
f 5100 3097 5104
f 5100 5105 3082
f 273 4921 1113
f 5106 5100 5107
f 5108 5105 5100
f 2629 4979 5109
f 97 219 5109
f 219 2629 5109
f 5110 5111 5112
f 5110 5112 5056
f 5057 5110 5056
f 166 3394 5102
f 5113 5112 5111
f 5111 279 5114
f 5111 282 279
f 3096 1510 1465
f 5110 282 5111
f 5110 5057 282
f 271 278 2556
f 1114 269 2556
f 5115 1465 1062
f 1465 5103 3096
f 4921 269 1114
f 1465 5115 5107
f 5107 5104 1465
f 4921 1114 1113
f 5107 5100 5104
f 1465 5104 5103
f 3096 1512 1510
f 2083 2080 429
f 274 1058 2760
f 1234 2564 1487
f 1487 1235 1234
f 1234 274 2738
f 2738 2564 1234
f 5063 1845 5081
f 274 2760 2738
f 278 1074 1078
f 283 1074 278
f 5070 5116 4987
f 278 1078 2556
f 5117 5116 5070
f 1066 281 280
f 281 1066 1065
f 1065 1074 281
f 5118 5111 5119
f 5119 1112 5118
f 5114 1108 1112
f 5114 1111 1108
f 1229 1111 5114
f 5119 5114 1112
f 5111 5114 5119
f 5081 1845 5120
f 5121 5120 1845
f 5118 1112 1110
f 4682 4683 2517
f 270 1234 1229
f 5122 5087 4683
f 279 270 5114
f 4833 4653 4710
f 1229 5114 270
f 4682 2517 4833
f 5122 5123 5087
f 1066 280 286
f 1066 286 2002
f 4833 4710 4682
f 5123 5124 5087
f 5124 3177 5087
f 1548 1547 286
f 4584 4580 5089
f 4913 5089 4912
f 286 1547 2002
f 4660 4584 4713
f 3779 4714 4713
f 4584 5089 4713
f 5089 4914 4912
f 5089 3777 4713
f 5125 293 5043
f 5125 5126 5030
f 5089 4580 4914
f 5125 4916 293
f 4580 4918 4914
f 5125 5113 5126
f 5042 5056 5125
f 5056 5112 5125
f 3779 4713 3777
f 5112 5113 5125
f 5043 5042 5125
f 3176 5087 3177
f 5118 5113 5111
f 5118 1110 5113
f 1110 1118 5113
f 3777 5089 4227
f 1118 1653 5113
f 2614 494 498
f 498 508 2614
f 2614 476 494
f 5125 5030 4916
f 512 583 2614
f 508 512 2614
f 5113 1653 1637
f 5113 1637 5127
f 5113 5101 5126
f 206 552 204
f 550 552 206
f 1015 1251 274
f 679 1015 274
f 400 2614 583
f 4546 4287 4355
f 5099 5098 5097
f 5099 4355 5098
f 4383 4380 446
f 4802 4808 4866
f 4812 4866 4808
f 4385 4384 5095
f 4655 3977 4656
f 5095 4386 4385
f 5128 3082 5105
f 5129 5130 4090
f 446 445 5095
f 449 447 446
f 5128 4979 3082
f 5109 4979 5128
f 5131 5095 445
f 4866 4869 4875
f 5131 445 2017
f 5132 5128 5108
f 5133 4090 665
f 5133 4429 4090
f 5108 5100 5106
f 5128 5105 5108
f 4567 4538 5051
f 5050 5048 4567
f 5066 5065 4256
f 5058 5066 4256
f 5128 5134 5109
f 5048 5050 5041
f 5109 109 97
f 1525 1497 2977
f 3322 3321 4795
f 2977 5102 1525
f 1528 1525 5102
f 81 1527 5102
f 208 3736 3096
f 4640 4453 3547
f 4972 4702 3547
f 4656 5129 4090
f 5135 5136 4936
f 5107 5115 1062
f 1311 1062 1462
f 4637 4970 4972
f 4637 4972 4702
f 1285 1083 1080
f 4940 5137 4820
f 4637 3512 4970
f 4637 3254 4970
f 5128 5132 1082
f 4933 4931 4961
f 1285 5128 1082
f 5134 5128 1285
f 4959 4958 4961
f 4949 4933 4961
f 4970 5138 3514
f 1082 1083 1285
f 4963 4828 5139
f 4832 5139 4828
f 4702 4972 3258
f 5134 1285 109
f 5109 5134 109
f 4934 4828 4963
f 1062 1082 5132
f 4796 5139 4798
f 1062 5106 5107
f 5140 5141 5142
f 1082 1061 1083
f 4539 4202 4376
f 4375 4258 4974
f 1062 5132 5108
f 4974 4973 4375
f 1062 5108 5106
f 4250 4258 4375
f 4702 4640 3547
f 4961 3319 5143
f 5081 5120 5007
f 5080 5007 5120
f 4959 4961 4960
f 460 229 917
f 2242 1845 5063
f 5129 4050 5130
f 4964 5143 4969
f 5144 4969 5143
f 4975 4706 5129
f 4656 5129 4706
f 4821 5145 4935
f 4975 5146 3977
f 4941 4822 5136
f 4975 5146 4052
f 5146 5147 4052
f 4936 4962 5135
f 3332 5148 4932
f 1966 3128 798
f 4706 4054 4975
f 4821 4820 5137
f 4656 3977 5129
f 5149 5150 5151
f 5149 5152 5150
f 4656 4050 5129
f 1500 1499 1525
f 447 449 448
f 1500 1525 1528
f 1528 5102 1527
f 1465 1462 1062
f 387 389 448
f 1465 1301 1462
f 1502 1475 1465
f 1475 1459 1465
f 4700 4697 5133
f 1465 1510 1502
f 1512 3096 3736
f 5133 4697 4429
f 5151 5152 5149
f 4399 4998 4400
f 5151 3310 5149
f 5000 4405 4404
f 5149 5077 5151
f 3310 5077 5149
f 4998 4404 4400
f 732 3226 3228
f 5079 5153 5154
f 5007 5153 5060
f 5079 5060 5153
f 5007 5154 5153
f 5155 4397 4396
f 2692 5153 5154
f 5091 5074 5078
f 5079 5154 5060
f 5007 5060 5154
f 4990 5090 4994
f 5083 4994 5090
f 5154 5082 2692
f 5079 5082 5154
f 4967 4994 5083
f 5060 5080 5079
f 4625 4636 3514
f 2133 9 4374
f 5004 20 4374
f 4970 5138 5156
f 4970 5156 4972
f 5078 5002 4991
f 5157 5078 4991
f 4970 3512 5138
f 4970 3254 5138
f 2202 5070 5062
f 5083 5158 5084
f 4932 4935 3332
f 5159 4700 5133
f 4941 5137 4940
f 5138 5160 3514
f 4972 5156 3512
f 4972 5156 3258
f 5161 5162 5121
f 5120 5121 5162
f 5082 5080 5163
f 5080 5120 5163
f 5146 4975 5130
f 5129 5130 4975
f 5146 5147 3977
f 1845 5162 5161
f 4963 5135 4962
f 4706 4975 4052
f 5164 5120 5162
f 4964 4955 5143
f 4052 736 4054
f 529 4054 736
f 5163 5120 5164
f 4975 4054 5146
f 529 5165 4054
f 5162 1845 5164
f 4961 5143 4955
f 5129 3977 5130
f 5166 5135 5145
f 5121 1845 5161
f 5137 5166 4821
f 5145 4821 5166
f 5145 3321 3332
f 5141 5143 3319
f 5135 3321 5145
f 5130 5167 4090
f 4963 3321 5135
f 5139 3321 4963
f 4931 4932 5148
f 5166 5137 5136
f 5166 5136 5135
f 5167 5168 4090
f 3332 4935 5145
f 2725 2293 5077
f 5077 3309 2725
f 4961 5148 3319
f 5148 4961 4931
f 5136 5137 4941
f 3332 3319 5148
f 5169 5170 5171
f 5169 5171 5172
f 5150 5170 5169
f 5150 5169 5151
f 4822 4936 5136
f 5170 5150 5171
f 5152 5171 5150
f 5149 5173 5150
f 5170 5150 5173
f 5156 4972 3547
f 5174 5173 5149
f 5175 5174 5171
f 5170 5171 5174
f 5170 5174 5150
f 5149 5150 5174
f 4796 3321 5139
f 5151 5172 5152
f 5172 5151 5169
f 2513 5169 5172
f 3310 5151 5169
f 3310 5169 2513
f 5176 5177 4886
f 5169 5077 5172
f 4886 4882 4881
f 3308 3310 2410
f 4877 4881 4880
f 5151 5077 5169
f 5177 4876 4886
f 5143 5141 5144
f 5140 5178 5141
f 4968 4969 5179
f 2691 5154 5153
f 4968 5179 4813
f 5155 5180 4397
f 5180 4398 4397
f 4398 5180 4399
f 4998 4399 5180
f 4998 5000 4404
f 5176 4881 5181
f 4375 4814 5179
f 5177 4874 4876
f 5180 4999 4998
f 5155 2123 5180
f 5176 4886 4881
f 5001 4991 4925
f 4875 5182 5097
f 5001 5157 4991
f 4875 4874 5182
f 5144 5141 5178
f 5001 2133 5157
f 5001 9 2133
f 5001 5000 4999
f 5179 4969 5144
f 4876 4884 4886
f 5001 4999 9
f 4885 4882 4886
f 4999 10 9
f 4653 4699 4920
f 5155 12 2123
f 4999 5180 2123
f 4999 2123 10
f 4680 5183 4681
f 2103 10 2123
f 2125 2102 2123
f 5178 5179 5144
f 16 2125 2123
f 5183 5184 4681
f 5184 5185 4681
f 5185 5186 4681
f 4683 4681 5186
f 5187 5122 5186
f 4683 5186 5122
f 2123 12 11
f 4680 4682 4711
f 4711 5188 4680
f 5179 5178 5140
f 4376 5142 5141
f 4643 4733 5189
f 4643 5189 4919
f 2123 11 16
f 4813 5179 4814
f 4711 4710 4920
f 4710 4653 4920
f 4814 4375 4817
f 4815 4817 4375
f 4386 5095 5096
f 5188 4711 5190
f 5190 4711 5191
f 5192 5191 4920
f 5183 4680 5188
f 4920 5191 4711
f 4920 4919 5192
f 5189 5192 4919
f 4818 4815 4375
f 5193 4390 4389
f 4973 4818 4375
f 4391 4390 5193
f 4375 5179 5140
f 4375 5140 5142
f 4375 5142 4376
f 4388 5096 4389
f 5193 4389 5096
f 4782 4735 5194
f 4795 3321 4796
f 5195 5194 5196
f 4832 4798 5139
f 4396 4391 5155
f 5197 5195 5196
f 5193 5155 4391
f 4735 5196 5194
f 4736 4735 4782
f 747 4539 4376
f 5193 12 5155
f 5095 5131 5096
f 5196 5198 5199
f 5193 5096 127
f 127 12 5193
f 747 4376 5141
f 5196 5199 5197
f 5200 5197 5199
f 127 13 12
f 5191 5192 5194
f 2098 13 127
f 4375 4202 4250
f 127 5096 5131
f 5185 5184 5197
f 5195 5197 5183
f 5184 5183 5197
f 5183 5188 5195
f 123 127 5131
f 5197 5186 5185
f 123 5131 2017
f 5187 5201 5122
f 5122 5202 5123
f 445 447 5203
f 447 448 5203
f 5197 5187 5186
f 5202 5122 5201
f 5203 2087 445
f 5204 5123 5202
f 123 2017 121
f 5204 5202 5205
f 5197 5201 5187
f 5084 5088 4952
f 2086 2090 445
f 5201 5197 5202
f 5195 5188 5190
f 4953 5088 3703
f 5124 5123 5206
f 5204 5206 5123
f 5084 5207 5088
f 5088 5207 3704
f 5197 5205 5202
f 3704 3703 5088
f 4733 4782 5189
f 5194 5189 4782
f 5192 5189 5194
f 5190 5191 5195
f 5194 5195 5191
f 2087 5203 1993
f 5208 4085 448
f 1993 5203 1994
f 3406 1994 5203
f 1995 2087 1993
f 4660 4713 4712
f 3740 3743 5209
f 448 4996 5208
f 3721 3720 5210
f 5208 4996 452
f 5207 5210 3720
f 5211 3319 5198
f 5199 5198 3319
f 4745 3319 5211
f 3319 3631 5212
f 5212 5205 3319
f 5200 3319 5205
f 3743 3721 5210
f 5199 3319 5200
f 5203 448 3406
f 5210 5207 5084
f 4735 4745 5211
f 448 4085 3406
f 3720 3704 5207
f 5198 5196 5211
f 4735 5211 5196
f 4085 5208 451
f 5210 5209 3743
f 2701 2697 5154
f 5163 2692 5082
f 5084 5158 5210
f 5205 5197 5200
f 5158 5209 5210
f 452 451 5208
f 5212 5204 5205
f 3740 5209 5158
f 2086 445 2087
f 5157 2133 2132
f 2017 445 2090
f 2132 4413 5157
f 1995 2085 2087
f 4413 5078 5157
f 5213 228 1969
f 5214 5215 5216
f 4413 5091 5078
f 5163 5164 2692
f 4413 5217 5072
f 78 82 2761
f 3394 2761 82
f 1902 5214 5216
f 5217 5090 5072
f 168 5213 2761
f 5217 5083 5090
f 82 5102 3394
f 4413 5072 5091
f 5218 5219 5220
f 4877 4879 5221
f 5219 5221 4879
f 218 217 1969
f 5218 5221 5219
f 1997 1969 217
f 4877 5221 4881
f 5221 5218 5220
f 5083 3745 5158
f 1997 217 392
f 4879 5222 5219
f 218 1969 228
f 5222 5223 5219
f 5220 5219 5223
f 2183 295 297
f 2132 3778 4413
f 5092 295 2183
f 3744 5217 4413
f 3745 5083 5217
f 288 292 5020
f 5217 3744 3745
f 5158 3745 3740
f 5094 5068 5067
f 1060 1045 443
f 5094 5067 5224
f 5225 5224 5101
f 5101 5224 5067
f 5030 5126 5101
f 5077 2293 5226
f 5227 2412 5228
f 5229 5173 5174
f 5230 5231 5232
f 5230 5232 5233
f 5233 5232 5234
f 5233 5234 5235
f 5236 308 303
f 5237 5228 5238
f 5171 5231 5230
f 5171 5230 5172
f 5227 5239 5235
f 5227 5235 5234
f 5237 5239 5228
f 5227 5228 5239
f 5236 5240 308
f 301 5236 303
f 5231 5171 5232
f 5152 5232 5171
f 5152 5238 5228
f 5228 5227 5152
f 5152 5234 5232
f 5234 5232 5231
f 5234 5152 5227
f 5234 5231 5227
f 5231 5171 5173
f 5170 5173 5171
f 5173 2412 5227
f 5227 5231 5173
f 5228 2412 5238
f 5231 5232 5175
f 297 308 2183
f 2183 2181 5092
f 5092 2181 5093
f 5093 2181 2187
f 5093 2187 2807
f 5241 5242 5243
f 5244 5243 5242
f 1546 5020 2807
f 5245 5243 5244
f 5245 5244 5246
f 5020 292 5093
f 5093 2807 5020
f 5241 5243 5247
f 5247 5243 5245
f 5245 5248 5243
f 2338 5249 5248
f 53 1925 5241
f 5243 5241 1925
f 4878 5250 4879
f 1925 5245 5243
f 5220 5215 5221
f 5244 5242 2339
f 5247 5246 5244
f 5242 5247 5244
f 2339 5175 5244
f 5221 5181 4881
f 5221 5215 5251
f 5216 5215 5220
f 5223 5252 5220
f 5242 5244 1941
f 5220 5252 5216
f 5246 1941 5244
f 4660 5250 4878
f 5253 5254 4660
f 4712 5255 4660
f 5253 4660 5255
f 5254 5256 4660
f 5250 4660 5256
f 5250 5256 4879
f 5254 5253 5222
f 5222 5253 5223
f 5255 5252 5253
f 5223 5253 5252
f 5255 4712 5252
f 5256 5254 5222
f 5222 4879 5256
f 3178 3177 3627
f 5257 5258 3177
f 3625 3178 3627
f 3177 5124 5257
f 5206 5257 5124
f 3627 3626 3633
f 3627 3633 3625
f 3630 3619 3633
f 5257 5206 3631
f 3631 5206 5212
f 5204 5212 5206
f 3626 3177 5258
f 5258 5257 3631
f 5258 3631 3632
f 3632 3633 5258
f 3626 5258 3633
f 1915 3069 5214
f 1915 5214 1902
f 5259 5214 3069
f 5260 3776 1902
f 4714 3779 5260
f 5216 5252 5260
f 5216 5260 1902
f 5232 5234 5175
f 5228 5238 5175
f 5231 5175 5171
f 5175 5234 5227
f 5175 5227 5228
f 5230 5233 5172
f 5152 5172 5233
f 4712 4714 5252
f 5260 5252 4714
f 5233 5235 5152
f 5235 5239 5152
f 5238 5152 5237
f 3776 5260 3779
f 5230 5233 5235
f 5237 5152 5239
f 5235 5239 5230
f 2513 5172 5239
f 5230 5239 5172
f 5237 5238 2513
f 2511 2513 5238
f 5239 5237 2513
f 5175 5238 5261
f 5239 1941 5237
f 5172 5077 5230
f 5235 5262 5239
f 2412 2512 5238
f 5263 5264 5249
f 5265 5249 5264
f 5264 5263 5266
f 5241 5249 5265
f 5241 5265 5242
f 2338 5248 2339
f 5247 5266 5263
f 5247 5263 5249
f 5247 5249 5241
f 5266 5263 5249
f 2407 5266 2338
f 5243 5248 5241
f 5241 5248 5249
f 5249 5263 53
f 32 53 5266
f 5263 5266 53
f 53 5241 5249
f 5267 5268 5269
f 5247 5242 5265
f 5247 5265 5264
f 5247 5264 5266
f 5264 5266 5265
f 5242 5265 2339
f 5268 5270 5269
f 5271 5099 5097
f 1952 5272 1941
f 5181 5273 5274
f 5272 1957 62
f 5274 5182 5181
f 5274 5271 5182
f 5264 5272 5266
f 5264 5265 5272
f 1941 5272 5265
f 32 5266 5272
f 5242 1941 5265
f 5154 2691 2701
f 5079 5154 2697
f 2704 2692 2245
f 5213 1969 77
f 77 78 5213
f 77 1969 1971
f 5099 5267 4546
f 5182 5271 5097
f 5271 5267 5099
f 5182 4874 5181
f 5177 5176 5181
f 429 2082 2083
f 4874 5177 5181
f 2202 5062 2200
f 5273 5275 5274
f 5117 2208 5116
f 5273 5276 5275
f 5070 2206 5117
f 5277 5275 5276
f 5275 5278 5279
f 5279 5270 5275
f 5270 5268 5275
f 5275 5268 5274
f 5268 5267 5271
f 2245 2692 2177
f 5274 5268 5271
f 2410 3310 2411
f 5269 4546 5267
f 2267 3128 2264
f 5273 5181 5276
f 5230 5077 5233
f 5262 5233 5077
f 3217 4546 5269
f 5262 5235 5233
f 5181 5221 5280
f 5281 5282 5276
f 5237 1941 5238
f 5282 5283 5277
f 5282 5277 5276
f 917 5284 460
f 1845 2244 5164
f 2208 5117 2206
f 5116 2210 4987
f 5070 2202 2206
f 2242 4987 2211
f 2210 2211 4987
f 5130 4050 5167
f 2211 2213 2242
f 5020 1546 1548
f 2244 2177 5164
f 2356 308 2175
f 5240 2175 308
f 5285 5028 5286
f 5027 5286 5028
f 2356 2183 308
f 5014 5016 5026
f 1168 3308 2410
f 5015 5026 5018
f 2514 2254 443
f 5285 5287 5028
f 1637 1636 5225
f 5225 5127 1637
f 5036 5026 5015
f 5226 2529 5288
f 2530 5288 2529
f 1942 1941 2530
f 5127 5225 5101
f 5262 5077 5226
f 5101 5113 5127
f 2619 304 1765
f 306 1765 304
f 2619 1558 304
f 5261 5245 5246
f 2339 5248 5175
f 5248 5174 5175
f 1948 2412 5229
f 301 1558 2542
f 5261 5247 5245
f 307 304 1558
f 5245 5261 5248
f 301 307 1558
f 301 2542 2195
f 5248 5261 5289
f 1925 5289 5261
f 5261 5245 1925
f 5049 5048 5041
f 5240 2195 2175
f 5248 5289 5174
f 2195 5236 301
f 1947 5229 5289
f 1947 5289 1925
f 5289 5229 5174
f 2195 5240 5236
f 5246 5244 5175
f 5246 5247 5261
f 5246 5175 5261
f 1765 306 1766
f 305 2839 314
f 4256 5041 5050
f 5262 1941 5239
f 4253 4256 4254
f 5288 1941 5262
f 5262 5226 5288
f 5261 5238 1941
f 1941 5246 5261
f 300 302 5290
f 2691 5153 2692
f 78 2761 5213
f 1951 2515 1952
f 5288 2530 1941
f 5226 2293 2529
f 302 296 5094
f 2511 5238 2512
f 5038 5039 5041
f 5173 5229 2412
f 5249 2338 5266
f 5291 5094 5224
f 1948 5229 1947
f 302 5094 5290
f 1774 1923 1925
f 5038 5041 5292
f 1925 53 1774
f 5265 5266 2339
f 5293 5041 5294
f 2407 2339 5266
f 1940 1953 1941
f 4256 5052 4255
f 32 34 53
f 5040 5049 5041
f 5295 5290 5291
f 5272 62 32
f 5054 4256 5045
f 4256 5055 5046
f 5291 5290 5094
f 429 2697 1967
f 4256 5065 5055
f 5291 5296 5295
f 2699 2690 2692
f 4256 5046 5045
f 2699 2692 2704
f 5290 5295 300
f 5296 300 5295
f 1813 2200 5064
f 5041 4256 5294
f 4425 5294 4256
f 5296 1628 1622
f 1622 1621 5296
f 1629 1628 5296
f 5116 2208 2207
f 5116 2207 2210
f 5287 5285 3319
f 5291 1629 5296
f 1813 5064 458
f 5224 5225 5291
f 5225 1636 1629
f 1629 5291 5225
f 3319 5022 5141
f 5294 5141 5293
f 168 228 5213
f 1623 1648 2839
f 5041 5297 5292
f 5102 82 81
f 2839 300 1621
f 4174 2977 1738
f 5294 4425 5141
f 5296 1621 300
f 305 300 2839
f 4239 1739 184
f 5016 5017 5298
f 1623 2839 1621
f 4239 184 183
f 1640 1649 2839
f 5026 5016 5298
f 188 4241 3684
f 2840 2665 314
f 190 188 3684
f 4249 4241 188
f 187 3692 4249
f 5022 5009 5038
f 3692 4237 4249
f 1943 314 2665
f 187 4249 188
f 1943 342 314
f 5286 5027 5010
f 2839 2840 314
f 1739 1738 184
f 1648 1640 2839
f 4237 3692 3037
f 306 315 5299
f 5300 4377 4259
f 4265 3893 3716
f 4381 5301 5300
f 4381 5300 3574
f 4259 3574 5300
f 5300 4379 4377
f 2084 337 2477
f 2333 2477 337
f 3418 3032 3085
f 240 3037 3483
f 3034 3033 3483
f 3264 3560 208
f 4381 4265 3716
f 199 4381 3716
f 4379 209 3560
f 209 208 3560
f 200 5301 201
f 5301 4381 201
f 17 1175 315
f 4381 199 201
f 3338 2938 315
f 5300 5301 200
f 203 5300 200
f 4379 5300 203
f 4379 203 209
f 3096 3264 208
f 3085 3388 3418
f 2291 251 3391
f 3174 5302 3291
f 5303 5304 5305
f 572 5303 5304
f 5304 139 5305
f 4901 139 5304
f 647 3514 5160
f 5138 5160 5306
f 5138 5306 5156
f 5160 5138 3512
f 5138 3254 5160
f 4910 4943 4613
f 4504 176 4777
f 4965 4946 4609
f 5306 3512 5156
f 4943 4909 4942
f 4907 4942 4909
f 4965 4950 4946
f 5306 5307 3258
f 5156 5306 3258
f 4946 4965 4943
f 4942 4943 4965
f 5147 5146 5167
f 5130 5167 5146
f 4903 4907 5308
f 5147 5309 3977
f 5147 5309 4052
f 5146 4054 5147
f 1845 1844 2244
f 5130 3977 5167
f 2692 5164 2177
f 5168 4058 4090
f 1060 443 1059
f 1941 1953 1952
f 5272 1952 1957
f 4945 4905 4946
f 4909 4908 4911
f 4086 3982 688
f 4609 4950 4965
f 4965 5310 176
f 5308 820 177
f 820 5308 4799
f 5308 4470 4942
f 4909 4610 4907
f 5308 4907 4470
f 4942 4907 5308
f 4965 4799 4942
f 4950 4799 4965
f 5308 4942 4799
f 3257 647 676
f 3254 3257 472
f 5160 4435 5307
f 5160 5307 5306
f 5305 5311 5303
f 5312 5303 5311
f 5304 5303 794
f 5312 794 5303
f 3512 470 5160
f 4435 5160 470
f 5304 5303 566
f 5303 5312 566
f 5160 3254 4435
f 566 572 5304
f 5303 572 5312
f 5305 5304 794
f 5305 794 5311
f 5305 139 5311
f 5311 143 5305
f 4435 5313 647
f 5304 143 4901
f 5306 5307 3512
f 470 3512 5307
f 143 3986 4901
f 520 648 5307
f 5304 5305 143
f 4903 4911 4904
f 4942 152 4943
f 4612 5314 4946
f 4700 5159 687
f 5308 4907 4911
f 4911 4903 5308
f 5306 5156 3547
f 5306 3547 5307
f 5308 152 4942
f 177 5310 5308
f 820 174 177
f 3891 3388 4486
f 3388 3891 3890
f 5012 5028 5287
f 5141 5315 5292
f 4486 4335 3891
f 4335 4491 3392
f 5315 5038 5292
f 2291 3391 4509
f 4937 4509 3391
f 5309 5147 5168
f 5167 5168 5147
f 3391 4786 4937
f 5309 5165 3977
f 4509 140 2291
f 3390 4786 3391
f 736 4052 5165
f 5309 5165 4052
f 5147 4054 5309
f 5298 5316 5026
f 5167 3977 5168
f 4491 4335 4486
f 5298 5017 5316
f 4612 4943 152
f 5026 5316 5029
f 5316 3319 5029
f 5317 5133 879
f 5017 5022 5316
f 150 5314 151
f 5314 153 151
f 5314 4612 151
f 5310 4965 5314
f 152 151 4612
f 5314 151 5308
f 152 5308 151
f 3319 5316 5022
f 5318 5141 5022
f 150 5310 5314
f 5310 153 5314
f 4946 5314 4965
f 5308 5310 5314
f 5286 5319 5285
f 5010 5319 5286
f 150 159 5310
f 153 5310 159
f 5029 3319 5319
f 5319 3319 5285
f 176 150 159
f 5010 5029 5319
f 5310 150 176
f 5159 5133 5317
f 1041 821 820
f 159 150 177
f 150 5310 177
f 5315 5141 5318
f 5318 5022 5038
f 2792 1828 783
f 143 779 780
f 5315 5318 5038
f 5280 5251 5276
f 3986 143 783
f 780 783 143
f 5276 5181 5280
f 5311 5320 5312
f 574 5312 5320
f 5293 5141 5297
f 5141 5292 5297
f 574 794 5312
f 5312 574 566
f 5221 5251 5280
f 5041 5293 5297
f 5283 5321 5277
f 5141 4425 747
f 5311 794 5320
f 5311 139 5320
f 136 5320 139
f 757 4539 747
f 3980 140 139
f 560 138 140
f 5283 5259 5322
f 4256 762 4425
f 5214 5323 5215
f 5287 3319 4781
f 5311 5320 143
f 5320 136 143
f 5251 5281 5276
f 1835 2291 140
f 5259 5281 5251
f 4781 4772 5287
f 5012 5287 4772
f 1859 1828 2793
f 5259 5282 5281
f 5259 5283 5282
f 5320 136 574
f 565 574 136
f 565 136 138
f 5323 5259 5251
f 563 567 574
f 565 563 574
f 565 566 574
f 5215 5323 5251
f 535 536 537
f 574 5312 572
f 5259 5323 5214
f 136 5320 794
f 137 136 794
f 519 1056 518
f 4435 5313 520
f 4435 520 5307
f 5313 4435 470
f 4435 472 5313
f 194 5324 5325
f 5278 5326 5327
f 5325 522 194
f 687 690 4700
f 685 687 5159
f 5278 5275 5326
f 522 5325 536
f 5160 4435 647
f 5275 5277 5326
f 520 470 5307
f 469 648 520
f 5277 5321 5328
f 522 535 537
f 538 537 516
f 5283 5322 5321
f 519 516 537
f 689 521 4175
f 5326 5277 5328
f 3982 4345 691
f 468 469 521
f 3547 521 5307
f 5329 5328 5322
f 5322 5328 5321
f 3252 3240 5259
f 3245 5322 5259
f 519 5330 1056
f 5331 5332 1056
f 1049 1056 5333
f 5165 5309 4058
f 5168 4058 5309
f 530 3977 5165
f 1055 1057 1056
f 3214 3217 5269
f 1049 1055 1056
f 3213 3217 3214
f 5309 4054 5165
f 5168 3977 4058
f 5167 4050 5168
f 3069 3068 5259
f 3252 5259 3068
f 1421 1050 5334
f 1050 1421 1036
f 5335 5336 3219
f 5337 5335 3219
f 3224 5338 3219
f 5337 3219 5338
f 3219 5336 4835
f 1050 1036 1027
f 5279 5338 5270
f 5333 1050 1049
f 3224 5270 5338
f 665 4090 4058
f 3224 3220 5270
f 2163 1420 1421
f 5337 5338 5278
f 5279 5278 5338
f 5269 5270 3220
f 537 5339 519
f 4046 892 4065
f 5331 1056 5330
f 5333 1056 5332
f 5332 5340 5333
f 1050 5333 5340
f 688 689 4086
f 4175 4086 689
f 466 467 647
f 5313 466 469
f 5313 469 520
f 5313 470 466
f 472 466 5313
f 3547 4175 521
f 1329 1331 5341
f 5341 1331 1433
f 466 647 5313
f 469 468 470
f 520 469 470
f 3258 5307 648
f 468 648 469
f 5159 5317 694
f 692 694 5317
f 5341 5342 1332
f 694 685 5159
f 1332 1329 5341
f 691 688 3982
f 5342 5343 1332
f 520 5307 521
f 5341 1433 1442
f 3228 720 732
f 1442 1436 1438
f 5165 525 736
f 1438 5344 1442
f 527 661 526
f 733 892 4046
f 525 5165 527
f 4058 527 5165
f 5165 525 530
f 525 524 530
f 525 524 736
f 194 1332 5343
f 5165 529 525
f 4058 530 527
f 5168 4050 4058
f 527 4058 661
f 5317 879 880
f 5317 880 692
f 5345 5341 1442
f 5342 5341 5345
f 5344 5345 1442
f 5346 5345 5344
f 5346 5347 5345
f 527 526 665
f 879 5133 665
f 891 4065 892
f 1530 1438 1323
f 5348 5349 5350
f 4058 527 665
f 5348 5350 5344
f 5350 5346 5344
f 5348 5351 5349
f 3228 857 720
f 261 243 1779
f 1449 1409 1412
f 1411 1449 1412
f 5352 5349 5351
f 1458 1451 1450
f 1438 5348 5344
f 5278 5327 5337
f 5335 5337 5327
f 1446 1444 1451
f 5326 5328 5327
f 1749 5348 1530
f 917 5353 5284
f 3875 465 5284
f 5353 917 3443
f 916 3443 917
f 4836 5354 3219
f 5354 3248 3219
f 1749 741 5351
f 5284 5353 5355
f 3442 5356 5353
f 4836 4835 5328
f 3442 5353 3443
f 1749 5351 5348
f 5327 5328 4835
f 1530 5348 1438
f 4753 5357 4761
f 4761 4754 4753
f 4759 4754 4761
f 4836 5328 5329
f 4760 4753 4761
f 5329 5354 4836
f 4753 4762 4761
f 1749 1737 741
f 3235 5329 5322
f 3245 3235 5322
f 1749 1733 1730
f 1749 1730 1737
f 4752 4754 4783
f 5349 5352 5350
f 4787 4768 4788
f 4788 4137 4787
f 4783 4788 5358
f 4768 5358 4788
f 4783 4764 4788
f 3918 4746 4787
f 4766 5358 4768
f 4752 4783 5358
f 4752 5358 5359
f 5358 5360 5359
f 4753 5359 5360
f 5360 5357 4753
f 4753 4752 5359
f 5352 5351 5361
f 4760 5359 4753
f 5359 4762 4753
f 4760 4762 5359
f 741 312 5361
f 5358 4766 5360
f 5361 312 5362
f 741 313 312
f 5351 741 5361
f 5357 4899 4759
f 4759 4761 5357
f 741 811 313
f 4899 5357 4766
f 5360 4766 5357
f 5357 4138 4899
f 4771 4849 4138
f 5360 4138 5357
f 5358 4138 5360
f 331 741 1737
f 4899 4900 5357
f 568 323 741
f 811 741 325
f 5363 4138 5364
f 5363 5365 4138
f 5358 5364 4138
f 323 325 741
f 3363 3927 3364
f 5365 3364 3927
f 3927 3925 5365
f 3923 3925 3927
f 3925 4138 5365
f 5365 5363 5366
f 5364 5358 5367
f 5368 5369 2230
f 3358 3364 5366
f 5370 5371 5372
f 5373 5374 5371
f 5370 5375 5371
f 5373 5371 5376
f 255 5324 5345
f 5376 5377 5378
f 5378 5379 5380
f 5371 5377 5376
f 5381 5382 5376
f 5381 5376 5378
f 5324 5343 5342
f 5342 5345 5324
f 5370 5375 5372
f 5324 254 5383
f 5324 5383 5325
f 5384 5385 5375
f 5384 5375 5370
f 536 5325 5383
f 5379 5378 5377
f 5379 5377 5386
f 5387 5386 5388
f 5377 5388 5386
f 5370 5372 5388
f 5343 5324 194
f 5389 5377 5371
f 5370 5388 5375
f 5388 5377 5375
f 5389 5375 5377
f 5371 5375 5389
f 5347 5390 5345
f 5389 5391 5375
f 5375 5385 5389
f 5385 5384 5391
f 5385 5391 5389
f 5377 5388 5392
f 5357 5393 5360
f 5367 5358 5394
f 5395 5394 5358
f 5392 5358 5396
f 5358 5392 5397
f 5393 5396 5360
f 5358 5360 5396
f 5397 5395 5358
f 5393 5377 5396
f 5392 5396 5377
f 5392 5388 5397
f 5397 5388 5395
f 2945 5398 2896
f 5357 5399 5400
f 5357 5400 5393
f 5393 5400 5377
f 5399 5377 5400
f 2896 5401 2230
f 5402 5356 5403
f 5404 5403 5356
f 5356 5402 5405
f 5403 5404 5405
f 5402 5403 5405
f 5356 5405 5355
f 5406 5407 5408
f 5377 5409 5388
f 5410 5411 5408
f 2036 2230 5369
f 5409 5410 5408
f 5411 5412 5408
f 5401 2896 5398
f 5410 4141 5411
f 5408 5388 5409
f 5413 5401 5398
f 460 5284 465
f 4040 2415 3875
f 2239 2036 2945
f 5398 2945 2036
f 5399 5357 4900
f 5414 5415 3694
f 5416 5417 5369
f 5418 5416 5419
f 5415 4033 3694
f 5420 5369 5421
f 5422 5420 5421
f 5369 5423 5421
f 5424 5423 5369
f 5413 5421 5423
f 5413 5423 5401
f 4037 5414 3694
f 5424 5369 5417
f 5425 5417 5416
f 5417 5425 5426
f 2036 5421 5413
f 4900 4849 5427
f 5427 4849 4898
f 4139 4141 4898
f 4902 4036 4039
f 5426 5425 5416
f 4040 3875 5355
f 5284 5355 3875
f 5412 4035 5404
f 5405 4040 5355
f 5405 5404 4040
f 5411 4039 5412
f 5413 5398 2036
f 5427 4898 5409
f 5409 5377 5427
f 4900 5427 5377
f 5399 4900 5377
f 5414 4040 5415
f 4040 5404 5415
f 5422 5421 2036
f 4033 5404 4035
f 5415 5404 4033
f 5414 4037 4040
f 4035 5412 4039
f 4898 4141 5409
f 5418 5428 5416
f 5426 5416 5428
f 4902 5411 4141
f 5410 5409 4141
f 4039 5411 4902
f 2230 5423 5424
f 5417 5429 5424
f 2230 5424 5429
f 5430 5431 1290
f 3445 1318 3460
f 5429 5368 2230
f 5355 5353 5356
f 3445 3460 3442
f 5401 5423 2230
f 5356 3442 3460
f 2036 5420 5422
f 5432 5428 5419
f 5364 5433 5363
f 5366 5363 5433
f 5418 5419 5428
f 5419 5416 5369
f 5394 5434 5367
f 5433 5434 1290
f 5368 5432 5369
f 5419 5369 5432
f 5433 1290 5366
f 5420 2036 5369
f 5434 5435 1290
f 5426 5428 5432
f 5429 5417 5432
f 5426 5432 5417
f 5364 5434 5433
f 3358 5366 1290
f 5368 5429 5432
f 3364 5365 5366
f 1274 1290 5436
f 3460 1274 5437
f 5436 5438 1274
f 5356 5408 5404
f 5412 5404 5408
f 3460 5437 5356
f 5372 5371 5374
f 5439 5440 5390
f 5376 5441 5373
f 5441 5376 5430
f 5382 5430 5376
f 5437 1274 5442
f 5443 5442 1274
f 255 254 5324
f 5381 5431 5382
f 5430 5382 5431
f 5431 5381 5378
f 5407 5387 5374
f 5374 5387 5372
f 5444 5384 5374
f 5370 5372 5384
f 5372 5374 5384
f 5445 519 5339
f 5375 5391 5374
f 5444 5446 5384
f 5447 5448 5379
f 5447 5379 5449
f 5386 5449 5379
f 5449 5386 5407
f 5387 5407 5386
f 5387 5388 5372
f 5388 5408 5387
f 5387 5408 5407
f 5446 5374 5391
f 5391 5384 5446
f 1050 5340 5334
f 5407 5435 5387
f 5387 5395 5388
f 5450 5436 5408
f 5406 5408 5436
f 5395 5435 5394
f 5434 5394 5435
f 5395 5387 5435
f 5364 5367 5434
f 5356 5450 5408
f 5390 5347 5451
f 5451 5452 5390
f 5451 5347 5346
f 5356 5437 5442
f 5450 5356 5443
f 5442 5443 5356
f 5373 5453 5374
f 5453 5373 5454
f 5454 5373 5441
f 5454 5441 5430
f 5430 1290 5454
f 3248 3235 3246
f 3250 3246 3234
f 3235 3234 3246
f 5444 5454 1290
f 5431 5449 1290
f 5449 5406 1290
f 3235 3245 3233
f 3245 3232 3233
f 5451 5352 5452
f 5380 5448 5378
f 5455 5378 5448
f 3245 3230 3232
f 5456 5352 5361
f 5455 5448 5431
f 5448 5449 5431
f 5436 1290 5406
f 5452 5352 5456
f 3245 5259 3240
f 5443 1274 5438
f 5352 5451 5350
f 5431 5378 5455
f 5374 5453 5407
f 5451 5346 5350
f 5374 5453 5454
f 5454 5444 5374
f 5456 5457 5452
f 5372 5375 5374
f 3250 3231 3247
f 5380 5379 5448
f 5329 3235 5354
f 3248 5354 3235
f 5447 5449 5448
f 5361 5362 5456
f 5407 5458 5449
f 5458 5406 5449
f 5336 5335 5327
f 804 5456 5362
f 4835 5336 5327
f 5458 5407 5453
f 5407 5406 5458
f 3220 3215 5269
f 5453 5446 5458
f 5435 5458 5446
f 5453 5374 5446
f 5444 1290 5446
f 5435 5446 1290
f 3215 3214 5269
f 5458 5435 5407
f 5438 5436 5450
f 603 5459 600
f 5459 5460 600
f 5460 5461 600
f 5462 537 536
f 5438 5450 5443
f 5463 5339 537
f 5462 5463 537
f 5464 600 5461
f 5461 5465 5464
f 5465 5466 5464
f 1421 5334 2389
f 3008 5467 2999
f 310 5467 3008
f 2994 2999 5467
f 5466 5468 5464
f 3008 284 310
f 256 2382 5469
f 5470 5471 2990
f 3119 5470 2990
f 5331 5330 2382
f 2389 5334 2382
f 4104 3191 2990
f 5468 5472 5464
f 5340 5332 2382
f 3121 2990 3191
f 5473 3117 3122
f 5470 3119 3018
f 5340 2382 5334
f 2990 2994 2993
f 5474 2992 2994
f 5475 5467 5476
f 5477 5476 5467
f 2994 5467 5474
f 5474 5467 5475
f 5467 310 5477
f 3018 2992 5474
f 3018 5474 5475
f 5476 3018 5475
f 309 3018 5476
f 5477 309 5476
f 5478 256 5462
f 309 5477 310
f 5479 5480 5481
f 536 5478 5462
f 256 5463 5462
f 5480 5482 5481
f 5469 5445 256
f 5339 5463 256
f 5480 5479 3018
f 3018 309 5480
f 3122 3121 5473
f 3191 5473 3121
f 5339 256 5445
f 4104 2674 3191
f 3117 5473 3171
f 3191 3171 5473
f 5469 519 5445
f 285 309 284
f 5483 5484 5485
f 5483 5485 5486
f 5478 5487 256
f 5383 254 256
f 5478 536 5487
f 536 5383 5487
f 250 5488 248
f 5488 5489 5485
f 5330 5469 2382
f 5332 5331 2382
f 5485 248 5488
f 5486 5490 5491
f 5486 5491 5483
f 5484 276 340
f 5484 5483 276
f 5469 5330 519
f 309 285 5483
f 5452 5492 5493
f 5483 5494 309
f 5492 5495 5496
f 5482 5480 309
f 5483 285 276
f 5492 5457 5456
f 4104 2990 5471
f 5492 5452 5457
f 5470 3018 5471
f 5497 5471 3018
f 5498 5499 5494
f 5452 5500 5390
f 5501 5390 5500
f 5390 5501 5439
f 5345 5390 5440
f 5345 5440 255
f 5456 5495 5492
f 334 318 1931
f 1931 5502 334
f 5456 804 5495
f 337 2495 2333
f 311 804 5362
f 5362 312 311
f 5503 600 5496
f 813 600 5503
f 5496 600 5504
f 5493 5504 5464
f 813 5503 5495
f 804 813 5495
f 600 5464 5504
f 335 3072 322
f 5492 5504 5493
f 351 320 5505
f 322 5505 320
f 5504 5492 5496
f 5503 5496 5495
f 5487 5383 256
f 5493 5464 5506
f 5500 5506 5464
f 5452 5493 5506
f 375 374 3176
f 5464 5501 5500
f 5506 5500 5452
f 5501 5464 5439
f 5464 256 255
f 5439 5464 5440
f 5440 5464 255
f 2495 5502 5507
f 5507 5508 2495
f 5502 2495 337
f 5472 5509 5464
f 256 5464 5509
f 5509 5510 256
f 5502 337 334
f 1766 5299 1767
f 5299 1766 306
f 5510 5511 256
f 2938 1767 315
f 5299 315 1767
f 5511 5512 256
f 3338 315 1175
f 5512 5513 256
f 5513 5514 256
f 2382 256 5514
f 317 319 1783
f 5514 5515 2382
f 2382 5515 2776
f 2942 2396 351
f 5516 2898 2777
f 5517 2939 5516
f 3046 459 1196
f 333 5302 5518
f 890 652 899
f 198 5519 196
f 198 1231 5519
f 1231 196 5519
f 333 5518 319
f 5472 5520 5509
f 5521 5509 5520
f 5509 5521 5510
f 326 375 1797
f 326 1797 327
f 5521 5520 5522
f 144 145 131
f 5522 5523 5521
f 333 1790 3291
f 5523 5522 131
f 5507 5502 1931
f 5507 1931 5508
f 5505 1795 1794
f 5524 5511 5521
f 1782 317 1783
f 5521 5511 5510
f 5512 5511 5524
f 335 317 1782
f 322 3072 3104
f 3072 335 1782
f 322 3104 5505
f 3104 1795 5505
f 1794 2942 351
f 5525 5514 5513
f 5524 5525 5513
f 5525 5515 5514
f 5482 5526 5481
f 5524 173 5525
f 5498 5527 5499
f 5499 5527 5494
f 5498 5483 5491
f 5494 5483 5498
f 5512 5524 5513
f 5498 5491 5527
f 309 5527 5491
f 5527 309 5494
f 5481 5528 5479
f 5529 5479 5528
f 5529 5528 5530
f 5531 5528 5481
f 2776 5515 5516
f 5531 5481 5526
f 5529 5530 5532
f 5533 5532 5530
f 5534 5532 5533
f 5525 5516 5515
f 5516 2777 2776
f 5497 3018 5532
f 5529 5532 3018
f 5479 5529 3018
f 5526 5482 309
f 5534 5535 5532
f 5497 5532 5535
f 2898 5516 2939
f 5536 5517 5525
f 5521 5523 5524
f 173 5524 5523
f 4104 5471 5537
f 5538 4104 5537
f 1249 2939 5517
f 5517 1250 1249
f 5538 5537 5497
f 5471 5497 5537
f 5517 181 1250
f 5516 5525 5517
f 5497 5535 5539
f 5538 5497 5539
f 5517 5536 181
f 5490 5535 5491
f 5534 5491 5535
f 5536 178 181
f 5534 5533 5491
f 5491 5533 5530
f 5491 5530 5528
f 5536 5525 173
f 5491 5528 5531
f 5491 5531 309
f 5536 173 178
f 309 5531 5526
f 1245 178 173
f 145 5523 146
f 5486 5540 5490
f 5523 149 146
f 5488 3218 5489
f 145 149 5523
f 173 5523 145
f 145 144 173
f 5539 3218 5538
f 4104 5538 3218
f 5540 3218 5539
f 5523 131 145
f 5489 3218 5540
f 5459 5541 5460
f 5535 5490 5540
f 5540 5486 5489
f 5486 5485 5489
f 5540 5539 5535
f 339 5542 340
f 603 890 5459
f 890 5541 5459
f 5542 1344 5543
f 5484 340 5543
f 5485 5484 248
f 5543 248 5484
f 5542 5543 340
f 5460 5541 5461
f 5544 5466 5465
f 5544 5465 5541
f 5461 5541 5465
f 338 354 339
f 1344 5542 339
f 5543 257 248
f 1344 241 5543
f 5544 5468 5466
f 354 1344 339
f 5520 5472 5468
f 5468 5544 5520
f 1342 1344 354
f 890 899 5541
f 5545 5544 5546
f 5541 5546 5544
f 5522 5520 5545
f 5544 5545 5520
f 5505 1794 351
f 1198 5522 5545
f 5545 192 1198
f 3176 2483 5087
f 5545 5546 192
f 1392 192 5546
f 5546 499 1392
f 3176 374 2483
f 197 499 5546
f 5546 5541 899
f 5547 3176 1798
f 5546 899 198
f 1798 1797 5547
f 5547 375 3176
f 5546 198 197
f 375 5547 1797
f 652 851 899
f 898 1230 899
f 1791 327 1797
f 1789 1791 1797
f 5522 1243 131
f 327 1791 333
f 5522 1198 1243
f 1781 1783 319
f 191 1198 192
f 1781 5518 5302
f 257 5543 241
f 333 3291 5302
f 257 249 248
f 241 258 257
f 242 241 1344
f 1344 244 242
f 5302 3174 1781
f 1341 244 1344
f 333 1791 1790
f 5488 250 3218
f 249 3218 250
f 1781 319 5518
f 2539 3585 2110
f 2112 2539 2110
f 2611 2494 2495
f 5508 2611 2495
f 5508 2110 2611
f 5508 1931 2110
f 2110 4227 2611
f 351 2396 348
f 18 120 19
f 348 120 227

