# https://github.com/mikedh/trimesh
v -205.32800293 -292.94000244 0.00000000
v -205.32800293 -292.94000244 2.00000000
v -207.48899841 -292.84298706 2.00000000
v -207.48899841 -292.84298706 0.00000000
v -208.48500061 -292.45401001 2.00000000
v -208.48500061 -292.45401001 0.00000000
v -208.95100403 -291.49200439 2.00000000
v -208.95100403 -291.49200439 0.00000000
v -208.98153687 -291.27499390 2.00000000
v -204.38800049 -293.41598511 0.00000000
v -204.38800049 -293.41598511 2.00000000
v -211.47900391 -279.90100098 0.00000000
v -211.47900391 -279.90100098 2.00000000
v -212.55200195 -279.88500977 2.00000000
v -212.55200195 -279.88500977 0.00000000
v -209.10081482 -290.42727661 0.00000000
v -210.40299988 -280.03100586 2.00000000
v -210.40299988 -280.03100586 0.00000000
v -209.15515137 -289.13101196 2.00000000
v -209.10107422 -290.42407227 0.00000000
v -209.61000061 -280.72799683 2.00000000
v -209.61000061 -280.72799683 0.00000000
v -209.33900452 -281.76300049 0.00000000
v -209.33900452 -281.76300049 2.00000000
v -209.33888245 -281.76428223 0.00000000
v -209.26254272 -282.62075806 2.00000000
v -209.20504761 -283.92269897 0.00000000
v -209.23526001 -283.06066895 2.00000000
v -209.17633057 -287.80734253 2.00000000
v -209.20495605 -283.92980957 0.00000000
v -203.99000549 -294.40798950 0.00000000
v -203.99000549 -294.40798950 2.00000000
v -222.17799377 -275.57400513 2.00000000
v -222.17799377 -275.57400513 0.00000000
v -223.25700378 -275.55499268 0.00000000
v -223.25700378 -275.55499268 2.00000000
v -221.11599731 -275.73800659 2.00000000
v -221.11599731 -275.73800659 0.00000000
v -220.38900757 -276.51400757 0.00000000
v -224.30599976 -275.32800293 0.00000000
v -224.30599976 -275.32800293 2.00000000
v -220.38900757 -276.51400757 2.00000000
v -220.14900208 -277.55398560 2.00000000
v -220.14900208 -277.55398560 0.00000000
v -220.03900146 -279.17999268 0.00000000
v -224.99699402 -274.51998901 0.00000000
v -224.99699402 -274.51998901 2.00000000
v -225.27600098 -273.47500610 0.00000000
v -225.27600098 -273.47500610 2.00000000
v -225.50599670 -271.32000732 2.00000000
v -225.50599670 -271.32000732 0.00000000
v -225.52574158 -270.99020386 2.00000000
v -214.47399902 -277.78298950 0.00000000
v -214.47399902 -277.78298950 2.00000000
v -214.47410583 -277.78106689 0.00000000
v -214.54806519 -276.49200439 2.00000000
v -214.59280396 -274.10275269 2.00000000
v -214.59199524 -274.53533936 0.00000000
v -214.56877136 -274.76376343 2.00000000
v -214.47413635 -277.77847290 0.00000000
v -214.61909485 -270.74307251 0.00000000
v -214.61897278 -270.74627686 0.00000000
v -214.60466003 -271.60513306 2.00000000
v -214.59201050 -274.53277588 0.00000000
v -214.59916687 -272.37689209 2.00000000
v -225.60316467 -269.69741821 0.00000000
v -225.88682556 -265.91394043 0.00000000
v -225.70812988 -267.97732544 2.00000000
v -225.60289001 -269.70193481 0.00000000
v -216.53700256 -266.92999268 0.00000000
v -216.53700256 -266.92999268 2.00000000
v -218.69500732 -266.80398560 2.00000000
v -218.69500732 -266.80398560 0.00000000
v -226.07099915 -264.85000610 0.00000000
v -226.07099915 -264.85000610 2.00000000
v -226.03353882 -265.06619263 2.00000000
v -225.88722229 -265.91073608 0.00000000
v -225.76594543 -267.20617676 2.00000000
v -219.53100586 -266.17300415 0.00000000
v -215.48899841 -267.19100952 0.00000000
v -215.48899841 -267.19100952 2.00000000
v -227.19799805 -263.09600830 2.00000000
v -227.19799805 -263.09600830 0.00000000
v -229.30400085 -262.58300781 0.00000000
v -229.30400085 -262.58300781 2.00000000
v -226.43499756 -263.83499146 2.00000000
v -226.43499756 -263.83499146 0.00000000
v -219.53100586 -266.17300415 2.00000000
v -219.83500671 -265.14498901 2.00000000
v -219.83500671 -265.14498901 0.00000000
v -219.86471558 -264.70465088 2.00000000
v -219.98081970 -262.98458862 0.00000000
v -219.99453735 -261.69021606 2.00000000
v -214.89500427 -268.06100464 0.00000000
v -214.89500427 -268.06100464 2.00000000
v -214.70300293 -269.12701416 0.00000000
v -214.70300293 -269.12701416 2.00000000
v -214.68589783 -269.45639038 2.00000000
v -182.15979004 -362.15170288 2.00000000
v -182.15899658 -362.79904175 0.00000000
v -182.16712952 -361.65356445 2.00000000
v -182.15820312 -365.18051147 2.00000000
v -182.15899658 -362.80355835 0.00000000
v -182.15800476 -365.78900146 2.00000000
v -182.15800476 -365.78900146 0.00000000
v -182.57400513 -366.45999146 2.00000000
v -182.57400513 -366.45999146 0.00000000
v -186.66009521 -375.09515381 2.00000000
v -177.79330444 -375.04107666 0.00000000
v -193.10682678 -375.10919189 2.00000000
v -168.32899475 -370.89498901 0.00000000
v -168.32899475 -370.89498901 2.00000000
v -169.39799500 -370.78500366 2.00000000
v -169.39799500 -370.78500366 0.00000000
v -170.44599915 -370.53201294 2.00000000
v -170.44599915 -370.53201294 0.00000000
v -171.05000305 -369.66000366 2.00000000
v -171.05000305 -369.66000366 0.00000000
v -167.43699646 -371.47100830 0.00000000
v -167.43699646 -371.47100830 2.00000000
v -171.25100708 -368.59799194 2.00000000
v -171.25100708 -368.59799194 0.00000000
v -167.05099487 -372.47399902 0.00000000
v -167.05099487 -372.47399902 2.00000000
v -167.08299255 -373.56500244 0.00000000
v -167.08299255 -373.56500244 2.00000000
v -167.81399536 -374.27499390 0.00000000
v -167.81399536 -374.27499390 2.00000000
v -168.88299561 -374.56500244 2.00000000
v -168.88299561 -374.56500244 0.00000000
v -171.01100159 -374.80899048 0.00000000
v -171.01100159 -374.80899048 2.00000000
v -172.38902283 -374.85623169 2.00000000
v -177.77192688 -375.04071045 0.00000000
v -177.78289795 -375.04101562 0.00000000
v -179.71769714 -375.06011963 2.00000000
v -175.49099731 -360.91900635 2.00000000
v -175.49099731 -360.91900635 0.00000000
v -173.33299255 -361.06799316 2.00000000
v -173.33299255 -361.06799316 0.00000000
v -176.34700012 -360.31201172 2.00000000
v -172.28199768 -361.29901123 2.00000000
v -172.28199768 -361.29901123 0.00000000
v -171.62800598 -362.12701416 0.00000000
v -171.62800598 -362.12701416 2.00000000
v -171.26770020 -368.26879883 2.00000000
v -171.33290100 -366.98294067 0.00000000
v -171.42700195 -363.18798828 0.00000000
v -171.34176636 -366.54934692 2.00000000
v -171.33300781 -366.98034668 0.00000000
v -171.42700195 -363.18798828 2.00000000
v -171.42691040 -363.18994141 0.00000000
v -171.37045288 -364.47979736 2.00000000
v -171.34481812 -366.21749878 2.00000000
v -171.34799194 -365.35229492 0.00000000
v -171.35437012 -364.92013550 2.00000000
v -171.34800720 -365.35034180 0.00000000
v -183.73399353 -357.86499023 2.00000000
v -183.73399353 -357.86499023 0.00000000
v -185.90499878 -357.75399780 0.00000000
v -185.90499878 -357.75399780 2.00000000
v -182.76100159 -358.29598999 2.00000000
v -182.76100159 -358.29598999 0.00000000
v -182.32000732 -359.27301025 0.00000000
v -186.89999390 -357.36999512 0.00000000
v -186.89999390 -357.36999512 2.00000000
v -182.32000732 -359.27301025 2.00000000
v -182.19500732 -360.35299683 2.00000000
v -182.19500732 -360.35299683 0.00000000
v -182.19496155 -360.35494995 0.00000000
v -187.38600159 -356.41299438 0.00000000
v -187.38600159 -356.41299438 2.00000000
v -187.55999756 -354.24700928 2.00000000
v -187.55999756 -354.24700928 0.00000000
v -187.56285095 -353.91638184 2.00000000
v -321.61001587 -248.11894226 0.00000000
v -321.62911987 -249.40959167 2.00000000
v -321.64111328 -250.07061768 2.00000000
v -321.66894531 -251.36206055 0.00000000
v -321.76538086 -252.22094727 2.00000000
v -321.66915894 -251.36528015 0.00000000
v -321.79000854 -252.44000244 2.00000000
v -321.79000854 -252.44000244 0.00000000
v -322.22198486 -253.42100525 0.00000000
v -321.52200317 -247.03300476 0.00000000
v -321.52200317 -247.03300476 2.00000000
v -321.60998535 -248.11700439 2.00000000
v -321.60998535 -248.11700439 0.00000000
v -322.22198486 -253.42100525 2.00000000
v -323.18600464 -253.86300659 2.00000000
v -323.18600464 -253.86300659 0.00000000
v -321.21398926 -246.00799561 0.00000000
v -321.21398926 -246.00799561 2.00000000
v -325.34298706 -253.96699524 2.00000000
v -310.88400269 -246.22099304 2.00000000
v -310.88400269 -246.22099304 0.00000000
v -311.09698486 -247.28500366 0.00000000
v -311.09698486 -247.28500366 2.00000000
v -316.24914551 -241.36668396 2.00000000
v -316.23800659 -240.93963623 0.00000000
v -316.23797607 -240.93447876 0.00000000
v -316.21969604 -237.91578674 2.00000000
v -316.26950073 -241.80497742 2.00000000
v -316.33789062 -243.09007263 0.00000000
v -316.33801270 -243.09199524 2.00000000
v -316.33801270 -243.09199524 0.00000000
v -316.53900146 -244.16499329 2.00000000
v -316.53900146 -244.16499329 0.00000000
v -317.16198730 -245.01800537 2.00000000
v -317.16198730 -245.01800537 0.00000000
v -318.20498657 -245.25599670 2.00000000
v -318.20498657 -245.25599670 0.00000000
v -320.35501099 -245.39399719 2.00000000
v -320.35501099 -245.39399719 0.00000000
v -320.13635254 -245.36978149 2.00000000
v -319.28228760 -245.27514648 0.00000000
v -318.42404175 -245.25987244 2.00000000
v -319.27972412 -245.27497864 0.00000000
v -311.38101196 -229.49400330 0.00000000
v -311.38101196 -229.49400330 2.00000000
v -311.63500977 -230.54800415 2.00000000
v -311.63500977 -230.54800415 0.00000000
v -312.18200684 -231.47399902 2.00000000
v -312.18200684 -231.47399902 0.00000000
v -316.21499634 -237.14300537 0.00000000
v -316.21499634 -237.14300537 2.00000000
v -316.07000732 -234.44099426 0.00000000
v -316.07000732 -234.44099426 2.00000000
v -315.83499146 -233.39199829 0.00000000
v -315.83499146 -233.39199829 2.00000000
v -313.13598633 -231.96600342 2.00000000
v -313.13598633 -231.96600342 0.00000000
v -315.21301270 -232.52900696 2.00000000
v -315.21301270 -232.52900696 0.00000000
v -314.19100952 -232.15699768 0.00000000
v -314.19100952 -232.15699768 2.00000000
v -310.76098633 -242.97399902 0.00000000
v -310.76098633 -242.97399902 2.00000000
v -310.53698730 -241.91999817 2.00000000
v -310.53698730 -241.91999817 0.00000000
v -305.41439819 -233.90283203 2.00000000
v -305.41598511 -234.97639465 0.00000000
v -305.41601562 -234.98027039 0.00000000
v -305.42794800 -236.49040222 2.00000000
v -305.41589355 -234.97251892 0.00000000
v -305.34353638 -231.31764221 2.00000000
v -305.33111572 -230.49192810 2.00000000
v -305.35494995 -230.92135620 0.00000000
v -305.35476685 -230.92007446 0.00000000
v -231.36999512 -273.69601440 2.00000000
v -305.16799927 -229.30799866 2.00000000
v -305.16799927 -229.30799866 0.00000000
v -305.20605469 -229.63658142 2.00000000
v -309.81201172 -241.16200256 2.00000000
v -309.81201172 -241.16200256 0.00000000
v -305.46795654 -237.96270752 0.00000000
v -305.43853760 -237.09829712 2.00000000
v -305.54205322 -238.82652283 2.00000000
v -305.46810913 -237.96528625 0.00000000
v -212.89199829 -266.04199219 2.00000000
v -305.56100464 -239.04699707 0.00000000
v -305.56100464 -239.04699707 2.00000000
v -305.82800293 -240.09100342 0.00000000
v -305.82800293 -240.09100342 2.00000000
v -306.60299683 -240.80000305 2.00000000
v -308.74398804 -240.95899963 2.00000000
v -308.74398804 -240.95899963 0.00000000
v -306.60299683 -240.80000305 0.00000000
v -307.66500854 -240.93899536 0.00000000
v -307.66500854 -240.93899536 2.00000000
v -311.32623291 -228.94535828 2.00000000
v -311.11233521 -226.80221558 0.00000000
v -352.67800903 -314.61700439 0.00000000
v -352.67800903 -314.61700439 2.00000000
v -353.58200073 -315.15499878 2.00000000
v -353.58200073 -315.15499878 0.00000000
v -350.51098633 -314.49798584 0.00000000
v -350.51098633 -314.49798584 2.00000000
v -343.27502441 -314.73464966 0.00000000
v -343.28295898 -315.16247559 2.00000000
v -343.27493286 -314.72753906 0.00000000
v -236.82400513 -366.45999146 2.00000000
v -343.29638672 -315.49429321 2.00000000
v -343.34094238 -316.36270142 0.00000000
v -343.45568848 -317.20739746 2.00000000
v -343.34118652 -316.36526489 0.00000000
v -343.48498535 -317.42300415 0.00000000
v -343.48498535 -317.42300415 2.00000000
v -161.00300598 -391.00000000 2.00000000
v -343.93600464 -318.39801025 0.00000000
v -343.93600464 -318.39801025 2.00000000
v -344.92300415 -318.80801392 2.00000000
v -348.76300049 -312.22000122 2.00000000
v -348.66799927 -309.51501465 0.00000000
v -348.66799927 -309.51501465 2.00000000
v -348.64801025 -305.72799683 2.00000000
v -348.64801025 -305.72799683 0.00000000
v -348.52999878 -303.56201172 0.00000000
v -348.52999878 -303.56201172 2.00000000
v -388.00000000 -156.00000000 0.00000000
v -348.29901123 -302.51300049 0.00000000
v -348.29901123 -302.51300049 2.00000000
v -347.60000610 -301.72799683 0.00000000
v -344.39599609 -301.31600952 0.00000000
v -344.39599609 -301.31600952 2.00000000
v -345.45199585 -301.52600098 2.00000000
v -345.45199585 -301.52600098 0.00000000
v -347.60000610 -301.72799683 2.00000000
v -343.06295776 -295.71704102 0.00000000
v -343.06317139 -295.72058105 0.00000000
v -346.53399658 -301.54501343 0.00000000
v -346.53399658 -301.54501343 2.00000000
v -295.68399048 -309.30200195 0.00000000
v -338.12200928 -304.80398560 0.00000000
v -337.92001343 -303.74700928 0.00000000
v -304.68399048 -228.36099243 2.00000000
v -304.68399048 -228.36099243 0.00000000
v -300.03298950 -224.23100281 0.00000000
v -300.03298950 -224.23100281 2.00000000
v -299.95001221 -218.27200317 0.00000000
v -343.10000610 -307.68701172 0.00000000
v -339.84500122 -305.84698486 0.00000000
v -343.22000122 -309.31600952 0.00000000
v -342.81298828 -306.65301514 0.00000000
v -342.00399780 -305.98901367 0.00000000
v -338.79299927 -305.61999512 0.00000000
v -300.20800781 -226.38600159 0.00000000
v -300.20800781 -226.38600159 2.00000000
v -337.79000854 -299.41799927 0.00000000
v -333.78500366 -297.10998535 0.00000000
v -337.85693359 -302.11978149 0.00000000
v -337.85699463 -302.12234497 0.00000000
v -303.67800903 -227.99299622 2.00000000
v -303.67800903 -227.99299622 0.00000000
v -300.58801270 -227.39100647 0.00000000
v -300.58801270 -227.39100647 2.00000000
v -301.51599121 -227.89399719 0.00000000
v -301.51599121 -227.89399719 2.00000000
v -311.07064819 -226.24147034 2.00000000
v -310.77246094 -221.94644165 0.00000000
v -310.85879517 -222.80252075 2.00000000
v -310.77212524 -221.94129944 0.00000000
v -311.13986206 -227.23066711 2.00000000
v -311.11203003 -226.79965210 0.00000000
v -337.85708618 -302.12493896 0.00000000
v -337.60598755 -298.35000610 0.00000000
v -335.94400024 -297.23400879 0.00000000
v -336.98300171 -297.49499512 0.00000000
v -332.92898560 -296.49600220 0.00000000
v -343.39599609 -299.49398804 0.00000000
v -310.77178955 -221.93873596 0.00000000
v -310.62228394 -221.09738159 2.00000000
v -343.39578247 -299.49206543 0.00000000
v -343.68600464 -300.53500366 0.00000000
v -343.16006470 -297.33865356 0.00000000
v -299.95001221 -218.27200317 2.00000000
v -299.79400635 -216.64700317 2.00000000
v -299.79400635 -216.64700317 0.00000000
v -342.78277588 -291.94070435 0.00000000
v -342.78305054 -291.94262695 0.00000000
v -299.45800781 -215.63000488 2.00000000
v -299.45800781 -215.63000488 0.00000000
v -298.58801270 -215.03500366 2.00000000
v -298.58801270 -215.03500366 0.00000000
v -332.44491577 -290.58947754 0.00000000
v -332.41894531 -287.89270020 0.00000000
v -332.48498535 -293.84500122 0.00000000
v -332.44500732 -290.59399414 0.00000000
v -295.93099976 -213.75300598 2.00000000
v -295.93099976 -213.75300598 0.00000000
v -296.49499512 -214.66099548 0.00000000
v -296.49499512 -214.66099548 2.00000000
v -342.78326416 -291.94555664 0.00000000
v -342.60299683 -290.86499023 0.00000000
v -341.51199341 -289.08898926 0.00000000
v -342.25000000 -289.84298706 0.00000000
v -203.28799438 -305.17001343 0.00000000
v -203.60899353 -304.14801025 0.00000000
v -202.42599487 -305.76998901 0.00000000
v -340.46774292 -288.77575684 0.00000000
v -338.05999756 -287.02398682 0.00000000
v -339.41500854 -288.56298828 0.00000000
v -337.85000610 -283.79000854 0.00000000
v -340.47024536 -288.77636719 0.00000000
v -338.51098633 -288.00100708 0.00000000
v -200.27600098 -305.88598633 0.00000000
v -203.60913086 -304.14669800 0.00000000
v -203.60919189 -304.14477539 0.00000000
v -203.76200867 -301.98034668 0.00000000
v -330.87500000 -284.27999878 0.00000000
v -328.71301270 -284.18399048 0.00000000
v -332.23300171 -285.73199463 0.00000000
v -331.82299805 -284.73999023 0.00000000
v -332.23315430 -285.73327637 0.00000000
v -203.83293152 -296.03146362 0.00000000
v -199.23599243 -306.16598511 0.00000000
v -337.85699463 -284.87899780 0.00000000
v -161.00300598 -156.00000000 0.00000000
v -198.66600037 -307.05099487 0.00000000
v -337.73800659 -281.63101196 0.00000000
v -198.48100281 -308.12701416 0.00000000
v -198.38610840 -310.28741455 0.00000000
v -193.28300476 -319.66101074 0.00000000
v -337.41598511 -280.60400391 0.00000000
v -209.44071960 -302.86221313 0.00000000
v -209.21998596 -305.01663208 0.00000000
v -210.95300293 -301.56900024 0.00000000
v -213.10699463 -301.46798706 0.00000000
v -209.44081116 -302.86026001 0.00000000
v -209.94000244 -301.92098999 0.00000000
v -209.44099426 -302.85900879 0.00000000
v -333.34298706 -279.61999512 0.00000000
v -334.39099121 -279.88000488 0.00000000
v -332.74700928 -278.75299072 0.00000000
v -335.46530151 -279.90014648 0.00000000
v -336.54901123 -280.01300049 0.00000000
v -332.45602417 -275.53063965 0.00000000
v -335.46270752 -279.89996338 0.00000000
v -332.55398560 -277.68798828 0.00000000
v -332.55389404 -277.68606567 0.00000000
v -332.45599365 -275.52612305 0.00000000
v -332.32598877 -269.03100586 0.00000000
v -332.44299316 -272.27801514 0.00000000
v -332.11300659 -267.96798706 0.00000000
v -203.83299255 -296.02499390 0.00000000
v -331.45901489 -267.13900757 0.00000000
v -327.04901123 -262.34863281 0.00000000
v -327.04891968 -262.34155273 0.00000000
v -326.98098755 -256.93200684 0.00000000
v -257.60699463 -297.51501465 0.00000000
v -258.64099121 -297.23098755 0.00000000
v -230.16700745 -261.96398926 0.00000000
v -316.22698975 -366.22299194 0.00000000
v -317.07299805 -366.45999146 0.00000000
v -316.22698975 -361.89065552 0.00000000
v -215.11199951 -290.27398682 0.00000000
v -214.76400757 -291.29901123 0.00000000
v -216.00199890 -289.72100830 0.00000000
v -216.00329590 -289.72088623 0.00000000
v -218.15971375 -289.61102295 0.00000000
v -214.63099670 -292.91299438 0.00000000
v -250.57699585 -314.52200317 0.00000000
v -214.63087463 -292.92010498 0.00000000
v -214.57594299 -297.78628540 0.00000000
v -310.80697632 -365.47937012 0.00000000
v -310.70709229 -363.32092285 0.00000000
v -307.85330200 -361.04803467 0.00000000
v -310.70700073 -363.31900024 0.00000000
v -308.93099976 -361.07000732 0.00000000
v -310.52398682 -362.25698853 0.00000000
v -309.95999146 -361.35400391 0.00000000
v -218.16099548 -289.61099243 0.00000000
v -251.39300537 -310.96499634 0.00000000
v -251.68400574 -309.92898560 0.00000000
v -219.19299316 -289.29098511 0.00000000
v -306.77398682 -360.95401001 0.00000000
v -305.90301514 -360.36401367 0.00000000
v -310.82101440 -374.15200806 0.00000000
v -307.85070801 -361.04788208 0.00000000
v -310.80700684 -365.49035645 0.00000000
v -219.95971680 -286.21957397 0.00000000
v -219.72000122 -288.36599731 0.00000000
v -257.03500366 -298.41400146 0.00000000
v -344.06399536 -336.80862427 0.00000000
v -219.96002197 -286.21636963 0.00000000
v -220.03892517 -279.18774414 0.00000000
v -316.22689819 -361.88742065 0.00000000
v -316.13699341 -359.72601318 0.00000000
v -213.60600281 -279.67098999 0.00000000
v -214.26100159 -278.84600830 0.00000000
v -310.83499146 -353.61099243 0.00000000
v -310.95098877 -355.77801514 0.00000000
v -310.81500244 -349.81900024 0.00000000
v -310.71899414 -347.11099243 0.00000000
v -315.87799072 -358.67300415 0.00000000
v -315.09698486 -357.97100830 0.00000000
v -311.88000488 -357.61199951 0.00000000
v -312.94799805 -357.79501343 0.00000000
v -311.18099976 -356.82800293 0.00000000
v -300.71600342 -348.75399780 0.00000000
v -279.36099243 -351.65899658 0.00000000
v -305.44992065 -357.71655273 0.00000000
v -305.39596558 -352.85034180 0.00000000
v -301.72500610 -349.10101318 0.00000000
v -279.07101440 -352.69198608 0.00000000
v -305.45001221 -357.72299194 0.00000000
v -314.02999878 -357.81201172 0.00000000
v -310.54400635 -346.04901123 0.00000000
v -309.98599243 -345.13699341 0.00000000
v -308.96499634 -344.84298706 0.00000000
v -306.80926514 -344.73211670 0.00000000
v -306.80801392 -344.73199463 0.00000000
v -308.96371460 -344.84295654 0.00000000
v -305.22418213 -350.69393921 0.00000000
v -305.22399902 -350.69198608 0.00000000
v -303.88598633 -349.20999146 0.00000000
v -304.83300781 -349.69799805 0.00000000
v -299.98587036 -344.59573364 0.00000000
v -299.86599731 -343.52499390 0.00000000
v -283.87500000 -343.40798950 0.00000000
v -300.03878784 -346.75912476 0.00000000
v -300.03900146 -346.76300049 0.00000000
v -219.98101807 -262.98007202 0.00000000
v -161.00300598 -391.00000000 0.00000000
v -176.34700012 -360.31201172 0.00000000
v -176.66000366 -359.27398682 0.00000000
v -245.94900513 -364.66070557 0.00000000
v -245.57299805 -366.45999146 0.00000000
v -191.98399353 -348.92098999 0.00000000
v -190.92700195 -349.13500977 0.00000000
v -192.96299744 -344.31100464 0.00000000
v -192.85200500 -347.02600098 0.00000000
v -239.58743286 -335.87902832 0.00000000
v -188.77299500 -349.28900146 0.00000000
v -187.66299438 -350.99600220 0.00000000
v -189.84500122 -349.15301514 0.00000000
v -187.57398987 -352.62493896 0.00000000
v -187.57411194 -352.62106323 0.00000000
v -192.63800049 -348.09698486 0.00000000
v -246.02900696 -362.49301147 0.00000000
v -187.94599915 -349.95098877 0.00000000
v -186.51600647 -344.62200928 0.00000000
v -187.21000671 -343.82800293 0.00000000
v -185.45100403 -344.80999756 0.00000000
v -182.50999451 -345.68399048 0.00000000
v -182.25000000 -346.72299194 0.00000000
v -181.97119141 -352.12408447 0.00000000
v -180.46600342 -353.42999268 0.00000000
v -181.97099304 -352.12600708 0.00000000
v -182.11302185 -351.05136108 0.00000000
v -182.15597534 -349.43328857 0.00000000
v -178.30200195 -353.54501343 0.00000000
v -181.46699524 -353.06600952 0.00000000
v -297.51699829 -214.96499634 0.00000000
v -297.51699829 -214.96499634 2.00000000
v -187.64488220 -351.32720947 2.00000000
v -180.46600342 -353.42999268 2.00000000
v -181.46699524 -353.06600952 2.00000000
v -192.96299744 -344.31100464 2.00000000
v -192.96301270 -344.30386353 0.00000000
v -189.84500122 -349.15301514 2.00000000
v -190.92700195 -349.13500977 2.00000000
v -289.03823853 -316.97045898 2.00000000
v -285.85299683 -314.12500000 2.00000000
v -289.02603149 -316.63964844 2.00000000
v -188.77299500 -349.28900146 2.00000000
v -289.00201416 -316.42098999 2.00000000
v -289.17202759 -318.68914795 2.00000000
v -289.22857666 -323.42864990 2.00000000
v -284.68701172 -327.50698853 2.00000000
v -191.98399353 -348.92098999 2.00000000
v -192.63800049 -348.09698486 2.00000000
v -192.85200500 -347.02600098 2.00000000
v -187.94599915 -349.95098877 2.00000000
v -287.95001221 -314.63000488 2.00000000
v -288.69799805 -315.37600708 2.00000000
v -187.66299438 -350.99600220 2.00000000
v -284.97399902 -313.51000977 2.00000000
v -289.24099731 -324.52999878 2.00000000
v -185.45100403 -344.80999756 2.00000000
v -186.51600647 -344.62200928 2.00000000
v -261.53399658 -313.89700317 2.00000000
v -261.92001343 -312.89700317 2.00000000
v -290.90798950 -327.45999146 2.00000000
v -284.65701294 -335.62200928 2.00000000
v -289.90301514 -327.09698486 2.00000000
v -181.97099304 -352.12600708 2.00000000
v -284.93301392 -328.31298828 2.00000000
v -289.41101074 -326.14099121 2.00000000
v -184.36900330 -344.82699585 0.00000000
v -184.36900330 -344.82699585 2.00000000
v -183.30099487 -344.98199463 0.00000000
v -183.30099487 -344.98199463 2.00000000
v -182.50999451 -345.68399048 2.00000000
v -295.68399048 -332.78652954 2.00000000
v -182.12892151 -350.62274170 2.00000000
v -182.10002136 -350.84136963 2.00000000
v -182.25000000 -346.72299194 2.00000000
v -182.23086548 -347.27450562 2.00000000
v -182.15611267 -349.42877197 0.00000000
v -182.15838623 -349.00033569 2.00000000
v -289.62600708 -308.36499023 2.00000000
v -289.32501221 -307.32598877 2.00000000
v -290.46899414 -308.98400879 2.00000000
v -291.54000854 -309.10400391 2.00000000
v -289.24136353 -306.03262329 2.00000000
v -289.21694946 -305.59207153 2.00000000
v -294.79098511 -309.11199951 2.00000000
v -182.13768005 -350.29293823 2.00000000
v -182.15600586 -349.43136597 0.00000000
v -284.00070190 -307.49627686 2.00000000
v -284.24600220 -310.94000244 2.00000000
v -262.14868164 -309.75183105 2.00000000
v -283.70547485 -304.25299072 2.00000000
v -283.92129517 -306.39694214 2.00000000
v -266.80599976 -301.16400146 2.00000000
v -178.30200195 -353.54501343 2.00000000
v -284.52801514 -312.54501343 2.00000000
v -262.06900024 -311.81698608 2.00000000
v -262.12872314 -310.52362061 2.00000000
v -176.66000366 -359.27398682 2.00000000
v -289.15847778 -300.71606445 2.00000000
v -311.29598999 -277.84600830 2.00000000
v -289.17315674 -301.70870972 2.00000000
v -177.33299255 -353.98400879 0.00000000
v -177.33299255 -353.98400879 2.00000000
v -176.89399719 -354.95098877 2.00000000
v -176.67628479 -359.05596924 2.00000000
v -176.73989868 -358.20428467 0.00000000
v -288.98886108 -299.00534058 2.00000000
v -176.89399719 -354.95098877 0.00000000
v -176.86753845 -355.28100586 2.00000000
v -288.95199585 -298.67800903 2.00000000
v -176.74002075 -358.20169067 0.00000000
v -176.74955750 -357.33410645 2.00000000
v -176.76416016 -356.57006836 0.00000000
v -176.75444031 -357.00207520 2.00000000
v -176.76399231 -356.57263184 0.00000000
v -288.52398682 -297.67999268 2.00000000
v -284.76998901 -294.09500122 2.00000000
v -285.07299805 -295.69400024 2.00000000
v -285.56600952 -296.64898682 2.00000000
v -286.49700928 -297.15899658 2.00000000
v -192.97006226 -337.78811646 0.00000000
v -192.97000122 -338.22244263 2.00000000
v -192.97000122 -337.79064941 0.00000000
v -192.96858215 -339.54998779 2.00000000
v -187.21000671 -343.82800293 2.00000000
v -193.02600098 -336.21398926 2.00000000
v -193.02600098 -336.21398926 0.00000000
v -193.07698059 -336.21362305 0.00000000
v -280.86300659 -301.24398804 2.00000000
v -281.91799927 -301.45300293 2.00000000
v -283.66699219 -303.92401123 2.00000000
v -282.87200928 -301.95001221 2.00000000
v -283.41400146 -302.87600708 2.00000000
v -193.01460266 -336.53485107 2.00000000
v -262.18450928 -305.87246704 2.00000000
v -262.19836426 -305.10092163 2.00000000
v -265.77999878 -301.48599243 2.00000000
v -187.43699646 -342.77301025 2.00000000
v -187.43699646 -342.77301025 0.00000000
v -187.43713379 -342.77041626 0.00000000
v -187.52778625 -341.04873657 2.00000000
v -187.55221558 -340.44351196 2.00000000
v -187.55699158 -339.80096436 0.00000000
v -263.61999512 -301.61300659 2.00000000
v -262.35299683 -303.16900635 2.00000000
v -262.32897949 -303.38623047 2.00000000
v -262.70800781 -302.15600586 2.00000000
v -187.55404663 -339.94900513 2.00000000
v -187.56597900 -337.37484741 0.00000000
v -187.58271790 -336.07522583 2.00000000
v -187.56602478 -337.36904907 0.00000000
v -189.44299316 -331.85699463 0.00000000
v -189.44299316 -331.85699463 2.00000000
v -189.66102600 -331.85189819 2.00000000
v -190.51272583 -331.83203125 0.00000000
v -191.37333679 -331.73007202 2.00000000
v -190.51528931 -331.83184814 0.00000000
v -191.59300232 -331.70401001 2.00000000
v -191.59300232 -331.70401001 0.00000000
v -192.52699280 -331.19299316 2.00000000
v -192.52699280 -331.19299316 0.00000000
v -192.93699646 -330.20800781 0.00000000
v -267.72000122 -298.18499756 2.00000000
v -268.51599121 -297.50299072 2.00000000
v -267.44299316 -300.32800293 2.00000000
v -269.58200073 -297.33499146 2.00000000
v -271.74798584 -297.34698486 2.00000000
v -271.96786499 -297.35778809 2.00000000
v -273.68814087 -297.45178223 2.00000000
v -274.34405518 -297.50936890 2.00000000
v -275.62390137 -297.63201904 2.00000000
v -276.90377808 -297.84545898 2.00000000
v -277.12200928 -297.88699341 2.00000000
v -278.14199829 -298.24600220 2.00000000
v -279.11999512 -300.04098511 2.00000000
v -278.87100220 -299.00698853 2.00000000
v -279.87899780 -300.80599976 2.00000000
v -188.40800476 -332.14700317 0.00000000
v -188.40800476 -332.14700317 2.00000000
v -195.18124390 -328.11810303 2.00000000
v -196.86169434 -327.92218018 2.00000000
v -196.43611145 -327.96221924 0.00000000
v -327.26998901 -282.80999756 2.00000000
v -327.09600830 -281.19799805 2.00000000
v -194.86000061 -328.15798950 0.00000000
v -194.86000061 -328.15798950 2.00000000
v -193.82200623 -328.42199707 0.00000000
v -193.82200623 -328.42199707 2.00000000
v -327.72299194 -283.77899170 2.00000000
v -295.68399048 -309.30200195 2.00000000
v -327.08053589 -279.98590088 2.00000000
v -192.93699646 -330.20800781 2.00000000
v -193.02299500 -329.13400269 2.00000000
v -193.02299500 -329.13400269 0.00000000
v -187.84599304 -333.04901123 0.00000000
v -187.84599304 -333.04901123 2.00000000
v -326.95965576 -273.93234253 2.00000000
v -326.88000488 -273.07699585 2.00000000
v -187.66600037 -334.11999512 0.00000000
v -187.66600037 -334.11999512 2.00000000
v -187.66590881 -334.12194824 0.00000000
v -187.60308838 -335.41339111 2.00000000
v -325.79000854 -271.36300659 2.00000000
v -326.59500122 -272.03601074 2.00000000
v -323.63400269 -271.20901489 2.00000000
v -326.98812866 -274.37350464 2.00000000
v -322.60699463 -270.92001343 2.00000000
v -161.00300598 -156.00000000 2.00000000
v -321.64801025 -269.04901123 2.00000000
v -321.40200806 -266.89199829 2.00000000
v -319.79299927 -263.07998657 2.00000000
v -320.61401367 -263.77301025 2.00000000
v -321.05398560 -264.76000977 2.00000000
v -321.93099976 -270.08401489 2.00000000
v -195.21000671 -318.86199951 0.00000000
v -195.21000671 -318.86199951 2.00000000
v -196.28999329 -318.83999634 2.00000000
v -196.28999329 -318.83999634 0.00000000
v -197.35099792 -318.64300537 0.00000000
v -317.70800781 -262.54000854 2.00000000
v -316.89498901 -261.85198975 2.00000000
v -194.14100647 -319.04098511 0.00000000
v -194.14100647 -319.04098511 2.00000000
v -193.28300476 -319.66101074 2.00000000
v -330.40600586 -266.92498779 2.00000000
v -329.33300781 -266.90899658 2.00000000
v -327.16128540 -264.50152588 2.00000000
v -192.98100281 -320.69198608 0.00000000
v -192.98100281 -320.69198608 2.00000000
v -193.08399963 -321.76599121 0.00000000
v -193.08399963 -321.76599121 2.00000000
v -327.17047119 -264.83273315 2.00000000
v -327.05456543 -262.77966309 2.00000000
v -193.93699646 -322.40499878 0.00000000
v -193.93699646 -322.40499878 2.00000000
v -194.94400024 -322.64700317 0.00000000
v -194.94400024 -322.64700317 2.00000000
v -284.34399414 -289.23901367 2.00000000
v -287.57501221 -297.23300171 2.00000000
v -195.28132629 -322.68609619 2.00000000
v -196.59902954 -322.83877563 0.00000000
v -283.39401245 -289.09399414 2.00000000
v -258.64099121 -297.23098755 2.00000000
v -240.60899353 -277.52200317 2.00000000
v -262.30398560 -293.84399414 2.00000000
v -196.60226440 -322.83908081 0.00000000
v -197.44998169 -322.90032959 2.00000000
v -196.60743713 -322.83926392 0.00000000
v -232.26400757 -248.59199524 2.00000000
v -232.26400757 -248.59199524 0.00000000
v -234.43299866 -248.48599243 0.00000000
v -234.43299866 -248.48599243 2.00000000
v -231.36599731 -249.13499451 2.00000000
v -231.36599731 -249.13499451 0.00000000
v -231.01199341 -250.14500427 0.00000000
v -235.44900513 -248.16099548 0.00000000
v -235.44900513 -248.16099548 2.00000000
v -231.01199341 -250.14500427 2.00000000
v -316.21282959 -258.91506958 2.00000000
v -316.46051025 -260.62417603 2.00000000
v -230.98695374 -250.36262512 2.00000000
v -230.88914490 -251.21272278 0.00000000
v -230.84997559 -252.08847046 2.00000000
v -230.88894653 -251.21531677 0.00000000
v -305.43511963 -216.18707275 2.00000000
v -305.42001343 -215.75764465 0.00000000
v -305.41989136 -215.75312805 0.00000000
v -305.33877563 -213.17022705 2.00000000
v -305.47094727 -216.62638855 2.00000000
v -305.59582520 -217.91307068 0.00000000
v -326.79998779 -255.30900574 2.00000000
v -388.00000000 -156.00000000 2.00000000
v -326.98098755 -256.93200684 2.00000000
v -305.59600830 -217.91499329 2.00000000
v -305.59600830 -217.91499329 0.00000000
v -306.07400513 -218.86500549 2.00000000
v -306.07400513 -218.86500549 0.00000000
v -331.45901489 -267.13900757 2.00000000
v -326.99484253 -258.03457642 2.00000000
v -310.58401489 -220.88200378 0.00000000
v -310.58401489 -220.88200378 2.00000000
v -326.33801270 -254.35800171 2.00000000
v -307.06500244 -219.25399780 2.00000000
v -307.06500244 -219.25399780 0.00000000
v -310.15100098 -219.89599609 2.00000000
v -310.15100098 -219.89599609 0.00000000
v -309.22698975 -219.38000488 0.00000000
v -309.22698975 -219.38000488 2.00000000
v -295.67681885 -210.08911133 2.00000000
v -295.68399048 -210.51536560 0.00000000
v -295.68408203 -210.51860046 0.00000000
v -295.73736572 -212.24742126 2.00000000
v -312.67498779 -248.60600281 2.00000000
v -313.74798584 -248.79899597 2.00000000
v -295.65728760 -209.64898682 2.00000000
v -295.75100708 -212.69000244 0.00000000
v -295.75100708 -212.69000244 2.00000000
v -295.58810425 -208.35594177 0.00000000
v -315.34100342 -250.09700012 2.00000000
v -314.73199463 -249.21499634 2.00000000
v -315.61700439 -251.13400269 2.00000000
v -315.64752197 -251.35284424 2.00000000
v -315.84423828 -253.07630920 2.00000000
v -316.18084717 -258.58505249 2.00000000
v -315.92202759 -254.28677368 2.00000000
v -316.50000000 -260.84100342 2.00000000
v -295.58801270 -208.35400391 2.00000000
v -295.58801270 -208.35400391 0.00000000
v -295.32101440 -207.30999756 2.00000000
v -295.32101440 -207.30999756 0.00000000
v -300.02392578 -206.12786865 0.00000000
v -300.01843262 -205.91976929 2.00000000
v -300.02398682 -206.13368225 0.00000000
v -300.11001587 -208.06851196 2.00000000
v -300.02413940 -206.13690186 0.00000000
v -300.13198853 -208.56300354 2.00000000
v -300.13198853 -208.56300354 0.00000000
v -311.69000244 -248.16900635 2.00000000
v -300.35299683 -209.62600708 2.00000000
v -300.35299683 -209.62600708 0.00000000
v -301.02499390 -210.43400574 2.00000000
v -301.02499390 -210.43400574 0.00000000
v -305.31799316 -212.50900269 0.00000000
v -305.31799316 -212.50900269 2.00000000
v -305.04299927 -211.47000122 0.00000000
v -305.04299927 -211.47000122 2.00000000
v -302.08401489 -210.63600159 2.00000000
v -302.08401489 -210.63600159 0.00000000
v -304.23498535 -210.79699707 2.00000000
v -304.23498535 -210.79699707 0.00000000
v -303.16299438 -210.65299988 0.00000000
v -303.16299438 -210.65299988 2.00000000
v -299.97064209 -202.04278564 2.00000000
v -299.97497559 -201.53535461 0.00000000
v -299.96066284 -201.10673523 2.00000000
v -299.94052124 -200.77510071 2.00000000
v -299.87609863 -199.90829468 0.00000000
v -299.87600708 -199.90699768 2.00000000
v -299.87600708 -199.90699768 0.00000000
v -388.00000000 -391.00000000 0.00000000
v -388.00000000 -391.00000000 2.00000000
v -203.65400696 -262.21499634 2.00000000
v -203.65400696 -262.21499634 53.00000000
v -196.00000000 -280.69299316 2.00000000
v -196.00000000 -280.69299316 53.00000000
v -211.96878052 -265.65954590 53.00000000
v -234.31990051 -274.91760254 53.00000000
v -205.23908997 -284.51977539 53.00000000
v -205.23908997 -284.51977539 29.00000000
v -228.33599854 -294.08700562 29.00000000
v -223.71600342 -292.17300415 29.00000000
v -231.36999512 -273.69601440 29.00000000
v -234.31990051 -274.91760254 29.00000000
v -212.89199829 -266.04199219 29.00000000
v -205.23899841 -284.51998901 2.00000000
v -205.23899841 -284.51998901 53.00000000
v -211.96899414 -265.65899658 53.00000000
v -211.96878052 -265.65954590 29.00000000
v -211.96899414 -265.65899658 29.00000000
v -223.71600342 -292.17300415 2.00000000
v -248.14199829 -341.00000000 2.00000000
v -248.14199829 -341.00000000 53.00000000
v -234.00000000 -355.14199829 53.00000000
v -234.00000000 -355.14199829 2.00000000
v -241.07099915 -362.21301270 29.00000000
v -255.21299744 -376.35501099 29.00000000
v -255.21299744 -348.07101440 29.00000000
v -269.35501099 -362.21301270 29.00000000
v -262.28399658 -383.42599487 53.00000000
v -276.42599487 -369.28399658 53.00000000
v -255.21299744 -348.07101440 2.00000000
v -241.07099915 -362.21301270 2.00000000
v -269.35501099 -362.21301270 2.00000000
v -255.21299744 -376.35501099 2.00000000
v -352.71600342 -300.04199219 29.00000000
v -340.68466187 -305.02532959 29.00000000
v -360.36978149 -318.51947021 29.00000000
v -357.33609009 -298.12823486 29.00000000
v -341.89199829 -326.17300415 29.00000000
v -357.33599854 -298.12799072 53.00000000
v -357.33599854 -298.12799072 29.00000000
v -262.81900024 -289.09399414 2.00000000
v -334.23901367 -307.69601440 29.00000000
v -341.89199829 -326.17300415 2.00000000
v -340.96878052 -326.55545044 53.00000000
v -360.36978149 -318.51947021 53.00000000
v -340.96899414 -326.55599976 53.00000000
v -332.65399170 -330.00000000 53.00000000
v -333.31521606 -308.07855225 53.00000000
v -340.96899414 -326.55599976 29.00000000
v -340.96878052 -326.55545044 29.00000000
v -332.65399170 -330.00000000 2.00000000
v -360.36999512 -318.51998901 2.00000000
v -352.71600342 -300.04199219 2.00000000
v -360.36999512 -318.51998901 53.00000000
v -369.60900879 -314.69299316 2.00000000
v -369.60900879 -314.69299316 53.00000000
v -361.95498657 -296.21499634 53.00000000
v -361.95498657 -296.21499634 2.00000000
v -357.33609009 -298.12823486 53.00000000
v -245.93742371 -224.56610107 2.00000000
v -245.85099792 -228.51499939 2.00000000
v -262.28399658 -383.42599487 2.00000000
v -276.42599487 -369.28399658 2.00000000
v -333.31500244 -308.07800293 53.00000000
v -325.00000000 -311.52200317 53.00000000
v -325.00000000 -311.52200317 2.00000000
v -333.31500244 -308.07800293 29.00000000
v -334.23901367 -307.69601440 2.00000000
v -333.31521606 -308.07855225 29.00000000
v -293.54998779 -206.23699951 2.00000000
v -232.95500183 -296.00000000 2.00000000
v -232.95500183 -296.00000000 53.00000000
v -240.60899353 -277.52200317 53.00000000
v -228.33610535 -294.08676147 53.00000000
v -228.33599854 -294.08700562 53.00000000
v -228.33610535 -294.08676147 29.00000000
v -380.00299072 -372.60501099 2.00000000
v -379.92401123 -373.64498901 2.00000000
v -376.71301270 -370.58898926 2.00000000
v -376.07000732 -369.75601196 2.00000000
v -378.84201050 -370.93701172 2.00000000
v -299.11599731 -197.94000244 2.00000000
v -295.73901367 -194.27900696 2.00000000
v -299.68099976 -198.84700012 2.00000000
v -298.09399414 -197.66700745 2.00000000
v -296.19198608 -196.93099976 2.00000000
v -295.88299561 -195.89599609 2.00000000
v -297.00799561 -197.57899475 2.00000000
v -289.42535400 -199.79769897 2.00000000
v -271.55456543 -202.81434631 2.00000000
v -289.37792969 -199.08354187 2.00000000
v -289.26483154 -197.36326599 2.00000000
v -289.65100098 -202.87500000 2.00000000
v -289.61251831 -202.37969971 2.00000000
v -374.43405151 -374.86596680 2.00000000
v -370.14849854 -375.01251221 2.00000000
v -227.05947876 -335.96472168 2.00000000
v -362.72265625 -375.07861328 2.00000000
v -289.94000244 -204.47300720 2.00000000
v -375.41732788 -374.82647705 2.00000000
v -290.45999146 -205.40400696 2.00000000
v -291.41000366 -205.90400696 2.00000000
v -360.79598999 -375.09939575 2.00000000
v -294.58999634 -206.55000305 2.00000000
v -343.23120117 -310.41897583 2.00000000
v -343.22000122 -309.31600952 2.00000000
v -379.68200684 -371.58300781 2.00000000
v -375.69229126 -363.52117920 2.00000000
v -375.68597412 -362.63848877 2.00000000
v -343.10000610 -307.68701172 2.00000000
v -342.81298828 -306.65301514 2.00000000
v -342.00399780 -305.98901367 2.00000000
v -337.92001343 -303.74700928 2.00000000
v -337.90716553 -303.41638184 2.00000000
v -338.12200928 -304.80398560 2.00000000
v -375.84399414 -368.69799805 2.00000000
v -375.71301270 -366.54598999 2.00000000
v -375.60635376 -360.48574829 2.00000000
v -338.79299927 -305.61999512 2.00000000
v -339.84500122 -305.84698486 2.00000000
v -380.00299072 -344.06399536 2.00000000
v -337.79000854 -299.41799927 2.00000000
v -337.80364990 -299.96868896 2.00000000
v -370.38156128 -355.54830933 2.00000000
v -373.77398682 -357.82299805 2.00000000
v -370.38687134 -355.87915039 2.00000000
v -370.27767944 -352.63369751 2.00000000
v -370.28439331 -352.96472168 2.00000000
v -337.85223389 -301.69293213 2.00000000
v -337.60598755 -298.35000610 2.00000000
v -375.40100098 -358.98400879 2.00000000
v -375.58700562 -360.04501343 2.00000000
v -374.81698608 -358.09399414 2.00000000
v -336.98300171 -297.49499512 2.00000000
v -332.61401367 -295.46301270 2.00000000
v -332.61401367 -295.46301270 0.00000000
v -370.73599243 -357.11700439 2.00000000
v -370.40600586 -356.09899902 2.00000000
v -371.62399292 -357.69601440 2.00000000
v -370.16220093 -350.91424561 2.00000000
v -332.92898560 -296.49600220 2.00000000
v -335.94400024 -297.23400879 2.00000000
v -370.13900757 -350.69601440 2.00000000
v -369.73800659 -349.70098877 2.00000000
v -333.78500366 -297.10998535 2.00000000
v -198.37915039 -311.49404907 2.00000000
v -198.36799622 -314.08401489 2.00000000
v -364.05801392 -353.80300903 2.00000000
v -364.60598755 -354.71600342 2.00000000
v -363.04000854 -353.50100708 2.00000000
v -364.78100586 -355.77999878 2.00000000
v -360.87298584 -353.38800049 2.00000000
v -364.79891968 -356.27713013 2.00000000
v -364.87774658 -359.29956055 2.00000000
v -364.88101196 -365.53698730 2.00000000
v -317.07299805 -366.45999146 2.00000000
v -364.88021851 -360.78872681 2.00000000
v -343.02636719 -295.07528687 2.00000000
v -343.17687988 -297.43667603 2.00000000
v -343.19662476 -297.76647949 2.00000000
v -343.24468994 -298.20538330 2.00000000
v -343.39599609 -299.49398804 2.00000000
v -343.68600464 -300.53500366 2.00000000
v -332.44500732 -290.59399414 2.00000000
v -332.48498535 -293.84500122 2.00000000
v -365.65899658 -348.66900635 2.00000000
v -365.17199707 -347.71499634 2.00000000
v -366.63299561 -349.09799194 2.00000000
v -368.79098511 -349.22000122 2.00000000
v -364.90899658 -346.11599731 2.00000000
v -364.86685181 -345.51177979 2.00000000
v -332.38366699 -287.57635498 2.00000000
v -332.37838745 -287.02670288 2.00000000
v -364.43878174 -338.98965454 2.00000000
v -364.60443115 -341.57086182 2.00000000
v -364.66854858 -342.50527954 2.00000000
v -364.15524292 -337.28771973 2.00000000
v -338.05999756 -287.02398682 2.00000000
v -338.51098633 -288.00100708 2.00000000
v -342.96936035 -294.30657959 2.00000000
v -342.82681274 -292.36968994 2.00000000
v -198.66600037 -307.05099487 2.00000000
v -198.48100281 -308.12701416 2.00000000
v -364.09600830 -336.96301270 2.00000000
v -342.63964844 -291.08425903 2.00000000
v -342.60299683 -290.86499023 2.00000000
v -342.25000000 -289.84298706 2.00000000
v -363.60900879 -335.99398804 2.00000000
v -339.41500854 -288.56298828 2.00000000
v -200.55252075 -327.72994995 2.00000000
v -197.52372742 -327.88208008 2.00000000
v -359.61065674 -332.63882446 2.00000000
v -359.48641968 -330.48132324 2.00000000
v -362.70098877 -335.43899536 2.00000000
v -341.51199341 -289.08898926 2.00000000
v -341.29968262 -289.02526855 2.00000000
v -230.82534790 -253.63281250 2.00000000
v -360.60900879 -334.91500854 2.00000000
v -359.91198730 -334.11999512 2.00000000
v -361.65100098 -335.23599243 2.00000000
v -339.62957764 -288.60635376 2.00000000
v -332.34051514 -286.58654785 2.00000000
v -332.23300171 -285.73199463 2.00000000
v -235.98100281 -247.24299622 2.00000000
v -331.82299805 -284.73999023 2.00000000
v -330.87500000 -284.27999878 2.00000000
v -230.76800537 -258.79998779 2.00000000
v -364.72000122 -366.45999146 2.00000000
v -327.72299194 -283.77899170 0.00000000
v -328.71301270 -284.18399048 2.00000000
v -236.14399719 -246.16700745 2.00000000
v -240.52400208 -237.49899292 2.00000000
v -332.55398560 -277.68798828 2.00000000
v -332.74700928 -278.75299072 2.00000000
v -333.34298706 -279.61999512 2.00000000
v -337.85000610 -283.79000854 2.00000000
v -337.85699463 -284.87899780 2.00000000
v -359.19180298 -375.10284424 2.00000000
v -337.73800659 -281.63101196 2.00000000
v -359.50692749 -350.07745361 2.00000000
v -315.87799072 -358.67300415 2.00000000
v -359.43603516 -345.76245117 2.00000000
v -236.22099304 -242.38099670 2.00000000
v -337.41598511 -280.60400391 2.00000000
v -236.33000183 -239.67500305 2.00000000
v -238.38099670 -237.70599365 2.00000000
v -334.39099121 -279.88000488 2.00000000
v -241.33000183 -236.81599426 2.00000000
v -316.15533447 -360.16653442 2.00000000
v -239.46499634 -237.68299866 2.00000000
v -336.54901123 -280.01300049 2.00000000
v -359.64401245 -351.81201172 2.00000000
v -359.53808594 -350.51861572 2.00000000
v -336.32812500 -279.98999023 2.00000000
v -334.60943604 -279.88406372 2.00000000
v -237.31300354 -237.87399292 2.00000000
v -236.57099915 -238.62500000 2.00000000
v -241.59300232 -235.77499390 2.00000000
v -332.44299316 -272.27801514 2.00000000
v -332.44564819 -272.94003296 2.00000000
v -332.46716309 -275.95608521 2.00000000
v -359.98599243 -352.82800293 2.00000000
v -332.48709106 -276.39541626 2.00000000
v -229.79899597 -245.05900574 2.00000000
v -228.73800659 -245.26100159 2.00000000
v -230.47000122 -244.25399780 2.00000000
v -230.69099426 -243.19400024 2.00000000
v -243.30400085 -232.31300354 2.00000000
v -242.30599976 -232.69500732 2.00000000
v -244.37800598 -232.25100708 2.00000000
v -332.32598877 -269.03100586 2.00000000
v -241.76800537 -233.61700439 2.00000000
v -328.25698853 -266.77899170 0.00000000
v -327.46301270 -266.08499146 2.00000000
v -328.25698853 -266.77899170 2.00000000
v -332.11300659 -267.96798706 2.00000000
v -245.26300049 -231.69700623 2.00000000
v -359.38839722 -344.44161987 2.00000000
v -359.25698853 -343.15701294 2.00000000
v -245.62300110 -230.66999817 2.00000000
v -329.33300781 -266.90899658 0.00000000
v -235.98100281 -229.72099304 2.00000000
v -235.59199524 -230.72799683 2.00000000
v -233.54550171 -231.83903503 2.00000000
v -233.96282959 -231.70751953 2.00000000
v -232.72200012 -232.07000732 2.00000000
v -330.40600586 -266.92498779 0.00000000
v -316.22698975 -366.22299194 2.00000000
v -316.22698975 -362.32086182 2.00000000
v -234.77200317 -231.42399597 2.00000000
v -231.77000427 -232.57800293 2.00000000
v -358.90399170 -342.14001465 2.00000000
v -358.13198853 -341.40701294 2.00000000
v -359.42749023 -344.87973022 2.00000000
v -356.07000732 -340.73300171 2.00000000
v -355.10101318 -340.25100708 2.00000000
v -230.96400452 -234.53500366 2.00000000
v -230.94465637 -234.75567627 2.00000000
v -354.10974121 -337.50048828 2.00000000
v -354.08901978 -336.20388794 2.00000000
v -230.83793640 -236.48471069 2.00000000
v -230.82490540 -237.47695923 2.00000000
v -227.65800476 -245.27799988 2.00000000
v -230.80499268 -240.49299622 2.00000000
v -310.81814575 -372.38656616 2.00000000
v -310.82101440 -374.15200806 2.00000000
v -224.74699402 -253.49000549 2.00000000
v -223.75700378 -253.87699890 2.00000000
v -225.22900391 -252.53399658 2.00000000
v -221.58799744 -253.98100281 2.00000000
v -225.26034546 -252.20562744 2.00000000
v -310.79504395 -365.04992676 2.00000000
v -310.77468872 -364.60998535 2.00000000
v -310.70700073 -363.31900024 2.00000000
v -225.77799988 -246.09500122 2.00000000
v -226.58599854 -245.42199707 2.00000000
v -310.52398682 -362.25698853 2.00000000
v -309.95999146 -361.35400391 2.00000000
v -225.50300598 -247.13499451 2.00000000
v -310.94000244 -375.11599731 0.00000000
v -310.94000244 -375.11599731 2.00000000
v -308.93099976 -361.07000732 2.00000000
v -353.19500732 -332.11700439 2.00000000
v -353.82400513 -332.96398926 2.00000000
v -352.15301514 -331.85900879 2.00000000
v -354.01000977 -334.02700806 2.00000000
v -349.98498535 -331.73098755 2.00000000
v -354.05380249 -335.32119751 2.00000000
v -354.06582642 -335.76193237 2.00000000
v -225.43371582 -248.42918396 2.00000000
v -225.41416931 -248.86952209 2.00000000
v -306.77398682 -360.95401001 2.00000000
v -305.90301514 -360.36401367 2.00000000
v -306.99346924 -360.97314453 2.00000000
v -354.45001221 -339.40200806 2.00000000
v -308.71133423 -361.06552124 2.00000000
v -225.39733887 -250.48774719 2.00000000
v -225.40222168 -250.15733337 2.00000000
v -359.64099121 -333.08099365 2.00000000
v -359.46545410 -329.38159180 2.00000000
v -220.63499451 -254.42799377 2.00000000
v -348.82998657 -330.07598877 2.00000000
v -349.14199829 -331.11300659 2.00000000
v -319.63909912 -375.11560059 2.00000000
v -311.18099976 -356.82800293 2.00000000
v -311.88000488 -357.61199951 2.00000000
v -220.10668945 -256.27136230 2.00000000
v -220.21499634 -255.41999817 2.00000000
v -315.09698486 -357.97100830 2.00000000
v -310.83499146 -353.61099243 2.00000000
v -354.18301392 -338.36300659 2.00000000
v -316.13699341 -359.72601318 2.00000000
v -358.67898560 -323.51998901 2.00000000
v -359.21899414 -324.43200684 2.00000000
v -312.94799805 -357.79501343 2.00000000
v -357.65600586 -323.20599365 2.00000000
v -314.02999878 -357.81201172 2.00000000
v -219.99861145 -261.02838135 2.00000000
v -220.06842041 -256.70785522 2.00000000
v -310.95098877 -355.77801514 2.00000000
v -296.19198608 -196.93099976 0.00000000
v -297.00799561 -197.57899475 0.00000000
v -235.98100281 -247.24299622 0.00000000
v -299.68099976 -198.84700012 0.00000000
v -230.16700745 -261.96398926 2.00000000
v -299.11599731 -197.94000244 0.00000000
v -230.55200195 -260.96200562 0.00000000
v -230.55200195 -260.96200562 2.00000000
v -298.09399414 -197.66700745 0.00000000
v -305.45001221 -357.72299194 2.00000000
v -305.38867188 -353.41195679 2.00000000
v -230.76800537 -258.79998779 0.00000000
v -305.37768555 -352.42013550 2.00000000
v -289.22921753 -196.93722534 0.00000000
v -289.46194458 -200.44104004 0.00000000
v -230.76808167 -258.79226685 0.00000000
v -289.22906494 -196.93464661 0.00000000
v -305.57699585 -359.34500122 0.00000000
v -305.57699585 -359.34500122 2.00000000
v -236.14399719 -246.16700745 0.00000000
v -289.46221924 -200.44490051 0.00000000
v -289.22857666 -196.93145752 0.00000000
v -310.81500244 -349.81900024 2.00000000
v -288.93670654 -195.23364258 2.00000000
v -288.86199951 -194.79899597 0.00000000
v -238.38099670 -237.70599365 0.00000000
v -239.46499634 -237.68299866 0.00000000
v -310.71899414 -347.11099243 2.00000000
v -237.31300354 -237.87399292 0.00000000
v -305.92401123 -344.15100098 0.00000000
v -305.92401123 -344.15100098 2.00000000
v -306.80801392 -344.73199463 2.00000000
v -294.58999634 -206.55000305 0.00000000
v -310.54400635 -346.04901123 2.00000000
v -309.98599243 -345.13699341 2.00000000
v -236.57099915 -238.62500000 0.00000000
v -236.33000183 -239.67500305 0.00000000
v -307.66256714 -344.80050659 2.00000000
v -236.22099304 -242.38099670 0.00000000
v -308.96499634 -344.84298706 2.00000000
v -308.10168457 -344.82308960 2.00000000
v -230.47000122 -244.25399780 0.00000000
v -229.79899597 -245.05900574 0.00000000
v -230.69099426 -243.19400024 0.00000000
v -230.80499268 -240.49299622 0.00000000
v -305.34268188 -351.98062134 2.00000000
v -305.22399902 -350.69198608 2.00000000
v -230.80502319 -240.48847961 0.00000000
v -304.83300781 -349.69799805 2.00000000
v -243.30400085 -232.31300354 0.00000000
v -244.37800598 -232.25100708 0.00000000
v -303.88598633 -349.20999146 2.00000000
v -242.30599976 -232.69500732 0.00000000
v -241.76800537 -233.61700439 0.00000000
v -299.89044189 -343.74322510 2.00000000
v -299.90121460 -344.18417358 2.00000000
v -241.59300232 -235.77499390 0.00000000
v -245.26300049 -231.69700623 0.00000000
v -300.03900146 -346.76300049 2.00000000
v -240.52400208 -237.49899292 0.00000000
v -300.18499756 -347.84100342 0.00000000
v -300.18499756 -347.84100342 2.00000000
v -241.33000183 -236.81599426 0.00000000
v -300.71600342 -348.75399780 2.00000000
v -301.72500610 -349.10101318 2.00000000
v -245.62300110 -230.66999817 0.00000000
v -305.43490601 -340.96688843 0.00000000
v -305.36251831 -336.22494507 2.00000000
v -305.45251465 -341.40008545 2.00000000
v -305.43502808 -340.97463989 0.00000000
v -232.72323608 -232.06965637 0.00000000
v -232.72200012 -232.07000732 0.00000000
v -305.41390991 -337.70877075 0.00000000
v -234.77078247 -231.42442322 0.00000000
v -305.48388672 -341.83715820 2.00000000
v -234.77200317 -231.42399597 0.00000000
v -235.59199524 -230.72799683 0.00000000
v -305.58883667 -343.11907959 0.00000000
v -235.98100281 -229.72099304 0.00000000
v -305.58898926 -343.12100220 0.00000000
v -305.58898926 -343.12100220 2.00000000
v -231.77000427 -232.57800293 0.00000000
v -299.86599731 -343.52499390 2.00000000
v -236.01133728 -229.50480652 2.00000000
v -236.12982178 -228.66026306 0.00000000
v -299.53698730 -342.50000000 2.00000000
v -299.53698730 -342.50000000 0.00000000
v -231.19299316 -233.48399353 0.00000000
v -231.19299316 -233.48399353 2.00000000
v -295.75299072 -337.33401489 0.00000000
v -295.75299072 -337.33401489 2.00000000
v -295.75292969 -337.32882690 0.00000000
v -230.96400452 -234.53500366 0.00000000
v -295.91101074 -338.94699097 0.00000000
v -298.83499146 -341.68798828 2.00000000
v -298.83499146 -341.68798828 0.00000000
v -230.86911011 -235.61770630 0.00000000
v -295.91101074 -338.94699097 2.00000000
v -230.86895752 -235.62030029 0.00000000
v -296.20001221 -339.99700928 0.00000000
v -296.20001221 -339.99700928 2.00000000
v -296.85000610 -340.83499146 0.00000000
v -296.85000610 -340.83499146 2.00000000
v -221.58799744 -253.98100281 0.00000000
v -223.75700378 -253.87699890 0.00000000
v -300.29058838 -327.96078491 0.00000000
v -300.33956909 -328.39328003 2.00000000
v -300.29107666 -327.96463013 0.00000000
v -224.74699402 -253.49000549 0.00000000
v -225.22900391 -252.53399658 0.00000000
v -300.56100464 -329.56900024 2.00000000
v -300.56100464 -329.56900024 0.00000000
v -300.50604248 -329.24224854 2.00000000
v -300.29132080 -327.96591187 0.00000000
v -220.63499451 -254.42799377 0.00000000
v -300.96899414 -330.55999756 0.00000000
v -227.65800476 -245.27799988 0.00000000
v -228.73800659 -245.26100159 0.00000000
v -300.96899414 -330.55999756 2.00000000
v -226.58599854 -245.42199707 0.00000000
v -305.35824585 -335.56085205 2.00000000
v -225.38281250 -250.92292786 0.00000000
v -305.31103516 -334.47265625 0.00000000
v -305.33728027 -334.90127563 2.00000000
v -225.77799988 -246.09500122 0.00000000
v -225.50300598 -247.13499451 0.00000000
v -225.38302612 -250.92034912 0.00000000
v -301.76199341 -331.29199219 2.00000000
v -301.76199341 -331.29199219 0.00000000
v -225.50289917 -247.13693237 0.00000000
v -225.40701294 -249.29736328 0.00000000
v -305.30511475 -334.68121338 2.00000000
v -305.15322876 -333.39294434 0.00000000
v -305.15301514 -333.39099121 2.00000000
v -305.15301514 -333.39099121 0.00000000
v -225.40699768 -249.29928589 0.00000000
v -304.73699951 -332.39801025 0.00000000
v -304.73699951 -332.39801025 2.00000000
v -220.21499634 -255.41999817 0.00000000
v -302.78900146 -331.60998535 2.00000000
v -302.78900146 -331.60998535 0.00000000
v -220.21484375 -255.42127991 0.00000000
v -303.85000610 -331.81900024 2.00000000
v -303.85000610 -331.81900024 0.00000000
v -220.02706909 -257.56271362 0.00000000
v -220.06312561 -257.14898682 2.00000000
v -220.00109863 -259.72714233 0.00000000
v -220.00099182 -259.73294067 0.00000000
v -295.68399048 -328.13299561 2.00000000
v -295.68399048 -328.13299561 0.00000000
v -295.68399048 -331.92529297 0.00000000
v -295.69805908 -333.88787842 2.00000000
v -245.85099792 -228.51499939 0.00000000
v -245.85110474 -228.51048279 0.00000000
v -245.91870117 -225.50134277 2.00000000
v -295.22799683 -327.50698853 0.00000000
v -295.22799683 -327.50698853 2.00000000
v -245.94299316 -223.92196655 0.00000000
v -245.94300842 -223.90580750 0.00000000
v -261.12753296 -361.05813599 2.00000000
v -262.84841919 -361.04302979 0.00000000
v -263.28106689 -361.03741455 2.00000000
v -262.85165405 -361.04299927 0.00000000
v -263.61187744 -361.02621460 2.00000000
v -264.47470093 -360.98806763 0.00000000
v -237.56500244 -219.36599731 0.00000000
v -237.56500244 -219.36599731 2.00000000
v -239.66600037 -218.86799622 2.00000000
v -239.66600037 -218.86799622 0.00000000
v -265.32656860 -360.90118408 2.00000000
v -264.47726440 -360.98788452 0.00000000
v -265.54400635 -360.87899780 0.00000000
v -265.54400635 -360.87899780 2.00000000
v -266.59899902 -360.63299561 0.00000000
v -266.59899902 -360.63299561 2.00000000
v -240.49699402 -218.19799805 2.00000000
v -240.49699402 -218.19799805 0.00000000
v -267.44699097 -359.99099731 2.00000000
v -245.94778442 -213.77459717 2.00000000
v -281.11700439 -344.78298950 2.00000000
v -281.11700439 -344.78298950 0.00000000
v -282.17800903 -344.58099365 0.00000000
v -282.17800903 -344.58099365 2.00000000
v -245.94900513 -211.18099976 0.00000000
v -240.89799500 -217.21000671 2.00000000
v -240.89799500 -217.21000671 0.00000000
v -283.19799805 -344.24200439 0.00000000
v -283.19799805 -344.24200439 2.00000000
v -240.95051575 -216.88345337 2.00000000
v -280.18600464 -345.30398560 0.00000000
v -280.18600464 -345.30398560 2.00000000
v -279.69699097 -346.26199341 2.00000000
v -279.69699097 -346.26199341 0.00000000
v -279.52801514 -347.32800293 2.00000000
v -279.52801514 -347.32800293 0.00000000
v -241.15568542 -215.60791016 0.00000000
v -279.46600342 -349.49398804 0.00000000
v -241.20298767 -215.17831421 2.00000000
v -241.15606689 -215.60536194 0.00000000
v -241.50564575 -210.20280457 0.00000000
v -241.27424622 -214.07716370 2.00000000
v -279.07101440 -352.69198608 2.00000000
v -279.36099243 -351.65899658 2.00000000
v -279.46600342 -349.49398804 2.00000000
v -236.75700378 -220.06100464 0.00000000
v -236.75700378 -220.06100464 2.00000000
v -236.13006592 -228.65769958 0.00000000
v -236.17778015 -227.79170227 2.00000000
v -276.09100342 -353.54098511 2.00000000
v -276.09100342 -353.54098511 0.00000000
v -276.31024170 -353.52716064 2.00000000
v -277.16671753 -353.47308350 0.00000000
v -236.42100525 -221.07800293 0.00000000
v -236.42100525 -221.07800293 2.00000000
v -277.16928101 -353.47283936 0.00000000
v -278.01858521 -353.37106323 2.00000000
v -236.29200745 -222.16000366 0.00000000
v -278.23599243 -353.34500122 0.00000000
v -278.23599243 -353.34500122 2.00000000
v -236.19834900 -226.79843140 2.00000000
v -236.23095703 -223.78451538 0.00000000
v -236.29200745 -222.16000366 2.00000000
v -236.23107910 -223.77806091 0.00000000
v -236.27958679 -222.48979187 2.00000000
v -236.23098755 -223.78193665 0.00000000
v -236.22064209 -225.07498169 2.00000000
v -246.49800110 -210.64599609 2.00000000
v -246.49800110 -210.64599609 0.00000000
v -249.75199890 -210.59599304 0.00000000
v -249.75199890 -210.59599304 2.00000000
v -245.94900513 -211.18099976 2.00000000
v -250.71000671 -210.15800476 0.00000000
v -250.71000671 -210.15800476 2.00000000
v -251.13600159 -209.17599487 0.00000000
v -251.13600159 -209.17599487 2.00000000
v -251.32800293 -207.02099609 0.00000000
v -251.32800293 -207.02099609 2.00000000
v -251.32803345 -207.01808167 0.00000000
v -251.34791565 -205.07614136 2.00000000
v -254.59515381 -197.63513184 2.00000000
v -253.74028015 -197.66296387 0.00000000
v -254.81399536 -197.62800598 0.00000000
v -254.81399536 -197.62800598 2.00000000
v -252.87648010 -197.74821472 2.00000000
v -253.73770142 -197.66313171 0.00000000
v -252.65600586 -197.77000427 2.00000000
v -252.65600586 -197.77000427 0.00000000
v -251.82299805 -198.41000366 2.00000000
v -251.82299805 -198.41000366 0.00000000
v -284.38232422 -340.76187134 0.00000000
v -289.65100098 -202.87500000 0.00000000
v -289.94000244 -204.47300720 0.00000000
v -290.45999146 -205.40400696 0.00000000
v -293.54998779 -206.23699951 0.00000000
v -291.41000366 -205.90400696 0.00000000
v -295.68399048 -185.07499695 0.00000000
v -295.68399048 -185.07499695 2.00000000
v -295.68399048 -189.14123535 2.00000000
v -295.68399048 -190.21638489 0.00000000
v -290.90798950 -327.45999146 0.00000000
v -295.72781372 -193.45227051 2.00000000
v -295.68405151 -190.22283936 0.00000000
v -284.65701294 -335.62200928 0.00000000
v -295.73901367 -194.27900696 0.00000000
v -295.88299561 -195.89599609 0.00000000
v -294.99899292 -184.67700195 0.00000000
v -294.99899292 -184.67700195 2.00000000
v -294.99642944 -184.67700195 0.00000000
v -256.65399170 -365.04199219 0.00000000
v -288.86199951 -194.79899597 2.00000000
v -288.36898804 -193.84300232 2.00000000
v -288.36898804 -193.84300232 0.00000000
v -267.44699097 -359.99099731 0.00000000
v -283.99664307 -188.74644470 0.00000000
v -283.99737549 -188.75155640 0.00000000
v -284.23831177 -190.45573425 2.00000000
v -284.29998779 -190.89199829 0.00000000
v -284.29998779 -190.89199829 2.00000000
v -272.58801270 -357.29598999 0.00000000
v -274.24899292 -354.58401489 0.00000000
v -273.36099243 -356.54098511 0.00000000
v -275.07000732 -353.88500977 0.00000000
v -271.58898926 -357.68499756 0.00000000
v -267.07800293 -352.85400391 0.00000000
v -257.51501465 -335.91598511 0.00000000
v -266.15399170 -353.38598633 0.00000000
v -263.99499512 -353.52398682 0.00000000
v -262.95999146 -353.83599854 0.00000000
v -257.50473022 -335.91595459 0.00000000
v -262.29998779 -354.66299438 0.00000000
v -268.39801025 -358.18301392 0.00000000
v -267.66101074 -358.94299316 0.00000000
v -269.42999268 -357.86999512 0.00000000
v -269.02200317 -344.89801025 0.00000000
v -257.52813721 -335.91622925 0.00000000
v -268.09201050 -345.41299438 0.00000000
v -267.71499634 -346.41598511 0.00000000
v -267.71487427 -346.41729736 0.00000000
v -267.57504272 -348.58169556 0.00000000
v -267.44198608 -351.83898926 0.00000000
v -267.55801392 -350.21701050 0.00000000
v -267.57498169 -348.58496094 0.00000000
v -241.50599670 -210.19700623 2.00000000
v -273.21005249 -340.71078491 0.00000000
v -273.21005249 -340.71334839 0.00000000
v -273.24899292 -338.00601196 0.00000000
v -269.36352539 -336.14321899 0.00000000
v -273.29693604 -339.08670044 0.00000000
v -272.72698975 -343.37799072 0.00000000
v -272.16000366 -344.29901123 0.00000000
v -271.18600464 -344.74301147 0.00000000
v -272.99600220 -342.33200073 0.00000000
v -272.99630737 -342.32943726 0.00000000
v -273.06600952 -336.93399048 0.00000000
v -272.31600952 -336.32199097 0.00000000
v -269.35900879 -336.14297485 0.00000000
v -284.17498779 -342.37100220 0.00000000
v -284.38204956 -340.76736450 0.00000000
v -284.38174438 -340.76989746 0.00000000
v -299.95700073 -325.27801514 0.00000000
v -299.63800049 -324.24798584 0.00000000
v -251.38354492 -201.37850952 2.00000000
v -251.52099609 -199.44700623 2.00000000
v -251.49983215 -199.66381836 2.00000000
v -296.12799072 -322.26800537 0.00000000
v -297.90399170 -323.17999268 0.00000000
v -295.87100220 -321.21398926 0.00000000
v -296.84399414 -323.04400635 0.00000000
v -295.71701050 -319.05398560 0.00000000
v -298.94900513 -323.43399048 0.00000000
v -255.83799744 -197.31100464 2.00000000
v -251.36602783 -203.75105286 2.00000000
v -251.35340881 -204.52423096 2.00000000
v -294.79098511 -309.11199951 0.00000000
v -287.95001221 -314.63000488 0.00000000
v -285.85299683 -314.12500000 0.00000000
v -288.69799805 -315.37600708 0.00000000
v -256.46398926 -196.44900513 2.00000000
v -289.17999268 -319.11935425 0.00000000
v -289.17977905 -319.11679077 0.00000000
v -289.11987305 -317.49371338 0.00000000
v -289.00201416 -316.42098999 0.00000000
v -284.97399902 -313.51000977 0.00000000
v -284.64978027 -327.50698853 0.00000000
v -284.68701172 -327.50698853 0.00000000
v -289.18008423 -319.12646484 0.00000000
v -266.80599976 -301.16400146 0.00000000
v -265.77999878 -301.48599243 0.00000000
v -284.52801514 -312.54501343 0.00000000
v -289.41101074 -326.14099121 0.00000000
v -289.24099731 -324.52999878 0.00000000
v -245.85940552 -202.55465698 2.00000000
v -245.77099609 -203.41400146 2.00000000
v -242.59700012 -205.55299377 2.00000000
v -243.61999512 -205.24099731 2.00000000
v -245.47799683 -204.45300293 2.00000000
v -245.90321350 -201.25967407 2.00000000
v -245.93516541 -200.81893921 2.00000000
v -289.90301514 -327.09698486 0.00000000
v -284.93301392 -328.31298828 0.00000000
v -244.68600464 -205.13999939 2.00000000
v -245.95030212 -198.87486267 2.00000000
v -289.20501709 -305.16265869 0.00000000
v -289.32485962 -307.32406616 0.00000000
v -291.54000854 -309.10400391 0.00000000
v -289.32501221 -307.32598877 0.00000000
v -289.62600708 -308.36499023 0.00000000
v -290.46899414 -308.98400879 0.00000000
v -241.77400208 -207.50500488 2.00000000
v -283.66699219 -303.92401123 0.00000000
v -283.41400146 -302.87600708 0.00000000
v -281.91799927 -301.45300293 0.00000000
v -282.87200928 -301.95001221 0.00000000
v -242.02400208 -206.45399475 2.00000000
v -283.85610962 -305.54129028 0.00000000
v -284.24563599 -310.93484497 0.00000000
v -284.24600220 -310.94000244 0.00000000
v -289.20495605 -305.15682983 0.00000000
v -287.45999146 -193.28700256 2.00000000
v -287.45999146 -193.28700256 0.00000000
v -284.66598511 -191.90899658 0.00000000
v -284.66598511 -191.90899658 2.00000000
v -285.38598633 -192.70300293 0.00000000
v -285.38598633 -192.70300293 2.00000000
v -286.39498901 -193.07800293 0.00000000
v -286.39498901 -193.07800293 2.00000000
v -283.69799805 -186.60499573 2.00000000
v -283.69799805 -186.60499573 0.00000000
v -283.75888062 -187.04147339 2.00000000
v -283.33300781 -185.58599854 0.00000000
v -283.33300781 -185.58599854 2.00000000
v -282.56600952 -184.84300232 2.00000000
v -282.56600952 -184.84300232 0.00000000
v -278.62298584 -181.79100037 2.00000000
v -278.62298584 -181.79100037 0.00000000
v -279.03298950 -182.79699707 0.00000000
v -279.03298950 -182.79699707 2.00000000
v -279.63000488 -183.69400024 0.00000000
v -279.63000488 -183.69400024 2.00000000
v -280.48199463 -184.35899353 0.00000000
v -280.48199463 -184.35899353 2.00000000
v -281.51000977 -184.67300415 0.00000000
v -281.51000977 -184.67300415 2.00000000
v -289.21099854 -181.50100708 0.00000000
v -289.21099854 -181.50100708 2.00000000
v -289.32400513 -183.11999512 2.00000000
v -289.32400513 -183.11999512 0.00000000
v -289.72198486 -184.11000061 2.00000000
v -289.72198486 -184.11000061 0.00000000
v -290.67599487 -184.58200073 2.00000000
v -290.67599487 -184.58200073 0.00000000
v -291.00518799 -184.60072327 2.00000000
v -292.29107666 -184.67388916 0.00000000
v -292.72387695 -184.67639160 2.00000000
v -292.29364014 -184.67399597 0.00000000
v -293.27474976 -184.67700195 2.00000000
v -262.16699219 -180.80900574 2.00000000
v -262.16699219 -180.80900574 0.00000000
v -262.79000854 -180.34899902 2.00000000
v -262.15664673 -184.49026489 2.00000000
v -262.16699219 -184.06164551 0.00000000
v -262.16699219 -184.05711365 0.00000000
v -262.16699219 -181.47103882 2.00000000
v -277.86898804 -181.04400635 0.00000000
v -277.86898804 -181.04400635 2.00000000
v -276.85501099 -180.68299866 2.00000000
v -276.85501099 -180.68299866 0.00000000
v -275.24301147 -180.47300720 2.00000000
v -275.24301147 -180.47300720 0.00000000
v -272.53100586 -180.36300659 2.00000000
v -272.53100586 -180.36300659 0.00000000
v -262.79000854 -180.34899902 0.00000000
v -198.02699280 -317.84399414 0.00000000
v -284.66699219 -172.80499268 2.00000000
v -284.66699219 -172.80499268 0.00000000
v -283.79998779 -172.22000122 2.00000000
v -283.79998779 -172.22000122 0.00000000
v -198.36799622 -314.08401489 0.00000000
v -282.73800659 -171.98899841 0.00000000
v -282.73800659 -171.98899841 2.00000000
v -280.03399658 -171.78500366 0.00000000
v -280.03399658 -171.78500366 2.00000000
v -198.38600159 -310.29064941 0.00000000
v -280.02835083 -171.78491211 0.00000000
v -276.26852417 -171.72128296 2.00000000
v -273.82376099 -171.69700623 0.00000000
v -275.00387573 -171.70336914 2.00000000
v -273.80166626 -171.69699097 0.00000000
v -285.04998779 -174.91900635 2.00000000
v -285.04998779 -174.91900635 0.00000000
v -289.17898560 -179.33500671 2.00000000
v -289.17898560 -179.33500671 0.00000000
v -285.73800659 -175.72900391 2.00000000
v -285.73800659 -175.72900391 0.00000000
v -289.05300903 -177.71699524 0.00000000
v -289.05300903 -177.71699524 2.00000000
v -288.71398926 -176.69400024 0.00000000
v -288.71398926 -176.69400024 2.00000000
v -286.77200317 -176.01300049 2.00000000
v -286.77200317 -176.01300049 0.00000000
v -287.85101318 -176.09800720 2.00000000
v -287.85101318 -176.09800720 0.00000000
v -245.75999451 -242.02024841 0.00000000
v -247.39564514 -370.70297241 0.00000000
v -247.82507324 -370.68307495 2.00000000
v -247.38934326 -370.70309448 0.00000000
v -248.15507507 -370.65905762 2.00000000
v -249.01470947 -370.58511353 0.00000000
v -249.85623169 -370.43527222 2.00000000
v -249.01725769 -370.58477783 0.00000000
v -250.07099915 -370.39700317 0.00000000
v -250.07099915 -370.39700317 2.00000000
v -251.02799988 -369.89199829 0.00000000
v -251.02799988 -369.89199829 2.00000000
v -251.35000610 -368.89001465 0.00000000
v -251.35000610 -368.89001465 2.00000000
v -255.15400696 -360.80599976 0.00000000
v -255.15400696 -360.80599976 2.00000000
v -256.18099976 -360.44799805 2.00000000
v -256.18099976 -360.44799805 0.00000000
v -259.06594849 -361.12792969 0.00000000
v -260.35659790 -361.07543945 2.00000000
v -259.06399536 -361.12799072 2.00000000
v -259.06399536 -361.12799072 0.00000000
v -257.99600220 -361.29800415 2.00000000
v -257.99600220 -361.29800415 0.00000000
v -257.09100342 -361.85501099 2.00000000
v -257.09100342 -361.85501099 0.00000000
v -284.34399414 -289.23901367 0.00000000
v -256.78900146 -362.88101196 2.00000000
v -256.78900146 -362.88101196 0.00000000
v -256.15100098 -365.98400879 0.00000000
v -256.15100098 -365.98400879 2.00000000
v -255.16400146 -366.38699341 0.00000000
v -255.16400146 -366.38699341 2.00000000
v -256.65399170 -365.04199219 2.00000000
v -249.19599915 -361.07998657 0.00000000
v -249.19599915 -361.07998657 2.00000000
v -253.53700256 -360.98901367 2.00000000
v -253.53700256 -360.98901367 0.00000000
v -247.57299805 -361.21301270 0.00000000
v -245.94900513 -365.74899292 2.00000000
v -245.94900513 -365.74899292 0.00000000
v -245.57299805 -366.45999146 2.00000000
v -247.57299805 -361.21301270 2.00000000
v -246.55999756 -361.57501221 0.00000000
v -246.55999756 -361.57501221 2.00000000
v -246.02900696 -362.49301147 2.00000000
v -246.02890015 -362.49429321 0.00000000
v -245.96607971 -363.35473633 2.00000000
v -245.94979858 -363.79629517 2.00000000
v -245.94900513 -364.66329956 0.00000000
v -245.94900513 -365.52770996 2.00000000
v -253.00999451 -366.53399658 0.00000000
v -253.00999451 -366.53399658 2.00000000
v -252.00500488 -366.91400146 2.00000000
v -252.00500488 -366.91400146 0.00000000
v -251.44000244 -367.81201172 2.00000000
v -251.44000244 -367.81201172 0.00000000
v -236.57026672 -370.81695557 0.00000000
v -241.41320801 -370.79150391 2.00000000
v -243.61836243 -370.76831055 2.00000000
v -236.56300354 -370.81698608 2.00000000
v -236.56300354 -370.81698608 0.00000000
v -236.23341370 -370.82617188 2.00000000
v -234.94593811 -370.86193848 0.00000000
v -234.51472473 -370.88668823 2.00000000
v -234.94335938 -370.86203003 0.00000000
v -234.07377625 -370.92333984 2.00000000
v -232.77993774 -371.04180908 0.00000000
v -232.77799988 -371.04199219 2.00000000
v -232.77799988 -371.04199219 0.00000000
v -231.74000549 -371.29501343 2.00000000
v -231.74000549 -371.29501343 0.00000000
v -230.94299316 -372.00100708 2.00000000
v -230.94299316 -372.00100708 0.00000000
v -229.44700623 -374.45901489 2.00000000
v -229.44700623 -374.45901489 0.00000000
v -230.42399597 -374.04501343 0.00000000
v -230.42399597 -374.04501343 2.00000000
v -230.81199646 -373.04098511 0.00000000
v -230.81199646 -373.04098511 2.00000000
v -259.05599976 -357.81698608 0.00000000
v -259.05599976 -357.81698608 2.00000000
v -260.14498901 -357.77600098 2.00000000
v -260.14498901 -357.77600098 0.00000000
v -261.19900513 -357.53399658 2.00000000
v -261.19900513 -357.53399658 0.00000000
v -257.98999023 -358.00900269 0.00000000
v -257.98999023 -358.00900269 2.00000000
v -261.96200562 -356.79699707 2.00000000
v -261.96200562 -356.79699707 0.00000000
v -256.75299072 -359.58099365 2.00000000
v -256.75299072 -359.58099365 0.00000000
v -257.07800293 -358.56900024 2.00000000
v -257.07800293 -358.56900024 0.00000000
v -255.83799744 -197.31100464 0.00000000
v -257.51501465 -335.91598511 2.00000000
v -251.52099609 -199.44700623 0.00000000
v -251.41712952 -200.51072693 0.00000000
v -250.65621948 -335.88095093 2.00000000
v -236.53932190 -335.89651489 2.00000000
v -239.60310364 -335.87899780 0.00000000
v -247.00747681 -335.87341309 2.00000000
v -251.41694641 -200.51329041 0.00000000
v -251.41693115 -200.51684570 0.00000000
v -251.35499573 -204.31031799 0.00000000
v -245.97097778 -196.92359924 0.00000000
v -245.97106934 -196.92070007 0.00000000
v -245.77113342 -203.41271973 0.00000000
v -245.77099609 -203.41400146 0.00000000
v -245.77119446 -203.41076660 0.00000000
v -245.92800903 -201.24835205 0.00000000
v -245.92803955 -201.24543762 0.00000000
v -199.69129944 -327.76495361 0.00000000
v -199.69837952 -327.76480103 0.00000000
v -275.07000732 -353.88500977 2.00000000
v -245.47799683 -204.45300293 0.00000000
v -244.68600464 -205.13999939 0.00000000
v -243.61999512 -205.24099731 0.00000000
v -242.59700012 -205.55299377 0.00000000
v -269.42999268 -357.86999512 2.00000000
v -271.58898926 -357.68499756 2.00000000
v -199.68675232 -327.76516724 0.00000000
v -274.24899292 -354.58401489 2.00000000
v -241.77400208 -207.50500488 0.00000000
v -242.02400208 -206.45399475 0.00000000
v -196.43862915 -327.96194458 0.00000000
v -272.58801270 -357.29598999 2.00000000
v -241.50599670 -210.19700623 0.00000000
v -209.42253113 -375.10998535 0.00000000
v -273.36099243 -356.54098511 2.00000000
v -207.56027222 -375.11160278 2.00000000
v -209.44416809 -375.11001587 0.00000000
v -256.46398926 -196.44900513 0.00000000
v -209.46379089 -375.10983276 0.00000000
v -220.65583801 -374.99530029 2.00000000
v -263.99499512 -353.52398682 2.00000000
v -266.15399170 -353.38598633 2.00000000
v -214.61962891 -375.09085083 0.00000000
v -221.70671082 -374.99145508 2.00000000
v -267.07800293 -352.85400391 2.00000000
v -220.27188110 -375.03591919 0.00000000
v -222.85876465 -374.98025513 2.00000000
v -257.17285156 -191.08229065 0.00000000
v -256.72637939 -195.39613342 0.00000000
v -256.72601318 -195.39999390 0.00000000
v -262.95999146 -353.83599854 2.00000000
v -226.48545837 -374.82415771 0.00000000
v -224.12521362 -374.93710327 2.00000000
v -267.44198608 -351.83898926 2.00000000
v -257.17324829 -191.07974243 0.00000000
v -257.39199829 -190.02699280 0.00000000
v -261.62701416 -187.22300720 0.00000000
v -262.29998779 -354.66299438 2.00000000
v -228.39326477 -374.65176392 0.00000000
v -229.23222351 -374.49829102 2.00000000
v -228.84481812 -374.53329468 2.00000000
v -226.49252319 -374.82357788 0.00000000
v -226.48933411 -374.82397461 0.00000000
v -226.71040344 -374.81204224 2.00000000
v -250.71400452 -192.84100342 0.00000000
v -251.13800049 -191.85499573 0.00000000
v -249.75799561 -193.28199768 0.00000000
v -268.39801025 -358.18301392 2.00000000
v -251.37397766 -184.28494263 0.00000000
v -251.27510071 -190.78117371 0.00000000
v -267.66101074 -358.94299316 2.00000000
v -247.58999634 -193.38000488 0.00000000
v -251.27484131 -190.78826904 0.00000000
v -251.27507019 -190.78506470 0.00000000
v -269.02200317 -344.89801025 2.00000000
v -271.18600464 -344.74301147 2.00000000
v -272.16000366 -344.29901123 2.00000000
v -246.16482544 -194.75527954 0.00000000
v -246.16499329 -194.75399780 0.00000000
v -254.20903015 -323.17083740 2.00000000
v -256.63101196 -323.16900635 0.00000000
v -256.63101196 -323.16900635 2.00000000
v -257.83898926 -189.04200745 0.00000000
v -258.67401123 -188.38600159 0.00000000
v -268.09201050 -345.41299438 2.00000000
v -260.77899170 -187.86700439 0.00000000
v -256.63150024 -323.16320801 0.00000000
v -267.71499634 -346.41598511 2.00000000
v -267.55801392 -350.21701050 2.00000000
v -231.22758484 -327.50799561 0.00000000
v -259.84182739 -327.50698853 2.00000000
v -267.62738037 -347.27612305 2.00000000
v -262.01599121 -186.22200012 0.00000000
v -262.01617432 -186.22006226 0.00000000
v -267.59890747 -347.71728516 2.00000000
v -250.57699585 -314.52200317 2.00000000
v -251.35499573 -314.21701050 2.00000000
v -251.35499573 -314.21701050 0.00000000
v -267.56146240 -349.88433838 2.00000000
v -256.50399780 -179.24699402 0.00000000
v -256.69601440 -178.18400574 0.00000000
v -254.81599426 -180.32699585 0.00000000
v -253.73728943 -180.35096741 0.00000000
v -258.57998657 -315.03201294 2.00000000
v -258.57998657 -315.03201294 0.00000000
v -260.66799927 -314.51699829 2.00000000
v -272.72698975 -343.37799072 2.00000000
v -260.66799927 -314.51699829 0.00000000
v -272.99600220 -342.33200073 2.00000000
v -257.76501465 -315.73001099 2.00000000
v -257.76501465 -315.73001099 0.00000000
v -252.65199280 -180.46000671 0.00000000
v -251.81900024 -181.09800720 0.00000000
v -251.51800537 -182.13099670 0.00000000
v -273.25140381 -340.28314209 2.00000000
v -273.20785522 -340.61251831 2.00000000
v -257.33401489 -316.71099854 2.00000000
v -257.33401489 -316.71099854 0.00000000
v -251.51785278 -182.13293457 0.00000000
v -251.37402344 -184.28236389 0.00000000
v -257.33364868 -316.71292114 0.00000000
v -246.60899353 -193.79499817 0.00000000
v -261.53399658 -313.89700317 0.00000000
v -273.25875854 -338.22625732 2.00000000
v -273.24105835 -338.55728149 2.00000000
v -257.06481934 -318.20568848 2.00000000
v -257.11492920 -317.77862549 0.00000000
v -257.10940552 -317.98846436 2.00000000
v -273.24899292 -338.00601196 2.00000000
v -256.96630859 -319.30316162 2.00000000
v -273.06600952 -336.93399048 2.00000000
v -261.92001343 -312.89700317 0.00000000
v -272.31600952 -336.32199097 2.00000000
v -262.06900024 -311.81698608 0.00000000
v -268.69897461 -336.12069702 2.00000000
v -271.71423340 -336.28555298 2.00000000
v -256.76800537 -171.69299316 0.00000000
v -256.76101685 -173.84942627 0.00000000
v -262.06909180 -311.81506348 0.00000000
v -266.28759766 -336.07449341 2.00000000
v -253.10746765 -323.17083740 2.00000000
v -244.74818420 -323.17797852 0.00000000
v -239.34364319 -323.17797852 0.00000000
v -256.69607544 -178.17947388 0.00000000
v -256.76098633 -173.85264587 0.00000000
v -253.73471069 -180.35113525 0.00000000
v -255.86000061 -180.08200073 0.00000000
v -227.25323486 -323.17800903 2.00000000
v -248.95323181 -327.50720215 2.00000000
v -283.87500000 -343.40798950 2.00000000
v -284.17498779 -342.37100220 2.00000000
v -231.19538879 -327.50799561 0.00000000
v -227.45144653 -327.50958252 2.00000000
v -284.21713257 -342.04467773 2.00000000
v -253.58999634 -309.12200928 0.00000000
v -253.58999634 -309.12200928 2.00000000
v -254.67399597 -309.10101318 2.00000000
v -254.67399597 -309.10101318 0.00000000
v -284.60101318 -336.66961670 2.00000000
v -255.72500610 -308.91101074 2.00000000
v -255.72500610 -308.91101074 0.00000000
v -379.68200684 -371.58300781 0.00000000
v -380.00299072 -372.60501099 0.00000000
v -379.92401123 -373.64498901 0.00000000
v -284.42102051 -340.33953857 2.00000000
v -257.39199829 -190.02699280 2.00000000
v -257.83898926 -189.04200745 2.00000000
v -257.34741211 -190.24157715 2.00000000
v -258.67401123 -188.38600159 2.00000000
v -295.71701050 -319.05398560 2.00000000
v -254.71000671 -391.00000000 2.00000000
v -295.87100220 -321.21398926 2.00000000
v -257.07025146 -191.93875122 2.00000000
v -260.77899170 -187.86700439 2.00000000
v -296.12799072 -322.26800537 2.00000000
v -300.02499390 -325.82479858 2.00000000
v -377.99499512 -374.56900024 0.00000000
v -377.99499512 -374.56900024 2.00000000
v -377.99179077 -374.56930542 0.00000000
v -296.84399414 -323.04400635 2.00000000
v -379.09298706 -374.30499268 0.00000000
v -379.09298706 -374.30499268 2.00000000
v -299.95700073 -325.27801514 2.00000000
v -249.75799561 -193.28199768 2.00000000
v -247.58999634 -193.38000488 2.00000000
v -251.13800049 -191.85499573 2.00000000
v -250.71400452 -192.84100342 2.00000000
v -251.32518005 -189.49441528 2.00000000
v -251.16589355 -191.63757324 2.00000000
v -246.60899353 -193.79499817 2.00000000
v -299.63800049 -324.24798584 2.00000000
v -298.94900513 -323.43399048 2.00000000
v -378.84201050 -370.93701172 0.00000000
v -297.90399170 -323.17999268 2.00000000
v -246.01242065 -196.05151367 2.00000000
v -245.95906067 -197.99398804 2.00000000
v -246.05191040 -195.61015320 2.00000000
v -364.88101196 -365.53698730 0.00000000
v -364.72000122 -366.45999146 0.00000000
v -256.97924805 -192.81800842 2.00000000
v -364.88101196 -365.52987671 0.00000000
v -364.86901855 -358.22360229 0.00000000
v -261.62701416 -187.22300720 2.00000000
v -361.54986572 -375.09701538 0.00000000
v -371.00259399 -374.99511719 0.00000000
v -262.12591553 -184.93020630 2.00000000
v -371.01370239 -374.99502563 0.00000000
v -371.02011108 -374.99481201 0.00000000
v -375.84436035 -374.80102539 0.00000000
v -251.38992310 -183.85612488 2.00000000
v -251.36045837 -185.57717896 2.00000000
v -375.68200684 -362.21063232 0.00000000
v -375.71298218 -366.54147339 0.00000000
v -251.34030151 -186.90126038 2.00000000
v -375.71301270 -366.54598999 0.00000000
v -375.84399414 -368.69799805 0.00000000
v -375.68188477 -362.20742798 0.00000000
v -375.85501099 -374.77926636 2.00000000
v -376.07000732 -369.75601196 0.00000000
v -376.71301270 -370.58898926 0.00000000
v -370.28601074 -353.39337158 0.00000000
v -370.25305176 -351.76928711 0.00000000
v -283.85577393 -305.53808594 0.00000000
v -370.31210327 -355.02029419 0.00000000
v -370.28613281 -353.39721680 0.00000000
v -370.40600586 -356.09899902 0.00000000
v -370.73599243 -357.11700439 0.00000000
v -285.07299805 -295.69400024 0.00000000
v -285.56600952 -296.64898682 0.00000000
v -375.58700562 -360.04501343 0.00000000
v -289.13302612 -300.28665161 0.00000000
v -371.62399292 -357.69601440 0.00000000
v -289.13278198 -300.28408813 0.00000000
v -288.95199585 -298.67800903 0.00000000
v -375.40100098 -358.98400879 0.00000000
v -288.52398682 -297.67999268 0.00000000
v -374.81698608 -358.09399414 0.00000000
v -286.49700928 -297.15899658 0.00000000
v -373.77398682 -357.82299805 0.00000000
v -287.57501221 -297.23300171 0.00000000
v -364.86889648 -358.21908569 0.00000000
v -364.78100586 -355.77999878 0.00000000
v -278.87100220 -299.00698853 0.00000000
v -364.60598755 -354.71600342 0.00000000
v -327.26998901 -282.80999756 0.00000000
v -279.11999512 -300.04098511 0.00000000
v -279.87899780 -300.80599976 0.00000000
v -316.89498901 -261.85198975 0.00000000
v -280.86300659 -301.24398804 0.00000000
v -278.14199829 -298.24600220 0.00000000
v -277.12200928 -297.88699341 0.00000000
v -276.05126953 -297.68325806 0.00000000
v -267.44299316 -300.32800293 0.00000000
v -276.04934692 -297.68292236 0.00000000
v -276.04745483 -297.68273926 0.00000000
v -272.82928467 -297.40008545 0.00000000
v -262.70800781 -302.15600586 0.00000000
v -262.35299683 -303.16900635 0.00000000
v -263.61999512 -301.61300659 0.00000000
v -272.82672119 -297.39993286 0.00000000
v -271.74798584 -297.34698486 0.00000000
v -269.58200073 -297.33499146 0.00000000
v -268.51599121 -297.50299072 0.00000000
v -262.23513794 -304.23474121 0.00000000
v -262.16702271 -308.02276611 0.00000000
v -262.23495483 -304.23730469 0.00000000
v -267.72000122 -298.18499756 0.00000000
v -262.16696167 -308.02859497 0.00000000
v -327.09600830 -281.19799805 0.00000000
v -322.60699463 -270.92001343 0.00000000
v -321.93099976 -270.08401489 0.00000000
v -321.64801025 -269.04901123 0.00000000
v -326.88000488 -273.07699585 0.00000000
v -326.59500122 -272.03601074 0.00000000
v -323.63400269 -271.20901489 0.00000000
v -326.88012695 -273.07827759 0.00000000
v -325.79000854 -271.36300659 0.00000000
v -327.01995850 -275.24270630 0.00000000
v -327.02008057 -275.25109863 0.00000000
v -317.70800781 -262.54000854 0.00000000
v -319.79299927 -263.07998657 0.00000000
v -320.61401367 -263.77301025 0.00000000
v -321.05398560 -264.76000977 0.00000000
v -321.40200806 -266.89199829 0.00000000
v -327.46301270 -266.08499146 0.00000000
v -327.09411621 -263.97628784 0.00000000
v -327.19000244 -265.05200195 0.00000000
v -327.04916382 -262.35122681 0.00000000
v -284.76998901 -294.09500122 0.00000000
v -283.39401245 -289.09399414 0.00000000
v -262.81900024 -289.09399414 0.00000000
v -262.62799072 -290.06298828 0.00000000
v -262.30398560 -293.84399414 0.00000000
v -256.72601318 -195.39999390 2.00000000
v -325.34298706 -253.96699524 0.00000000
v -326.33801270 -254.35800171 0.00000000
v -326.79998779 -255.30900574 0.00000000
v -316.30624390 -259.77728271 0.00000000
v -316.50000000 -260.84100342 0.00000000
v -316.14904785 -258.15563965 0.00000000
v -316.30584717 -259.77471924 0.00000000
v -312.67498779 -248.60600281 0.00000000
v -313.74798584 -248.79899597 0.00000000
v -315.61700439 -251.13400269 0.00000000
v -315.34100342 -250.09700012 0.00000000
v -314.73199463 -249.21499634 0.00000000
v -315.76681519 -252.20771790 0.00000000
v -315.76712036 -252.21029663 0.00000000
v -316.14865112 -258.14920044 0.00000000
v -311.69000244 -248.16900635 0.00000000
v -262.01599121 -186.22200012 2.00000000
v -256.64599609 -307.05801392 2.00000000
v -256.42300415 -308.11300659 2.00000000
v -256.71926880 -305.76382446 2.00000000
v -256.74166870 -305.21334839 2.00000000
v -252.51800537 -309.28799438 2.00000000
v -251.39300537 -310.96499634 2.00000000
v -251.68400574 -309.92898560 2.00000000
v -259.72000122 -297.20498657 2.00000000
v -262.06201172 -295.44601440 2.00000000
v -260.79098511 -297.06298828 2.00000000
v -261.65701294 -296.44799805 2.00000000
v -256.75997925 -303.49069214 2.00000000
v -256.83563232 -300.46905518 2.00000000
v -256.84051514 -299.80621338 2.00000000
v -256.85598755 -299.47601318 2.00000000
v -251.41925049 -183.41801453 2.00000000
v -246.16499329 -194.75399780 2.00000000
v -251.51800537 -182.13099670 2.00000000
v -327.19000244 -265.05200195 2.00000000
v -260.23983765 -171.69381714 2.00000000
v -256.76800537 -171.69299316 2.00000000
v -262.62799072 -290.06298828 2.00000000
v -252.87268066 -180.43780518 2.00000000
v -252.65199280 -180.46000671 2.00000000
v -256.74777222 -175.16555786 2.00000000
v -256.69601440 -178.18400574 2.00000000
v -254.59613037 -180.33187866 2.00000000
v -254.81599426 -180.32699585 2.00000000
v -255.86000061 -180.08200073 2.00000000
v -256.50399780 -179.24699402 2.00000000
v -256.76098633 -174.28366089 2.00000000
v -256.76657104 -172.13252258 2.00000000
v -251.81900024 -181.09800720 2.00000000
v -257.03500366 -298.41400146 2.00000000
v -224.16799927 -323.17800903 2.00000000
v -222.35527039 -327.52914429 2.00000000
v -222.84555054 -323.17758179 2.00000000
v -214.44250488 -323.16961670 2.00000000
v -198.25100708 -316.78500366 2.00000000
v -198.02699280 -317.84399414 2.00000000
v -197.35099792 -318.64300537 2.00000000
v -201.99699402 -323.07000732 2.00000000
v -200.89848328 -323.02297974 2.00000000
v -205.28167725 -327.63119507 2.00000000
v -206.60046387 -327.59841919 2.00000000
v -211.25141907 -323.14804077 2.00000000
v -214.41299438 -299.94299316 2.00000000
v -214.04100037 -300.95001221 2.00000000
v -213.10699463 -301.46798706 2.00000000
v -214.50776672 -299.09082031 2.00000000
v -370.13900757 -350.69601440 0.00000000
v -370.25286865 -351.76672363 0.00000000
v -209.42799377 -314.52200317 2.00000000
v -209.18800354 -313.67800903 2.00000000
v -214.55215454 -297.65966797 2.00000000
v -214.63099670 -292.91299438 2.00000000
v -219.72000122 -288.36599731 2.00000000
v -219.19299316 -289.29098511 2.00000000
v -363.04000854 -353.50100708 0.00000000
v -360.87298584 -353.38800049 0.00000000
v -364.05801392 -353.80300903 0.00000000
v -214.54095459 -298.65151978 2.00000000
v -209.21044922 -305.44366455 2.00000000
v -209.20393372 -307.20706177 2.00000000
v -209.25543213 -305.00454712 2.00000000
v -209.31356812 -303.70956421 2.00000000
v -209.44099426 -302.85900879 2.00000000
v -210.95300293 -301.56900024 2.00000000
v -206.16864014 -327.60400391 0.00000000
v -202.01086426 -323.07012939 0.00000000
v -201.99699402 -323.07000732 0.00000000
v -203.28799438 -305.17001343 2.00000000
v -202.42599487 -305.76998901 2.00000000
v -203.60899353 -304.14801025 2.00000000
v -200.27600098 -305.88598633 2.00000000
v -203.69740295 -303.27911377 2.00000000
v -198.38281250 -310.72164917 2.00000000
v -198.46165466 -308.56735229 2.00000000
v -199.23599243 -306.16598511 2.00000000
v -209.94000244 -301.92098999 2.00000000
v -239.30491638 -323.17800903 0.00000000
v -224.16799927 -323.17800903 0.00000000
v -217.66716003 -323.17599487 0.00000000
v -206.19224548 -327.60388184 0.00000000
v -217.67974854 -323.17599487 0.00000000
v -256.42300415 -308.11300659 0.00000000
v -256.64599609 -307.05801392 0.00000000
v -256.64611816 -307.05606079 0.00000000
v -256.75598145 -304.35528564 0.00000000
v -252.51800537 -309.28799438 0.00000000
v -256.75601196 -304.35272217 0.00000000
v -256.78009033 -301.09606934 0.00000000
v -256.75613403 -304.34817505 0.00000000
v -203.78282166 -300.34082031 2.00000000
v -203.76837158 -301.55331421 2.00000000
v -203.73722839 -301.99447632 2.00000000
v -203.83299255 -296.02499390 2.00000000
v -348.68957520 -327.24630737 2.00000000
v -348.64495850 -322.93685913 2.00000000
v -348.48727417 -320.78494263 2.00000000
v -348.70300293 -328.45800781 2.00000000
v -260.79098511 -297.06298828 0.00000000
v -261.65701294 -296.44799805 0.00000000
v -259.72000122 -297.20498657 0.00000000
v -262.06201172 -295.44601440 0.00000000
v -256.85598755 -299.47601318 0.00000000
v -359.38900757 -325.50698853 2.00000000
v -214.04100037 -300.95001221 0.00000000
v -214.41299438 -299.94299316 0.00000000
v -354.20300293 -321.56399536 2.00000000
v -354.57699585 -322.57501221 2.00000000
v -355.50399780 -323.09201050 2.00000000
v -354.08499146 -319.95199585 2.00000000
v -354.05398560 -317.78500366 2.00000000
v -348.44900513 -320.34500122 2.00000000
v -348.03601074 -319.35900879 2.00000000
v -347.08499146 -318.90399170 2.00000000
v -209.42799377 -314.52200317 0.00000000
v -209.18800354 -313.67800903 0.00000000
v -198.36801147 -314.08010864 0.00000000
v -353.94000244 -316.17001343 2.00000000
v -198.25100708 -316.78500366 0.00000000
v -349.49200439 -314.20001221 2.00000000
v -348.93798828 -313.28201294 2.00000000
v -214.41314697 -299.94171143 0.00000000
v -209.18801880 -313.66830444 0.00000000
v -257.60699463 -297.51501465 2.00000000
v -218.16099548 -289.61099243 2.00000000
v -217.30325317 -289.63092041 2.00000000
v -216.86372375 -289.65328979 2.00000000
v -216.00199890 -289.72100830 2.00000000
v -215.11199951 -290.27398682 2.00000000
v -214.76400757 -291.29901123 2.00000000
v -220.03900146 -279.17999268 2.00000000
v -359.98599243 -352.82800293 0.00000000
v -219.76885986 -287.92849731 2.00000000
v -219.97035217 -285.79013062 2.00000000
v -364.90899658 -346.11599731 0.00000000
v -219.98643494 -284.35754395 2.00000000
v -365.17199707 -347.71499634 0.00000000
v -365.65899658 -348.66900635 0.00000000
v -213.60600281 -279.67098999 2.00000000
v -214.26100159 -278.84600830 2.00000000
v -366.63299561 -349.09799194 0.00000000
v -369.73800659 -349.70098877 0.00000000
v -368.79098511 -349.22000122 0.00000000
v -364.70223999 -343.15155029 0.00000000
v -364.70193481 -343.14703369 0.00000000
v -364.38732910 -338.56250000 0.00000000
v -364.38708496 -338.55865479 0.00000000
v -364.38665771 -338.55609131 0.00000000
v -364.09600830 -336.96301270 0.00000000
v -363.60900879 -335.99398804 0.00000000
v -360.60900879 -334.91500854 0.00000000
v -361.65100098 -335.23599243 0.00000000
v -362.70098877 -335.43899536 0.00000000
v -353.62002563 -375.11401367 0.00000000
v -353.67926025 -375.11398315 0.00000000
v -359.44897461 -345.30834961 0.00000000
v -359.49090576 -349.63919067 0.00000000
v -359.49102783 -349.64566040 0.00000000
v -359.25720215 -343.15893555 0.00000000
v -359.64382935 -351.81005859 0.00000000
v -359.64401245 -351.81201172 0.00000000
v -359.25698853 -343.15701294 0.00000000
v -358.90399170 -342.14001465 0.00000000
v -354.18289185 -338.36169434 0.00000000
v -354.18286133 -338.35977173 0.00000000
v -354.06900024 -336.19134521 0.00000000
v -358.13198853 -341.40701294 0.00000000
v -354.18301392 -338.36300659 0.00000000
v -354.45001221 -339.40200806 0.00000000
v -355.10101318 -340.25100708 0.00000000
v -356.07000732 -340.73300171 0.00000000
v -354.01007080 -334.02893066 0.00000000
v -354.01000977 -334.02700806 0.00000000
v -353.82400513 -332.96398926 0.00000000
v -353.19500732 -332.11700439 0.00000000
v -348.70300293 -328.45800781 0.00000000
v -348.82998657 -330.07598877 0.00000000
v -349.14199829 -331.11300659 0.00000000
v -349.98498535 -331.73098755 0.00000000
v -352.15301514 -331.85900879 0.00000000
v -359.49200439 -330.90835571 0.00000000
v -359.38912964 -325.51281738 0.00000000
v -359.49218750 -330.91159058 0.00000000
v -359.64099121 -333.08099365 0.00000000
v -359.91198730 -334.11999512 0.00000000
v -348.63702393 -322.50665283 0.00000000
v -348.63708496 -322.51309204 0.00000000
v -348.63677979 -322.50341797 0.00000000
v -348.44900513 -320.34500122 0.00000000
v -348.03601074 -319.35900879 0.00000000
v -354.05398560 -317.78500366 0.00000000
v -354.08499146 -319.95199585 0.00000000
v -354.20300293 -321.56399536 0.00000000
v -354.57699585 -322.57501221 0.00000000
v -359.38900757 -325.50698853 0.00000000
v -359.21899414 -324.43200684 0.00000000
v -355.50399780 -323.09201050 0.00000000
v -358.67898560 -323.51998901 0.00000000
v -357.65600586 -323.20599365 0.00000000
v -347.08499146 -318.90399170 0.00000000
v -344.92300415 -318.80801392 0.00000000
v -348.76300049 -312.22000122 0.00000000
v -348.93798828 -313.28201294 0.00000000
v -349.49200439 -314.20001221 0.00000000
v -353.94000244 -316.17001343 0.00000000
f 1 2 3
f 1 3 4
f 4 3 5
f 4 5 6
f 7 8 6
f 7 6 5
f 8 7 9
f 10 11 2
f 10 2 1
f 12 13 14
f 12 14 15
f 9 16 8
f 13 12 17
f 18 17 12
f 9 19 20
f 16 9 20
f 17 18 21
f 22 21 18
f 23 24 21
f 23 21 22
f 25 26 24
f 25 24 23
f 27 28 25
f 20 19 29
f 20 29 30
f 26 25 28
f 30 29 28
f 30 28 27
f 11 10 31
f 11 31 32
f 33 34 35
f 33 35 36
f 37 38 34
f 37 34 33
f 38 37 39
f 36 35 40
f 36 40 41
f 39 37 42
f 39 42 43
f 39 43 44
f 44 43 45
f 46 47 41
f 46 41 40
f 48 49 47
f 48 47 46
f 49 48 50
f 51 50 48
f 50 51 52
f 53 54 55
f 56 55 54
f 57 58 59
f 60 59 58
f 61 62 63
f 64 65 62
f 65 64 57
f 58 57 64
f 59 60 56
f 55 56 60
f 63 62 65
f 66 67 68
f 68 52 66
f 66 52 69
f 69 52 51
f 70 71 72
f 70 72 73
f 74 75 76
f 74 76 77
f 78 67 76
f 77 76 67
f 78 68 67
f 73 72 79
f 80 81 71
f 80 71 70
f 82 83 84
f 82 84 85
f 86 87 83
f 86 83 82
f 75 74 86
f 87 86 74
f 79 72 88
f 79 88 89
f 79 89 90
f 90 89 91
f 90 91 92
f 91 93 92
f 94 95 81
f 94 81 80
f 96 97 95
f 96 95 94
f 97 96 98
f 61 98 96
f 98 61 63
f 99 100 101
f 102 103 99
f 100 99 103
f 104 105 102
f 103 102 105
f 105 104 106
f 105 106 107
f 108 109 110
f 111 112 113
f 111 113 114
f 115 116 113
f 114 113 116
f 117 118 116
f 117 116 115
f 119 120 112
f 119 112 111
f 121 122 117
f 118 117 122
f 123 124 120
f 123 120 119
f 125 126 124
f 125 124 123
f 127 128 126
f 127 126 125
f 128 127 129
f 130 129 127
f 131 132 129
f 131 129 130
f 132 131 133
f 134 133 131
f 135 136 134
f 133 134 136
f 108 136 109
f 109 136 135
f 137 138 139
f 140 139 138
f 138 137 141
f 140 142 139
f 143 142 140
f 142 143 144
f 142 144 145
f 146 147 122
f 146 122 121
f 145 144 148
f 149 150 147
f 149 147 146
f 145 148 151
f 152 153 151
f 152 151 148
f 150 149 154
f 150 154 155
f 156 153 157
f 152 157 153
f 155 154 156
f 155 156 157
f 158 159 160
f 158 160 161
f 162 163 159
f 162 159 158
f 163 162 164
f 161 160 165
f 161 165 166
f 164 162 167
f 164 167 168
f 164 168 169
f 170 101 100
f 169 168 170
f 101 170 168
f 171 172 166
f 171 166 165
f 172 171 173
f 174 173 171
f 173 174 175
f 176 177 178
f 176 178 179
f 179 178 180
f 179 180 181
f 182 183 180
f 181 180 183
f 183 182 184
f 185 186 187
f 185 187 188
f 184 182 189
f 184 189 190
f 184 190 191
f 192 193 186
f 192 186 185
f 194 191 190
f 195 196 197
f 195 197 198
f 199 200 201
f 199 201 202
f 200 199 203
f 200 203 204
f 204 203 205
f 204 205 206
f 206 205 207
f 206 207 208
f 208 207 209
f 208 209 210
f 210 209 211
f 210 211 212
f 193 192 213
f 214 213 192
f 213 214 215
f 216 215 214
f 215 216 217
f 218 217 216
f 212 211 217
f 212 217 218
f 219 220 221
f 219 221 222
f 222 221 223
f 222 223 224
f 201 225 202
f 226 202 225
f 227 228 226
f 227 226 225
f 229 230 228
f 229 228 227
f 224 223 231
f 224 231 232
f 230 229 233
f 234 233 229
f 235 236 233
f 235 233 234
f 232 231 236
f 232 236 235
f 196 195 237
f 238 237 195
f 239 240 237
f 239 237 238
f 241 242 243
f 241 243 244
f 242 241 245
f 246 245 241
f 247 248 246
f 245 246 248
f 248 247 249
f 82 250 86
f 91 89 71
f 251 252 253
f 85 250 82
f 76 75 250
f 253 249 247
f 75 86 250
f 254 255 240
f 254 240 239
f 243 256 244
f 257 244 256
f 257 256 258
f 259 258 256
f 88 72 89
f 72 71 89
f 260 93 81
f 258 259 261
f 258 261 262
f 95 260 81
f 262 261 263
f 262 263 264
f 97 260 95
f 264 263 265
f 266 267 255
f 266 255 254
f 265 263 268
f 63 260 98
f 97 98 260
f 265 268 269
f 265 269 270
f 270 269 267
f 270 267 266
f 220 219 271
f 272 271 219
f 273 274 275
f 273 275 276
f 277 278 274
f 277 274 273
f 279 280 281
f 102 282 104
f 99 161 102
f 101 161 99
f 166 282 102
f 106 104 282
f 280 279 283
f 284 283 279
f 283 284 285
f 286 285 284
f 285 286 287
f 285 287 288
f 136 108 289
f 288 287 290
f 288 290 291
f 110 289 108
f 291 290 292
f 293 294 295
f 295 294 296
f 297 296 294
f 298 299 296
f 298 296 297
f 298 297 300
f 301 302 299
f 301 299 298
f 301 298 300
f 303 301 300
f 304 305 306
f 304 306 307
f 302 301 308
f 303 308 301
f 309 310 303
f 311 312 308
f 311 308 303
f 313 314 315
f 249 253 252
f 252 251 316
f 252 316 317
f 318 319 320
f 321 322 323
f 324 322 321
f 325 322 324
f 326 281 322
f 327 328 319
f 327 319 318
f 329 330 331
f 332 331 313
f 317 316 333
f 317 333 334
f 335 336 327
f 328 327 336
f 336 335 337
f 336 337 338
f 338 337 334
f 338 334 333
f 339 340 341
f 342 341 340
f 343 344 339
f 340 339 344
f 315 345 313
f 345 332 313
f 346 347 329
f 348 347 346
f 330 329 347
f 313 331 330
f 330 349 313
f 307 311 350
f 271 272 343
f 344 343 272
f 351 352 342
f 353 350 311
f 354 307 350
f 304 307 354
f 355 353 311
f 356 320 319
f 357 358 320
f 357 320 356
f 359 360 300
f 361 362 358
f 361 358 357
f 363 364 362
f 363 362 361
f 365 366 313
f 367 368 313
f 368 365 313
f 369 370 371
f 369 371 372
f 311 303 355
f 310 355 303
f 300 373 303
f 309 303 373
f 360 373 300
f 359 300 374
f 300 375 376
f 376 374 300
f 377 378 379
f 380 381 382
f 300 383 384
f 375 300 384
f 385 382 381
f 386 379 378
f 387 388 386
f 388 389 386
f 390 391 392
f 393 390 392
f 394 392 391
f 366 394 391
f 391 313 366
f 386 395 396
f 380 384 397
f 381 380 397
f 396 398 399
f 400 383 300
f 397 384 383
f 399 398 401
f 402 401 403
f 300 404 400
f 405 406 407
f 408 407 406
f 409 405 407
f 410 411 407
f 412 413 414
f 415 416 417
f 413 418 419
f 420 419 418
f 414 413 419
f 417 420 418
f 418 415 417
f 421 417 416
f 422 423 300
f 424 422 300
f 421 416 423
f 300 423 416
f 404 300 416
f 398 403 401
f 378 387 386
f 389 395 386
f 395 425 396
f 398 396 425
f 424 300 426
f 427 426 428
f 428 426 429
f 300 429 426
f 84 83 430
f 48 46 430
f 431 432 430
f 433 434 435
f 436 437 438
f 439 438 437
f 440 439 437
f 441 442 437
f 443 442 441
f 444 442 443
f 445 446 447
f 446 448 447
f 449 447 448
f 448 450 449
f 451 449 450
f 452 440 442
f 453 454 455
f 442 453 455
f 456 457 458
f 447 459 445
f 459 456 445
f 460 445 456
f 458 460 456
f 461 462 463
f 434 464 435
f 465 461 463
f 466 465 35
f 45 466 35
f 39 44 34
f 467 435 464
f 55 12 53
f 468 467 464
f 1 4 8
f 6 8 4
f 469 470 15
f 471 472 464
f 473 471 464
f 474 473 464
f 475 464 476
f 12 58 18
f 477 478 479
f 472 479 478
f 18 398 22
f 480 481 482
f 483 484 482
f 10 27 398
f 457 485 458
f 486 482 485
f 481 485 482
f 27 10 30
f 25 398 27
f 23 398 25
f 20 30 1
f 16 20 1
f 16 1 8
f 487 464 472
f 478 487 472
f 1 30 10
f 398 23 22
f 398 425 31
f 10 398 31
f 474 464 488
f 476 464 487
f 290 489 488
f 38 39 34
f 35 34 44
f 44 45 35
f 490 489 290
f 35 465 40
f 40 465 463
f 491 290 492
f 493 290 491
f 490 290 493
f 46 40 463
f 463 430 46
f 483 494 484
f 494 495 484
f 496 484 495
f 497 496 495
f 62 61 398
f 96 398 61
f 498 499 500
f 498 500 501
f 62 18 64
f 398 18 62
f 501 500 502
f 58 12 60
f 64 18 58
f 60 12 55
f 53 15 470
f 51 430 69
f 67 430 77
f 77 430 74
f 66 430 67
f 69 430 66
f 74 430 87
f 87 430 83
f 70 73 90
f 73 79 90
f 503 70 92
f 90 92 70
f 94 80 398
f 96 94 398
f 15 53 12
f 107 160 105
f 103 105 160
f 100 103 160
f 100 160 170
f 116 118 114
f 118 122 114
f 147 111 122
f 127 125 504
f 398 504 123
f 130 127 504
f 135 504 109
f 505 506 138
f 398 119 144
f 143 398 144
f 148 144 119
f 114 122 111
f 147 150 111
f 150 155 111
f 157 119 155
f 148 119 152
f 163 164 159
f 164 169 160
f 160 159 164
f 170 160 169
f 165 160 107
f 171 507 174
f 165 508 171
f 509 510 174
f 511 512 513
f 514 515 516
f 517 174 510
f 516 518 510
f 518 517 510
f 509 507 519
f 519 520 512
f 518 516 515
f 521 515 514
f 522 523 524
f 525 398 526
f 527 528 529
f 530 528 527
f 531 532 530
f 533 529 528
f 528 530 532
f 372 371 534
f 372 534 535
f 535 534 364
f 535 364 363
f 517 518 175
f 536 175 518
f 517 175 174
f 528 537 538
f 528 538 533
f 539 511 540
f 541 516 510
f 541 510 542
f 543 544 545
f 546 514 516
f 546 516 541
f 545 544 547
f 548 544 543
f 549 550 548
f 542 510 509
f 542 509 551
f 519 552 551
f 519 551 509
f 512 553 552
f 512 552 519
f 511 539 553
f 511 553 512
f 554 521 514
f 554 514 546
f 544 555 556
f 556 547 544
f 521 554 557
f 521 557 515
f 515 557 536
f 515 536 518
f 558 544 550
f 559 550 549
f 544 548 550
f 522 560 561
f 562 563 550
f 561 523 522
f 564 565 566
f 533 538 529
f 567 529 538
f 566 568 569
f 559 569 550
f 570 571 560
f 570 560 524
f 524 560 522
f 572 573 571
f 572 571 570
f 572 574 573
f 565 564 575
f 576 530 577
f 527 577 530
f 572 525 574
f 529 567 527
f 577 527 567
f 525 578 574
f 579 580 581
f 526 578 525
f 582 583 584
f 585 584 583
f 585 583 586
f 587 588 586
f 578 526 579
f 580 579 526
f 530 576 589
f 530 589 531
f 590 581 580
f 591 592 593
f 594 595 596
f 531 589 581
f 531 581 590
f 138 141 505
f 528 597 537
f 598 599 592
f 600 593 592
f 601 506 505
f 601 505 141
f 532 597 528
f 602 603 604
f 605 606 597
f 605 597 532
f 606 605 607
f 608 609 506
f 608 506 601
f 610 603 602
f 611 607 605
f 604 588 587
f 607 611 612
f 613 603 610
f 609 608 614
f 615 614 608
f 585 586 588
f 616 612 611
f 612 616 617
f 618 617 616
f 619 603 613
f 617 618 615
f 614 615 618
f 620 603 621
f 621 603 622
f 623 622 603
f 624 625 626
f 588 604 603
f 540 627 539
f 626 625 627
f 626 627 540
f 628 523 561
f 629 630 631
f 632 633 634
f 596 632 634
f 635 636 633
f 636 634 633
f 630 629 637
f 630 637 624
f 624 637 625
f 638 639 640
f 641 642 523
f 641 523 628
f 642 641 643
f 644 643 641
f 645 646 644
f 643 644 646
f 647 640 648
f 649 648 640
f 650 647 648
f 639 649 640
f 651 652 646
f 651 646 645
f 652 651 653
f 652 653 654
f 596 593 640
f 638 640 593
f 655 656 657
f 655 657 658
f 659 660 657
f 658 657 660
f 661 662 659
f 660 659 662
f 662 661 663
f 662 663 664
f 664 663 665
f 666 667 668
f 667 669 668
f 669 670 668
f 670 671 668
f 671 672 668
f 672 673 668
f 596 668 673
f 596 673 674
f 596 674 675
f 596 675 676
f 596 676 677
f 678 596 679
f 677 679 596
f 680 632 596
f 678 680 596
f 558 563 598
f 634 594 596
f 681 682 656
f 681 656 655
f 683 684 685
f 686 603 687
f 688 689 683
f 688 683 685
f 690 691 689
f 690 689 688
f 692 693 686
f 694 687 603
f 686 693 603
f 695 665 663
f 691 690 696
f 697 696 690
f 696 697 665
f 696 665 695
f 698 699 682
f 698 682 681
f 700 603 701
f 702 703 699
f 702 699 698
f 704 705 703
f 704 703 702
f 705 704 653
f 654 653 704
f 706 707 708
f 707 701 708
f 709 603 700
f 708 701 603
f 710 708 603
f 694 603 709
f 289 504 711
f 712 603 713
f 714 715 603
f 713 603 716
f 716 603 715
f 717 603 712
f 718 719 720
f 718 720 721
f 721 720 722
f 723 603 724
f 725 726 719
f 725 719 718
f 710 603 717
f 723 714 603
f 403 727 726
f 403 726 725
f 728 729 730
f 727 403 731
f 727 731 732
f 732 731 733
f 732 733 734
f 735 730 729
f 736 728 730
f 734 733 737
f 734 737 738
f 739 740 738
f 739 738 737
f 741 603 620
f 742 623 603
f 619 742 603
f 740 739 743
f 744 743 739
f 745 198 741
f 746 747 748
f 749 750 744
f 751 750 749
f 752 753 754
f 752 754 755
f 756 757 753
f 756 753 752
f 757 756 758
f 755 754 759
f 755 759 760
f 758 756 761
f 762 763 741
f 758 761 764
f 758 764 765
f 766 767 764
f 765 764 767
f 603 741 724
f 768 769 770
f 768 770 771
f 769 768 772
f 769 772 773
f 774 775 776
f 773 772 777
f 773 777 778
f 778 777 779
f 778 779 780
f 341 342 352
f 781 782 775
f 782 781 736
f 351 783 352
f 784 352 783
f 776 775 782
f 785 775 774
f 780 779 786
f 780 786 787
f 194 775 785
f 784 783 788
f 789 788 783
f 790 791 788
f 790 788 789
f 787 786 791
f 787 791 790
f 792 793 794
f 792 794 795
f 796 797 741
f 798 793 792
f 795 794 799
f 795 799 800
f 793 798 801
f 802 741 803
f 804 741 802
f 797 803 741
f 805 741 804
f 806 741 805
f 807 741 808
f 808 741 806
f 763 809 741
f 810 811 801
f 810 801 798
f 178 775 180
f 177 775 178
f 187 775 177
f 812 813 811
f 812 811 810
f 115 113 117
f 182 775 189
f 180 775 182
f 186 775 187
f 800 799 370
f 800 370 369
f 153 120 151
f 775 194 190
f 190 189 775
f 193 775 186
f 814 815 816
f 195 198 745
f 817 818 815
f 816 815 818
f 819 820 817
f 818 817 820
f 198 821 741
f 807 762 741
f 809 724 741
f 821 796 741
f 820 819 822
f 820 822 823
f 213 775 193
f 823 822 824
f 823 824 825
f 215 217 205
f 770 826 771
f 827 771 826
f 207 205 211
f 828 829 827
f 828 827 826
f 825 824 830
f 825 830 831
f 136 289 133
f 209 207 211
f 217 211 205
f 205 203 215
f 203 199 215
f 199 202 215
f 202 775 215
f 213 215 775
f 829 828 832
f 833 832 828
f 129 289 128
f 271 775 220
f 834 835 832
f 834 832 833
f 226 775 202
f 831 830 835
f 831 835 834
f 228 230 775
f 132 133 289
f 814 836 815
f 837 838 836
f 837 836 814
f 228 775 226
f 233 775 230
f 615 608 139
f 236 231 775
f 838 837 839
f 840 839 837
f 839 840 841
f 842 841 840
f 221 775 223
f 231 223 775
f 233 236 775
f 220 775 221
f 607 612 142
f 300 843 844
f 775 300 844
f 845 846 847
f 848 847 846
f 745 338 244
f 849 850 851
f 852 853 854
f 855 856 857
f 854 855 857
f 852 854 857
f 851 853 852
f 246 241 338
f 241 244 338
f 858 852 260
f 857 260 852
f 858 859 851
f 858 851 852
f 258 745 257
f 246 338 247
f 711 145 120
f 860 850 849
f 851 848 849
f 859 848 851
f 846 849 848
f 262 745 258
f 859 858 847
f 859 847 848
f 849 861 862
f 849 862 860
f 861 857 862
f 244 257 745
f 154 149 112
f 265 270 745
f 264 745 262
f 846 845 861
f 846 861 849
f 845 260 861
f 857 861 260
f 121 117 113
f 113 112 121
f 854 863 250
f 854 250 855
f 270 266 238
f 264 265 745
f 864 865 866
f 864 866 867
f 112 120 156
f 156 154 112
f 149 146 112
f 146 121 112
f 868 869 870
f 871 870 869
f 254 239 266
f 239 238 266
f 238 195 270
f 195 745 270
f 866 872 868
f 101 168 161
f 873 870 871
f 870 874 875
f 870 875 868
f 873 866 865
f 162 158 167
f 158 161 167
f 168 167 161
f 875 867 868
f 867 866 868
f 172 282 166
f 166 102 161
f 874 870 864
f 865 864 870
f 865 870 873
f 339 341 775
f 271 343 775
f 876 871 869
f 876 869 877
f 333 253 338
f 173 282 172
f 175 282 173
f 557 541 536
f 878 879 880
f 878 881 879
f 882 880 879
f 883 879 884
f 745 885 336
f 882 886 887
f 536 542 175
f 888 889 890
f 338 745 336
f 891 892 888
f 890 893 894
f 890 894 888
f 893 880 882
f 893 882 894
f 316 251 333
f 251 253 333
f 247 338 253
f 893 890 880
f 889 880 890
f 891 894 895
f 888 894 891
f 339 775 343
f 894 882 887
f 894 887 895
f 896 897 880
f 878 880 897
f 542 551 175
f 880 889 898
f 880 898 896
f 899 900 901
f 899 901 902
f 282 175 551
f 901 900 903
f 900 889 903
f 898 889 900
f 889 892 903
f 900 899 896
f 900 896 898
f 357 356 535
f 539 867 553
f 883 884 881
f 883 881 903
f 884 879 881
f 541 557 546
f 542 536 541
f 554 546 557
f 902 901 881
f 903 881 901
f 361 357 363
f 535 363 357
f 372 535 356
f 319 904 356
f 328 905 319
f 881 878 897
f 881 897 902
f 906 872 873
f 906 873 907
f 892 908 903
f 883 903 908
f 784 775 352
f 341 352 775
f 889 888 892
f 909 892 891
f 873 872 866
f 877 869 906
f 872 906 869
f 869 868 872
f 791 775 788
f 775 784 788
f 891 910 909
f 895 910 891
f 879 911 886
f 879 886 882
f 883 908 879
f 911 879 908
f 779 777 786
f 777 772 786
f 791 786 772
f 768 775 772
f 912 887 886
f 911 908 892
f 911 892 913
f 913 886 911
f 791 772 775
f 827 829 775
f 912 913 910
f 909 910 913
f 909 913 892
f 795 904 792
f 886 913 912
f 876 907 871
f 907 873 871
f 798 914 810
f 792 904 798
f 915 916 747
f 917 747 916
f 918 919 851
f 918 851 850
f 916 918 917
f 850 917 918
f 918 920 853
f 918 853 919
f 537 597 577
f 711 578 597
f 538 537 567
f 567 537 577
f 581 597 579
f 920 854 853
f 919 853 851
f 863 920 915
f 916 915 920
f 916 920 918
f 827 775 771
f 768 771 775
f 577 597 576
f 854 920 863
f 862 857 856
f 832 775 829
f 856 850 862
f 860 862 850
f 835 830 819
f 747 917 856
f 855 250 856
f 856 250 747
f 850 856 917
f 824 822 830
f 822 819 830
f 835 819 775
f 815 775 817
f 838 775 836
f 576 597 589
f 839 775 838
f 836 775 815
f 921 844 922
f 615 139 617
f 841 775 839
f 817 775 819
f 923 924 925
f 606 711 597
f 926 927 775
f 841 928 775
f 832 835 775
f 711 607 142
f 929 927 926
f 928 926 775
f 930 931 932
f 932 931 929
f 137 139 601
f 608 601 139
f 141 137 601
f 145 711 142
f 933 934 935
f 935 934 936
f 937 934 938
f 612 617 142
f 139 142 617
f 939 844 940
f 637 941 625
f 629 941 637
f 940 844 942
f 938 934 933
f 943 934 937
f 944 844 939
f 945 934 943
f 946 798 904
f 571 573 644
f 644 641 571
f 645 644 573
f 561 560 628
f 560 571 641
f 641 628 560
f 651 645 573
f 653 651 573
f 574 711 573
f 711 703 573
f 947 942 844
f 653 573 705
f 657 656 734
f 656 682 734
f 732 734 682
f 948 810 914
f 914 798 946
f 812 810 948
f 800 904 795
f 945 946 904
f 372 356 904
f 369 904 800
f 734 738 691
f 307 306 312
f 307 312 311
f 949 281 280
f 691 696 734
f 281 949 323
f 950 323 949
f 951 925 952
f 953 951 952
f 954 321 323
f 954 323 950
f 734 696 657
f 955 324 321
f 955 321 954
f 956 325 324
f 956 324 955
f 696 695 659
f 663 661 695
f 661 659 695
f 711 732 682
f 315 957 958
f 957 315 314
f 957 314 959
f 960 961 925
f 960 925 924
f 961 952 925
f 951 953 962
f 959 314 326
f 959 326 963
f 705 573 703
f 963 326 322
f 963 322 964
f 951 962 965
f 964 322 325
f 964 325 956
f 966 329 967
f 331 967 329
f 968 969 970
f 971 965 972
f 589 597 581
f 579 597 578
f 967 331 973
f 332 973 331
f 973 332 345
f 973 345 958
f 974 346 966
f 975 965 976
f 958 345 315
f 976 965 962
f 124 711 120
f 126 289 124
f 128 289 126
f 329 966 346
f 975 977 965
f 978 348 346
f 978 346 974
f 979 367 980
f 151 120 145
f 981 982 983
f 983 982 969
f 982 970 969
f 968 972 969
f 984 965 971
f 979 980 985
f 606 607 711
f 986 347 348
f 986 348 978
f 156 120 153
f 987 988 965
f 977 969 965
f 985 980 349
f 574 578 711
f 985 349 330
f 985 330 989
f 989 330 347
f 989 347 986
f 990 991 726
f 992 993 994
f 993 995 994
f 996 994 995
f 997 998 996
f 999 1000 1001
f 309 1002 310
f 1003 310 1002
f 1004 355 1003
f 310 1003 355
f 972 965 969
f 1005 355 1004
f 987 965 984
f 732 711 727
f 355 1005 353
f 1005 1006 353
f 353 1006 350
f 659 657 696
f 350 1006 1007
f 350 1007 354
f 305 304 1007
f 354 1007 304
f 689 691 738
f 1008 368 367
f 1008 367 1009
f 1010 1011 1012
f 1013 1012 1011
f 1011 1014 1013
f 1015 965 1014
f 368 1008 365
f 1016 365 1008
f 1013 965 988
f 740 689 738
f 1017 366 1016
f 365 1016 366
f 366 1017 394
f 1018 965 1019
f 1019 965 1020
f 1020 965 1015
f 1009 367 979
f 1021 965 1018
f 381 1022 1023
f 381 1023 385
f 1024 373 1025
f 360 1025 373
f 1026 1027 847
f 1028 965 1021
f 1002 309 1024
f 373 1024 309
f 1013 1014 965
f 359 1029 1025
f 359 1025 360
f 374 1030 1029
f 374 1029 359
f 374 1031 1030
f 1032 965 1028
f 385 1023 1033
f 385 1033 382
f 376 1031 374
f 699 711 682
f 743 683 740
f 1034 1035 750
f 1036 1037 1038
f 1031 376 1039
f 375 1039 376
f 699 703 711
f 1039 375 1040
f 384 1040 375
f 1041 766 755
f 1042 1043 1044
f 1044 1036 1038
f 1040 384 1045
f 380 1045 384
f 382 1033 1045
f 382 1045 380
f 752 755 761
f 764 761 755
f 756 752 761
f 766 764 755
f 1046 394 1017
f 1047 392 394
f 1047 394 1046
f 1048 885 760
f 1049 393 392
f 1049 392 1047
f 1050 390 393
f 1050 393 1049
f 1041 755 760
f 1051 1041 760
f 1052 1000 999
f 686 1053 692
f 692 1053 391
f 692 391 1054
f 1054 391 390
f 1054 390 1050
f 1055 1056 885
f 414 1057 1058
f 397 1022 381
f 414 1058 1059
f 414 1059 412
f 383 1060 1061
f 383 1061 397
f 1062 947 844
f 400 1063 1060
f 400 1060 383
f 1064 1065 1066
f 1022 397 1061
f 1067 1056 1055
f 400 1068 1063
f 1069 1070 1067
f 412 1059 1071
f 412 1071 413
f 1056 1072 885
f 996 998 1073
f 404 1068 400
f 1074 1067 1070
f 416 1075 1068
f 416 1068 404
f 1076 1065 1077
f 1075 416 1078
f 415 1078 416
f 1078 415 1079
f 418 1079 415
f 1080 1070 1081
f 1069 1081 1070
f 1056 1067 1074
f 1072 1082 885
f 413 1071 1079
f 413 1079 418
f 995 997 996
f 1001 1073 998
f 423 1083 1084
f 423 1084 421
f 421 1084 1085
f 421 1085 417
f 1086 1073 1076
f 417 1085 1087
f 417 1087 420
f 1088 1089 1090
f 1091 1090 1089
f 1086 996 1073
f 420 1087 1057
f 420 1057 419
f 1092 885 1093
f 1094 885 1092
f 423 1095 1083
f 414 419 1057
f 1082 1096 885
f 1097 1098 1099
f 422 1095 423
f 1096 1093 885
f 424 1100 1095
f 424 1095 422
f 1101 336 885
f 424 781 1100
f 1102 1065 1103
f 1094 1101 885
f 1104 336 1101
f 1097 1099 729
f 1097 729 1105
f 426 781 424
f 1106 1107 711
f 1108 711 1109
f 1110 711 1108
f 1111 728 781
f 1111 781 426
f 1105 729 728
f 1105 728 1111
f 1112 433 1113
f 435 1113 433
f 1114 711 1107
f 1109 711 1114
f 1115 711 1110
f 1103 1065 1116
f 1116 1065 1117
f 1118 1065 1102
f 1066 1065 1118
f 1117 1065 1119
f 1077 1065 1064
f 467 1113 435
f 1119 1065 1120
f 433 1112 434
f 1121 1122 711
f 1123 895 1124
f 434 1112 1000
f 1125 1126 711
f 434 1000 1052
f 1089 1127 1091
f 1128 1091 1127
f 1129 460 458
f 1129 458 1130
f 1131 1132 1133
f 1134 1135 1132
f 460 1129 1136
f 460 1136 445
f 445 1136 1137
f 445 1137 446
f 446 1137 1138
f 446 1138 448
f 1139 711 1140
f 1126 1128 711
f 448 1138 1141
f 448 1141 450
f 450 1141 1142
f 450 1142 451
f 1139 1143 711
f 1140 711 1127
f 1130 458 1144
f 1130 1144 1145
f 451 1142 449
f 1146 449 1142
f 1147 1148 1149
f 1148 1150 1149
f 1151 1149 1150
f 1150 1152 1151
f 1152 1153 1151
f 1151 1124 895
f 1153 1124 1151
f 1154 1155 711
f 456 1156 1157
f 1143 1154 711
f 1156 456 1158
f 459 1158 456
f 1134 711 1155
f 1120 1065 1159
f 1158 459 1160
f 447 1160 459
f 1160 447 449
f 1160 449 1146
f 1161 1134 1162
f 1155 1162 1134
f 1134 1161 1135
f 1133 1132 1135
f 1163 1044 1043
f 1036 1044 1163
f 1032 1038 1164
f 965 1032 1164
f 1128 1127 711
f 1165 711 1134
f 1166 1167 895
f 1145 1144 1168
f 477 1169 1170
f 1171 845 1172
f 1173 1174 1175
f 1159 1065 1175
f 895 1123 1175
f 467 1073 1113
f 1167 1151 895
f 468 1176 1073
f 468 1073 467
f 475 1065 1176
f 475 1176 468
f 1037 1164 1038
f 1177 896 1178
f 476 1173 1065
f 476 1065 475
f 965 899 775
f 899 902 775
f 477 1170 1179
f 477 1179 478
f 1180 896 1177
f 487 1181 1173
f 487 1173 476
f 478 1179 1181
f 478 1181 487
f 260 845 1182
f 1183 845 1171
f 842 928 841
f 767 766 1041
f 471 1174 1184
f 471 1184 472
f 1185 930 932
f 1185 932 1186
f 1187 1048 760
f 1187 760 759
f 472 1184 1169
f 472 1169 479
f 1188 928 842
f 85 84 432
f 85 432 1189
f 479 1169 477
f 1190 926 928
f 1190 928 1188
f 1191 1192 1189
f 1191 1189 432
f 1193 929 926
f 1193 926 1190
f 486 1194 482
f 1195 482 1194
f 1196 1051 1192
f 1196 1192 1191
f 1186 932 929
f 1186 929 1193
f 1197 483 1195
f 482 1195 483
f 935 1198 1199
f 935 1199 933
f 1051 1200 1041
f 1200 1051 1196
f 1198 935 936
f 1198 936 1201
f 767 1041 1200
f 1194 486 1202
f 1194 1202 1203
f 1204 1055 1048
f 1204 1048 1187
f 1203 1202 457
f 1203 457 1157
f 456 1157 457
f 933 1199 1205
f 933 1205 938
f 1204 1067 1055
f 1201 936 1206
f 473 1207 1174
f 473 1174 471
f 1206 1208 1209
f 1070 1210 1211
f 1070 1211 1074
f 473 1212 1207
f 1080 1213 1210
f 1080 1210 1070
f 1214 1215 1216
f 1214 1216 492
f 1208 1206 936
f 474 1212 473
f 813 812 1217
f 948 1217 812
f 488 1218 1212
f 488 1212 474
f 1074 1211 1056
f 489 1219 1218
f 489 1218 488
f 1213 1080 1081
f 1213 1081 1220
f 1220 1081 1069
f 1220 1069 1221
f 1222 491 1216
f 492 1216 491
f 1221 1069 1067
f 1221 1067 1223
f 1219 489 1224
f 490 1224 489
f 1223 1067 1204
f 491 1222 1225
f 491 1225 493
f 1090 1226 1227
f 1090 1227 1088
f 1091 1228 1226
f 1091 1226 1090
f 493 1225 1224
f 493 1224 490
f 1128 1229 1228
f 1128 1228 1091
f 483 1197 1230
f 483 1230 494
f 1231 495 494
f 1231 494 1230
f 1229 1128 1232
f 1233 497 495
f 1233 495 1231
f 1092 1234 1235
f 1092 1235 1094
f 1236 496 497
f 1236 497 1233
f 1093 1237 1234
f 1093 1234 1092
f 1237 1093 1096
f 1237 1096 1238
f 1239 498 1240
f 501 1240 498
f 1238 1096 1241
f 1094 1235 1242
f 1094 1242 1101
f 502 1243 501
f 1243 1240 501
f 1056 1211 1244
f 1243 502 1245
f 1243 1245 1246
f 1056 1244 1247
f 1056 1247 1072
f 1246 1245 480
f 1246 480 1248
f 1241 1082 1072
f 1241 1072 1247
f 1248 480 484
f 1248 484 1249
f 1241 1096 1082
f 1249 484 496
f 1249 496 1236
f 1250 1104 1101
f 1250 1101 1242
f 1251 1252 1253
f 1251 1253 1254
f 1108 1255 1110
f 1256 1110 1255
f 1252 1251 1257
f 1255 1108 1109
f 1255 1109 1258
f 1254 1253 1259
f 1258 1109 1114
f 1258 1114 1260
f 1260 1114 1107
f 1260 1107 1261
f 1254 1259 1262
f 1107 1263 1261
f 1264 1262 1265
f 1259 1265 1262
f 1266 1115 1110
f 1266 1110 1256
f 1265 1215 1214
f 1264 1265 1214
f 1263 1107 1106
f 1267 499 1239
f 498 1239 499
f 1106 1268 1263
f 1263 1268 1269
f 1270 1271 499
f 1270 499 1267
f 1272 1273 1115
f 1272 1115 1266
f 1274 1275 1276
f 1277 1121 1273
f 1277 1273 1272
f 1275 1274 1278
f 1279 1280 1271
f 1279 1271 1270
f 1121 1277 1122
f 1281 1122 1277
f 1275 1278 1282
f 1283 1125 1281
f 1122 1281 1125
f 1282 1278 1284
f 1282 1284 1285
f 1125 1283 1126
f 1232 1126 1283
f 1285 1284 1286
f 1285 1286 1287
f 1126 1232 1128
f 1287 1286 1280
f 1287 1280 1279
f 1288 1134 1132
f 1288 1132 1289
f 1290 1291 1292
f 1289 1132 1131
f 1289 1131 1293
f 1133 1294 1293
f 1133 1293 1131
f 1295 1296 1297
f 1298 1297 1296
f 1299 1165 1134
f 1299 1134 1288
f 1296 1295 1300
f 1301 1127 1089
f 1301 1089 1302
f 1297 1298 1291
f 1292 1291 1298
f 1302 1089 1088
f 1302 1088 1227
f 1300 1295 1303
f 1304 1140 1127
f 1304 1127 1301
f 1252 1257 1305
f 1135 1306 1294
f 1135 1294 1133
f 1257 1307 1305
f 1308 1305 1307
f 1140 1304 1139
f 1309 1139 1304
f 1139 1309 1310
f 1306 1135 1161
f 1306 1161 1311
f 1139 1310 1143
f 1300 1303 1312
f 1300 1312 1313
f 1314 1154 1143
f 1314 1143 1310
f 1315 1154 1314
f 1316 1317 1318
f 1319 1318 1317
f 1311 1161 1162
f 1311 1162 1320
f 1154 1315 1155
f 1308 1307 1316
f 1317 1316 1307
f 1320 1162 1155
f 1320 1155 1315
f 1321 1322 1318
f 1321 1318 1319
f 1165 1299 1172
f 503 92 93
f 1323 1172 1299
f 1313 1312 1324
f 1313 1324 1325
f 1326 1171 1172
f 1326 1172 1323
f 1322 1321 1327
f 1328 1327 1321
f 1329 1171 1326
f 1325 1324 1327
f 1325 1327 1328
f 1330 1331 1182
f 1332 1182 1331
f 1333 1334 1335
f 1333 1335 575
f 1171 1329 1183
f 1183 1329 1330
f 1331 1330 1329
f 575 1335 1336
f 1276 1336 1335
f 1182 503 93
f 503 1182 1332
f 1337 905 1104
f 1337 1104 1250
f 1336 1276 1275
f 1338 1339 905
f 1338 905 1337
f 1334 1333 1340
f 1341 1340 1333
f 1342 904 1339
f 1342 1339 1338
f 904 1342 1343
f 1344 1345 1346
f 1347 1346 1345
f 1346 1347 1348
f 1349 1348 1347
f 1350 1351 1352
f 1350 1352 1353
f 1348 1349 1354
f 1355 1354 1349
f 1354 1355 1356
f 1354 1356 1357
f 1357 1356 1358
f 1357 1358 1359
f 1353 1352 1360
f 1353 1360 1361
f 1359 1358 1362
f 904 1343 1363
f 1364 1365 1366
f 1364 1366 1367
f 1343 1368 1363
f 1369 1370 1361
f 1369 1361 1360
f 1367 1366 1371
f 1367 1371 1372
f 1373 1370 1369
f 1365 1364 1374
f 1375 1374 1364
f 1374 1375 1376
f 1374 1376 1377
f 1377 1376 1378
f 1377 1378 1379
f 1373 1380 1370
f 1379 1378 1381
f 1380 1373 1382
f 1380 1382 1383
f 1384 1383 1385
f 1385 1383 1382
f 1386 485 1387
f 481 1387 485
f 1381 1388 1387
f 1381 1387 481
f 1389 1390 1351
f 1389 1351 1350
f 1381 1378 1388
f 1269 1268 1391
f 1392 1391 1268
f 1393 1394 1395
f 1396 1395 1394
f 1397 1398 1390
f 1397 1390 1389
f 1399 1400 1396
f 1395 1396 1400
f 1398 1397 1401
f 1400 1399 1402
f 1400 1402 1403
f 1391 1392 1404
f 1391 1404 1405
f 1398 1401 1406
f 1401 1407 1408
f 1406 1401 1408
f 1408 1407 1409
f 1408 1409 1410
f 1405 1404 1410
f 1405 1410 1409
f 1411 1412 1413
f 1411 1413 1414
f 1415 1368 1412
f 1415 1412 1411
f 1414 1413 1416
f 1414 1416 1417
f 1368 1415 1363
f 1418 1419 1417
f 1418 1417 1416
f 1420 1421 1419
f 1420 1419 1418
f 1421 1420 1422
f 1421 1422 1423
f 1424 1425 1426
f 1424 1426 1427
f 1428 1429 1424
f 1425 1424 1429
f 1430 1431 1428
f 1429 1428 1431
f 1431 1430 1432
f 1431 1432 1433
f 480 482 484
f 290 287 1319
f 1254 1262 290
f 1262 1264 290
f 1214 290 1264
f 1254 290 1251
f 1214 492 290
f 1251 290 1257
f 499 1271 500
f 1274 1434 1278
f 1278 1434 1284
f 1371 1245 500
f 1271 1280 500
f 1286 500 1280
f 1313 1325 1300
f 1257 290 1307
f 1317 1307 290
f 1319 1317 290
f 938 1205 1435
f 938 1435 937
f 937 1435 1436
f 937 1436 943
f 943 1436 1437
f 914 1438 1217
f 914 1217 948
f 943 1437 945
f 945 1437 1439
f 945 1439 946
f 1296 1300 1325
f 1298 1296 1325
f 1325 1328 1298
f 1328 1321 287
f 1292 1298 287
f 946 1439 1438
f 946 1438 914
f 1440 1441 1442
f 1440 1442 1443
f 1340 1444 1334
f 1445 1446 1442
f 1443 1442 1446
f 1335 1444 1447
f 927 1448 1445
f 1446 1445 1448
f 1448 927 931
f 1448 931 1449
f 1449 931 930
f 1449 930 1185
f 1450 1451 1441
f 1450 1441 1440
f 1451 1450 1452
f 1345 1453 1347
f 1144 1355 1453
f 1347 1453 1349
f 1356 1355 1144
f 1349 1453 1355
f 1454 1209 1208
f 1209 1454 1455
f 1209 1455 1456
f 1402 1399 458
f 1202 485 457
f 1144 1457 1358
f 1356 1144 1358
f 1458 1459 1460
f 1374 1377 1365
f 1366 1365 1377
f 480 1366 1379
f 1381 480 1379
f 1377 1379 1366
f 1461 1462 1460
f 1461 1460 1459
f 1144 458 1463
f 1202 486 485
f 1402 458 485
f 845 711 1172
f 1381 481 480
f 1371 1366 480
f 502 500 1245
f 480 1245 1371
f 1464 1465 1466
f 71 81 93
f 91 71 93
f 1182 93 260
f 1330 1182 845
f 1165 1172 711
f 1183 1330 845
f 1463 1467 1144
f 1457 1144 1467
f 905 328 1104
f 1339 319 905
f 1394 1466 1465
f 1396 1394 1465
f 1465 458 1396
f 1399 1396 458
f 1463 458 1465
f 904 319 1339
f 1363 1414 904
f 1468 1469 1470
f 1471 1470 1469
f 1472 1471 1469
f 1469 1473 1472
f 1474 1472 1473
f 1475 1476 1457
f 1467 1477 1457
f 1475 1457 1477
f 336 1104 328
f 1417 934 904
f 1421 934 1419
f 1419 934 1417
f 372 904 369
f 1414 1417 904
f 1478 1479 1480
f 1352 711 1360
f 1351 711 1352
f 1369 1360 711
f 1480 1479 1481
f 1482 1479 1483
f 1373 1369 711
f 1382 1373 711
f 1468 1484 1469
f 1469 1484 1485
f 1469 1485 1486
f 1486 1483 1469
f 1487 1385 711
f 1488 1479 1489
f 1490 1491 1492
f 1492 1491 1488
f 1410 1404 711
f 1115 1273 711
f 1481 1479 1482
f 1493 1479 1494
f 1494 1479 1495
f 1496 1479 1493
f 1497 1479 1496
f 1489 1479 1497
f 1495 1479 1478
f 1498 1499 1490
f 1499 1491 1490
f 1491 1500 1488
f 1479 1488 1500
f 1392 1268 711
f 1404 1392 711
f 1268 1106 711
f 1273 1121 711
f 1122 1125 711
f 1408 1410 711
f 1406 1408 711
f 1286 1284 1501
f 1501 500 1286
f 1415 1411 1363
f 1363 1411 1414
f 1434 1502 1284
f 1502 1503 1284
f 1503 1501 1284
f 1434 1274 1447
f 1276 1447 1274
f 1276 1335 1447
f 1298 1328 287
f 1423 934 1421
f 1290 1292 287
f 287 286 1504
f 1504 1290 287
f 1321 1319 287
f 934 945 904
f 1505 1504 286
f 1427 1506 1424
f 1507 1424 1508
f 934 1506 1427
f 1509 1510 1511
f 1512 1510 1509
f 1513 1511 1510
f 1510 1514 1513
f 1432 1430 1507
f 1430 1428 1507
f 1428 1424 1507
f 1515 934 1427
f 1516 934 1517
f 1517 934 1423
f 313 1513 314
f 1518 313 1053
f 349 980 313
f 980 367 313
f 1519 1520 1521
f 1506 934 1516
f 1508 1424 1506
f 1522 934 1515
f 1523 1524 1520
f 1525 1526 1520
f 1524 1525 1520
f 1526 1521 1520
f 1527 1528 1520
f 1528 1529 1520
f 1530 1523 1520
f 1530 1520 1529
f 1531 1532 1533
f 1534 1535 1529
f 1535 1530 1529
f 1536 1537 711
f 1538 711 1539
f 1537 1540 711
f 1541 1536 711
f 1542 1541 711
f 1334 1444 1335
f 1444 1543 1447
f 1544 1447 1543
f 1539 711 1545
f 1540 1545 711
f 1543 1534 1544
f 1529 1544 1534
f 1546 1542 711
f 1385 1382 711
f 1518 1053 1547
f 1548 1549 1547
f 1550 1549 1548
f 1551 1552 1550
f 1552 1549 1550
f 1518 1547 1549
f 1390 711 1351
f 1553 1487 711
f 1554 1555 1556
f 1557 1556 1555
f 1558 1553 711
f 1559 1531 1560
f 1561 1560 1531
f 1533 1561 1531
f 1562 1547 1053
f 1398 1406 711
f 1390 1398 711
f 590 580 532
f 605 532 398
f 605 398 611
f 140 138 506
f 506 609 140
f 609 614 140
f 614 618 140
f 143 140 618
f 618 616 143
f 616 611 143
f 611 398 143
f 1456 1455 1563
f 1456 1563 1564
f 1565 1566 1461
f 1462 1461 1566
f 1566 1565 1567
f 1566 1567 1568
f 513 624 626
f 540 511 513
f 626 540 513
f 1569 1570 1568
f 1569 1568 1567
f 630 624 631
f 513 631 624
f 1564 1563 1570
f 1564 1570 1569
f 652 654 572
f 1571 1572 1573
f 1458 1573 1572
f 1572 1571 1574
f 1573 1458 1460
f 643 646 570
f 652 572 646
f 654 704 572
f 642 643 570
f 398 532 526
f 531 590 532
f 525 572 398
f 570 646 572
f 524 642 570
f 523 642 524
f 1575 1574 1571
f 1576 1577 1574
f 1576 1574 1575
f 697 660 665
f 664 665 662
f 733 655 697
f 662 665 660
f 1578 1579 1580
f 1578 1580 1581
f 1581 1580 1582
f 1581 1582 1583
f 1583 1582 1584
f 1583 1584 1585
f 1585 1584 1586
f 1585 1586 1587
f 744 739 685
f 1587 1586 1577
f 1587 1577 1576
f 660 697 658
f 1588 1589 1590
f 1588 1590 1591
f 690 733 697
f 1591 1590 1592
f 1591 1592 1593
f 1593 1592 1594
f 1593 1594 1595
f 655 733 681
f 1595 1594 1596
f 1595 1596 1597
f 704 702 572
f 1597 1596 1598
f 1597 1598 1599
f 398 572 702
f 1599 1598 1600
f 1599 1600 1452
f 580 526 532
f 698 398 702
f 1452 1600 1451
f 134 131 504
f 1601 1602 1603
f 1604 1605 1606
f 1604 1606 1607
f 1602 1601 1607
f 1602 1607 1606
f 131 130 504
f 134 504 135
f 125 123 504
f 119 398 123
f 1579 1578 1608
f 1609 1608 1578
f 1610 1611 1608
f 1610 1608 1609
f 111 155 119
f 152 119 157
f 1612 1613 1611
f 1610 1612 1611
f 1614 1615 1613
f 1614 1613 1612
f 1615 1614 1616
f 1603 1616 1614
f 722 1617 721
f 1616 1603 1602
f 1618 1619 1620
f 1621 1620 1619
f 718 1622 725
f 1623 1624 1620
f 1623 1620 1621
f 1625 1626 1624
f 1625 1624 1623
f 725 1627 403
f 1627 402 403
f 731 403 398
f 1628 1629 1626
f 1628 1626 1625
f 1630 1631 1629
f 1630 1629 1628
f 398 681 731
f 737 733 690
f 731 681 733
f 1632 1631 1630
f 690 688 737
f 1619 1618 1633
f 1619 1633 1634
f 1589 1588 1635
f 1636 1635 1588
f 698 681 398
f 658 697 655
f 688 685 739
f 739 737 688
f 1634 1633 1637
f 1634 1637 1638
f 753 757 758
f 753 758 754
f 1639 1640 1635
f 1639 1635 1636
f 765 767 754
f 767 1200 754
f 758 765 754
f 1641 1642 1640
f 1641 1640 1639
f 84 430 432
f 1191 432 431
f 1638 1637 1643
f 1638 1643 1644
f 1642 1641 1645
f 1646 1645 1641
f 759 754 431
f 431 754 1200
f 431 1200 1196
f 1196 1191 431
f 1644 1643 1645
f 1644 1645 1646
f 759 431 1187
f 1647 1187 431
f 1204 1187 1647
f 1648 1649 1650
f 1649 1648 1651
f 1652 1651 1648
f 1651 1652 1653
f 1654 1653 1652
f 1213 1220 1210
f 1653 1654 1655
f 1653 1655 1656
f 1656 1655 1657
f 1656 1657 1658
f 1220 1221 1210
f 1211 1210 1221
f 1223 1647 1221
f 1204 1647 1223
f 1211 1221 1647
f 1242 1235 1647
f 1247 1244 1647
f 1211 1647 1244
f 1659 1660 1658
f 1659 1658 1657
f 1228 1302 1226
f 1661 1662 1663
f 1661 1663 1664
f 1237 1238 1234
f 1238 1241 1234
f 1235 1234 1241
f 1345 1344 1665
f 1666 1665 1344
f 1667 1668 1665
f 1667 1665 1666
f 1669 1670 1668
f 1669 1668 1667
f 1247 1647 1241
f 1235 1241 1647
f 1671 1672 1670
f 1671 1670 1669
f 1250 1242 1673
f 1338 1337 1673
f 1263 398 1261
f 1258 1260 398
f 1260 1261 398
f 1672 1671 1674
f 1672 1674 1675
f 1676 1677 1678
f 1679 1678 1677
f 1453 1680 1677
f 1453 1677 1676
f 1256 398 1266
f 1272 1266 398
f 1675 1674 1680
f 1675 1680 1453
f 1277 1272 398
f 1681 1682 1683
f 1681 1683 1684
f 1281 1277 398
f 1662 1661 1683
f 1684 1683 1661
f 1283 1281 398
f 1685 1682 1681
f 1293 1294 1289
f 1294 1306 1289
f 1686 1687 1688
f 1227 1226 1302
f 1682 1685 1689
f 1228 1229 1301
f 1690 1691 1689
f 1690 1689 1685
f 1283 398 1232
f 1691 1690 520
f 1691 520 1692
f 1301 1229 1304
f 1692 520 1693
f 1692 1693 1694
f 1229 1232 1304
f 1694 1693 1695
f 507 1695 1693
f 1309 1304 398
f 1695 507 1696
f 1695 1696 1697
f 1310 1309 398
f 1314 398 1315
f 1288 1315 398
f 1697 1696 1687
f 1697 1687 1686
f 1678 1679 1698
f 1699 1698 1679
f 1288 1289 1306
f 1306 1311 1288
f 1311 1320 1288
f 1320 1315 1288
f 1310 398 1314
f 1700 1701 1698
f 1700 1698 1699
f 1701 1700 1702
f 1701 1702 1703
f 1302 1228 1301
f 1660 1659 1702
f 1703 1702 1659
f 1299 1288 398
f 1323 1299 398
f 1688 508 282
f 1326 1323 398
f 508 1688 1687
f 80 70 398
f 1329 1326 398
f 1704 1650 1705
f 1706 1705 1650
f 1329 398 1331
f 1332 398 70
f 1331 398 1332
f 503 1332 70
f 1704 1705 1707
f 1704 1707 1708
f 1673 1337 1250
f 1708 1707 1709
f 1708 1709 1710
f 1710 1709 1711
f 1710 1711 1712
f 1712 1711 1713
f 1342 1338 1673
f 1342 1673 1343
f 1706 1650 1649
f 1713 1714 1712
f 1413 1412 1343
f 1673 1416 1343
f 1715 1716 1714
f 1715 1714 1713
f 1717 1718 1716
f 1715 1717 1716
f 1353 1361 398
f 1370 398 1361
f 1719 1720 1718
f 1719 1718 1717
f 1380 398 1370
f 1383 398 1380
f 1721 1722 1723
f 1721 1723 1724
f 1725 1726 1724
f 1725 1724 1723
f 1726 1725 1719
f 1720 1719 1725
f 1397 1389 398
f 1350 1353 398
f 1727 1728 1729
f 1727 1729 1730
f 1730 1729 1731
f 1730 1731 1732
f 1407 1401 398
f 1401 1397 398
f 1733 1734 1728
f 1733 1728 1727
f 1405 1409 398
f 1407 398 1409
f 1391 1405 398
f 1256 1255 398
f 1269 1391 398
f 1269 398 1263
f 1255 1258 398
f 1732 1731 1735
f 1732 1735 1736
f 1368 1343 1412
f 1413 1343 1416
f 1737 1738 1664
f 1737 1664 1663
f 1418 1416 1673
f 1734 1733 1739
f 1740 1739 1733
f 1420 1418 1673
f 1739 1740 1738
f 1739 1738 1737
f 1422 1420 1741
f 1742 1469 1479
f 1431 1433 1743
f 1425 1429 1744
f 1743 1744 1429
f 1431 1743 1429
f 1469 1742 1473
f 1745 1473 1742
f 1746 513 1747
f 1746 1747 1748
f 1749 1750 1426
f 1744 1749 1426
f 1426 1425 1744
f 1473 1745 1748
f 1473 1748 1747
f 1673 1741 1420
f 1741 1426 1751
f 1750 1751 1426
f 106 282 107
f 107 282 508
f 941 631 513
f 941 513 1746
f 398 1752 1753
f 941 629 631
f 1754 398 1755
f 1756 398 1754
f 1757 398 1756
f 1758 398 1757
f 1759 1034 1760
f 1394 1393 1466
f 1761 1466 1393
f 1762 398 1763
f 1755 398 1762
f 1764 1763 398
f 1758 1752 398
f 1765 1764 398
f 1766 1467 1767
f 1035 1034 1768
f 1759 1768 1034
f 1769 1464 1466
f 1769 1466 1761
f 1770 1771 398
f 1768 1772 1035
f 684 1035 1772
f 1767 1467 1463
f 1767 1463 1773
f 1772 685 684
f 1770 398 1774
f 1389 1350 398
f 1774 398 1384
f 1384 398 1383
f 1775 110 109
f 1773 1463 1465
f 1773 1465 1776
f 1304 1232 398
f 1464 1769 1776
f 1464 1776 1465
f 110 1775 1777
f 1778 1777 1775
f 1673 1779 1741
f 485 1386 1402
f 1403 1402 1386
f 1777 1778 1780
f 1777 1780 1781
f 1471 1782 1783
f 1471 1783 1470
f 1781 1780 1784
f 1781 1784 1785
f 1470 1783 1786
f 1470 1786 1468
f 1787 1788 1785
f 1787 1785 1784
f 1673 1789 1790
f 1791 1673 1790
f 1779 1673 1791
f 1472 1792 1782
f 1472 1782 1471
f 1793 1794 1788
f 1793 1788 1787
f 1795 1468 1786
f 1796 1673 1797
f 1789 1673 1796
f 1615 1798 1673
f 1792 1472 1474
f 1792 1474 1799
f 1800 1801 1802
f 1800 1802 1803
f 1736 1735 1474
f 1799 1474 1735
f 1804 1805 1793
f 1794 1793 1805
f 1806 1807 1808
f 1766 1477 1467
f 1803 1802 1805
f 1803 1805 1804
f 1809 1475 1477
f 1809 1477 1766
f 1722 1721 1801
f 1722 1801 1800
f 1810 398 1811
f 1475 1809 1812
f 1475 1812 1476
f 1362 1358 1457
f 1476 1812 1362
f 1476 1362 1457
f 1813 1808 1807
f 1807 1814 1813
f 1815 398 1814
f 1811 398 1815
f 1495 1816 1817
f 1495 1817 1818
f 1495 1818 1494
f 1819 1820 398
f 1753 1819 398
f 1468 1795 1484
f 1821 1822 1823
f 1478 1816 1495
f 1824 1673 1825
f 1480 1826 1816
f 1480 1816 1478
f 1797 1673 1824
f 1825 1673 1827
f 1823 1822 1828
f 1481 1829 1480
f 1826 1480 1829
f 1827 1673 1798
f 1830 1485 1484
f 1830 1484 1795
f 1528 1831 1832
f 1482 1833 1829
f 1482 1829 1481
f 1834 1615 1835
f 1833 1482 1836
f 1483 1836 1482
f 442 1837 1838
f 442 1838 1839
f 1486 1840 1836
f 1486 1836 1483
f 1841 1842 1843
f 1840 1486 1485
f 1840 1485 1830
f 1843 1842 1844
f 1845 1846 1847
f 1494 1818 1493
f 1848 1493 1818
f 1847 1846 1849
f 1850 1496 1493
f 1850 1493 1848
f 1851 1852 1846
f 1851 1846 1845
f 1853 398 1854
f 1855 1854 398
f 1856 1489 1857
f 1497 1857 1489
f 1852 1851 1858
f 1852 1858 1859
f 1860 1855 398
f 1861 1860 398
f 1489 1856 1488
f 1859 1858 1862
f 1810 1861 398
f 1863 1813 398
f 1813 1814 398
f 1496 1850 1497
f 1857 1497 1850
f 1847 1849 1864
f 1847 1864 562
f 398 1820 1863
f 1771 1765 398
f 1865 1492 1866
f 1488 1866 1492
f 1867 1868 1869
f 1862 1869 1868
f 1870 1490 1865
f 1492 1865 1490
f 1869 1862 1858
f 1866 1488 1856
f 1868 1867 1871
f 1868 1871 1828
f 1823 1828 1871
f 1490 1870 1498
f 1872 1498 1870
f 1873 563 562
f 1873 562 1864
f 1874 1499 1498
f 1874 1498 1872
f 1875 599 563
f 1875 563 1873
f 1876 1500 1491
f 1876 1491 1877
f 1878 398 1879
f 599 1875 1880
f 1877 1491 1499
f 1877 1499 1874
f 1479 1881 1742
f 1821 1882 1883
f 1884 1883 1882
f 1885 1886 1844
f 1879 398 1886
f 1885 1844 1842
f 1853 1886 398
f 1887 1886 1853
f 1844 1886 1887
f 1841 1843 1888
f 1881 1479 1500
f 1876 1881 1500
f 1882 1889 1884
f 1544 568 565
f 1544 565 1447
f 1544 550 568
f 1821 1883 1822
f 1890 1832 1831
f 1372 1371 1891
f 500 1891 1371
f 1632 1630 398
f 1878 1632 398
f 1501 1892 1891
f 1501 1891 500
f 1893 1894 1831
f 1892 1501 1895
f 1503 1895 1501
f 1896 1897 1898
f 1896 1898 1899
f 504 843 1144
f 1144 1804 504
f 1784 1780 504
f 1778 1775 504
f 1787 1784 504
f 1447 565 1900
f 1447 1900 1434
f 1899 1898 1901
f 1899 1901 1902
f 1903 1904 300
f 843 300 1904
f 1904 1905 843
f 1895 1503 1906
f 1502 1906 1503
f 1906 1502 1434
f 1906 1434 1900
f 1907 1908 934
f 1909 1907 934
f 1910 934 1908
f 313 693 1911
f 313 1911 1513
f 289 1912 504
f 843 504 1912
f 844 843 1912
f 1513 1911 1913
f 1513 1913 1511
f 1914 1909 934
f 1915 934 1910
f 1511 1913 1916
f 1511 1916 1509
f 775 711 300
f 398 300 711
f 1291 1290 1917
f 1918 1919 1920
f 1509 1916 1921
f 1509 1921 1512
f 1919 1918 1922
f 1919 1922 1923
f 1923 1922 1905
f 1923 1905 922
f 1504 1924 1917
f 1504 1917 1290
f 1925 1926 1927
f 1928 1925 1927
f 1929 1930 1926
f 1930 1927 1926
f 1931 711 1926
f 922 1905 1904
f 922 1904 921
f 1505 1932 1924
f 1505 1924 1504
f 1903 951 921
f 1903 921 1904
f 1514 1933 1932
f 1514 1932 1505
f 1934 925 951
f 1934 951 1903
f 1510 1935 1933
f 1510 1933 1514
f 1936 1937 711
f 1512 1921 1935
f 1512 1935 1510
f 1937 1546 711
f 1558 711 1538
f 1938 1936 711
f 999 1939 1940
f 999 1940 1052
f 1941 1914 934
f 1942 1001 1943
f 549 1530 1535
f 549 1535 559
f 1944 934 1915
f 1939 999 1942
f 1001 1942 999
f 1530 549 548
f 1530 548 1523
f 545 1525 543
f 1524 543 1525
f 547 1526 545
f 1525 545 1526
f 947 1945 942
f 1946 942 1945
f 1604 1614 1947
f 1526 547 1521
f 1948 940 1946
f 942 1946 940
f 543 1524 548
f 1523 548 1524
f 1521 547 556
f 939 940 1949
f 1948 1949 940
f 1949 1950 939
f 559 1535 1534
f 559 1534 569
f 555 1519 1521
f 555 1521 556
f 598 592 1533
f 598 1533 1527
f 598 1527 558
f 1951 1952 711
f 1953 953 952
f 1953 952 1954
f 558 1527 1520
f 558 1520 544
f 1952 1955 711
f 544 1520 1519
f 544 1519 555
f 1954 952 961
f 1954 961 1956
f 569 1534 1543
f 569 1543 566
f 566 1543 1444
f 566 1444 564
f 944 939 1950
f 1340 1341 1444
f 564 1444 1341
f 1529 550 1544
f 1956 961 960
f 1956 960 1957
f 550 1529 1528
f 1832 550 1528
f 587 1547 1562
f 1958 962 953
f 1958 953 1953
f 586 1547 587
f 944 1950 1959
f 960 924 1957
f 1547 586 1548
f 1548 586 583
f 1548 583 1550
f 1550 583 582
f 1550 582 1551
f 1959 1920 1919
f 1551 582 584
f 1551 584 1552
f 1950 1920 1959
f 1552 584 585
f 1552 585 1549
f 1960 1957 924
f 1960 924 923
f 1960 923 1961
f 693 313 588
f 1518 588 313
f 925 1934 923
f 1961 923 1934
f 588 1518 585
f 1549 585 1518
f 1560 591 1559
f 595 1559 591
f 1561 592 1560
f 591 1560 592
f 972 1962 971
f 1963 971 1962
f 594 1964 595
f 1559 595 1964
f 970 1965 968
f 1966 968 1965
f 634 1554 594
f 1964 594 1554
f 982 1967 970
f 1554 634 1555
f 968 1966 972
f 1962 972 1966
f 1561 1533 592
f 1965 970 1967
f 1967 982 1968
f 1969 620 621
f 971 1963 984
f 1969 621 622
f 1969 622 1970
f 1968 982 981
f 1562 604 587
f 1958 1971 962
f 976 962 1971
f 1972 602 604
f 1972 604 1562
f 1968 981 983
f 1968 983 1973
f 1972 1974 602
f 610 602 1974
f 1975 613 610
f 1975 610 1974
f 1976 975 976
f 1976 976 1971
f 1977 613 1975
f 1978 977 975
f 1978 975 1976
f 1970 622 623
f 1970 623 1979
f 1980 969 977
f 1980 977 1978
f 613 1977 619
f 1973 983 969
f 1973 969 1980
f 1981 742 619
f 1981 619 1977
f 998 1943 1001
f 1979 623 742
f 1979 742 1981
f 1943 998 1982
f 997 1982 998
f 636 1555 634
f 995 1983 997
f 1982 997 1983
f 635 1557 1555
f 635 1555 636
f 679 1984 678
f 1983 995 993
f 1983 993 1985
f 1974 1972 1053
f 1972 1562 1053
f 677 1984 679
f 633 1556 1557
f 633 1557 635
f 1975 1974 1053
f 1053 1986 1975
f 678 1984 1987
f 678 1987 1988
f 678 1988 680
f 1979 1989 1970
f 1977 1975 1986
f 680 1988 1990
f 680 1990 632
f 632 1990 1556
f 632 1556 633
f 1984 677 1991
f 676 1992 1991
f 676 1991 677
f 1984 1991 1987
f 675 1993 1992
f 675 1992 676
f 1988 1531 1964
f 1994 1531 1987
f 674 1995 1993
f 674 1993 675
f 673 1996 674
f 1995 674 1996
f 1990 1988 1964
f 1964 1554 1990
f 1556 1990 1554
f 672 1997 673
f 1996 673 1997
f 1998 1999 2000
f 1997 672 671
f 1997 671 2001
f 1999 1532 2000
f 670 2002 671
f 2001 671 2002
f 2002 670 669
f 2002 669 2003
f 2003 669 667
f 2003 667 2004
f 1532 2005 1533
f 2006 1533 2007
f 1999 2005 1532
f 2007 1533 2005
f 2000 640 647
f 2000 647 650
f 2000 650 1998
f 1998 650 1999
f 2004 667 666
f 2004 666 2008
f 2009 1533 2006
f 640 2000 1532
f 640 1532 1531
f 640 1531 596
f 1999 650 648
f 1999 648 649
f 1999 649 2005
f 1559 1964 1531
f 1988 1987 1531
f 1992 1993 1987
f 1992 1987 1991
f 1993 1995 1987
f 1995 1996 1987
f 1994 1987 1996
f 1996 1997 1994
f 1997 2001 1994
f 2001 2002 1994
f 2002 2003 1994
f 2003 2004 1994
f 2008 1994 2004
f 639 2007 649
f 2005 649 2007
f 2007 639 638
f 2007 638 2006
f 2010 2011 1977
f 2011 2012 1977
f 1986 2010 1977
f 1053 313 391
f 1994 668 596
f 1994 596 1531
f 2012 2013 1977
f 2014 2015 2016
f 2017 2014 2016
f 2018 2016 2015
f 2019 2017 2016
f 2020 2019 2016
f 2020 2016 2010
f 2011 2010 2016
f 2006 638 593
f 2006 593 2009
f 2021 1981 2022
f 2022 1981 2023
f 2008 666 668
f 2008 668 1994
f 694 2020 2010
f 694 2010 687
f 2024 2023 1981
f 2025 2024 1981
f 2013 2025 1981
f 687 2010 1986
f 687 1986 686
f 1981 1977 2013
f 686 1986 1053
f 1097 1105 2026
f 709 2019 2020
f 694 709 2020
f 2027 2028 1105
f 2028 2026 1105
f 1105 1111 2027
f 1111 426 2029
f 2029 2027 1111
f 700 2017 709
f 2019 709 2017
f 2030 1969 1989
f 2017 700 701
f 2017 701 2014
f 2014 701 707
f 2014 707 2015
f 1981 1989 1979
f 1969 1970 1989
f 2015 707 706
f 2015 706 2018
f 1673 1647 2031
f 2011 710 2012
f 2016 708 710
f 2016 710 2011
f 2031 1647 2032
f 708 2016 2018
f 708 2018 706
f 2033 1647 2034
f 2033 2032 1647
f 2013 713 2025
f 712 713 2013
f 1522 2035 934
f 2036 2037 300
f 2038 300 2037
f 429 300 2038
f 427 2029 426
f 927 929 931
f 1445 775 927
f 1442 775 1445
f 1442 1441 775
f 1451 775 1441
f 1451 1635 775
f 2039 1673 2040
f 1462 1944 1460
f 2040 1673 1989
f 1981 2021 1989
f 1566 934 1462
f 1568 1570 934
f 1454 934 1455
f 1563 1455 934
f 1208 934 1454
f 936 934 1208
f 1570 1563 934
f 1583 1944 1581
f 1609 1578 1610
f 2041 1673 2042
f 2043 1673 2044
f 2045 2046 1673
f 2046 2047 1673
f 2048 2045 1673
f 2044 1673 2047
f 2049 2048 1673
f 2050 2049 1673
f 2051 1673 2043
f 1944 1585 1573
f 1578 1581 1610
f 1585 1944 1583
f 191 2036 183
f 181 183 2036
f 184 191 183
f 179 181 2036
f 176 179 2036
f 1576 1575 1587
f 1575 1571 1587
f 1571 1573 1587
f 2036 300 176
f 188 176 300
f 1587 1573 1585
f 185 188 300
f 237 269 196
f 1596 1594 1590
f 1590 1589 1596
f 1592 1590 1594
f 1598 1596 1589
f 2030 1989 1673
f 197 1673 2051
f 2041 2050 1673
f 196 269 1673
f 197 196 1673
f 2042 1673 2039
f 1601 1603 1607
f 192 185 300
f 2035 1941 934
f 1947 1614 2052
f 1603 1614 1607
f 1604 1607 1614
f 216 214 300
f 214 192 300
f 1944 1573 1460
f 1568 934 1566
f 300 225 201
f 300 201 200
f 300 200 204
f 300 204 206
f 300 206 208
f 300 208 210
f 300 210 212
f 300 212 218
f 218 216 300
f 1944 1462 934
f 1612 1610 1581
f 1612 1581 1944
f 1612 1944 1614
f 1944 2052 1614
f 229 227 300
f 225 300 227
f 232 300 224
f 219 222 300
f 229 300 234
f 234 300 235
f 249 337 248
f 1626 775 1624
f 249 252 334
f 245 335 242
f 1629 775 1626
f 1589 1635 1598
f 243 242 335
f 245 337 335
f 1600 1635 1451
f 1600 1598 1635
f 1640 775 1635
f 261 1673 263
f 1633 1618 1643
f 1642 775 1640
f 240 267 237
f 255 267 240
f 267 269 237
f 268 1673 269
f 1642 1645 775
f 1637 1633 1643
f 1645 1643 1618
f 775 1645 1618
f 775 1618 1620
f 268 263 1673
f 259 256 1673
f 335 1673 256
f 256 243 335
f 1673 1242 1647
f 222 224 300
f 235 300 232
f 300 783 351
f 340 344 300
f 344 272 300
f 342 340 300
f 351 342 300
f 1629 1631 775
f 1624 775 1620
f 317 334 252
f 327 318 1673
f 327 1673 335
f 877 1912 1651
f 1653 877 1651
f 337 249 334
f 245 248 337
f 1656 877 1653
f 1658 877 1656
f 272 219 300
f 1660 1699 877
f 1658 1660 877
f 1677 877 1679
f 1680 876 1677
f 906 1912 877
f 320 371 318
f 362 364 358
f 364 534 358
f 320 358 534
f 1673 318 371
f 300 789 783
f 1671 1669 1674
f 1669 1667 1674
f 1680 1674 1667
f 1680 1667 1666
f 1680 1666 1344
f 1346 1680 1344
f 1354 876 1680
f 773 778 787
f 769 773 787
f 780 787 778
f 769 787 790
f 1683 874 1662
f 790 789 300
f 1443 1446 300
f 1799 1735 874
f 1217 1438 811
f 801 811 1438
f 813 1217 811
f 793 801 1438
f 1438 1439 793
f 794 793 1439
f 1692 875 1691
f 790 300 769
f 1694 875 1692
f 770 769 300
f 1695 1697 875
f 1697 1686 875
f 826 770 300
f 833 828 300
f 828 826 300
f 1688 875 1686
f 1694 1695 875
f 1679 877 1699
f 1700 1699 1702
f 1702 1699 1660
f 300 814 816
f 300 816 818
f 300 818 820
f 300 820 823
f 300 823 825
f 300 825 831
f 300 831 834
f 834 833 300
f 282 875 1688
f 814 300 837
f 875 282 867
f 842 840 300
f 840 837 300
f 1709 1912 1711
f 1707 1912 1709
f 1705 1912 1707
f 1706 1649 1912
f 1190 1188 300
f 1193 1449 1186
f 1446 1448 300
f 1188 842 300
f 1726 1719 1912
f 1456 1564 1209
f 1206 1209 1569
f 1201 1206 1567
f 1569 1567 1206
f 1198 1201 1567
f 1713 1912 1715
f 1711 1912 1713
f 1649 1651 1912
f 1717 1912 1719
f 1715 1912 1717
f 1199 1198 1567
f 1728 874 1729
f 1751 1422 1741
f 1729 874 1731
f 1435 1673 1436
f 1734 1739 874
f 1739 1662 874
f 261 259 1673
f 534 371 320
f 370 1673 371
f 799 1439 370
f 1673 370 1439
f 799 794 1439
f 1439 1437 1673
f 1437 1436 1673
f 1748 864 1746
f 1745 864 1748
f 1742 874 1745
f 864 867 1746
f 1193 300 1449
f 1448 1449 300
f 1185 1186 1449
f 1190 300 1193
f 1663 1662 1737
f 1739 1737 1662
f 1682 874 1683
f 1689 874 1682
f 1691 874 1689
f 875 874 1691
f 1792 1799 874
f 1450 1440 300
f 1440 1443 300
f 1881 1826 1742
f 864 1745 874
f 1577 1586 1574
f 1458 1572 1586
f 282 551 552
f 627 941 539
f 625 941 627
f 553 867 552
f 1746 867 941
f 282 552 867
f 867 539 941
f 1565 1673 1567
f 1205 1199 1567
f 1435 1205 1567
f 1673 1435 1567
f 1564 1569 1209
f 1459 1458 1584
f 684 683 743
f 1582 1673 1584
f 689 740 683
f 743 750 684
f 1035 684 750
f 1461 1459 1584
f 1572 1574 1586
f 1593 1595 1591
f 1591 1597 1588
f 1599 1452 1588
f 1452 1450 1636
f 300 1636 1450
f 1595 1597 1591
f 1781 1912 1777
f 1605 1615 1606
f 1794 1805 1912
f 1565 1461 1673
f 1586 1584 1458
f 1673 1461 1584
f 1673 1582 1580
f 1608 1611 1579
f 1580 1579 1611
f 1673 1580 1611
f 1673 1611 1613
f 1673 1613 1615
f 1616 1606 1615
f 1602 1606 1616
f 1605 1835 1615
f 1834 1798 1615
f 1794 1912 1788
f 289 110 1777
f 1623 1621 300
f 1625 1623 300
f 1628 1625 300
f 1630 1628 300
f 300 398 1630
f 1721 1724 1912
f 1801 1721 1912
f 1597 1599 1588
f 1588 1452 1636
f 1724 1726 1912
f 289 1777 1912
f 1805 1802 1912
f 1641 1639 300
f 1639 1636 300
f 1802 1801 1912
f 300 1646 1641
f 1832 1890 1821
f 1619 300 1621
f 1638 1644 1634
f 1619 1634 1644
f 1644 1646 1619
f 1646 300 1619
f 1890 1882 1821
f 1832 1821 1823
f 1871 550 1823
f 1871 1867 550
f 562 550 1847
f 1832 1823 550
f 1654 1652 1144
f 1648 1144 1652
f 1144 1655 1654
f 1655 1144 1657
f 1659 1657 1144
f 1858 1851 550
f 1851 1845 550
f 1738 1747 1664
f 1869 1858 550
f 1847 550 1845
f 1867 1869 550
f 1701 1703 1698
f 1144 1676 1678
f 600 592 599
f 595 591 593
f 550 563 558
f 599 598 563
f 1670 1675 1668
f 1675 1453 1668
f 1672 1675 1670
f 1665 1668 1453
f 1676 1144 1453
f 1665 1453 1345
f 1740 1747 1738
f 1897 2053 1898
f 1901 1898 2054
f 2053 2054 1898
f 1685 1747 1690
f 1690 512 520
f 520 519 1693
f 2055 2053 915
f 2056 2055 915
f 1897 915 2053
f 2057 915 1897
f 507 171 1696
f 2058 915 2059
f 1144 1678 1659
f 1678 1698 1659
f 1703 1659 1698
f 1838 1837 2058
f 1687 171 508
f 1696 171 1687
f 596 595 593
f 1708 1710 1723
f 1710 1712 1723
f 1725 1723 1712
f 2060 2061 2062
f 746 748 2060
f 1722 1144 1723
f 2063 2062 2061
f 1650 1704 1723
f 1704 1708 1723
f 1714 1716 1725
f 1716 1718 1725
f 1720 1725 1718
f 1712 1714 1725
f 1648 1650 1723
f 1144 1648 1723
f 2064 2056 915
f 2065 2064 915
f 2066 2065 915
f 2067 2066 915
f 2059 915 2057
f 1732 1474 1730
f 1433 1432 1743
f 716 2024 2025
f 716 2025 713
f 1926 711 1929
f 715 2023 2024
f 715 2024 716
f 1427 1426 1741
f 1427 1741 1515
f 714 2023 715
f 1743 1432 1507
f 712 2013 2012
f 712 2012 717
f 1955 1929 711
f 2068 1951 711
f 1743 1507 1508
f 1743 1508 1744
f 2023 714 2022
f 1506 1749 1508
f 1744 1508 1749
f 723 2021 2022
f 723 2022 714
f 717 2012 710
f 1749 1506 1750
f 1931 2069 711
f 736 427 428
f 2069 1938 711
f 1517 1751 1516
f 1750 1516 1751
f 735 2027 730
f 2029 730 2027
f 2070 2068 711
f 1422 1751 1423
f 1517 1423 1751
f 2071 2028 735
f 2027 735 2028
f 1516 1750 1506
f 1537 1755 1762
f 2072 711 1631
f 730 2029 736
f 427 736 2029
f 1755 1537 1754
f 1536 1754 1537
f 2028 2071 1098
f 2028 1098 2026
f 2026 1098 1097
f 1673 741 620
f 1673 620 2030
f 1542 1757 1541
f 1756 1541 1757
f 2030 620 1969
f 1757 1542 1758
f 2031 745 741
f 2031 741 1673
f 1541 1756 1536
f 1754 1536 1756
f 2073 711 2072
f 2032 885 745
f 2032 745 2031
f 885 2032 2033
f 885 2033 2074
f 1752 1937 1936
f 1752 1936 1753
f 2074 2033 2034
f 2074 2034 748
f 1546 1758 1542
f 808 2050 807
f 2041 807 2050
f 1752 1758 1546
f 1752 1546 1937
f 1764 1539 1545
f 1764 1545 1763
f 807 2041 762
f 2042 762 2041
f 2075 2076 2077
f 2077 2078 2079
f 2080 2079 2078
f 2079 2075 2077
f 2081 2080 2082
f 2078 2082 2080
f 2076 711 2077
f 2083 2077 711
f 2084 2083 711
f 2085 711 2076
f 2070 711 2085
f 762 2042 763
f 2039 763 2042
f 1765 1538 1539
f 1765 1539 1764
f 763 2039 2040
f 763 2040 809
f 1540 1762 1545
f 1763 1545 1762
f 809 2040 1989
f 809 1989 724
f 1537 1762 1540
f 1538 1765 1771
f 1538 1771 1558
f 724 1989 2021
f 724 2021 723
f 1558 1771 1770
f 1558 1770 1553
f 775 1631 711
f 429 776 782
f 429 782 428
f 1553 1770 1774
f 1553 1774 1487
f 2073 2084 711
f 736 428 782
f 1487 1774 1384
f 1487 1384 1385
f 2038 774 776
f 2038 776 429
f 2037 785 774
f 2037 774 2038
f 1779 1522 1515
f 1779 1515 1741
f 845 847 711
f 2036 194 785
f 2036 785 2037
f 191 194 2036
f 2050 808 2049
f 806 2049 808
f 1522 1779 2035
f 1791 2035 1779
f 2049 806 805
f 2049 805 2048
f 2035 1791 1790
f 804 2045 805
f 2048 805 2045
f 1813 1926 1925
f 1813 1925 1808
f 2045 804 802
f 2045 802 2046
f 129 132 289
f 2046 802 803
f 2046 803 2047
f 1797 1907 1909
f 1797 1909 1796
f 711 124 289
f 2051 198 197
f 1785 1912 1781
f 1914 1789 1909
f 1796 1909 1789
f 2047 803 797
f 2047 797 2044
f 1705 1706 1912
f 198 2051 821
f 1789 1914 1941
f 1790 1789 1941
f 1788 1912 1785
f 1790 1941 2035
f 2043 796 821
f 2043 821 2051
f 906 1145 1912
f 1808 1925 1928
f 1808 1928 1806
f 2044 797 796
f 2044 796 2043
f 1797 1824 1907
f 1959 844 944
f 1919 844 1959
f 177 176 187
f 188 187 176
f 1145 1168 1912
f 1863 1931 1926
f 1863 1926 1813
f 2086 2067 915
f 747 2086 915
f 1908 1907 1824
f 1927 1807 1928
f 1806 1928 1807
f 1807 1927 1930
f 1807 1930 1814
f 1814 1930 1815
f 1919 1923 844
f 1923 922 844
f 951 965 921
f 1929 1815 1930
f 844 965 775
f 844 921 965
f 1815 1929 1811
f 1820 2069 1931
f 1820 1931 1863
f 1819 1938 2069
f 1819 2069 1820
f 1922 1918 843
f 1920 843 1918
f 1889 1894 2087
f 1905 1922 843
f 1938 1819 1936
f 1753 1936 1819
f 1882 1890 1889
f 1827 1915 1910
f 1827 1910 1825
f 1942 1943 434
f 1943 1982 434
f 1825 1910 1908
f 1825 1908 1824
f 2088 2087 1894
f 1890 1894 1889
f 1798 1944 1915
f 1798 1915 1827
f 2089 2087 2088
f 2090 2089 2088
f 1834 2052 1944
f 1834 1944 1798
f 1945 843 1946
f 1946 843 1948
f 1835 1947 2052
f 1835 2052 1834
f 1948 843 1949
f 1605 1604 1947
f 1605 1947 1835
f 2080 1843 2079
f 1844 2079 1843
f 1949 843 1950
f 1950 843 1920
f 1887 2075 2079
f 1887 2079 1844
f 1961 1934 1960
f 2091 2092 720
f 2093 720 2092
f 991 2091 719
f 719 2091 720
f 719 726 991
f 2081 1843 2080
f 1954 1934 1953
f 1956 1957 1934
f 1957 1960 1934
f 1853 2076 2075
f 1853 2075 1887
f 2094 1034 2095
f 750 2095 1034
f 1854 2085 2076
f 1854 2076 1853
f 1934 1903 1953
f 1954 1956 1934
f 1953 1903 1958
f 1855 2070 2085
f 1855 2085 1854
f 1860 2068 2070
f 1860 2070 1855
f 1861 1951 2068
f 1861 2068 1860
f 1951 1861 1810
f 1951 1810 1952
f 1962 1966 1978
f 1965 1967 1980
f 1973 1980 1967
f 1968 1973 1967
f 1955 1811 1929
f 1034 2094 2096
f 2097 2096 2094
f 2094 2098 2097
f 1958 1903 1971
f 300 1971 1903
f 2088 2097 2090
f 2098 2090 2097
f 1955 1810 1811
f 1952 1810 1955
f 1843 2081 1888
f 1976 1971 300
f 2082 1841 1888
f 2082 1888 2081
f 1976 300 1978
f 1632 1878 2072
f 2099 1837 2100
f 2100 1837 2101
f 1632 2072 1631
f 2102 915 2099
f 2103 2104 1978
f 1980 1978 1966
f 1966 1965 1980
f 2078 1842 1841
f 2078 1841 2082
f 2073 2072 1878
f 1842 2078 1885
f 2077 1885 2078
f 2105 2106 1837
f 2107 2108 863
f 2109 863 2110
f 2111 2112 1983
f 1985 2111 1983
f 2113 2111 1985
f 1982 1983 2112
f 2112 434 1982
f 915 2058 1837
f 1885 2077 1886
f 1837 2099 915
f 915 2102 2114
f 2083 1886 2077
f 1963 1962 1978
f 2104 1963 1978
f 1886 2083 1879
f 2084 1879 2083
f 300 2103 1978
f 1730 1474 1727
f 1736 1474 1732
f 1727 1474 1473
f 1469 1483 1479
f 2115 1837 2116
f 2115 2117 1837
f 2116 1837 2106
f 1693 519 507
f 1684 1661 1747
f 1661 1664 1747
f 1681 1684 1747
f 1685 1681 1747
f 1747 1733 1473
f 1733 1727 1473
f 1740 1733 1747
f 1747 513 1690
f 513 512 1690
f 509 174 507
f 107 508 165
f 2101 1837 2117
f 2101 2117 2118
f 2119 2120 2118
f 2121 2122 1760
f 1759 1760 2123
f 1768 1759 2123
f 2123 751 1768
f 109 504 1775
f 1778 504 1780
f 2124 2125 2126
f 2125 2127 2126
f 2128 2126 2127
f 1803 1804 1144
f 1793 504 1804
f 1787 504 1793
f 1722 1800 1144
f 1800 1803 1144
f 1027 727 847
f 2129 727 2130
f 2130 727 1027
f 1822 1528 1828
f 1839 453 442
f 990 726 2129
f 1862 1868 1528
f 1862 1528 1859
f 1859 1528 1852
f 2131 1026 847
f 727 2129 726
f 711 847 727
f 1849 1846 1528
f 1846 1852 1528
f 1828 1528 1868
f 1864 1849 1528
f 1873 1864 1528
f 1528 1527 1873
f 1875 1873 1533
f 1533 1873 1527
f 2101 2118 2120
f 2132 2120 2119
f 2133 2134 1831
f 2135 2136 2137
f 1883 1831 1822
f 1884 1831 1883
f 1528 1822 1831
f 1884 2133 1831
f 1893 1831 2134
f 1899 1902 2138
f 2138 2139 1899
f 2140 2141 1896
f 2139 2140 1896
f 1896 1899 2139
f 2142 1896 2141
f 2143 462 2141
f 2144 462 2145
f 2145 462 2143
f 2146 2147 2127
f 2148 2127 2147
f 2128 2127 2148
f 2146 2127 2131
f 2149 2146 2131
f 462 455 454
f 1875 1533 1880
f 1880 1533 2009
f 2150 887 2151
f 2152 2151 887
f 2150 2153 887
f 2154 2155 1647
f 2154 1647 2156
f 431 2156 1647
f 1647 2155 2157
f 1647 2157 2034
f 48 430 51
f 463 462 2158
f 1164 2159 965
f 2142 2141 462
f 2158 462 2144
f 2142 462 454
f 965 2159 1178
f 965 1178 896
f 2160 442 2161
f 2162 896 2163
f 2164 2163 896
f 2165 896 2162
f 2166 896 2165
f 1893 2137 2136
f 2134 2137 1893
f 2167 887 2168
f 2169 2168 887
f 292 2169 887
f 2170 442 2171
f 1627 725 2172
f 2173 896 2166
f 2174 721 1617
f 1622 718 2174
f 2172 725 1622
f 721 2174 718
f 1180 2164 896
f 749 744 1772
f 899 965 896
f 751 749 1772
f 685 1772 744
f 2136 2135 2122
f 275 896 2173
f 295 296 274
f 2123 1760 2122
f 2121 2136 2122
f 1772 1768 751
f 2175 2176 278
f 2176 293 278
f 274 278 293
f 293 295 274
f 411 409 407
f 442 408 406
f 2160 408 442
f 283 285 912
f 2161 442 2177
f 887 912 288
f 285 288 912
f 455 452 442
f 2177 442 444
f 440 437 442
f 2178 442 406
f 291 887 288
f 2178 2171 442
f 291 292 887
f 887 2153 1166
f 2167 2152 887
f 1879 2084 1878
f 2073 1878 2084
f 1166 895 887
f 398 711 504
f 1901 2138 1902
f 2142 2057 1897
f 2142 1897 1896
f 275 274 897
f 2054 2138 1901
f 299 897 296
f 2053 2139 2138
f 2053 2138 2054
f 302 897 299
f 2139 2053 2140
f 296 897 274
f 454 2059 2057
f 454 2057 2142
f 308 897 302
f 2055 2140 2053
f 2056 2141 2055
f 2140 2055 2141
f 305 1007 306
f 896 275 897
f 2143 2064 2145
f 312 1004 308
f 2141 2056 2143
f 2064 2143 2056
f 306 1006 312
f 2059 454 453
f 2059 453 2058
f 1839 1838 453
f 2058 453 1838
f 1880 600 599
f 957 912 958
f 600 1880 593
f 2009 593 1880
f 692 1054 693
f 431 746 2060
f 431 2060 2156
f 2156 2060 2062
f 2156 2062 2154
f 2154 2062 2063
f 2154 2063 2155
f 430 2179 746
f 430 746 431
f 588 603 693
f 2155 2063 2061
f 2155 2061 2157
f 2157 2061 2034
f 463 2086 2179
f 463 2179 430
f 2158 2067 2086
f 2158 2086 463
f 963 912 959
f 2067 2158 2066
f 2144 2066 2158
f 2065 2144 2145
f 2066 2144 2065
f 2065 2145 2064
f 954 964 955
f 950 964 954
f 949 964 950
f 280 912 949
f 283 912 280
f 963 949 912
f 1837 442 2105
f 2170 2105 442
f 956 955 964
f 964 949 963
f 2090 2098 2135
f 2137 2089 2090
f 2137 2090 2135
f 2089 2137 2134
f 2089 2134 2087
f 2133 1884 1889
f 973 989 967
f 2133 1889 2134
f 2087 2134 1889
f 1890 1831 1894
f 958 912 973
f 1894 1893 2088
f 2136 2088 1893
f 985 989 910
f 722 720 2093
f 912 910 989
f 989 973 912
f 2106 2171 2178
f 910 693 985
f 979 985 693
f 2171 2106 2105
f 2171 2105 2170
f 2092 1617 722
f 2092 722 2093
f 978 974 986
f 974 966 986
f 967 989 966
f 986 966 989
f 959 912 957
f 2091 2174 1617
f 2091 1617 2092
f 991 1622 2174
f 991 2174 2091
f 2129 1627 990
f 2172 990 1627
f 1622 991 2172
f 990 2172 991
f 744 750 743
f 1003 897 1004
f 1004 312 1005
f 1002 897 1003
f 2095 751 2123
f 2095 2123 2094
f 1006 306 1007
f 1005 312 1006
f 1024 897 1002
f 1029 902 1025
f 1025 897 1024
f 751 2095 750
f 2094 2123 2122
f 2094 2122 2098
f 2122 2135 2098
f 2088 2136 2097
f 2121 2097 2136
f 2121 1760 2096
f 2097 2121 2096
f 2096 1760 1034
f 408 2101 407
f 308 1004 897
f 2160 2100 2101
f 2160 2101 408
f 2161 2099 2100
f 2161 2100 2160
f 2177 2102 2099
f 2177 2099 2161
f 897 1025 902
f 2102 2177 2114
f 444 2114 2177
f 2114 444 2107
f 443 2107 444
f 1009 693 1008
f 2178 406 2116
f 1008 693 1016
f 979 693 1009
f 1054 1047 693
f 2115 2116 406
f 2106 2178 2116
f 386 2127 2125
f 386 2125 379
f 1030 1031 902
f 406 2117 2115
f 379 2125 2124
f 379 2124 377
f 775 902 1031
f 1031 1039 775
f 1040 1045 775
f 1039 1040 775
f 396 2131 2127
f 396 2127 386
f 1033 1023 775
f 411 2119 409
f 2117 405 2118
f 1022 775 1023
f 1045 1033 775
f 2126 378 2124
f 377 2124 378
f 1029 1030 902
f 2128 387 2126
f 378 2126 387
f 387 2128 388
f 399 1026 2131
f 399 2131 396
f 1049 1047 1050
f 1046 693 1047
f 1050 1047 1054
f 1017 693 1046
f 1016 693 1017
f 401 1027 1026
f 401 1026 399
f 1027 401 2130
f 402 2130 401
f 1627 2129 402
f 2130 402 2129
f 1061 775 1022
f 1060 775 1061
f 1063 775 1060
f 1068 775 1063
f 2120 407 2101
f 1075 775 1068
f 2132 410 407
f 2132 407 2120
f 1078 1084 1075
f 410 2132 2119
f 410 2119 411
f 1079 1071 1057
f 2118 409 2119
f 405 2117 406
f 1059 1058 1071
f 1058 1057 1071
f 409 2118 405
f 2147 389 2148
f 388 2148 389
f 1087 1078 1057
f 1085 1078 1087
f 2147 2146 389
f 775 1075 1083
f 2148 388 2128
f 1084 1078 1085
f 32 31 2149
f 425 2149 31
f 1095 775 1083
f 2146 395 389
f 1079 1057 1078
f 1084 1083 1075
f 2149 425 395
f 2149 395 2146
f 748 2034 2061
f 452 2180 440
f 2181 440 2180
f 440 2181 2182
f 440 2182 439
f 781 775 1100
f 2071 735 729
f 2183 438 439
f 2183 439 2182
f 1095 1100 775
f 2184 436 438
f 2184 438 2183
f 1099 1098 729
f 1098 2071 729
f 728 736 781
f 2180 452 455
f 2180 455 2110
f 2185 437 2184
f 436 2184 437
f 437 2185 2108
f 437 2108 441
f 1112 1113 1000
f 1113 1001 1000
f 1073 1001 1113
f 443 2108 2107
f 441 2108 443
f 1985 993 992
f 1985 992 2113
f 462 2110 455
f 2113 992 994
f 2113 994 2111
f 45 43 2186
f 2112 996 2187
f 462 2109 2110
f 2111 994 996
f 2111 996 2112
f 2109 462 2188
f 461 2188 462
f 2188 461 2189
f 465 2189 461
f 1014 2190 1015
f 2189 465 2191
f 466 2191 465
f 2191 466 2186
f 45 2186 466
f 2190 1014 1011
f 2190 1011 2192
f 2192 1011 1010
f 2192 1010 2193
f 2194 469 14
f 15 14 469
f 2104 984 1963
f 2195 470 469
f 2195 469 2194
f 2103 987 984
f 2103 984 2104
f 470 2195 53
f 54 53 2195
f 2193 1010 1012
f 2193 1012 2196
f 987 2103 988
f 2197 988 2103
f 2198 1013 988
f 2198 988 2197
f 2196 1012 1013
f 2196 1013 2198
f 2190 2199 1015
f 2200 1020 2199
f 1015 2199 1020
f 1020 2200 1019
f 1019 2201 1018
f 2202 1018 2201
f 2201 1019 2200
f 2203 1021 1018
f 2203 1018 2202
f 2204 1028 1021
f 2204 1021 2203
f 2205 1032 1028
f 2205 1028 2204
f 2205 1038 1032
f 2206 1042 1044
f 2206 1044 2207
f 2208 1038 2205
f 2207 1044 1038
f 2207 1038 2208
f 434 1052 1940
f 1062 1168 2209
f 2209 2210 1062
f 2209 1168 1144
f 1062 2210 1945
f 1062 1945 947
f 1118 2211 1066
f 2212 1066 2211
f 2213 1064 2212
f 1066 2212 1064
f 2211 1118 1102
f 2211 1102 2214
f 1064 2213 1077
f 2215 1077 2213
f 2216 1076 2215
f 1077 2215 1076
f 1076 2216 2187
f 1076 2187 1086
f 1086 2187 996
f 1103 2217 2214
f 1103 2214 1102
f 1116 2218 2217
f 1116 2217 1103
f 2219 1123 2220
f 1124 2220 1123
f 2220 1124 2221
f 1117 2222 2218
f 1117 2218 1116
f 2223 1175 2219
f 1123 2219 1175
f 1175 2223 2224
f 1175 2224 1159
f 1159 2224 2225
f 1159 2225 1120
f 1120 2225 2226
f 1120 2226 1119
f 1119 2226 2222
f 1119 2222 1117
f 1153 1152 2221
f 1152 2227 2221
f 2227 1152 1150
f 2227 1150 2228
f 2228 1150 2229
f 1153 2221 1124
f 2229 1150 1148
f 2229 1148 1147
f 2229 1147 2230
f 2153 2150 2231
f 2232 1166 2153
f 2232 2153 2231
f 2233 1167 1166
f 2233 1166 2232
f 2234 1151 1167
f 2234 1167 2233
f 2230 1147 1149
f 2230 1149 2235
f 2235 1149 1151
f 2235 1151 2234
f 1164 2236 2237
f 1037 2236 1164
f 1036 2238 1037
f 2236 1037 2238
f 1163 2239 1036
f 2238 1036 2239
f 2239 1163 1043
f 2239 1043 2240
f 2240 1043 1042
f 2240 1042 2206
f 2151 2241 2242
f 2151 2242 2150
f 2152 2243 2151
f 2242 2231 2150
f 2241 2151 2243
f 2167 2244 2152
f 2243 2152 2244
f 2244 2167 2245
f 2246 2166 2165
f 2246 2165 2247
f 2247 2165 2162
f 2247 2162 2248
f 2248 2162 2163
f 2248 2163 2249
f 2250 2159 2237
f 1164 2237 2159
f 2251 2159 2250
f 2249 2163 2164
f 2249 2164 2252
f 2159 2251 1178
f 2253 1177 1178
f 2253 1178 2251
f 2254 1180 1177
f 2254 1177 2253
f 2252 2164 1180
f 2252 1180 2254
f 2168 2245 2167
f 2169 2255 2245
f 2169 2245 2168
f 292 290 2256
f 292 2256 2255
f 292 2255 2169
f 294 293 2257
f 2257 293 2176
f 2257 2176 2258
f 2258 2176 2175
f 2258 2175 2259
f 2260 2173 2166
f 2260 2166 2246
f 2259 2175 278
f 2259 278 277
f 276 275 2173
f 276 2173 2260
f 1138 1146 1141
f 1137 1158 1138
f 1136 1158 1137
f 1129 1158 1136
f 1129 1130 907
f 1158 1129 1156
f 1160 1138 1158
f 1156 1129 907
f 1142 1141 1146
f 1146 1138 1160
f 1130 1145 907
f 906 907 1145
f 844 1912 1168
f 1062 844 1168
f 1173 1175 1065
f 1065 1076 1176
f 1176 1076 1073
f 1181 1179 1184
f 1170 1169 1179
f 1169 1184 1179
f 1218 895 1212
f 1219 1252 895
f 1173 1181 1174
f 1184 1174 1181
f 1194 1372 1248
f 1207 1175 1174
f 1212 1175 1207
f 1222 1216 1265
f 1265 1259 1222
f 1215 1265 1216
f 1225 1222 1259
f 1233 1231 1236
f 1231 1230 1249
f 1195 1249 1197
f 1230 1197 1249
f 1240 1243 1891
f 1248 1372 1246
f 1195 1194 1249
f 1236 1231 1249
f 1249 1194 1248
f 1243 1246 1891
f 1219 895 1218
f 1252 1224 1253
f 1224 1225 1259
f 1259 1253 1224
f 1895 1906 1285
f 1892 1895 1285
f 1287 1892 1285
f 1270 1891 1279
f 1267 1891 1270
f 1240 1891 1239
f 1287 1279 1891
f 1267 1239 1891
f 1308 895 1305
f 1224 1252 1219
f 1316 895 1308
f 1318 895 1316
f 1305 895 1252
f 1295 910 1303
f 1297 910 1295
f 1291 910 1297
f 1303 910 1312
f 1906 1900 1275
f 1275 1282 1906
f 1282 1285 1906
f 1348 1680 1346
f 1354 1680 1348
f 1357 876 1354
f 1362 876 1359
f 877 1677 876
f 1359 876 1357
f 1157 1156 907
f 1203 1157 907
f 1376 1375 1203
f 1364 1203 1375
f 1367 1203 1364
f 1372 1203 1367
f 1203 1386 1387
f 1378 1376 1203
f 1388 1378 1203
f 1203 1372 1194
f 1891 1246 1372
f 1387 1388 1203
f 1773 907 1767
f 1766 1767 876
f 52 68 250
f 1189 250 85
f 78 76 250
f 1192 747 1189
f 760 747 1051
f 1400 907 1395
f 1761 907 1769
f 1393 907 1761
f 1395 907 1393
f 1400 1403 907
f 2074 747 885
f 2061 2060 748
f 2179 747 746
f 2074 748 747
f 2086 747 2179
f 760 885 747
f 915 2114 863
f 1055 885 1048
f 1776 1769 907
f 1192 1051 747
f 250 1189 747
f 1386 1203 1403
f 1203 907 1403
f 1773 1776 907
f 2182 2181 2108
f 2181 2180 2108
f 2180 863 2108
f 1782 1795 1783
f 2184 2183 2185
f 2183 2182 2185
f 2108 2185 2182
f 1786 1783 1795
f 1734 874 1728
f 1731 874 1735
f 2110 863 2180
f 2189 863 2188
f 2188 863 2109
f 2191 250 2189
f 2114 2107 863
f 2186 36 2191
f 43 36 2186
f 907 876 1767
f 1809 876 1812
f 1809 1766 876
f 1362 1812 876
f 1816 1881 1817
f 57 59 17
f 54 2195 14
f 5 3 7
f 3 2 7
f 9 7 2
f 19 9 2
f 63 65 17
f 260 63 17
f 21 260 17
f 24 26 858
f 1840 1830 874
f 1836 1840 874
f 26 28 858
f 28 29 858
f 1782 874 1830
f 1795 1782 1830
f 1792 874 1782
f 1857 1850 1876
f 2 858 19
f 29 19 858
f 11 847 2
f 1865 1866 1876
f 1866 1856 1876
f 21 858 260
f 32 2149 847
f 21 24 858
f 2131 847 2149
f 858 2 847
f 11 32 847
f 36 43 33
f 37 33 42
f 43 42 33
f 41 250 2191
f 1877 1874 1870
f 1872 1870 1874
f 1876 1877 1870
f 1870 1865 1876
f 1856 1857 1876
f 1881 1876 1850
f 1848 1818 1881
f 1817 1881 1818
f 1850 1848 1881
f 1881 1816 1826
f 1829 1742 1826
f 1833 1836 874
f 1829 1833 874
f 36 41 2191
f 874 1742 1829
f 49 250 47
f 47 250 41
f 550 569 568
f 1341 1333 564
f 50 250 49
f 863 2189 250
f 250 50 52
f 575 1336 565
f 59 56 13
f 1333 575 564
f 568 566 565
f 1336 1275 565
f 1900 565 1275
f 65 57 17
f 1287 1891 1892
f 56 54 13
f 14 13 54
f 13 17 59
f 2194 14 2195
f 78 250 68
f 1917 910 1291
f 1324 1312 910
f 1327 1324 910
f 1932 910 1924
f 1924 910 1917
f 1933 910 1932
f 1913 910 1916
f 1175 1212 895
f 1322 1327 910
f 1921 1916 1935
f 1935 1916 910
f 1911 910 1913
f 693 910 1911
f 1933 1935 910
f 910 895 1322
f 1318 1322 895
f 2197 2103 300
f 2193 2196 2192
f 2196 2198 2192
f 2190 2192 2198
f 300 2202 2197
f 2199 2198 2200
f 2190 2198 2199
f 2198 2197 2201
f 2200 2198 2201
f 2201 2197 2202
f 2204 2203 300
f 2203 2202 300
f 2205 2204 300
f 2238 2239 2207
f 2207 2208 2238
f 1939 1942 434
f 843 1945 2210
f 843 2210 2209
f 843 2209 1144
f 2213 2212 434
f 2212 2211 434
f 2216 2215 434
f 2213 434 2215
f 1940 1939 434
f 434 2112 2187
f 2187 2216 434
f 2227 2228 464
f 2221 464 2220
f 2223 2219 464
f 2219 2220 464
f 434 2224 464
f 2225 2224 434
f 2223 464 2224
f 2222 434 2218
f 2226 434 2222
f 2217 2218 434
f 2225 434 2226
f 2214 2217 434
f 2214 434 2211
f 2230 2235 2229
f 2228 2229 2235
f 2242 2256 2231
f 2221 2227 464
f 2233 464 2234
f 2234 464 2228
f 2235 2234 2228
f 2206 2207 2240
f 2239 2240 2207
f 475 468 464
f 2233 2232 464
f 2231 2256 464
f 290 488 464
f 2260 300 276
f 2253 2251 300
f 300 2250 2205
f 2255 2256 2244
f 2241 2243 2256
f 2245 2255 2244
f 2242 2241 2256
f 2243 2244 2256
f 290 464 2256
f 2238 2208 2236
f 2250 2237 2205
f 2208 2205 2237
f 2237 2236 2208
f 2251 2250 300
f 2260 2246 2253
f 300 2260 2253
f 2247 2248 2254
f 2247 2254 2246
f 2252 2254 2248
f 2249 2252 2248
f 2254 2253 2246
f 277 300 2259
f 2258 2259 300
f 273 300 277
f 276 300 273
f 323 322 281
f 1513 1514 314
f 1514 1505 314
f 281 326 1505
f 326 314 1505
f 284 279 1505
f 279 281 1505
f 286 284 1505
f 2232 2231 464
f 2257 2258 300
f 297 294 300
f 2257 300 294

